id,sale_timestamp,total_amount,store_id,employee_id,customer_id
1,2025-02-17 08:52:51,3740.53,2,11,2
2,2024-10-30 02:40:06,6881.95,4,18,4
3,2025-02-06 16:07:46,1993.25,1,25,2
4,2024-04-19 17:32:41,12710.13,3,2,2
5,2024-05-18 01:52:30,11934.31,4,23,3
6,2024-02-08 06:53:15,5823.12,1,20,2
7,2023-10-18 09:32:59,6881.30,1,10,6
8,2024-11-10 07:50:50,16320.03,2,11,2
9,2025-01-04 00:14:38,6994.48,2,6,2
10,2023-08-09 01:56:32,4465.53,2,11,2
11,2023-07-04 08:26:19,1757.99,5,14,3
12,2023-12-29 20:28:09,9138.74,4,18,2
13,2023-07-28 03:53:13,18216.93,2,1,2
14,2024-09-07 12:20:37,6042.03,1,10,2
15,2023-09-21 13:58:46,7136.37,1,20,3
16,2023-08-20 03:35:07,2897.01,5,9,3
17,2024-08-27 04:25:29,11573.20,5,14,2
18,2024-09-02 22:02:16,4406.10,3,2,2
19,2023-06-08 02:43:23,1341.26,3,22,4
20,2024-05-22 10:46:15,5833.77,5,19,2
21,2024-01-27 08:57:34,9528.47,1,10,2
22,2024-01-29 02:15:36,14395.98,1,20,2
23,2024-04-27 07:04:33,3835.05,4,3,2
24,2025-02-01 20:17:16,8175.46,2,6,3
25,2025-05-16 09:54:47,10736.86,3,22,2
26,2024-06-20 18:17:48,7270.66,2,1,2
27,2024-10-16 14:11:14,15692.22,4,8,2
28,2023-06-25 21:38:40,10830.24,3,17,6
29,2025-04-29 03:51:46,4636.88,4,3,2
30,2024-02-09 23:14:19,7242.47,5,19,2
31,2024-01-23 22:59:30,816.94,4,23,2
32,2023-11-21 08:26:04,3397.03,3,7,5
33,2023-09-29 05:15:51,913.57,3,2,2
34,2024-01-05 20:46:18,17335.34,3,12,5
35,2024-06-12 13:11:23,7735.89,5,9,2
36,2024-10-30 07:34:56,3119.50,5,9,2
37,2024-09-30 06:40:50,10789.99,4,13,2
38,2024-08-04 13:40:53,8820.98,1,25,4
39,2024-08-15 04:02:19,5201.70,3,7,9
40,2023-10-25 23:05:10,11079.62,2,21,2
41,2024-12-28 18:24:09,16985.17,2,16,5
42,2025-04-08 19:19:55,14492.16,5,14,5
43,2024-03-19 20:53:00,11215.05,4,13,3
44,2023-08-08 04:06:15,6708.43,3,22,2
45,2023-11-28 04:27:11,5677.66,2,21,2
46,2025-01-13 11:16:35,547.20,2,21,2
47,2023-08-31 23:13:44,4914.36,5,14,11
48,2025-01-25 14:22:53,7433.59,2,21,2
49,2025-01-16 07:17:19,11812.65,3,22,2
50,2025-04-20 11:32:51,14869.69,1,15,2
51,2025-03-15 09:12:31,9144.21,5,9,6
52,2024-11-06 11:16:19,3125.29,4,3,10
53,2024-12-21 08:08:39,15970.68,3,7,2
54,2023-11-04 05:44:19,5268.39,2,16,2
55,2025-02-07 23:41:49,12365.79,4,23,2
56,2023-09-10 04:44:06,10683.02,1,5,2
57,2024-10-27 11:41:14,12705.09,1,15,2
58,2024-07-05 06:45:49,5214.94,3,2,18
59,2025-01-05 12:59:29,12733.10,3,12,3
60,2025-02-28 06:50:53,10195.57,3,2,2
61,2024-04-01 14:20:58,5075.94,1,15,27
62,2025-03-08 22:19:46,13345.88,1,10,2
63,2024-07-08 03:11:26,4264.77,5,9,2
64,2025-01-02 11:26:24,14711.72,1,10,3
65,2024-09-24 09:52:18,19904.44,3,12,2
66,2024-05-06 07:38:37,6268.06,5,9,11
67,2023-12-01 10:16:39,10528.71,4,18,2
68,2023-12-29 16:53:00,3876.87,3,22,70
69,2024-10-13 13:44:46,14485.92,4,8,2
70,2024-02-12 10:21:09,7582.01,4,8,2
71,2023-06-21 07:39:51,1995.10,3,22,3
72,2025-02-09 09:40:04,2271.00,2,16,2
73,2024-10-29 08:19:07,20622.91,2,16,2
74,2025-02-15 11:57:23,3958.48,2,21,2
75,2025-05-17 16:29:39,2221.00,1,25,4
76,2024-05-05 23:55:02,12157.28,5,9,3
77,2023-11-13 09:42:21,1823.93,1,15,3
78,2023-09-06 21:02:32,11210.22,1,15,4
79,2024-04-15 18:02:26,2568.72,1,15,16
80,2023-08-17 02:32:27,15075.73,4,23,2
81,2024-02-27 02:08:28,11075.95,1,25,2
82,2023-06-26 10:28:37,7782.82,3,22,6
83,2024-01-05 22:09:57,7643.65,2,1,3
84,2023-06-20 10:39:38,10615.85,2,11,2
85,2023-10-15 02:31:31,8856.72,4,18,2
86,2023-07-24 04:35:33,8149.36,3,12,3
87,2024-09-11 13:39:44,1689.68,4,13,2
88,2024-02-29 04:36:37,3655.40,5,9,3
89,2024-10-30 16:29:33,3562.22,4,3,2
90,2024-08-05 14:12:23,4810.30,1,25,2
91,2024-08-10 18:40:38,14000.81,2,21,3
92,2023-08-22 11:13:26,6319.23,3,12,3
93,2024-07-23 04:41:23,2957.37,5,14,4
94,2023-10-26 02:32:44,9710.35,2,6,2
95,2025-02-20 12:09:31,3874.90,5,4,3
96,2024-02-14 14:13:15,11308.41,2,21,2
97,2024-09-27 06:19:19,4519.10,5,14,2
98,2024-10-01 20:52:18,21304.64,2,21,38
99,2025-04-12 12:06:10,6662.52,5,14,5
100,2024-04-09 19:45:03,6752.66,4,18,3
101,2025-01-02 19:49:23,9787.44,3,22,2
102,2025-05-17 06:23:24,7391.39,5,14,2
103,2023-06-10 00:02:15,8820.01,1,20,3
104,2025-01-05 07:19:19,511.98,4,13,12
105,2024-08-07 22:49:13,8696.85,5,9,2
106,2023-08-06 02:16:24,8676.81,4,13,2
107,2023-09-06 10:32:35,20114.70,3,17,2
108,2024-11-23 11:52:03,15195.78,5,14,7
109,2024-08-18 05:39:44,15952.92,4,8,2
110,2024-11-09 07:51:28,11003.39,2,16,3
111,2025-04-30 11:13:36,12048.03,5,14,2
112,2024-11-20 12:18:21,8154.57,2,16,2
113,2025-01-12 10:57:48,223.52,2,11,3
114,2024-02-16 00:41:01,12394.46,4,13,10
115,2023-07-02 18:30:18,13411.41,1,20,2
116,2024-10-09 06:55:12,10030.09,2,11,3
117,2025-04-07 06:14:17,11510.82,2,1,2
118,2024-07-03 06:00:21,10945.49,4,8,2
119,2025-03-17 23:43:39,18881.55,4,18,2
120,2024-12-04 11:30:25,6040.32,5,4,6
121,2024-11-05 21:20:21,6202.55,5,14,2
122,2023-11-10 12:55:41,14944.91,2,6,5
123,2024-07-06 05:51:38,20392.56,3,2,3
124,2024-05-09 04:35:26,12632.47,2,21,2
125,2023-06-27 04:15:47,3026.97,4,13,3
126,2023-06-16 15:34:51,4660.49,3,17,3
127,2024-05-05 09:20:17,6904.93,4,18,5
128,2024-10-11 14:45:30,4550.77,3,2,2
129,2024-12-30 08:12:21,12256.91,1,15,2
130,2024-09-11 14:59:57,4735.87,1,10,2
131,2024-12-18 04:41:10,14825.23,1,20,2
132,2024-01-12 09:17:48,7912.74,2,21,3
133,2024-07-27 17:48:26,9173.31,4,3,3
134,2024-12-28 23:20:07,6850.11,5,19,3
135,2024-04-10 12:16:09,3525.82,5,24,2
136,2025-05-08 07:32:26,1918.88,4,13,2
137,2023-12-17 12:29:12,11839.78,4,23,2
138,2024-11-19 15:11:50,8724.65,2,16,2
139,2024-01-17 13:24:29,13337.86,3,12,2
140,2025-05-18 01:09:24,14607.33,5,24,2
141,2024-05-14 22:28:30,5945.41,2,11,2
142,2024-10-02 12:11:43,422.42,1,25,2
143,2025-01-05 16:18:31,2106.54,1,20,3
144,2024-06-18 19:32:41,4084.70,4,13,2
145,2025-04-30 22:55:13,3206.15,4,18,3
146,2024-07-24 11:22:52,2613.51,4,3,2
147,2024-07-12 02:52:55,17328.22,3,2,2
148,2024-04-02 08:53:58,5305.32,4,23,2
149,2024-03-12 13:59:37,13463.06,4,23,2
150,2024-05-26 07:58:04,6343.85,3,2,18
151,2024-10-15 04:02:43,8499.36,1,10,2
152,2024-08-05 03:58:39,5666.21,4,23,2
153,2023-11-19 07:28:40,19896.42,1,15,2
154,2025-01-11 18:14:37,3594.54,5,14,2
155,2024-01-23 23:18:36,4982.98,3,2,7
156,2025-01-03 08:31:38,8929.54,3,2,6
157,2024-06-24 00:35:23,2280.03,4,3,2
158,2024-07-26 11:24:21,21024.87,1,25,2
159,2023-09-13 08:25:20,8558.11,1,10,106
160,2023-09-05 05:42:28,12841.14,3,2,2
161,2023-10-07 23:23:55,6092.26,4,13,2
162,2024-03-01 12:22:58,9315.80,1,25,8
163,2024-04-27 13:23:33,9605.79,3,2,2
164,2024-08-17 05:48:54,9570.84,4,23,2
165,2024-12-27 15:01:26,3627.82,3,17,2
166,2024-06-22 15:41:42,14271.60,5,24,11
167,2025-02-26 16:53:09,10000.68,2,11,2
168,2024-01-25 16:54:12,228.57,1,15,3
169,2023-06-09 13:01:01,5002.43,3,2,2
170,2024-02-04 02:05:39,17135.11,5,19,2
171,2024-11-20 09:13:26,5194.19,2,6,2
172,2024-05-12 09:21:29,14223.89,1,15,2
173,2024-08-23 09:32:08,12314.41,1,10,2
174,2024-08-11 11:09:40,5224.15,4,18,2
175,2024-06-06 07:35:20,2682.75,3,7,3
176,2024-06-02 09:45:54,15648.78,2,6,2
177,2025-01-30 04:17:42,547.20,2,11,2
178,2024-07-13 13:45:03,15019.38,3,7,4
179,2023-11-08 17:55:00,3452.55,4,3,2
180,2025-01-14 10:49:18,20472.49,2,6,2
181,2024-08-09 20:33:54,2939.43,3,22,2
182,2023-12-24 09:41:07,8371.73,2,6,5
183,2024-09-25 04:49:38,13485.59,3,17,2
184,2025-03-27 21:36:52,12055.06,1,20,2
185,2023-09-01 10:27:11,10813.73,5,19,2
186,2023-05-23 12:36:00,3102.34,4,8,2
187,2023-12-03 11:35:40,5730.34,1,15,2
188,2024-10-13 03:07:49,1532.92,1,5,4
189,2023-07-22 12:52:59,6851.72,2,21,27
190,2024-11-12 01:40:32,569.24,2,16,2
191,2023-08-11 03:48:57,7286.61,3,12,2
192,2024-09-08 01:10:30,6740.28,2,16,2
193,2024-12-27 10:36:12,11762.89,1,25,2
194,2025-01-17 01:02:48,5749.65,1,15,2
195,2024-06-10 09:22:32,3470.34,4,3,3
196,2023-09-02 12:20:21,10526.80,4,23,2
197,2023-06-22 22:25:35,13180.58,1,20,2
198,2024-06-23 03:24:37,16325.85,2,6,2
199,2024-09-09 14:02:22,4385.47,5,4,2
200,2024-02-16 07:03:07,8027.63,5,24,2
201,2023-12-20 06:05:08,5114.35,5,4,3
202,2025-03-20 11:37:38,5336.69,5,9,4
203,2023-11-28 22:46:10,6295.01,1,20,2
204,2023-12-19 16:36:53,10024.22,1,25,4
205,2025-01-12 19:35:50,2961.48,3,12,3
206,2023-10-25 20:46:53,10330.34,3,22,2
207,2023-09-16 22:45:38,834.20,1,20,2
208,2024-02-16 01:48:20,2682.52,1,15,79
209,2025-03-12 10:37:07,1885.32,3,2,3
210,2023-06-26 02:21:36,11897.77,2,21,7
211,2024-04-24 20:40:06,8241.26,2,6,2
212,2023-07-20 00:16:28,12247.04,2,6,2
213,2023-06-23 07:48:07,5900.30,2,11,7
214,2023-06-30 00:30:20,7014.44,3,12,2
215,2023-08-04 13:48:25,2907.10,4,3,2
216,2025-02-20 18:23:07,1228.26,4,13,3
217,2023-06-08 22:23:05,12795.77,1,10,2
218,2024-02-21 21:58:49,4919.17,2,6,3
219,2024-04-07 00:05:28,2280.03,5,19,9
220,2024-03-15 11:55:20,6831.94,2,16,2
221,2024-05-29 13:57:57,11059.70,5,19,5
222,2023-07-07 12:13:10,7265.47,4,23,4
223,2025-03-10 11:59:54,7695.09,4,13,2
224,2023-06-13 21:48:30,15522.27,3,22,2
225,2023-10-26 11:34:05,5301.37,2,11,2
226,2025-01-13 11:14:16,9378.93,1,25,11
227,2024-12-11 20:01:52,6474.06,4,18,2
228,2023-08-29 21:56:44,16052.79,2,1,2
229,2024-09-28 03:22:51,10765.25,1,15,2
230,2024-06-08 23:42:52,10750.94,4,13,2
231,2024-02-12 11:46:00,3164.61,2,16,2
232,2024-09-10 15:10:00,12059.39,4,3,3
233,2024-10-17 02:26:14,6710.63,3,12,2
234,2024-02-27 06:20:19,8076.36,1,20,2
235,2023-10-25 02:12:29,8878.69,1,5,2
236,2024-05-22 19:02:27,1899.06,4,13,2
237,2024-03-06 04:19:25,3881.77,4,13,10
238,2023-11-14 17:27:42,129.20,3,22,4
239,2023-07-28 13:42:00,13363.61,3,22,2
240,2023-07-23 07:49:43,10310.39,4,3,2
241,2025-02-19 21:42:17,5907.03,2,21,2
242,2024-06-29 15:41:23,18804.29,4,3,2
243,2024-08-09 07:17:09,2658.06,5,19,2
244,2024-03-30 23:58:44,14475.19,2,21,3
245,2023-09-04 09:07:39,8689.67,3,17,2
246,2025-03-26 13:34:26,10383.58,3,2,3
247,2023-07-01 06:29:35,8769.08,3,7,2
248,2024-08-26 09:46:30,12469.52,4,8,2
249,2024-10-06 20:02:09,9190.96,2,6,2
250,2025-02-03 01:12:07,7326.57,1,10,3
251,2023-12-04 17:35:47,8882.79,2,16,2
252,2024-10-06 19:19:54,7393.53,5,24,2
253,2024-10-13 14:57:21,4717.13,3,7,3
254,2024-10-17 01:10:39,3492.28,3,7,2
255,2024-01-07 14:28:11,5070.75,3,17,3
256,2025-03-09 15:45:25,7202.73,2,21,2
257,2025-01-04 13:49:34,1716.50,2,11,2
258,2024-04-13 14:10:36,8960.71,3,12,2
259,2024-05-23 18:48:46,6269.72,2,21,2
260,2024-04-07 20:52:38,6251.24,1,10,3
261,2024-01-23 17:48:54,12737.14,2,1,5
262,2024-09-11 06:43:57,9344.49,4,18,2
263,2024-09-20 18:17:27,8804.54,2,6,3
264,2024-05-11 03:04:56,10113.62,5,24,2
265,2023-10-01 06:06:14,1293.87,1,15,2
266,2025-01-11 01:08:08,243.26,5,24,3
267,2024-10-18 04:00:49,440.91,1,5,2
268,2024-04-10 17:15:34,2730.34,4,18,3
269,2023-10-29 14:42:10,12401.78,1,15,2
270,2023-08-19 13:20:52,9822.37,1,20,2
271,2024-01-07 09:44:43,12904.36,2,1,2
272,2025-04-24 18:18:36,7740.91,3,7,2
273,2024-02-02 06:40:54,11677.61,3,17,2
274,2024-05-31 21:42:40,3005.47,5,19,2
275,2025-03-22 23:34:40,14586.52,2,16,2
276,2024-11-07 13:45:14,12611.24,5,4,6
277,2024-06-18 16:27:45,2648.41,4,18,2
278,2023-12-25 01:13:29,4696.46,1,25,3
279,2025-02-03 08:35:34,1018.58,5,19,5
280,2024-06-12 07:42:40,15611.46,1,5,2
281,2024-02-29 05:11:40,10297.40,1,10,3
282,2025-02-25 14:09:24,8062.26,3,22,2
283,2024-05-11 23:57:18,1301.99,2,11,2
284,2023-08-26 16:58:19,17887.98,4,18,2
285,2025-04-07 14:38:36,13699.72,3,22,3
286,2024-11-16 17:12:43,13492.33,5,14,2
287,2024-08-01 17:39:46,10587.44,4,23,2
288,2024-11-03 19:19:08,1322.73,3,7,2
289,2023-10-28 10:51:08,7049.06,5,4,2
290,2024-11-11 05:15:52,12302.04,1,20,5
291,2024-07-20 13:38:40,8654.47,5,9,2
292,2023-08-23 16:54:58,6396.28,4,3,2
293,2024-08-28 14:39:21,5146.17,1,25,2
294,2023-07-14 22:54:05,14077.14,5,9,17
295,2024-05-25 19:58:46,3823.26,5,4,2
296,2025-04-24 13:02:09,8914.46,5,24,2
297,2024-12-05 07:53:00,11391.47,3,2,2
298,2023-11-02 17:15:05,4266.62,2,16,2
299,2024-12-23 03:03:14,11130.02,2,1,3
300,2024-09-23 12:06:04,7982.60,4,18,2
301,2025-05-12 20:03:50,10080.85,5,4,2
302,2023-09-21 10:04:50,6408.49,5,9,2
303,2024-10-30 01:34:58,14056.25,3,2,2
304,2023-09-25 00:24:24,16328.01,2,6,4
305,2024-02-24 09:32:29,1857.40,2,6,2
306,2024-01-24 19:57:33,9738.28,4,18,2
307,2023-05-26 18:04:22,2910.08,3,7,2
308,2025-04-03 20:58:40,9239.69,4,18,3
309,2024-12-08 00:11:30,15644.29,1,5,2
310,2024-12-12 12:20:19,17992.66,3,7,3
311,2024-08-04 11:30:36,4827.52,2,16,2
312,2025-04-27 01:14:26,18178.40,3,17,2
313,2024-03-01 17:37:31,14710.70,5,4,2
314,2024-10-03 19:16:50,3481.54,3,7,2
315,2024-04-09 00:57:33,11694.71,3,2,2
316,2023-06-22 10:34:14,2490.78,5,9,2
317,2025-05-08 11:39:21,8956.50,2,21,5
318,2023-10-02 11:35:43,18938.03,2,16,2
319,2023-06-04 20:44:59,10582.97,2,21,4
320,2025-02-23 18:07:26,13506.26,1,20,4
321,2025-01-06 20:38:40,7745.24,2,1,2
322,2024-06-29 17:03:47,5263.66,1,20,2
323,2023-12-06 00:03:24,12183.64,3,22,3
324,2024-07-30 06:15:51,6348.75,5,19,2
325,2025-01-20 06:12:52,7313.41,2,1,2
326,2024-09-27 21:35:57,2721.85,1,5,3
327,2023-11-11 06:05:49,9569.69,3,2,2
328,2025-01-20 22:03:47,12721.69,5,24,4
329,2023-10-25 14:03:22,4165.23,5,4,3
330,2025-05-02 17:00:12,10748.39,5,14,2
331,2023-08-13 16:39:02,19333.67,5,4,2
332,2024-05-31 08:34:30,2185.48,1,15,2
333,2025-02-02 12:05:22,10759.95,3,17,8
334,2025-05-15 10:29:03,6557.46,2,16,3
335,2023-10-30 14:37:59,3406.62,2,6,2
336,2024-09-10 18:33:51,2256.36,1,25,6
337,2024-09-16 02:04:49,17961.38,3,17,2
338,2024-05-12 02:45:06,13611.03,1,25,2
339,2023-12-18 06:08:00,9256.74,4,23,4
340,2024-08-08 19:50:57,5531.37,2,21,2
341,2023-09-13 06:43:27,3544.08,2,16,2
342,2024-06-14 01:10:42,10159.62,2,21,2
343,2023-12-10 18:26:50,20435.42,3,12,12
344,2025-01-13 18:16:54,12825.25,4,3,3
345,2023-09-25 19:53:21,12996.13,3,7,2
346,2024-05-06 17:59:20,770.02,4,8,2
347,2023-11-02 13:20:13,3812.80,2,16,2
348,2023-07-03 19:22:44,13382.67,1,20,2
349,2023-06-19 07:20:10,18516.21,3,12,3
350,2025-04-27 23:33:20,10509.39,3,17,2
351,2024-11-07 04:57:40,8036.81,4,18,2
352,2024-04-06 19:18:46,7121.03,5,19,2
353,2025-02-08 06:17:16,15807.49,3,12,2
354,2023-09-18 04:16:07,579.47,1,25,3
355,2023-12-28 02:59:46,7269.93,3,7,5
356,2025-03-08 04:50:33,7545.62,2,1,3
357,2023-08-25 17:31:41,11944.29,2,16,2
358,2024-06-30 14:46:09,10415.62,1,15,2
359,2024-03-25 10:24:05,465.24,2,1,2
360,2024-11-07 16:49:40,8251.90,5,9,3
361,2024-11-17 17:42:14,2166.07,5,4,2
362,2024-12-12 11:37:49,8152.33,2,1,4
363,2023-10-14 22:58:27,6323.14,5,14,2
364,2024-07-16 16:16:00,2891.65,3,17,2
365,2024-03-12 09:53:03,18803.61,2,1,2
366,2023-08-16 19:12:02,174.47,1,25,5
367,2023-10-26 23:01:34,5648.80,1,20,3
368,2024-11-17 17:26:27,500.78,5,14,2
369,2024-09-04 15:47:39,6905.16,1,5,6
370,2025-02-19 11:41:05,12757.41,3,2,4
371,2024-12-24 21:59:42,4692.05,5,19,2
372,2024-10-27 21:27:09,6469.18,4,18,2
373,2024-06-18 00:09:19,17322.53,3,7,2
374,2025-05-11 08:37:47,8699.01,3,12,2
375,2023-06-08 20:32:34,13100.97,3,22,2
376,2024-08-07 00:08:21,9552.41,2,1,6
377,2023-07-22 22:55:28,8919.79,1,15,2
378,2023-06-23 23:41:34,17852.87,3,22,3
379,2024-02-08 02:37:44,19908.20,1,20,3
380,2024-09-12 11:00:47,3281.97,5,9,3
381,2024-10-25 18:16:55,12138.04,4,18,2
382,2023-09-13 06:15:12,2569.05,4,3,5
383,2024-09-16 08:19:28,216.56,2,11,8
384,2024-01-14 23:48:45,1753.98,4,18,2
385,2024-12-17 18:50:30,8751.10,5,9,2
386,2024-11-12 21:03:54,12032.99,1,20,3
387,2024-01-05 04:30:45,6708.19,4,8,2
388,2023-06-22 21:02:18,7048.23,2,21,2
389,2023-11-22 11:10:33,2301.03,5,14,2
390,2025-04-04 11:43:53,15876.68,4,3,2
391,2024-01-20 15:14:12,16731.60,5,14,2
392,2024-01-24 14:33:30,9408.06,1,25,2
393,2023-06-12 08:22:12,4429.05,5,24,2
394,2024-11-07 11:52:59,9675.94,4,8,3
395,2024-12-19 14:43:03,5968.94,2,6,2
396,2024-11-07 06:41:24,7894.99,3,17,2
397,2024-09-08 23:16:37,12485.13,5,24,3
398,2023-10-17 11:04:00,11561.35,3,17,2
399,2024-12-04 07:06:45,4941.19,5,4,2
400,2024-04-08 05:18:15,3544.08,3,17,2
401,2024-08-23 12:16:40,2135.75,2,16,2
402,2023-08-01 19:55:40,8645.85,1,20,4
403,2025-01-08 17:24:37,10569.77,2,11,3
404,2023-06-01 11:34:09,16663.40,4,18,4
405,2023-11-29 01:47:02,13641.98,5,14,2
406,2023-10-08 10:47:27,15554.67,2,11,3
407,2023-07-12 10:18:21,3619.05,3,17,2
408,2024-07-03 12:06:51,20203.12,2,6,2
409,2025-05-12 02:29:48,9686.27,2,21,2
410,2024-02-06 06:20:19,6309.80,3,22,4
411,2024-01-11 05:41:57,13341.73,5,24,4
412,2024-02-03 17:14:34,13908.47,3,17,2
413,2024-07-27 05:15:11,5096.01,5,4,2
414,2024-02-10 10:15:33,5450.58,4,23,2
415,2025-03-24 13:11:40,670.36,3,12,13
416,2023-07-29 10:01:40,11796.17,4,8,21
417,2023-06-11 08:49:04,3159.04,4,23,2
418,2023-09-11 07:12:47,4817.50,1,25,2
419,2023-08-20 23:20:21,4975.85,1,15,2
420,2025-03-30 04:55:47,10421.53,1,15,18
421,2024-07-09 10:20:24,722.78,3,17,2
422,2023-08-19 21:41:47,14302.37,1,25,12
423,2024-05-01 14:11:29,683.30,1,10,4
424,2023-08-13 06:37:15,6572.94,4,3,18
425,2025-04-14 06:35:12,17906.25,5,19,2
426,2023-11-18 23:05:35,18011.85,2,6,2
427,2024-09-03 11:34:57,16100.74,5,9,2
428,2024-05-31 16:06:55,12979.85,4,3,2
429,2023-08-19 19:07:57,16743.58,5,24,2
430,2023-11-08 00:34:38,1033.18,2,21,2
431,2024-10-17 07:43:19,15124.75,2,16,2
432,2024-06-22 10:59:26,6329.78,4,8,2
433,2023-11-21 17:12:47,9502.95,4,23,8
434,2025-03-08 00:46:01,1304.76,3,17,8
435,2024-10-07 14:51:05,18607.28,1,10,485
436,2025-02-17 23:14:21,14513.06,4,18,5
437,2024-08-12 15:59:11,3675.60,3,2,2
438,2024-11-20 11:57:46,19990.09,3,2,5
439,2024-01-20 17:25:01,16723.74,5,4,2
440,2024-01-02 15:14:10,19649.31,2,1,2
441,2023-07-21 16:48:58,3419.28,3,12,2
442,2023-10-05 15:02:16,11746.11,5,9,2
443,2025-01-10 08:41:47,7526.65,4,8,2
444,2024-05-26 22:14:46,16844.62,5,9,82
445,2024-11-03 09:44:13,18876.68,1,5,2
446,2024-01-21 07:46:22,202.84,5,4,2
447,2024-04-06 10:13:57,4048.45,1,25,5
448,2024-12-06 07:39:07,8917.03,3,12,2
449,2024-09-29 14:43:37,4020.63,1,5,19
450,2025-02-04 20:44:03,6031.29,2,1,3
451,2025-01-09 13:53:37,5999.85,4,13,114
452,2025-02-12 07:42:22,11657.25,3,7,3
453,2023-08-11 05:24:41,1031.22,1,5,2
454,2023-06-06 13:48:03,366.00,4,8,2
455,2023-12-15 22:44:09,10197.51,2,11,5
456,2024-11-08 08:45:43,13705.41,4,3,2
457,2024-03-16 09:19:47,6674.22,2,11,197
458,2024-06-05 23:57:20,7661.07,4,3,2
459,2024-12-18 14:12:04,1114.20,5,9,4
460,2024-10-11 20:18:11,14689.43,1,20,6
461,2025-02-01 17:42:21,5495.08,5,9,2
462,2024-01-29 20:10:38,16502.07,1,25,3
463,2023-11-28 05:51:52,4422.85,5,4,2
464,2025-04-05 05:26:04,1282.46,4,3,2
465,2025-05-11 08:26:39,6642.02,1,25,3
466,2024-04-07 00:49:14,11027.73,2,6,2
467,2024-02-28 02:19:45,5684.47,5,24,2
468,2023-08-18 12:29:27,6748.82,2,16,4
469,2024-12-18 02:22:16,1211.36,1,25,2
470,2025-04-17 05:29:06,17821.30,2,16,4
471,2025-04-13 15:54:54,6342.53,4,8,7
472,2024-09-24 21:43:39,5642.50,3,12,2
473,2023-08-17 07:13:36,12662.45,4,18,6
474,2025-03-18 15:08:55,5523.49,5,19,4
475,2024-02-01 05:14:19,6538.98,4,23,2
476,2024-12-12 16:59:21,11140.79,5,4,2
477,2024-02-25 09:09:58,2185.51,3,7,8
478,2024-11-19 06:32:45,16099.32,4,23,6
479,2024-11-15 04:41:16,17503.29,5,24,2
480,2024-10-07 10:48:50,20113.00,5,4,2
481,2023-12-24 06:21:48,11712.23,1,5,6
482,2024-03-03 22:44:09,11939.65,1,10,2
483,2024-01-05 17:04:28,3603.09,4,23,3
484,2023-10-16 20:20:46,8717.57,1,5,3
485,2024-08-25 20:58:51,13382.14,5,24,5
486,2023-09-29 05:13:56,9576.43,5,9,5
487,2023-10-29 08:22:23,8036.60,5,4,28
488,2025-01-08 22:13:01,12998.62,2,16,2
489,2024-12-08 21:02:25,1516.39,4,13,4
490,2024-10-30 14:59:29,8292.62,5,4,2
491,2024-10-02 02:56:03,19111.88,2,21,2
492,2023-07-05 12:48:11,3024.36,3,17,2
493,2023-12-30 02:16:02,8506.63,3,12,2
494,2025-02-06 18:49:45,4525.21,4,18,4
495,2024-05-25 15:25:47,4033.91,5,14,5
496,2023-05-28 03:23:04,13535.20,4,13,2
497,2025-02-20 02:05:20,5127.82,3,22,2
498,2024-10-01 12:48:52,3316.10,4,3,4
499,2023-07-13 19:50:27,21123.15,5,14,2
500,2025-04-04 05:01:13,1643.32,2,11,2
501,2024-01-03 03:18:40,1994.66,3,22,2
502,2024-08-30 01:44:30,6056.33,2,21,4
503,2023-06-02 00:25:47,4489.67,2,21,2
504,2023-11-10 17:51:15,14075.92,2,21,3
505,2025-04-13 01:42:06,6846.04,5,24,21
506,2023-11-01 23:43:11,11650.89,2,1,2
507,2023-07-08 00:47:02,6631.14,4,3,2
508,2025-04-21 23:07:01,11679.47,2,6,2
509,2024-06-18 04:11:24,3469.46,5,4,63
510,2023-11-07 13:08:14,5407.66,2,11,10
511,2025-03-14 05:19:21,15267.84,4,13,2
512,2024-11-20 09:08:11,1773.96,3,22,3
513,2024-06-09 11:28:25,11306.03,1,20,8
514,2025-03-17 09:10:18,3478.66,4,8,32
515,2023-06-01 22:20:43,12599.06,4,3,2
516,2023-10-24 15:14:21,14979.70,3,7,5
517,2023-12-25 14:53:53,2871.16,2,16,2
518,2023-11-18 06:49:48,1122.96,2,1,4
519,2024-10-30 16:50:20,14336.82,1,10,2
520,2024-06-06 18:55:44,11194.02,5,14,2
521,2025-04-09 04:00:27,15486.47,2,16,2
522,2024-08-01 17:12:01,2992.02,2,21,2
523,2024-06-10 05:42:39,15281.78,5,19,2
524,2024-04-06 22:55:27,6317.37,3,2,2
525,2023-08-19 21:53:58,2527.38,3,7,3
526,2023-06-21 00:46:09,13860.34,4,18,5
527,2025-02-11 06:39:29,13681.99,3,7,2
528,2024-08-24 17:09:24,7160.28,3,12,2
529,2023-11-01 21:49:16,11412.62,3,2,2
530,2024-09-19 10:10:15,15662.91,5,19,3
531,2024-02-29 22:34:19,9821.53,4,8,3
532,2025-03-21 03:01:41,5107.05,1,10,2
533,2023-11-29 18:03:58,7328.72,3,17,2
534,2025-01-19 13:53:38,1692.82,1,5,2
535,2025-04-21 11:55:57,2462.60,4,13,2
536,2023-08-17 22:34:13,6333.15,5,24,3
537,2023-12-04 14:02:32,3972.24,4,3,6
538,2025-05-18 14:59:08,5921.44,4,8,2
539,2023-12-06 12:36:21,13070.56,5,4,3
540,2024-10-05 07:04:58,881.82,5,4,2
541,2023-12-05 11:56:34,9304.65,5,19,2
542,2025-04-28 15:41:52,6014.40,4,13,2
543,2023-12-21 20:24:39,13888.65,1,20,2
544,2024-05-09 01:24:41,2595.93,1,5,2
545,2023-10-25 09:40:27,18969.81,3,12,3
546,2025-02-02 00:17:40,2479.28,3,7,2
547,2025-04-02 17:05:38,1853.52,4,23,2
548,2023-12-12 07:59:30,12230.37,2,1,8
549,2025-02-23 13:11:47,4039.53,4,3,42
550,2024-04-22 00:10:29,3877.10,2,21,2
551,2023-06-14 08:22:11,7455.17,3,12,3
552,2024-05-21 04:35:12,8722.64,2,11,3
553,2024-02-05 13:00:26,9058.46,2,16,2
554,2024-03-24 13:40:54,13508.41,3,7,2
555,2023-06-26 07:14:32,10861.46,2,16,2
556,2025-04-15 08:36:31,7452.01,2,11,2
557,2024-11-21 08:06:05,759.34,4,18,4
558,2024-11-23 17:15:40,14350.77,5,19,2
559,2024-08-18 06:06:42,13662.92,1,25,81
560,2024-05-14 11:22:05,11456.34,4,18,2
561,2023-11-03 04:09:49,9549.11,1,15,2
562,2023-07-31 06:35:26,2875.84,1,10,11
563,2024-01-09 21:18:47,7457.46,4,18,2
564,2024-05-02 23:38:54,11957.36,4,18,12
565,2024-09-23 20:50:38,2916.09,4,3,3
566,2024-05-17 00:43:47,16006.85,2,6,4
567,2024-08-06 14:16:24,4896.77,1,25,2
568,2024-04-17 00:57:43,11853.68,4,3,35
569,2023-07-26 16:38:55,11292.07,4,13,7
570,2023-07-22 18:08:10,1440.89,5,14,2
571,2024-03-24 18:06:01,10698.80,1,5,2
572,2024-01-13 04:36:02,4786.25,5,24,2
573,2025-03-20 05:08:41,13845.29,1,10,2
574,2025-04-22 22:14:28,15521.28,2,16,33
575,2024-12-15 12:08:08,15735.19,5,24,3
576,2023-07-11 07:55:22,10274.38,3,17,5
577,2024-06-20 07:01:11,13660.00,2,21,34
578,2023-10-30 22:38:53,10458.18,3,2,2
579,2025-04-06 05:16:48,4114.17,3,12,2
580,2023-08-19 12:32:29,4079.25,5,9,2
581,2024-02-11 08:06:11,12422.52,3,2,2
582,2024-06-20 00:51:51,2463.25,1,10,3
583,2024-11-23 01:07:18,9654.97,4,23,2
584,2024-06-18 06:18:21,4846.47,2,1,2
585,2023-09-07 04:24:02,10771.15,4,18,3
586,2025-01-11 22:04:10,997.34,2,16,2
587,2024-10-16 18:34:32,3835.05,2,21,2
588,2024-01-07 16:42:10,16216.62,4,18,2
589,2025-04-11 11:27:33,9288.21,4,8,2
590,2023-08-03 02:16:55,6867.13,5,24,2
591,2023-11-26 10:53:58,12929.90,3,17,2
592,2025-02-06 13:30:44,9302.03,5,24,2
593,2025-02-20 02:54:00,3028.04,3,17,2
594,2023-07-25 15:36:21,14233.21,1,5,2
595,2024-08-18 20:12:42,6498.45,4,18,2
596,2024-05-24 15:59:14,13138.57,1,10,2
597,2025-01-26 13:06:21,11478.28,2,6,2
598,2025-04-21 06:34:17,18793.80,3,17,34
599,2024-03-18 18:35:09,5430.61,2,16,4
600,2024-10-05 02:38:53,4337.70,1,25,8
601,2024-12-31 10:58:13,14511.51,1,25,2
602,2024-01-26 21:16:11,115.99,4,23,8
603,2024-02-11 01:14:58,12485.33,4,8,2
604,2025-01-08 18:14:15,5404.72,1,10,2
605,2024-03-20 21:00:11,4478.04,1,15,2
606,2023-10-27 07:58:55,15872.11,2,21,2
607,2024-07-26 08:42:41,8617.49,5,4,706
608,2023-07-27 04:09:54,7458.25,5,9,44
609,2025-04-29 23:27:21,2564.92,5,19,3
610,2025-02-25 04:36:38,7200.10,5,14,9
611,2025-03-05 01:11:07,6246.99,4,13,2
612,2024-01-11 12:18:18,3730.43,1,20,5
613,2025-04-04 04:18:45,14477.95,4,8,6
614,2024-09-06 20:36:27,1428.76,4,3,3
615,2024-04-07 21:55:01,14051.14,5,19,2
616,2025-03-04 18:48:40,10851.91,1,5,2
617,2024-06-09 13:15:38,7891.91,3,2,2
618,2024-06-14 14:44:45,18167.53,4,8,2
619,2023-10-19 00:22:19,22438.57,1,25,2
620,2025-01-01 13:11:25,1094.40,1,10,3
621,2024-07-09 12:50:49,1994.68,4,13,3
622,2024-02-06 23:22:07,465.60,1,25,2
623,2024-11-08 14:07:27,5705.53,4,3,3
624,2024-04-22 12:06:42,6791.28,1,25,2
625,2024-09-15 05:33:27,7843.08,4,3,2
626,2023-07-13 02:25:09,20562.03,1,5,3
627,2023-08-09 15:57:26,11991.48,3,2,23
628,2024-04-14 00:08:21,13132.28,4,23,2
629,2024-05-21 16:33:26,11626.13,3,22,2
630,2024-04-14 19:47:23,6313.86,3,7,2
631,2024-11-10 19:31:46,8038.17,3,22,2
632,2023-10-29 11:22:27,250.39,4,8,2
633,2023-07-19 06:26:54,8576.32,3,2,2
634,2024-02-10 22:39:25,3435.71,5,9,6
635,2025-02-26 19:16:18,4073.84,2,16,2
636,2023-11-25 12:43:09,2884.97,3,12,4
637,2025-04-07 15:09:05,7530.03,2,6,2
638,2025-05-07 08:56:16,14758.13,1,25,2
639,2024-03-19 11:00:13,18144.40,5,14,2
640,2023-10-30 22:28:49,9688.36,2,6,4
641,2024-06-28 23:31:09,16313.79,3,7,3
642,2024-02-25 21:58:38,10396.95,1,15,27
643,2024-12-21 19:44:46,14083.94,3,7,6
644,2023-11-15 06:12:46,7205.59,2,16,2
645,2024-01-21 04:08:16,13339.96,2,16,2
646,2023-11-14 03:27:00,13291.27,4,18,3
647,2024-09-23 05:03:20,17856.17,5,24,2
648,2024-06-05 12:24:45,3586.52,1,10,5
649,2024-05-10 03:32:43,17983.86,1,15,6
650,2025-02-16 06:41:18,24170.61,4,8,4
651,2024-05-14 10:50:05,232.80,4,23,3
652,2024-01-01 15:03:52,9431.47,4,13,3
653,2025-04-29 11:09:34,1905.80,2,21,2
654,2025-04-09 19:41:45,14385.18,2,11,2
655,2023-09-28 00:49:25,10852.12,3,7,3
656,2024-02-01 01:46:44,7697.57,4,18,2
657,2024-01-06 11:15:13,9998.94,1,25,3
658,2023-11-06 21:38:08,8282.07,4,3,82
659,2023-08-01 23:33:59,2228.52,1,20,4
660,2025-02-18 07:43:24,6646.63,2,1,2
661,2023-08-14 15:22:19,12482.18,3,12,2
662,2024-03-20 06:57:54,5054.49,2,16,4
663,2025-04-09 18:10:18,5119.11,2,16,2
664,2024-08-30 22:20:02,6836.50,3,17,2
665,2024-02-07 06:48:50,15508.46,1,25,2
666,2023-07-08 13:02:45,12800.00,2,11,2
667,2025-01-26 23:50:40,500.52,4,13,2
668,2024-02-13 04:55:14,13748.90,2,6,2
669,2023-07-02 11:20:32,7330.75,2,6,2
670,2024-06-20 03:04:45,19247.72,1,20,3
671,2023-07-24 03:36:20,11429.52,3,17,2
672,2025-01-01 10:08:39,16365.86,3,22,3
673,2023-10-22 00:24:21,3714.20,2,6,2
674,2024-12-10 07:03:29,10661.84,3,17,2
675,2023-09-26 02:39:15,9432.61,2,16,2
676,2024-12-14 09:46:29,13838.13,2,6,2
677,2024-08-14 05:04:20,5206.20,2,1,5
678,2024-11-21 10:05:40,19003.66,5,4,14
679,2023-12-17 22:55:16,10090.49,2,16,2
680,2023-10-02 12:51:11,5996.70,2,11,3
681,2023-08-16 14:59:23,7960.73,4,23,2
682,2024-04-29 07:48:39,3553.53,5,4,2
683,2024-02-12 18:10:26,3594.38,1,25,2
684,2024-12-26 22:32:36,1399.30,1,25,2
685,2024-07-01 17:01:17,14989.64,1,20,2
686,2025-02-07 05:57:57,16435.63,1,5,3
687,2024-10-16 19:32:58,9128.74,2,1,2
688,2025-01-28 16:29:39,12668.68,1,15,3
689,2023-08-30 07:30:30,8355.40,4,3,13
690,2023-11-03 09:16:15,650.29,2,1,2
691,2025-05-13 13:52:47,7870.14,3,17,2
692,2025-01-29 21:56:56,9333.12,3,7,2
693,2023-07-31 05:40:45,8609.53,3,22,5
694,2024-12-15 09:08:42,4396.65,1,15,2
695,2023-10-17 11:12:12,8494.74,4,18,2
696,2024-07-14 02:30:27,5461.43,4,13,2
697,2023-12-29 02:49:30,12703.64,2,1,2
698,2025-05-09 00:54:34,9536.65,2,16,13
699,2024-12-07 11:41:15,7725.93,3,12,2
700,2025-03-13 01:36:04,3896.71,3,17,2
701,2023-11-01 22:19:41,1251.95,2,6,2
702,2023-08-10 04:26:43,11904.68,2,16,2
703,2024-09-20 23:36:55,213.40,4,8,30
704,2024-03-26 01:59:41,17126.32,4,13,2
705,2024-10-02 04:44:11,4396.65,5,9,2
706,2024-08-09 18:36:26,5835.20,4,13,3
707,2024-10-04 16:09:08,18386.89,4,13,3
708,2024-12-28 06:24:40,4765.69,2,1,2
709,2025-02-02 18:38:36,506.15,3,2,5
710,2023-10-30 04:24:14,10807.15,2,1,2
711,2024-05-02 13:54:55,9950.08,2,21,2
712,2023-09-04 05:49:06,5765.04,5,24,62
713,2023-12-07 00:56:10,6164.50,3,17,2
714,2024-07-12 05:58:50,5406.86,2,1,2
715,2024-04-12 23:31:22,11073.00,2,11,4
716,2024-02-28 19:26:43,3217.59,3,12,2
717,2024-03-12 02:13:06,5210.47,1,5,3
718,2024-07-06 20:31:52,6838.25,3,22,2
719,2025-02-07 02:30:48,14479.94,5,24,2
720,2024-11-21 23:27:36,7974.40,4,8,2
721,2023-07-21 13:39:54,6367.95,2,1,5
722,2025-02-08 20:40:43,15370.70,1,20,2
723,2023-11-28 16:42:25,3514.48,5,24,2
724,2023-09-30 21:40:13,3468.98,5,9,5
725,2024-04-15 08:06:51,6086.27,4,18,3
726,2024-01-03 07:11:55,10031.18,3,17,2
727,2025-02-22 08:40:26,13515.37,1,20,25
728,2024-06-25 11:35:36,2155.67,2,16,2
729,2023-11-14 14:43:14,7753.57,4,18,2
730,2024-12-23 06:47:14,7832.22,4,3,2
731,2024-10-21 10:57:28,3683.28,2,16,2
732,2023-09-02 01:48:10,202.46,1,5,4
733,2024-02-14 06:52:19,5865.80,5,4,2
734,2024-01-02 20:02:56,5306.86,3,17,2
735,2023-09-18 10:43:34,6774.10,5,9,5
736,2024-11-21 17:23:08,8459.76,1,25,4
737,2024-03-13 10:17:14,8683.35,4,23,2
738,2024-10-04 02:39:56,1253.94,1,15,2
739,2024-11-25 16:55:01,11696.66,4,8,2
740,2023-08-09 06:20:03,8089.42,4,8,3
741,2024-02-27 01:29:16,12532.81,3,22,2
742,2025-05-10 20:34:56,14866.07,1,5,2
743,2024-05-05 08:18:52,4546.00,1,20,3
744,2025-01-26 07:10:05,15497.08,1,10,2
745,2025-01-17 08:33:01,20079.80,4,18,4
746,2023-08-23 12:14:53,1684.92,2,6,2
747,2024-01-04 16:21:12,4551.14,1,10,2
748,2024-09-25 10:03:49,7088.33,5,14,2
749,2025-02-20 23:12:06,13299.63,3,7,3
750,2024-07-23 21:06:23,7646.24,2,16,2
751,2024-12-09 20:40:47,4869.02,4,13,2
752,2025-02-14 11:50:54,9141.30,2,6,2
753,2024-12-05 14:03:34,878.62,5,9,2
754,2024-03-11 12:06:10,2084.10,4,3,3
755,2023-12-01 21:26:52,4724.47,1,15,2
756,2024-12-14 18:29:09,8695.67,3,2,3
757,2024-05-28 23:29:57,1832.79,2,6,2
758,2024-09-21 09:11:02,36.62,5,4,5
759,2024-07-19 00:51:52,9927.87,3,2,3
760,2023-12-27 21:23:55,15294.22,3,2,2
761,2023-12-19 13:32:41,5431.70,4,13,14
762,2024-12-03 06:49:00,2568.86,4,3,2
763,2023-08-01 06:03:16,3822.86,3,7,2
764,2024-05-30 19:52:07,14584.94,4,23,18
765,2025-02-19 00:05:02,594.89,2,16,2
766,2024-08-13 20:23:51,7835.66,2,1,2
767,2025-05-07 06:53:48,8918.01,1,5,13
768,2024-12-23 05:00:10,2439.93,2,1,5
769,2024-11-17 19:04:35,1747.50,1,25,2
770,2023-09-14 02:09:57,2815.41,3,7,2
771,2025-02-26 12:13:48,8420.36,4,8,2
772,2024-04-06 15:20:06,223.52,3,17,6
773,2023-09-21 01:57:02,23793.82,1,5,4
774,2024-03-11 06:14:01,18574.60,2,6,3
775,2023-09-28 00:32:55,7621.82,1,15,2
776,2023-07-12 17:38:15,1549.77,2,21,2
777,2023-10-15 19:47:53,640.38,5,9,2
778,2023-07-28 01:14:54,3675.60,5,24,2
779,2023-06-27 11:32:54,4646.58,1,15,6
780,2024-03-27 05:48:00,7552.63,5,9,3
781,2025-02-08 04:47:07,16786.73,2,1,3
782,2024-05-04 13:38:08,4145.05,2,11,2
783,2023-07-20 06:04:09,11366.59,2,21,3
784,2024-08-12 18:57:20,4347.74,3,12,5
785,2024-05-24 14:13:24,3211.37,3,17,4
786,2024-03-29 10:02:55,5590.81,4,23,24
787,2023-07-26 20:22:35,11473.79,4,23,2
788,2024-03-28 03:07:35,8037.51,1,10,2
789,2024-02-02 07:47:48,5744.34,1,15,273
790,2024-05-22 00:49:48,6891.71,2,6,2
791,2025-03-27 05:04:36,8924.08,1,20,2
792,2025-03-31 16:21:47,14692.68,4,18,4
793,2024-11-14 03:14:40,12072.74,4,13,3
794,2025-01-27 04:15:48,12105.40,4,13,5
795,2023-10-18 11:27:43,9247.85,5,4,3
796,2025-02-24 06:30:12,22609.23,5,19,3
797,2023-07-30 01:21:30,360.92,1,5,3
798,2023-08-11 12:38:51,14632.65,4,23,3
799,2024-02-19 07:54:45,9864.09,4,18,2
800,2023-06-04 01:30:05,10493.90,1,10,2
801,2024-09-12 16:03:59,11380.93,4,3,2
802,2023-09-23 12:57:57,3718.36,3,7,5
803,2024-09-22 11:26:10,4084.70,5,9,2
804,2025-05-07 01:07:23,11724.79,1,25,2
805,2025-03-05 19:15:00,5866.48,2,16,2
806,2025-05-12 04:14:33,2640.28,5,4,3
807,2023-08-03 01:29:28,9713.39,1,20,3
808,2025-04-13 01:27:43,6037.64,3,17,2
809,2025-03-16 22:47:36,9499.86,1,5,7
810,2023-06-14 22:56:58,12691.01,5,4,3
811,2024-11-22 23:38:04,11991.75,5,14,2
812,2025-01-28 19:05:17,13054.47,2,16,2
813,2024-03-08 11:07:43,6178.89,1,20,2
814,2024-09-03 01:10:41,9803.33,5,14,2
815,2023-05-30 11:34:19,13477.38,3,2,2
816,2023-11-07 21:48:43,7810.01,1,25,2
817,2023-10-23 02:38:37,9958.52,1,20,2
818,2023-05-26 14:37:35,5178.78,4,13,2
819,2024-10-04 19:29:22,9386.77,1,5,2
820,2024-01-09 19:23:45,1358.22,4,18,4
821,2023-11-12 23:55:49,3834.88,1,5,2
822,2023-07-30 08:45:02,14678.74,2,11,5
823,2024-01-26 00:47:33,14221.21,2,21,3
824,2023-08-02 07:15:51,1377.68,3,12,24
825,2024-11-12 19:05:16,12943.00,1,5,2
826,2024-11-23 07:37:39,13474.77,4,8,2
827,2023-09-14 09:40:46,1308.02,4,3,11
828,2023-12-16 04:42:17,11194.51,1,20,2
829,2023-08-06 23:21:39,11990.74,1,20,2
830,2023-08-17 06:44:00,457.50,2,1,2
831,2023-12-15 17:55:19,13647.59,2,1,2
832,2024-12-13 00:33:25,6812.77,1,5,11
833,2023-10-02 05:21:54,5481.85,3,2,3
834,2024-04-19 09:03:16,5139.35,3,2,2
835,2024-05-25 00:50:03,14582.68,5,4,2
836,2025-02-05 09:38:40,12360.50,3,17,16
837,2023-12-18 15:59:55,7284.69,5,4,2
838,2023-06-16 00:06:17,13260.18,2,21,2
839,2025-04-29 01:43:53,7972.34,3,12,2
840,2025-01-27 13:44:50,2135.16,3,12,2
841,2024-11-01 21:19:33,6132.42,2,21,3
842,2024-05-09 12:31:47,2895.76,1,10,2
843,2023-12-04 07:03:34,5906.76,2,11,2
844,2024-08-19 13:22:53,4391.15,1,15,7
845,2025-04-15 15:21:13,18686.51,3,12,3
846,2024-08-05 03:24:10,6653.33,4,23,2
847,2024-11-12 03:35:03,11791.72,3,22,3
848,2025-04-26 08:53:11,18783.21,3,7,2
849,2025-02-25 14:21:02,18534.72,1,15,2
850,2024-01-11 17:02:14,8152.88,3,2,2
851,2025-02-27 19:08:46,11746.48,5,19,3
852,2023-09-13 14:13:47,7610.68,1,10,2
853,2023-10-25 14:48:50,11278.68,4,18,6
854,2024-05-17 08:54:36,5241.84,4,18,2
855,2023-05-31 13:25:15,846.50,5,14,2
856,2024-05-02 05:41:46,4002.56,1,15,2
857,2024-02-24 20:53:59,4768.96,5,24,5
858,2024-02-20 07:16:34,16068.59,5,14,2
859,2023-12-10 08:19:23,8715.37,2,11,2
860,2024-12-30 01:23:30,270.69,4,3,2
861,2023-08-19 21:56:45,18275.15,1,5,2
862,2024-06-07 10:49:25,7412.16,4,13,3
863,2023-06-10 19:55:23,605.71,1,10,2
864,2024-02-26 06:42:10,15034.62,4,23,6
865,2025-02-03 14:49:49,10664.91,1,20,2
866,2024-07-15 20:21:32,4632.52,3,2,2
867,2023-07-20 01:56:47,7475.86,5,24,3
868,2024-11-14 18:40:34,9959.87,1,25,5
869,2023-07-18 15:10:34,398.65,5,24,12
870,2024-04-10 07:16:45,3010.44,5,24,2
871,2024-12-04 19:50:39,811.85,1,5,5
872,2023-11-13 22:52:18,14837.25,3,17,2
873,2024-11-13 03:57:04,8123.39,2,16,2
874,2023-08-02 10:49:58,6846.85,5,4,2
875,2025-02-12 04:22:12,404.92,1,5,3
876,2023-10-10 06:30:23,10648.19,3,2,2
877,2023-12-03 08:02:40,8971.49,5,9,2
878,2023-08-12 01:45:00,8348.51,1,15,6
879,2024-12-06 01:18:57,5757.22,2,1,31
880,2025-03-02 14:13:54,8550.88,1,15,3
881,2025-03-23 03:15:03,13184.12,4,18,9
882,2025-05-08 16:21:00,6396.43,3,22,2
883,2025-02-08 02:57:55,13652.26,1,25,3
884,2023-09-02 10:17:07,12285.80,1,15,2
885,2023-12-22 00:45:40,10404.69,3,12,2
886,2024-05-01 17:11:36,13679.60,4,3,6
887,2023-07-11 17:51:25,3616.30,4,8,4
888,2023-11-19 17:19:44,8222.71,1,5,2
889,2024-07-25 20:16:03,4227.71,2,1,2
890,2023-07-22 04:18:57,2788.90,5,19,2
891,2024-01-31 01:08:52,13540.67,5,14,2
892,2024-09-17 01:21:41,11453.63,1,10,2
893,2024-11-26 16:18:18,9462.29,3,7,2
894,2024-12-13 01:50:34,5246.01,4,23,2
895,2024-10-16 00:20:12,10258.78,5,24,3
896,2024-02-28 01:57:13,16587.59,1,15,2
897,2023-12-11 03:57:04,9274.22,3,12,2
898,2023-09-29 12:50:08,5044.18,1,20,3
899,2024-11-08 23:24:01,7306.43,2,1,4
900,2024-03-30 11:44:30,4199.37,5,9,4
901,2025-04-29 08:11:52,12025.54,4,18,2
902,2024-03-05 06:56:57,8920.27,4,18,2
903,2024-08-03 04:10:13,17082.74,5,24,2
904,2023-09-28 14:52:07,5240.11,1,15,4
905,2023-09-09 12:29:19,13126.88,1,10,2
906,2024-06-30 14:09:57,5495.27,2,16,2
907,2023-12-25 06:44:37,2772.87,1,15,2
908,2023-09-21 17:36:23,7997.81,5,14,4
909,2025-05-16 04:35:57,4462.28,5,14,2
910,2024-03-10 05:02:42,4523.87,2,6,2
911,2024-06-27 00:38:44,9082.04,2,1,3
912,2024-09-29 07:51:44,15671.39,3,17,44
913,2024-04-12 21:47:58,9853.01,4,13,2
914,2024-11-14 08:26:09,11225.59,4,8,2
915,2024-04-06 09:51:56,7086.20,4,18,2
916,2025-04-02 02:46:36,7558.69,2,21,2
917,2024-07-15 05:59:31,8138.43,1,5,4
918,2023-09-21 22:33:35,8001.76,5,19,6
919,2023-06-02 14:17:04,7581.47,1,5,8
920,2025-03-22 12:32:26,4050.16,1,5,4
921,2023-06-03 10:48:24,7660.85,5,24,2
922,2025-03-20 10:34:12,12395.74,3,12,2
923,2023-08-03 06:48:31,15493.41,2,16,2
924,2024-03-26 15:06:54,6917.14,2,16,2
925,2025-03-24 17:33:25,8761.04,4,23,4
926,2023-07-07 18:35:23,10495.73,4,13,4
927,2025-01-29 06:12:11,10170.24,4,23,10
928,2023-09-25 21:38:04,6142.76,5,4,2
929,2023-10-02 14:29:25,4289.64,5,19,5
930,2023-08-22 07:54:40,7662.31,4,13,7
931,2025-02-04 13:31:57,18915.29,5,14,2
932,2023-07-14 01:51:55,5961.64,1,15,3
933,2024-09-19 10:20:12,3795.85,4,23,2
934,2024-09-22 10:05:13,9167.95,1,10,3
935,2024-07-16 05:17:15,17151.73,2,1,2
936,2023-09-30 13:35:59,6153.77,1,10,5
937,2025-04-17 21:46:50,20487.60,1,10,10
938,2024-01-24 04:47:05,12031.83,5,4,3
939,2024-12-08 20:03:57,16657.89,4,8,3
940,2025-05-07 19:11:50,7159.02,1,25,2
941,2025-02-20 11:54:13,14565.21,1,20,2
942,2023-07-05 12:48:37,8090.48,4,3,2
943,2024-06-27 01:17:01,10669.74,1,20,4
944,2023-10-24 07:43:37,7771.52,5,19,3
945,2024-02-19 09:14:17,11223.90,1,15,2
946,2025-04-03 08:09:47,4332.50,2,11,2
947,2023-10-08 06:14:08,18258.53,3,7,2
948,2025-02-25 07:00:07,20146.16,2,1,36
949,2023-11-08 12:33:59,4787.15,4,13,2
950,2024-10-15 08:12:04,10096.57,2,16,3
951,2024-10-15 07:41:27,6595.01,5,4,2
952,2025-05-01 06:19:40,6022.95,3,12,2
953,2024-05-11 12:45:50,10292.92,5,24,2
954,2025-01-04 18:34:32,14108.88,5,4,2
955,2024-08-06 04:04:07,9236.78,2,6,6
956,2023-10-25 15:50:54,8252.67,2,11,3
957,2023-05-26 20:10:38,12070.25,4,8,15
958,2024-03-19 00:54:05,8269.95,2,11,2
959,2024-03-23 21:54:10,9144.01,5,4,2
960,2024-06-15 11:48:57,10358.46,1,25,2
961,2024-03-18 10:45:49,5987.91,4,3,140
962,2024-11-05 21:11:24,250.23,1,20,2
963,2023-08-30 23:52:42,13470.24,5,24,2
964,2025-02-07 21:54:07,10053.83,4,23,3
965,2023-09-16 19:25:15,13057.13,1,15,6
966,2024-02-09 02:44:34,11594.16,3,2,3
967,2023-07-27 06:44:49,4957.27,5,4,2
968,2024-02-15 06:28:00,6224.46,4,23,3
969,2023-06-21 17:43:42,3347.38,2,21,2
970,2025-05-12 08:44:41,12541.65,3,17,2
971,2024-06-25 06:23:31,2706.40,5,9,2
972,2024-05-24 07:50:16,10499.34,2,16,5
973,2024-10-30 18:43:05,1514.00,3,12,2
974,2023-06-06 12:56:47,3493.52,4,8,4
975,2023-11-10 16:48:52,10638.83,1,25,3
976,2024-05-26 09:52:49,6734.15,5,4,4
977,2024-03-30 23:18:46,4183.02,1,25,11
978,2023-07-26 12:56:49,8251.53,2,21,3
979,2024-09-18 21:08:44,12376.35,3,22,2
980,2025-03-12 22:57:47,14974.53,1,5,2
981,2023-12-25 14:41:41,7245.32,3,12,3
982,2024-07-12 00:48:42,4582.36,5,19,2
983,2024-03-28 17:33:13,19311.66,3,2,2
984,2024-09-15 12:09:06,19788.84,5,4,4
985,2024-05-12 13:25:50,4424.36,3,7,4
986,2023-07-12 08:11:54,15116.36,1,10,2
987,2025-03-26 11:13:13,8749.22,5,19,2
988,2025-02-11 10:29:01,9122.66,4,3,12
989,2024-12-28 07:42:33,10529.21,1,10,2
990,2025-04-20 10:12:55,11140.79,4,8,2
991,2023-06-19 18:19:42,15694.24,2,6,2
992,2024-09-05 19:40:40,6441.79,3,17,2
993,2024-02-29 20:28:04,14511.33,5,24,10
994,2025-03-29 08:33:28,3531.67,5,19,2
995,2024-01-18 05:55:27,3765.83,2,6,3
996,2024-06-13 10:07:26,4301.70,4,23,2
997,2025-04-19 14:26:37,17128.14,2,6,2
998,2025-03-30 18:44:02,15711.73,1,5,4
999,2023-12-24 12:32:16,813.83,1,10,2
1000,2023-10-31 08:24:21,15491.46,2,6,84
1001,2023-11-05 23:46:39,12564.70,5,19,4
1002,2023-05-23 09:13:47,22058.60,3,17,2
1003,2023-08-17 13:57:08,1357.00,2,16,2
1004,2024-05-22 10:52:25,3672.87,4,8,2
1005,2024-02-12 23:23:23,5854.77,5,9,2
1006,2024-01-26 13:31:40,5441.65,5,19,5
1007,2024-08-08 12:22:06,6170.98,2,11,2
1008,2024-10-18 15:35:12,11982.39,2,11,2
1009,2024-01-17 05:51:03,7568.75,4,23,2
1010,2024-01-06 23:24:44,11949.86,3,2,63
1011,2023-07-19 19:25:05,10827.63,2,6,26
1012,2024-03-09 06:51:36,1984.35,1,5,2
1013,2023-12-23 09:52:28,16616.00,5,14,3
1014,2023-07-30 08:32:06,8231.71,4,8,3
1015,2025-03-15 21:09:01,7437.91,3,17,2
1016,2024-10-30 08:39:43,17249.13,3,12,2
1017,2025-01-25 17:13:50,6620.94,5,19,2
1018,2024-07-09 00:46:13,3001.46,2,21,2
1019,2024-12-27 00:34:08,6307.92,1,20,3
1020,2024-05-09 16:03:03,2559.90,5,19,3
1021,2024-01-06 05:05:09,16761.99,1,25,2
1022,2025-05-10 17:53:46,3187.98,3,22,2
1023,2023-08-09 08:50:49,8793.57,1,25,3
1024,2023-09-06 15:41:03,12709.02,4,3,3
1025,2025-02-13 15:22:10,5354.48,1,5,2
1026,2024-12-30 16:09:53,13583.10,2,1,2
1027,2023-06-04 12:58:23,9306.17,1,20,2
1028,2024-12-09 17:16:20,7069.85,3,2,2
1029,2023-09-20 23:32:43,3020.05,2,16,2
1030,2025-02-04 05:27:08,4987.51,2,11,2
1031,2023-10-28 12:16:08,13621.10,3,17,18
1032,2025-01-04 06:04:22,2392.37,5,24,2
1033,2024-04-13 03:11:02,16276.15,1,5,2
1034,2024-09-10 14:30:41,12139.19,1,20,3
1035,2023-12-03 16:50:26,10021.76,2,11,2
1036,2024-08-15 00:12:45,1548.40,1,20,5
1037,2023-06-03 02:58:35,10289.21,2,1,3
1038,2023-10-15 19:52:52,15654.77,5,19,52
1039,2025-01-11 15:16:05,4432.13,5,19,2
1040,2023-07-11 00:36:01,1221.86,3,17,7
1041,2023-08-04 11:09:52,1074.18,2,16,2
1042,2025-03-31 07:37:03,16136.82,3,12,2
1043,2024-08-02 04:53:58,2527.38,5,24,2
1044,2024-07-15 00:12:40,2898.91,2,21,4
1045,2025-03-07 23:06:37,13661.26,2,21,2
1046,2025-05-08 22:56:21,3449.22,5,24,6
1047,2023-09-11 16:28:08,5059.17,4,8,2
1048,2025-03-01 01:01:13,4030.18,3,2,2
1049,2023-09-10 14:41:08,661.45,3,12,2
1050,2024-06-30 09:03:55,5775.74,3,22,4
1051,2023-11-19 08:10:14,6496.01,4,13,2
1052,2023-09-19 08:44:22,9909.99,1,15,2
1053,2025-01-01 02:42:37,11447.62,3,7,2
1054,2024-04-12 22:45:23,4370.66,3,12,2
1055,2024-08-19 23:48:26,18158.73,4,8,2
1056,2023-08-04 17:19:01,12460.31,1,10,3
1057,2023-06-20 22:52:45,1916.15,4,18,2
1058,2023-10-10 09:11:41,3871.64,1,15,2
1059,2025-03-12 18:31:27,9989.26,3,12,2
1060,2024-10-07 12:56:38,12704.65,3,17,2
1061,2025-05-02 01:23:18,9780.13,1,20,2
1062,2025-04-17 18:33:13,5834.88,3,7,2
1063,2025-04-27 21:49:30,6692.91,5,24,2
1064,2024-11-25 18:24:27,5126.36,5,19,2
1065,2024-09-10 10:58:41,4862.82,5,4,2
1066,2025-04-01 17:42:59,10633.08,2,16,3
1067,2024-04-08 23:19:18,15196.30,5,24,3
1068,2023-07-21 20:08:16,7282.64,2,11,2
1069,2023-08-12 09:45:20,9941.47,5,9,2
1070,2024-06-12 03:13:47,5059.66,5,19,3
1071,2024-07-30 04:26:29,10400.43,1,15,2
1072,2024-10-18 00:51:41,16604.01,4,13,2
1073,2025-01-13 15:58:49,3256.34,1,25,2
1074,2023-12-02 05:57:33,3459.90,5,9,3
1075,2023-08-04 03:17:46,10170.56,4,23,4
1076,2023-08-01 11:24:48,9599.40,2,11,2
1077,2024-07-28 17:37:33,4792.53,1,15,2
1078,2023-05-26 14:53:16,12952.04,3,17,4
1079,2023-11-08 14:47:01,3306.72,3,2,7
1080,2024-06-20 01:17:34,816.94,2,16,2
1081,2025-05-18 11:07:33,9735.95,5,4,2
1082,2023-10-20 00:45:27,14983.54,5,9,2
1083,2025-02-10 20:24:31,23377.83,5,4,7
1084,2024-01-05 13:09:15,11588.99,4,18,2
1085,2024-07-05 18:14:49,8426.75,1,10,2
1086,2023-10-04 15:38:29,12354.87,3,2,2
1087,2023-10-14 05:47:57,1815.80,2,11,2
1088,2024-08-08 14:55:14,862.58,5,4,3
1089,2025-04-21 07:11:39,640.38,1,15,2
1090,2023-10-07 12:35:44,8978.36,4,8,4
1091,2025-04-04 11:48:06,628.32,3,17,2
1092,2024-03-10 22:14:44,8511.98,3,7,2
1093,2023-07-13 15:39:20,12342.74,2,21,24
1094,2023-12-12 02:41:53,7919.49,1,5,2
1095,2023-10-13 06:55:31,4648.89,1,5,2
1096,2024-10-18 20:55:06,3643.32,5,9,2
1097,2025-05-08 00:20:20,10786.01,2,11,5
1098,2023-07-15 21:23:26,15262.55,2,21,2
1099,2023-06-21 20:23:15,6848.29,2,1,2
1100,2025-01-03 23:59:42,15894.44,1,25,2
1101,2024-05-29 03:36:48,10987.10,2,16,3
1102,2024-11-25 00:08:38,12077.38,5,9,2
1103,2024-10-20 19:27:34,15826.07,4,8,4
1104,2024-05-22 05:46:05,13561.96,1,25,3
1105,2024-11-12 00:31:52,19546.76,2,16,4
1106,2024-09-08 01:53:54,714.38,5,24,10
1107,2025-01-23 06:02:23,742.84,1,5,2
1108,2024-02-04 11:46:07,12963.49,1,15,2
1109,2024-02-10 00:20:55,4656.06,2,11,2
1110,2024-08-01 06:10:37,8277.78,5,19,2
1111,2024-05-24 05:52:29,6929.63,4,18,2
1112,2024-08-09 05:10:47,579.95,2,16,2
1113,2024-02-14 01:26:01,7664.83,3,2,2
1114,2024-11-25 13:36:34,12629.04,1,15,3
1115,2024-05-05 16:40:53,670.36,4,13,2
1116,2024-10-16 04:18:11,10943.39,1,15,4
1117,2025-02-04 19:43:37,5579.90,5,19,2
1118,2025-02-06 15:08:43,429.55,3,22,2
1119,2023-07-19 19:11:21,585.94,2,11,2
1120,2025-03-23 20:21:21,698.40,1,5,5
1121,2025-03-28 20:57:01,5423.34,5,4,2
1122,2023-08-25 17:50:31,5289.56,1,10,2
1123,2023-11-02 06:46:01,15583.54,1,5,7
1124,2024-04-30 17:06:08,1182.64,2,21,5
1125,2023-10-23 13:46:38,15666.19,3,7,2
1126,2023-11-08 12:37:41,5590.59,4,13,2
1127,2024-06-09 15:23:34,20232.38,3,2,2
1128,2024-12-19 11:28:25,10023.95,4,13,4
1129,2025-05-09 06:16:53,10984.38,4,18,2
1130,2025-01-26 16:18:04,16026.39,2,6,27
1131,2024-09-05 08:02:16,8180.15,4,18,2
1132,2024-06-09 21:08:40,17420.58,2,16,2
1133,2025-02-07 21:53:13,16449.16,2,11,3
1134,2024-01-27 23:23:50,17940.82,5,9,2
1135,2023-07-13 23:34:50,3464.10,4,18,2
1136,2023-11-12 11:14:05,12765.90,1,15,13
1137,2025-05-09 11:11:12,867.94,5,24,2
1138,2024-07-02 14:47:17,6067.37,5,14,4
1139,2024-01-07 23:46:01,14612.83,1,5,2
1140,2025-05-19 17:08:14,7256.45,3,17,3
1141,2023-08-27 05:56:31,15670.80,1,15,2
1142,2024-08-04 07:51:46,7808.94,5,4,3
1143,2024-02-13 20:40:00,8540.03,1,20,3
1144,2025-01-04 10:57:10,4930.37,3,7,2
1145,2023-06-24 22:17:49,6898.04,1,10,6
1146,2024-06-22 07:41:32,3025.96,3,17,3
1147,2024-07-23 05:19:21,6119.21,1,5,2
1148,2024-11-18 02:57:05,12438.42,1,25,2
1149,2024-06-22 19:29:11,9010.27,4,8,2
1150,2023-08-23 13:26:46,2657.35,3,17,7
1151,2024-10-09 23:08:12,4579.57,5,19,26
1152,2024-12-14 10:29:20,11871.29,3,7,3
1153,2024-12-02 05:12:00,6616.31,3,17,2
1154,2024-09-15 00:09:18,4524.40,1,5,2
1155,2023-11-06 05:38:38,4526.27,2,16,54
1156,2025-05-14 10:48:02,1366.60,2,1,5
1157,2023-06-03 03:23:32,6082.68,1,5,2
1158,2024-05-29 14:43:19,5782.86,1,10,2
1159,2025-02-26 00:43:57,1835.32,4,18,3
1160,2024-12-01 08:43:25,4744.20,4,8,2
1161,2024-07-30 03:28:43,670.56,4,8,2
1162,2023-07-30 16:11:37,15112.87,5,14,14
1163,2024-02-16 20:41:50,15096.21,3,7,3
1164,2024-02-13 18:26:31,15560.06,5,9,2
1165,2023-12-06 20:16:19,4891.80,5,9,4
1166,2025-05-19 17:36:18,9145.73,4,23,2
1167,2025-02-02 07:52:23,5026.54,1,20,2
1168,2025-02-21 23:26:19,728.92,2,21,2
1169,2024-01-07 17:48:53,5253.52,1,10,2
1170,2023-08-23 09:26:36,10384.71,4,13,149
1171,2024-08-25 20:35:17,487.11,1,20,5
1172,2024-02-20 00:22:41,13707.84,1,15,2
1173,2024-05-25 20:15:06,3404.56,3,22,3
1174,2024-03-13 00:56:16,11916.95,3,7,5
1175,2023-10-10 18:25:59,12830.53,4,13,3
1176,2023-08-16 04:28:55,6694.93,2,1,3
1177,2024-01-12 18:50:41,3745.31,2,6,2
1178,2024-08-02 02:48:26,12320.38,1,20,2
1179,2024-11-18 07:07:07,4425.91,4,3,2
1180,2024-03-29 17:16:37,3665.12,5,9,2
1181,2024-10-20 05:48:19,12624.18,2,16,8
1182,2023-05-31 16:39:51,12120.74,3,2,2
1183,2023-10-03 22:06:14,14831.68,4,23,2
1184,2023-06-25 07:52:47,151.80,3,17,10
1185,2024-03-21 12:35:48,6391.32,4,23,5
1186,2024-08-30 05:46:30,8153.11,5,14,2
1187,2024-10-08 23:59:19,25099.96,3,12,3
1188,2024-11-10 01:04:44,10732.71,4,13,2
1189,2025-02-22 08:49:12,12102.13,3,22,2
1190,2024-01-27 10:31:47,19818.71,2,16,2
1191,2024-02-12 04:08:48,16729.17,2,11,3
1192,2024-04-19 05:02:30,4528.49,4,23,2
1193,2023-08-23 18:36:43,921.02,2,6,2
1194,2025-03-11 00:28:52,2816.04,1,15,3
1195,2025-01-20 20:24:28,6777.91,1,20,2
1196,2024-12-01 21:47:36,9688.72,3,12,2
1197,2024-08-18 16:47:10,4089.90,3,7,2
1198,2023-08-01 19:40:35,8274.53,5,24,3
1199,2025-04-14 17:56:41,11649.41,2,6,38
1200,2023-11-04 17:50:13,3131.72,2,1,2
1201,2023-09-16 19:23:22,10771.18,4,23,2
1202,2024-09-12 04:19:15,15202.31,4,18,2
1203,2024-03-12 17:20:59,4975.85,5,19,2
1204,2023-11-28 13:50:54,2012.00,1,20,2
1205,2024-02-15 02:41:56,463.96,3,17,6
1206,2024-12-05 11:39:55,3017.47,4,18,2
1207,2023-12-18 00:47:27,7071.23,3,12,5
1208,2023-08-02 18:01:40,611.09,5,24,3
1209,2024-07-03 23:26:30,5189.94,3,17,2
1210,2024-04-05 00:58:09,14619.45,3,7,4
1211,2024-11-26 10:30:16,1723.97,1,5,5
1212,2025-01-17 02:43:05,9278.46,4,23,21
1213,2024-06-15 01:41:48,10255.03,5,4,2
1214,2023-10-06 00:56:22,3606.43,1,10,2
1215,2023-09-05 13:26:20,18372.81,1,15,5
1216,2024-12-26 19:25:20,13173.13,3,22,3
1217,2024-03-10 00:06:29,1085.60,3,12,2
1218,2023-10-24 08:05:22,9953.06,1,10,4
1219,2025-04-23 21:30:42,8068.24,4,13,2
1220,2025-04-28 08:17:46,4947.98,4,18,2
1221,2024-07-24 10:41:40,12430.96,4,3,2
1222,2024-09-23 20:37:29,2125.88,5,14,4
1223,2024-02-06 10:58:27,11498.33,5,19,19
1224,2023-06-20 01:59:42,7088.80,5,24,2
1225,2023-11-10 01:31:31,9232.54,1,5,2
1226,2024-08-06 07:46:12,405.68,3,7,7
1227,2025-03-20 01:57:00,19712.45,1,15,2
1228,2024-07-21 14:04:08,11690.10,3,12,2
1229,2024-06-13 11:41:32,19354.91,4,3,2
1230,2023-11-27 08:25:09,10266.85,2,21,3
1231,2024-06-03 21:23:21,9528.78,4,18,2
1232,2024-07-15 17:14:07,1077.76,4,18,2
1233,2023-05-24 14:54:33,1817.13,4,8,2
1234,2025-03-08 05:28:01,13006.62,3,12,2
1235,2025-03-03 00:00:41,12714.78,5,4,11
1236,2024-11-12 18:02:18,12131.39,4,18,4
1237,2024-05-15 07:00:30,591.32,2,6,3
1238,2024-08-21 11:12:24,1164.17,1,10,2
1239,2023-12-28 09:43:13,10275.24,3,12,3
1240,2023-07-13 07:21:39,8254.87,1,5,4
1241,2024-12-21 21:02:58,17921.01,4,13,2
1242,2023-06-21 20:44:34,7854.33,1,15,2
1243,2023-12-21 09:24:12,15269.12,5,19,4
1244,2024-04-03 09:17:56,12516.07,5,4,2
1245,2023-12-15 02:46:45,3123.33,1,25,4
1246,2023-07-21 02:42:47,16465.34,3,22,2
1247,2025-05-10 22:58:40,12289.15,4,23,5
1248,2023-08-08 06:04:03,7781.16,2,11,2
1249,2025-04-25 16:13:00,6203.27,4,8,2
1250,2024-11-10 03:33:57,342.60,5,4,2
1251,2023-07-13 05:59:55,2543.36,3,7,2
1252,2024-06-14 17:18:28,11893.59,5,19,2
1253,2023-09-13 06:09:00,15781.80,3,7,2
1254,2024-09-29 03:39:38,4275.56,4,23,2
1255,2025-01-10 17:28:50,6546.65,4,18,2
1256,2024-10-07 20:57:29,1085.60,3,17,2
1257,2023-07-28 04:42:50,14658.43,2,1,3
1258,2023-06-22 05:52:17,7269.97,1,5,2
1259,2024-07-08 09:51:18,13586.92,3,2,2
1260,2023-08-19 01:26:52,3778.13,1,15,3
1261,2024-12-29 07:14:57,10591.83,5,4,3
1262,2023-08-04 06:09:30,3118.34,5,4,2
1263,2024-04-02 08:10:39,7200.12,5,4,2
1264,2024-09-23 23:41:20,1753.07,1,20,4
1265,2024-11-02 06:25:31,10895.67,5,14,2
1266,2024-01-01 10:25:20,9679.70,3,7,19
1267,2024-11-25 07:16:18,4806.16,1,10,2
1268,2023-08-18 11:16:07,3909.52,5,4,2
1269,2024-05-04 06:04:22,5819.40,2,6,2
1270,2024-10-16 06:20:53,14183.56,5,14,3
1271,2024-04-23 13:10:27,2416.04,4,8,2
1272,2024-07-03 05:19:29,15007.71,3,7,2
1273,2024-01-13 11:58:38,5683.21,2,16,2
1274,2024-04-27 07:19:18,2868.76,2,1,44
1275,2023-12-16 21:50:18,7804.16,3,22,2
1276,2025-04-09 06:01:41,12834.65,1,10,2
1277,2024-07-06 08:44:38,4567.85,1,10,12
1278,2024-04-13 00:15:45,1504.24,5,14,2
1279,2023-10-15 12:51:53,14692.70,1,15,4
1280,2024-09-19 03:44:46,6537.84,2,6,3
1281,2023-06-04 18:18:10,12386.03,1,5,3
1282,2023-06-01 02:03:47,2045.20,5,19,4
1283,2025-04-15 16:38:30,7444.07,2,1,2
1284,2023-09-29 17:48:32,13369.30,1,20,4
1285,2023-12-24 16:08:35,6885.99,1,20,2
1286,2023-10-03 15:35:03,24.30,2,6,2
1287,2023-10-22 03:01:17,8117.57,2,6,2
1288,2023-09-04 11:32:31,5523.02,1,5,4
1289,2025-02-28 11:47:48,8680.74,2,16,4
1290,2024-04-09 09:08:44,7390.05,1,20,2
1291,2025-04-20 06:06:34,15796.56,5,14,3
1292,2025-05-11 09:51:49,8683.64,1,10,2
1293,2024-05-29 07:12:13,3291.92,4,23,3
1294,2023-11-25 18:55:34,14141.55,1,25,2
1295,2025-02-04 14:34:57,11974.70,2,1,5
1296,2025-01-14 04:43:07,5398.11,1,5,3
1297,2023-07-26 04:23:00,1996.59,2,16,4
1298,2025-01-23 15:25:34,2798.03,5,4,2
1299,2024-12-27 12:09:48,9666.65,3,12,16
1300,2024-05-27 07:47:32,13634.11,3,17,6
1301,2024-08-30 10:06:53,7057.58,1,5,2
1302,2023-09-16 11:25:51,17136.68,4,18,2
1303,2023-07-03 04:40:34,8233.47,4,8,2
1304,2025-01-11 21:57:16,1110.54,5,24,14
1305,2025-03-25 01:27:13,13223.71,4,13,5
1306,2024-07-06 08:37:22,9663.46,1,20,3
1307,2024-08-08 20:02:55,6026.14,3,17,2
1308,2023-08-11 20:25:55,2837.38,3,12,2
1309,2024-09-24 14:28:47,8065.92,4,8,2
1310,2023-10-18 21:01:33,15218.60,1,5,2
1311,2024-06-28 22:08:35,6014.17,2,11,3
1312,2023-10-28 22:45:49,7016.09,2,6,2
1313,2023-08-04 11:00:13,10386.87,5,19,2
1314,2025-04-07 08:48:25,5539.55,4,3,22
1315,2024-06-11 18:31:57,7497.77,3,17,2
1316,2024-12-02 11:06:19,1158.94,5,4,2
1317,2025-02-18 04:24:40,16757.59,1,5,3
1318,2025-05-04 00:00:24,3822.14,1,25,2
1319,2024-09-02 21:37:24,15241.35,1,5,2
1320,2023-10-02 12:13:38,12927.92,2,6,2
1321,2025-02-25 08:32:57,7453.99,3,2,2
1322,2025-01-18 01:58:20,8987.19,1,5,2
1323,2025-02-16 11:50:13,5130.89,1,20,2
1324,2023-10-06 07:42:32,10013.93,2,11,3
1325,2025-01-04 16:19:11,17554.33,5,9,2
1326,2023-09-06 00:27:22,1148.11,4,3,2
1327,2024-05-07 17:12:06,2862.15,1,25,2
1328,2024-08-03 10:19:48,5331.95,5,4,2
1329,2024-12-30 08:56:18,20930.60,5,24,3
1330,2024-03-16 08:07:16,4957.27,5,9,2
1331,2025-04-11 05:11:12,21198.92,3,22,2
1332,2024-10-01 06:55:43,16984.32,1,20,2
1333,2025-04-27 03:44:14,13553.54,3,7,3
1334,2024-04-02 12:41:36,14424.73,5,14,2
1335,2023-08-07 07:33:52,8711.95,2,6,3
1336,2025-03-16 19:35:13,12465.72,1,10,4
1337,2023-07-25 01:56:26,10515.79,2,21,3
1338,2025-03-19 07:14:14,11448.23,3,2,3
1339,2025-04-17 17:24:09,9124.68,4,18,3
1340,2025-02-01 08:13:55,12550.81,1,20,2
1341,2023-10-24 03:10:32,3125.32,2,16,4
1342,2023-08-15 10:33:45,2849.44,4,23,2
1343,2024-10-30 15:26:44,18576.28,1,5,2
1344,2023-11-08 12:32:39,12622.42,4,3,2
1345,2023-12-30 04:19:21,16005.85,1,10,5
1346,2024-09-30 08:59:16,19348.12,1,20,2
1347,2025-04-02 21:48:40,4253.09,1,25,3
1348,2023-11-16 19:09:35,811.85,5,19,2
1349,2024-07-19 00:02:57,3869.96,4,18,4
1350,2025-03-21 16:24:51,10261.71,4,8,7
1351,2024-09-22 16:40:14,5420.51,3,12,2
1352,2024-07-14 17:04:38,5432.49,4,3,2
1353,2024-02-01 07:02:21,20100.59,5,19,2
1354,2025-03-27 06:08:25,8082.43,1,10,2
1355,2024-12-01 14:39:12,14192.80,5,14,11
1356,2025-02-10 08:19:47,4724.42,1,20,2
1357,2024-03-29 23:21:38,16441.58,4,18,2
1358,2024-07-09 08:52:36,10400.74,4,18,32
1359,2024-03-27 14:19:27,10690.10,2,6,3
1360,2023-06-21 18:15:29,5311.65,1,5,2
1361,2023-12-04 02:48:51,11921.22,2,21,2
1362,2025-01-25 06:00:03,4159.80,4,8,3
1363,2024-11-04 15:25:54,16794.93,3,7,2
1364,2025-03-21 07:57:15,15278.50,5,4,2
1365,2023-11-13 03:30:57,12476.36,1,10,2
1366,2024-06-02 03:03:26,2699.29,2,1,4
1367,2025-03-04 07:56:38,14651.26,3,7,4
1368,2024-05-26 14:35:30,4337.91,5,4,2
1369,2024-11-14 11:22:08,1431.16,1,15,2
1370,2024-05-11 16:15:20,14318.29,4,23,3
1371,2024-07-29 06:14:07,6472.48,3,17,5
1372,2024-01-30 00:16:57,13280.79,5,24,6
1373,2024-09-25 00:32:51,8164.61,3,22,2
1374,2023-06-11 17:24:39,73.24,2,1,3
1375,2025-02-03 15:18:27,3531.36,3,12,2
1376,2025-03-27 13:44:08,8650.68,3,2,3
1377,2024-07-27 12:07:44,9093.15,2,1,3
1378,2023-09-11 21:42:13,10023.49,4,8,2
1379,2024-01-01 15:05:32,9165.08,2,1,2
1380,2024-03-10 22:42:12,12173.35,1,5,2
1381,2023-10-07 10:25:20,12851.06,2,11,2
1382,2024-09-14 11:45:16,8306.21,1,25,11
1383,2024-11-06 23:36:32,11907.24,2,6,2
1384,2024-12-18 13:08:24,4002.05,4,8,4
1385,2023-07-20 12:51:56,18916.76,3,7,5
1386,2024-06-05 21:32:41,9710.96,4,18,4
1387,2025-03-25 04:50:37,10037.98,3,22,2
1388,2023-07-05 01:25:49,15205.55,3,7,2
1389,2025-01-28 02:56:47,754.08,3,17,2
1390,2023-10-04 13:55:06,14516.62,1,5,2
1391,2024-04-27 11:48:29,9485.57,3,7,5
1392,2023-12-25 00:43:20,9138.06,3,7,2
1393,2024-10-03 08:44:31,20055.01,5,9,2
1394,2023-11-02 10:27:32,5586.96,5,19,2
1395,2023-06-29 14:32:53,1189.68,2,6,2
1396,2024-04-05 13:01:57,4787.15,4,8,2
1397,2025-01-11 03:30:27,1455.25,1,5,2
1398,2025-05-01 08:52:17,1752.78,2,1,2
1399,2023-09-05 14:58:37,13878.12,3,22,9
1400,2024-10-16 21:34:40,5177.84,2,16,2
1401,2023-06-09 15:20:04,11074.35,5,19,2
1402,2025-02-10 12:09:19,9211.91,1,10,904
1403,2024-03-02 19:36:30,2276.34,4,13,2
1404,2023-09-09 09:33:23,6571.50,4,3,2
1405,2024-05-01 04:15:15,6500.44,1,20,2
1406,2024-11-17 15:20:02,3598.34,3,2,5
1407,2025-05-02 02:02:43,12313.74,4,13,2
1408,2024-05-29 11:51:38,9472.83,1,10,2
1409,2023-06-22 01:59:12,10756.23,2,1,5
1410,2023-06-02 04:44:33,6770.55,5,4,5
1411,2024-06-20 20:34:28,11027.19,1,20,3
1412,2025-02-03 04:13:08,1002.77,4,8,5
1413,2024-08-03 22:48:33,12575.18,4,8,4
1414,2023-08-24 14:12:54,13408.81,5,4,2
1415,2023-07-23 07:25:31,2596.18,3,22,2
1416,2023-06-06 17:49:26,4620.13,1,5,2
1417,2023-07-01 06:50:02,16553.22,4,23,3
1418,2024-08-10 23:16:59,3707.07,1,15,2
1419,2024-09-06 21:46:19,18108.60,5,4,4
1420,2023-08-10 06:27:03,1666.49,4,18,18
1421,2023-06-30 03:22:05,22920.50,4,18,3
1422,2023-07-14 00:53:18,11170.65,3,7,4
1423,2025-03-06 05:53:16,13283.20,2,1,2
1424,2025-04-09 08:40:54,5837.58,5,19,3
1425,2024-09-20 04:45:09,16961.03,5,14,2
1426,2024-03-08 08:07:25,12768.47,4,3,2
1427,2024-03-31 04:44:34,6776.02,1,5,7
1428,2024-08-30 22:58:42,11890.69,4,23,2
1429,2025-01-25 16:50:27,3319.64,5,19,3
1430,2025-04-20 17:31:00,3126.31,5,9,2
1431,2024-02-05 21:17:28,6337.57,4,13,2
1432,2023-10-11 03:36:15,13092.93,3,2,2
1433,2024-05-01 19:45:40,13033.38,1,10,3
1434,2023-12-15 13:04:29,11844.32,5,19,2
1435,2024-09-18 02:01:05,9573.52,1,5,2
1436,2024-11-28 03:37:18,4415.05,4,3,2
1437,2023-06-26 00:19:14,13973.43,3,12,3
1438,2024-01-24 21:46:52,9379.46,1,10,2
1439,2023-08-29 11:17:59,13049.07,3,22,2
1440,2025-03-11 11:58:04,18453.72,1,10,363
1441,2024-11-15 20:04:52,16487.17,5,19,38
1442,2023-07-07 12:09:39,2381.37,4,13,7
1443,2023-07-23 01:19:41,7785.48,4,3,2
1444,2024-01-22 04:37:02,5363.97,2,16,2
1445,2024-08-30 15:22:31,12352.99,1,20,2
1446,2024-03-09 07:20:21,20057.94,3,22,2
1447,2025-01-08 12:39:29,8079.66,3,7,2
1448,2025-02-01 13:08:02,6008.83,4,18,2
1449,2023-07-04 02:13:10,7235.50,1,20,32
1450,2024-01-06 10:39:04,10082.36,2,16,2
1451,2023-10-07 09:14:09,6394.09,3,2,2
1452,2025-01-30 22:57:22,3206.15,5,19,2
1453,2023-06-03 15:52:53,18661.55,1,20,2
1454,2025-03-15 08:15:33,755.38,2,16,4
1455,2023-07-03 12:46:32,7903.61,2,21,2
1456,2025-03-25 22:50:10,16080.23,5,4,2
1457,2024-02-28 04:42:46,2857.52,3,2,8
1458,2023-12-06 15:33:55,4572.34,3,12,2
1459,2023-09-19 17:49:19,10853.52,4,13,2
1460,2023-10-18 20:12:27,11028.37,5,24,6
1461,2023-12-07 00:14:17,2012.00,3,7,3
1462,2025-01-27 19:21:03,18936.24,2,11,2
1463,2025-04-24 22:28:42,11329.13,1,20,2
1464,2025-04-04 17:54:00,13899.82,3,2,2
1465,2024-06-24 01:32:58,19706.87,3,22,2
1466,2024-11-19 02:18:57,2141.61,2,16,2
1467,2024-03-10 16:50:49,1033.79,2,1,2
1468,2024-11-24 20:10:09,10654.04,3,7,3
1469,2023-11-24 01:37:18,6428.89,5,4,2
1470,2024-03-22 09:29:33,9369.94,2,21,10
1471,2023-09-13 04:09:02,2644.62,1,5,2
1472,2025-04-12 11:29:01,3804.20,1,5,4
1473,2024-04-24 01:47:48,3391.60,4,3,2
1474,2025-03-06 10:30:13,9952.29,5,24,2
1475,2025-05-13 05:32:30,4767.45,3,7,2
1476,2023-12-23 15:47:26,3977.46,4,23,2
1477,2025-02-27 06:40:35,774.20,1,5,2
1478,2024-05-11 23:55:07,1623.84,4,8,21
1479,2024-02-02 20:54:28,10895.66,5,19,3
1480,2025-03-26 19:26:30,6492.32,1,5,2
1481,2025-02-16 07:35:53,17401.71,5,14,2
1482,2024-08-03 12:56:19,6518.46,5,19,2
1483,2024-07-15 09:07:45,19056.23,4,23,2
1484,2024-02-28 23:12:30,12707.27,4,3,2
1485,2024-07-25 18:11:07,12392.68,1,25,2
1486,2024-11-21 10:01:50,17721.16,1,10,6
1487,2024-04-25 10:49:41,10346.94,3,7,3
1488,2023-07-19 19:48:49,1852.34,4,3,2
1489,2024-06-03 13:40:59,6474.93,1,15,2
1490,2023-11-09 12:50:40,8901.63,3,17,5
1491,2025-05-06 05:30:44,7772.27,5,24,4
1492,2023-11-25 16:49:49,7299.94,1,10,2
1493,2024-08-11 02:51:50,13666.63,3,2,2
1494,2024-05-16 03:18:11,26349.00,1,20,2
1495,2024-04-07 22:41:15,13982.43,5,24,5
1496,2023-11-04 14:39:36,6535.83,1,5,2
1497,2023-07-15 09:02:50,2937.84,4,13,2
1498,2024-04-13 17:59:06,14182.71,5,4,13
1499,2024-06-16 23:40:48,7000.80,2,21,2
1500,2024-02-03 23:27:35,12508.90,3,2,2
1501,2023-10-11 23:07:18,1832.79,1,25,2
1502,2025-04-22 20:20:23,487.11,3,2,5
1503,2024-12-10 11:44:29,866.49,1,25,2
1504,2024-05-16 09:20:52,2233.60,5,19,5
1505,2024-02-02 04:19:00,14154.19,3,17,6
1506,2024-11-03 04:21:40,3935.82,2,1,2
1507,2025-04-21 22:02:12,4674.51,3,22,2
1508,2025-03-23 04:11:55,12290.44,2,11,3
1509,2024-10-04 03:24:50,3118.68,1,10,2
1510,2024-10-30 06:13:53,7575.35,5,9,3
1511,2023-08-28 21:51:48,9074.90,1,10,7
1512,2025-04-05 21:42:43,3656.59,5,24,2
1513,2024-02-11 10:46:34,8427.56,2,1,2
1514,2024-04-19 19:19:07,4053.32,5,4,4
1515,2023-12-13 02:20:57,9369.23,1,10,3
1516,2023-05-25 03:48:21,13488.41,4,18,2
1517,2023-08-31 23:31:21,8168.19,4,8,6
1518,2023-11-08 23:22:57,3462.79,2,11,5
1519,2024-09-28 22:23:39,16436.96,5,24,5
1520,2023-12-27 17:12:57,13409.49,3,17,4
1521,2025-01-10 21:42:45,2474.84,4,13,15
1522,2025-01-31 07:29:08,10264.53,1,10,2
1523,2023-11-14 06:24:59,2970.78,5,4,6
1524,2024-12-06 13:21:56,4767.43,2,1,5
1525,2025-01-12 06:05:01,13360.84,1,25,2
1526,2024-03-14 11:46:18,228.57,5,24,15
1527,2024-12-25 20:42:07,17335.48,3,7,3
1528,2024-02-04 15:18:52,4366.90,3,2,2
1529,2023-09-26 05:28:21,3227.73,1,5,4
1530,2024-09-19 15:54:57,6685.34,2,6,2
1531,2023-12-25 12:29:02,7310.40,2,6,2
1532,2023-11-09 02:46:56,7690.00,2,6,4
1533,2024-04-03 05:58:30,9207.13,3,17,102
1534,2024-05-13 23:32:37,14766.80,3,17,2
1535,2025-03-21 10:45:28,10060.76,2,21,2
1536,2024-04-13 01:37:51,17396.35,4,3,2
1537,2024-02-28 05:06:57,8012.65,3,2,16
1538,2023-10-22 12:10:35,4257.40,3,22,2
1539,2024-03-10 18:27:44,3454.71,2,16,2
1540,2023-09-14 01:37:57,12296.74,3,7,2
1541,2024-07-10 14:46:14,16559.13,4,23,2
1542,2025-04-11 05:37:06,10688.70,2,11,2
1543,2024-06-13 23:30:31,7908.74,4,3,2
1544,2024-03-29 18:12:09,14396.43,5,14,5
1545,2024-03-14 22:43:59,3784.47,1,20,5
1546,2024-07-11 22:11:25,15068.98,1,25,2
1547,2024-03-14 03:42:07,12058.77,4,13,3
1548,2024-10-22 14:47:24,10096.58,3,22,2
1549,2024-07-10 21:25:30,11307.51,1,20,2
1550,2024-04-23 06:41:25,6408.54,5,19,2
1551,2025-03-28 12:15:51,12016.07,1,25,2
1552,2023-10-21 10:40:32,2085.63,4,3,2
1553,2025-02-14 06:07:39,11049.38,2,16,2
1554,2024-05-16 17:05:01,8501.14,2,1,3
1555,2023-10-24 03:33:10,10292.48,1,10,2
1556,2024-02-14 04:03:15,19376.61,2,11,3
1557,2024-02-29 09:49:10,7567.66,4,8,2
1558,2024-07-24 03:37:02,7874.64,4,3,2
1559,2024-02-22 03:09:12,17213.11,5,9,6
1560,2023-09-01 18:28:00,3481.88,2,6,2
1561,2024-01-04 19:57:46,7203.26,3,7,2
1562,2023-10-12 04:07:18,5422.32,5,14,6
1563,2025-03-17 03:54:48,670.36,1,25,3
1564,2024-11-04 00:36:39,2777.53,4,13,2
1565,2023-11-16 23:00:59,3702.57,5,14,2
1566,2023-06-02 12:37:42,13930.79,1,10,3
1567,2025-01-26 04:43:33,8138.32,4,3,2
1568,2023-07-22 04:34:38,13671.69,5,14,3
1569,2024-05-07 04:37:34,8070.17,5,19,2
1570,2024-09-17 16:53:21,3677.93,4,3,2
1571,2023-10-26 17:33:05,16277.12,5,9,2
1572,2023-09-28 03:19:56,16090.18,4,18,2
1573,2024-05-26 01:31:06,8959.70,5,19,2
1574,2024-02-02 09:34:06,4860.15,3,7,4
1575,2024-09-28 17:18:50,4048.95,3,7,2
1576,2025-03-07 03:05:30,16406.86,1,15,2
1577,2024-01-18 03:39:36,10798.56,5,19,2
1578,2023-06-09 21:45:00,12057.25,4,8,6
1579,2023-10-14 20:04:48,6771.50,4,18,2
1580,2023-09-06 16:26:56,8351.98,5,19,6
1581,2023-10-09 05:23:32,3651.50,3,12,2
1582,2024-04-08 04:40:24,8362.97,2,16,2
1583,2024-09-09 03:21:46,9065.23,4,13,7
1584,2024-11-23 17:24:06,10124.91,3,2,2
1585,2023-12-23 05:03:35,5700.10,5,19,6
1586,2023-11-13 09:31:11,11018.91,1,25,2
1587,2023-08-08 11:38:30,6396.72,2,6,15
1588,2023-08-31 06:23:20,3434.64,1,10,3
1589,2024-01-31 20:25:52,7393.35,3,22,2
1590,2023-11-28 20:34:38,7725.80,1,5,2
1591,2023-07-04 09:57:39,12469.61,1,10,4
1592,2024-03-22 04:04:15,14538.72,2,11,2
1593,2024-03-19 06:43:28,5020.34,2,1,3
1594,2023-06-29 07:51:52,1025.02,2,11,2
1595,2023-10-21 09:15:05,8591.30,3,17,2
1596,2024-11-27 17:45:27,16328.11,5,19,2
1597,2024-10-06 06:06:56,3815.29,4,18,2
1598,2023-11-16 09:19:42,166.82,5,14,2
1599,2025-02-14 01:56:42,7029.04,5,24,3
1600,2024-06-30 03:21:18,7980.98,2,21,2
1601,2023-10-28 18:30:01,1275.02,1,10,2
1602,2023-12-06 00:10:17,14278.61,4,18,2
1603,2024-12-26 05:51:38,2658.06,3,7,2
1604,2024-10-02 11:10:45,1182.64,3,7,3
1605,2025-04-29 00:00:49,10603.60,2,21,3
1606,2023-08-01 13:52:59,2111.87,4,8,24
1607,2024-04-28 06:00:51,11747.89,4,13,3
1608,2024-03-18 01:28:38,8098.76,3,22,5
1609,2025-03-30 11:10:11,2233.26,1,10,4
1610,2024-03-24 04:28:30,11190.59,5,14,2
1611,2025-01-09 15:02:47,692.55,1,10,2
1612,2023-08-23 14:31:48,7689.32,5,19,12
1613,2023-09-17 07:47:13,12840.19,3,2,7
1614,2024-07-29 01:36:10,1798.60,4,8,3
1615,2024-03-09 19:11:30,8276.44,2,16,3
1616,2024-01-06 16:31:44,4030.10,3,17,2
1617,2025-03-05 22:15:07,16378.91,5,19,2
1618,2024-06-11 21:40:45,6888.17,3,22,30
1619,2024-12-18 14:44:57,3796.45,3,17,4
1620,2025-04-30 09:49:00,4336.20,3,22,19
1621,2023-07-27 00:33:35,6220.30,2,21,5
1622,2024-08-25 05:32:39,4737.36,3,2,104
1623,2023-06-24 15:42:38,8219.60,2,21,3
1624,2023-10-03 21:01:55,3125.78,5,14,4
1625,2024-09-18 06:55:36,10071.52,5,4,17
1626,2023-10-07 07:25:19,4834.00,2,1,3
1627,2024-11-25 10:15:56,6064.19,3,22,2
1628,2024-01-09 10:16:11,21577.82,1,5,2
1629,2024-05-30 04:04:46,13737.54,2,11,2
1630,2023-09-09 10:44:26,1153.69,4,8,2
1631,2023-06-27 07:39:43,21318.31,3,7,2
1632,2024-09-10 02:31:09,12341.45,3,22,3
1633,2023-07-10 10:59:45,5014.57,1,15,2
1634,2025-03-31 01:18:22,13381.48,1,5,2
1635,2024-11-08 05:59:14,22574.93,2,16,40
1636,2024-09-07 08:17:46,9848.54,4,8,2
1637,2025-05-01 04:30:12,8983.97,4,8,14
1638,2023-10-26 05:14:35,6759.80,2,21,2
1639,2025-04-19 06:33:19,14601.51,2,16,3
1640,2023-05-27 20:57:17,1913.73,5,24,2
1641,2024-09-16 11:26:47,17387.98,2,16,2
1642,2024-03-10 17:22:23,15716.67,3,17,2
1643,2024-01-31 07:52:55,13376.72,2,21,3
1644,2023-06-09 10:57:39,18809.32,4,13,2
1645,2024-07-25 17:14:56,10229.17,5,19,2
1646,2023-07-20 11:05:47,26903.53,5,9,2
1647,2024-07-10 12:58:02,9626.84,1,15,2
1648,2023-08-22 20:40:02,14353.43,1,10,2
1649,2025-02-28 10:45:21,16833.41,3,12,2
1650,2024-12-15 08:41:15,2305.46,4,13,2
1651,2023-06-03 07:35:01,9821.83,2,16,2
1652,2024-02-23 10:17:18,12981.85,2,1,5
1653,2024-05-05 14:42:49,9448.85,5,4,2
1654,2023-11-18 08:46:34,8611.01,3,12,2
1655,2025-04-22 21:42:39,1080.09,4,13,3
1656,2024-01-29 08:28:36,14841.62,3,22,5
1657,2024-05-30 03:18:39,16025.07,4,13,2
1658,2024-02-05 15:53:08,4605.53,3,7,2
1659,2023-05-25 13:58:10,4802.44,2,16,4
1660,2025-05-09 00:29:48,12721.37,2,16,2
1661,2023-10-02 19:05:48,5815.91,2,21,4
1662,2024-02-01 12:37:00,16224.64,4,13,3
1663,2024-09-30 00:53:58,4568.09,2,11,2
1664,2023-08-23 11:51:30,7106.96,3,22,2
1665,2023-11-18 17:00:44,10618.46,4,23,2
1666,2024-06-19 01:02:17,11477.39,5,9,4
1667,2024-11-10 02:40:17,10119.92,3,17,4
1668,2024-02-23 16:48:11,4312.68,4,18,2
1669,2025-05-17 01:59:15,20584.13,2,21,2
1670,2025-04-25 17:43:12,17743.33,3,2,3
1671,2023-08-04 22:39:01,25927.51,1,25,8
1672,2024-07-31 18:32:37,6323.41,3,17,2
1673,2023-09-11 10:16:25,22952.96,1,20,2
1674,2024-01-10 10:24:00,4094.52,3,12,2
1675,2025-01-02 17:40:08,12469.10,2,21,7
1676,2023-08-19 14:32:53,5422.28,1,25,6
1677,2025-04-11 08:20:51,17902.90,1,25,5
1678,2024-07-14 05:38:28,1624.62,1,20,6
1679,2023-10-21 14:01:30,860.34,2,16,2
1680,2023-08-25 15:38:42,14882.14,5,9,5
1681,2025-02-22 20:18:49,10869.44,5,4,8
1682,2024-12-31 09:18:29,9669.93,4,8,2
1683,2024-09-20 17:15:16,10794.76,3,22,2
1684,2023-11-24 22:54:11,21238.34,5,19,3
1685,2025-03-17 07:12:28,12324.53,2,21,4
1686,2024-09-18 05:59:04,7395.49,4,13,2
1687,2023-08-27 15:43:28,12620.87,1,10,5
1688,2023-08-21 03:30:03,7625.49,5,24,4
1689,2024-04-11 23:20:16,10545.23,4,18,3
1690,2024-07-12 18:35:44,14558.11,3,22,2
1691,2023-06-08 12:33:25,11140.28,4,23,2
1692,2023-10-29 15:39:47,12157.32,5,19,7
1693,2024-11-30 06:25:34,816.94,1,25,4
1694,2024-02-18 03:49:08,5760.89,2,21,2
1695,2025-04-16 17:32:43,701.88,1,25,2
1696,2024-05-06 16:31:38,502.77,4,8,2
1697,2023-07-13 11:38:14,9124.15,1,5,2
1698,2024-11-28 00:52:01,3516.14,5,14,3
1699,2024-07-18 12:38:11,12549.18,4,3,3
1700,2023-06-02 20:46:11,4565.13,3,7,2
1701,2023-06-19 12:45:43,11390.12,2,11,29
1702,2023-07-05 13:36:12,729.78,2,1,3
1703,2025-01-17 09:40:49,11604.70,2,16,2
1704,2024-09-03 20:26:11,2798.60,3,2,3
1705,2023-11-28 01:12:42,12987.75,2,11,13
1706,2024-12-20 07:04:47,4297.08,5,19,2
1707,2023-10-14 04:32:26,8202.79,1,5,2
1708,2023-09-29 20:31:59,12165.99,5,4,2
1709,2024-10-07 06:35:06,3204.44,4,3,2
1710,2023-09-10 05:30:26,7445.09,1,25,3
1711,2024-04-13 17:47:14,2954.96,3,12,3
1712,2023-07-23 06:51:17,10962.33,4,23,4
1713,2024-02-19 10:33:28,101.23,1,20,3
1714,2023-08-13 13:35:14,15896.63,5,4,2
1715,2024-05-29 00:38:18,16678.61,5,19,2
1716,2025-02-18 14:01:15,18454.37,5,4,2
1717,2025-02-28 11:32:13,4569.58,2,11,2
1718,2024-06-17 14:24:14,6524.10,2,1,4
1719,2024-11-27 21:40:39,4869.44,1,10,2
1720,2025-03-25 19:30:35,11696.79,1,15,3
1721,2024-12-20 17:00:11,9323.78,4,18,3
1722,2025-01-08 14:45:22,2551.06,5,4,3
1723,2023-06-09 23:24:37,13611.17,5,4,2
1724,2024-12-17 18:50:07,7751.93,5,4,2
1725,2023-06-09 21:49:33,13324.08,5,24,2
1726,2024-11-12 06:44:37,9781.63,3,12,2
1727,2023-06-15 06:42:21,8706.42,4,13,2
1728,2023-07-07 11:38:27,3884.47,5,9,2
1729,2024-10-10 21:41:10,10484.81,2,21,4
1730,2024-05-20 04:07:03,6216.00,2,11,2
1731,2024-01-06 20:50:47,16189.22,1,10,2
1732,2025-04-08 03:12:06,15325.53,1,5,2
1733,2023-07-29 07:34:11,5954.73,1,5,3
1734,2023-07-31 13:43:48,7070.19,2,1,2
1735,2024-01-20 09:09:21,7870.31,4,3,2
1736,2024-09-17 03:39:06,3151.03,1,15,7
1737,2023-12-10 12:55:37,13515.33,2,11,2
1738,2025-03-11 02:53:29,8548.52,4,18,2
1739,2025-03-18 01:49:45,8258.05,3,22,3
1740,2023-06-20 08:23:55,11610.14,4,3,2
1741,2023-09-17 03:24:43,5434.20,1,15,2
1742,2023-08-09 12:10:51,4783.83,5,19,3
1743,2025-03-18 18:53:28,7696.04,4,8,2
1744,2024-06-27 10:10:14,7081.54,3,22,4
1745,2023-10-22 07:04:17,3811.66,3,2,2
1746,2024-09-08 19:28:20,853.84,5,19,3
1747,2023-09-10 12:14:49,10994.15,1,25,2
1748,2023-07-31 11:45:24,2568.12,3,2,2
1749,2025-05-05 19:05:44,5439.92,4,3,4
1750,2024-04-09 07:03:31,7385.70,1,5,2
1751,2025-02-19 01:24:54,8291.53,5,14,2
1752,2023-06-09 13:55:29,18196.39,4,8,2
1753,2023-06-13 08:27:27,2493.78,5,24,4
1754,2023-08-31 19:14:46,13533.44,2,21,4
1755,2023-06-03 14:12:36,11729.27,5,14,5
1756,2023-10-14 15:26:50,11241.28,2,1,2
1757,2024-03-20 02:14:48,2232.31,4,13,2
1758,2024-08-13 23:53:50,3329.61,3,7,2
1759,2025-04-16 21:28:06,10319.09,3,7,2
1760,2024-09-15 13:41:22,10632.57,5,9,2
1761,2024-03-04 01:37:38,10424.34,1,20,445
1762,2023-08-01 11:03:15,6385.36,1,5,2
1763,2025-03-17 12:05:58,14792.04,1,15,2
1764,2024-08-25 00:48:44,9163.25,3,22,2
1765,2024-01-07 15:03:02,6849.66,3,17,3
1766,2023-10-28 02:53:53,11482.91,1,25,3
1767,2023-11-16 07:16:41,6639.59,5,4,2
1768,2024-11-21 02:47:17,14043.45,4,8,3
1769,2024-06-26 22:33:40,11933.15,3,2,2
1770,2025-05-07 05:49:46,12279.25,4,18,2
1771,2025-01-31 07:19:44,18068.89,3,22,2
1772,2024-05-25 08:56:50,11100.67,2,21,2
1773,2024-12-15 05:55:45,9797.47,4,23,3
1774,2024-05-10 18:02:52,457.14,2,6,2
1775,2023-10-06 06:27:39,2964.00,2,16,3
1776,2025-02-25 18:47:15,9858.26,3,17,2
1777,2023-12-17 07:42:03,11987.15,5,19,2
1778,2025-04-13 15:48:52,8021.21,3,7,2
1779,2025-05-09 13:49:44,216.56,2,16,2
1780,2023-06-17 13:15:56,9167.41,3,22,5
1781,2024-08-13 14:43:26,9307.93,2,1,6
1782,2023-09-21 09:09:14,12393.43,3,22,2
1783,2024-10-10 14:12:49,17103.73,1,15,2
1784,2024-09-18 05:33:10,531.47,5,14,2
1785,2024-06-18 18:17:16,5857.00,5,19,35
1786,2023-05-30 22:41:34,3013.92,1,25,4
1787,2025-01-15 05:25:23,8000.30,3,7,2
1788,2023-09-19 14:06:04,9158.40,3,12,4
1789,2024-06-17 16:42:53,5412.76,5,24,2
1790,2024-03-24 02:49:19,8800.70,2,21,2
1791,2023-09-25 14:09:46,8836.15,5,4,2
1792,2024-05-30 16:45:58,10415.59,4,13,2
1793,2024-03-25 05:05:13,6968.48,4,3,2
1794,2024-05-24 17:47:42,15138.37,3,7,2
1795,2024-10-16 12:23:52,5863.02,5,14,2
1796,2023-05-30 17:09:58,8049.85,3,2,3
1797,2024-06-27 21:29:45,15291.94,4,18,5
1798,2024-08-23 19:27:37,8503.45,2,1,5
1799,2023-11-01 07:28:32,23663.65,2,6,2
1800,2024-07-07 23:27:44,6876.06,2,21,3
1801,2024-04-01 05:00:01,11829.38,2,1,2
1802,2023-09-23 12:25:18,10113.56,2,6,3
1803,2024-04-06 09:07:17,6976.85,2,21,2
1804,2024-08-07 12:34:00,15488.83,5,9,5
1805,2023-10-20 20:14:57,3875.04,2,1,2
1806,2024-09-14 22:28:53,5162.32,2,6,2
1807,2024-03-14 22:59:21,13152.36,1,5,2
1808,2024-05-25 04:01:50,6451.44,4,8,2
1809,2023-12-19 18:49:55,17023.92,4,3,2
1810,2024-01-10 18:15:32,2403.15,2,6,3
1811,2023-08-21 08:04:02,9037.64,2,16,2
1812,2024-05-27 04:37:54,13895.80,4,3,2
1813,2023-08-08 17:45:09,12508.01,5,24,2
1814,2024-01-16 23:03:26,1407.82,3,12,3
1815,2023-12-17 16:20:20,11103.09,3,17,9
1816,2024-03-05 04:08:18,5457.72,2,16,25
1817,2023-10-04 08:08:41,9508.49,2,21,2
1818,2024-12-19 06:21:48,3459.94,3,7,2
1819,2024-01-27 13:13:31,457.50,5,24,3
1820,2025-01-18 15:07:43,13947.99,2,16,2
1821,2023-11-03 21:09:40,12600.87,4,3,2
1822,2024-12-29 10:33:44,13990.10,2,16,2
1823,2023-05-31 14:47:16,9517.80,5,14,2
1824,2023-06-17 20:07:36,6689.56,3,2,20
1825,2023-11-03 02:26:00,11424.51,1,20,2
1826,2025-04-29 18:27:24,1359.51,5,14,2
1827,2024-06-20 15:23:43,13180.87,5,19,4
1828,2023-10-28 17:21:58,11993.89,3,7,2
1829,2023-12-12 18:46:38,2955.70,5,19,2
1830,2024-04-03 05:32:44,4771.50,4,8,2
1831,2025-05-15 01:50:26,9035.42,1,20,2
1832,2025-05-14 17:34:01,2554.32,2,16,3
1833,2025-04-08 06:55:30,13240.44,2,6,2
1834,2024-11-30 15:48:21,7344.33,5,24,2
1835,2023-08-18 17:37:43,12922.06,3,12,2
1836,2024-08-01 01:27:46,6135.77,5,14,4
1837,2024-04-08 18:50:14,1609.60,4,23,2
1838,2024-10-01 19:06:48,1929.30,3,7,2
1839,2025-03-23 20:29:14,11774.53,1,5,2
1840,2023-08-19 21:16:20,14618.27,4,3,134
1841,2024-08-31 12:42:32,7857.83,4,23,2
1842,2024-12-27 07:15:10,11158.15,1,5,2
1843,2025-05-19 20:02:59,12278.08,5,4,2
1844,2023-10-21 03:56:55,9461.44,3,12,2
1845,2025-04-21 01:02:04,5275.14,1,5,2
1846,2023-09-26 01:36:30,9686.22,3,7,8
1847,2024-05-07 13:45:30,4550.24,4,3,4
1848,2023-11-27 04:29:00,4411.42,4,13,2
1849,2023-11-11 16:04:55,14246.88,4,13,2
1850,2025-04-01 01:43:43,10222.51,5,19,288
1851,2024-09-03 09:19:22,9903.15,5,24,4
1852,2024-07-03 08:10:27,5700.66,4,8,2
1853,2024-04-10 20:33:54,14409.44,4,3,2
1854,2024-01-27 00:43:13,8154.58,5,19,4
1855,2023-12-06 21:56:44,1530.42,5,9,2
1856,2025-04-17 07:58:34,8438.85,5,9,3
1857,2024-12-22 11:06:46,618.03,2,21,2
1858,2023-06-14 18:46:07,8844.83,1,5,3
1859,2025-01-27 11:34:57,1117.60,3,7,2
1860,2023-07-16 22:15:35,5415.65,2,11,2
1861,2024-06-11 00:37:56,10329.10,3,7,5
1862,2023-07-05 04:40:04,8841.38,5,9,2
1863,2025-02-02 16:31:48,10060.70,1,25,4
1864,2023-09-02 07:13:33,17368.62,1,5,2
1865,2024-12-31 12:28:15,4881.15,3,2,2
1866,2024-05-31 12:08:55,5861.00,5,14,3
1867,2023-07-28 22:09:26,2193.24,5,9,2
1868,2025-02-28 06:19:20,16864.24,5,24,2
1869,2023-05-23 01:35:32,6981.80,3,17,4
1870,2023-07-21 04:46:31,13048.51,5,4,2
1871,2024-03-15 21:27:18,878.62,2,11,2
1872,2024-07-29 16:17:37,1195.95,3,22,3
1873,2024-07-19 00:14:53,7796.33,1,5,2
1874,2024-10-06 05:43:47,667.62,4,18,6
1875,2023-05-31 18:47:41,77.79,5,9,3
1876,2024-01-25 17:20:45,11571.26,3,2,2
1877,2023-11-24 06:50:45,20473.07,5,14,2
1878,2024-11-15 00:12:19,6431.11,3,2,3
1879,2024-09-03 20:10:45,11007.95,4,13,2
1880,2024-07-29 17:07:41,7553.03,4,3,2
1881,2024-02-07 10:10:46,9483.03,5,14,2
1882,2024-01-21 12:47:56,11108.25,2,21,2
1883,2024-12-26 02:20:32,12468.34,1,15,2
1884,2025-03-30 21:47:28,6775.48,4,8,2
1885,2023-06-02 13:41:53,1540.86,2,16,15
1886,2023-08-31 18:31:35,11765.74,3,17,2
1887,2023-08-31 09:41:14,8908.24,5,4,2
1888,2024-09-30 09:35:08,8721.28,1,10,3
1889,2024-03-02 19:11:19,18541.01,2,1,4
1890,2024-01-25 19:00:55,21082.87,3,22,9
1891,2025-04-10 10:06:34,9105.77,3,12,2
1892,2024-03-13 01:35:29,13431.83,1,10,2
1893,2023-06-04 10:55:19,5709.52,2,6,2
1894,2024-04-15 16:16:56,6137.13,4,3,3
1895,2023-07-20 07:05:42,15091.47,2,6,2
1896,2024-08-09 19:20:00,17964.30,1,25,5
1897,2024-09-21 03:52:44,11601.54,5,19,2
1898,2023-11-28 19:12:45,10479.43,1,5,16
1899,2023-06-23 00:07:40,5363.50,2,21,2
1900,2024-03-10 02:18:17,5729.95,5,24,3
1901,2025-05-16 17:21:02,12234.25,2,6,3
1902,2025-01-03 04:46:41,7277.58,2,21,2
1903,2025-04-12 20:41:55,11171.49,5,4,4
1904,2023-10-26 16:41:49,4636.97,5,9,2
1905,2023-11-29 23:04:02,4891.64,2,6,2
1906,2024-05-06 01:25:44,6266.78,4,18,12
1907,2025-05-13 05:58:54,384.71,3,17,7
1908,2023-10-31 01:00:41,853.84,5,14,23
1909,2025-01-31 11:47:27,14824.38,1,15,2
1910,2025-01-19 00:14:19,4956.08,3,22,2
1911,2025-05-11 05:57:38,6561.15,1,20,2
1912,2024-10-18 11:16:49,6759.47,3,17,2
1913,2024-10-05 12:30:46,4466.85,5,9,2
1914,2024-10-31 16:46:07,15005.93,4,23,2
1915,2025-01-14 00:29:33,6141.22,4,13,3
1916,2023-08-09 07:52:26,10750.62,2,21,2
1917,2023-09-06 18:38:20,10467.92,2,21,2
1918,2023-10-29 06:01:39,18608.69,4,23,2
1919,2024-01-15 15:16:18,26367.41,4,23,19
1920,2025-03-19 11:46:17,4419.64,4,8,8
1921,2023-07-26 23:47:48,4493.88,4,18,4
1922,2024-12-11 21:56:56,10645.53,4,23,8
1923,2024-05-22 06:17:13,641.23,4,13,2
1924,2024-03-18 03:17:39,8617.54,5,19,2
1925,2023-12-07 08:08:36,4433.65,3,2,2
1926,2024-08-22 06:41:35,12774.52,5,19,7
1927,2025-03-02 17:26:30,12.15,3,17,2
1928,2024-05-08 13:44:00,2620.64,1,10,3
1929,2024-07-15 20:43:09,5538.55,5,24,2
1930,2023-06-01 09:51:30,7126.30,5,19,2
1931,2025-03-27 04:48:54,1616.83,5,19,2
1932,2023-11-01 21:55:43,16349.63,3,17,4
1933,2023-12-04 02:58:58,16389.16,1,15,2
1934,2025-01-04 09:52:33,8440.93,2,11,2
1935,2024-02-28 14:52:21,4994.64,5,14,4
1936,2025-04-20 13:10:28,15539.28,4,13,2
1937,2023-11-29 01:24:00,9168.03,2,6,18
1938,2025-05-12 20:53:05,587.11,5,9,5
1939,2024-03-30 21:45:49,8798.78,2,21,2
1940,2024-05-21 01:55:44,7302.79,5,24,2
1941,2024-08-02 09:26:14,12660.22,3,17,2
1942,2023-11-16 02:12:33,366.00,4,23,2
1943,2024-01-23 17:20:53,11669.08,3,22,3
1944,2024-08-25 20:48:58,22932.22,5,4,2
1945,2024-08-16 07:12:02,19065.53,3,12,2
1946,2025-03-21 22:45:43,12080.21,2,1,3
1947,2023-09-20 03:33:41,15585.21,5,24,2
1948,2024-08-20 06:22:27,16686.99,2,6,5
1949,2023-11-27 10:35:08,10718.13,3,2,2
1950,2024-04-30 12:18:31,6142.26,2,1,2
1951,2024-09-24 23:40:32,10983.43,1,15,3
1952,2024-01-19 16:48:31,13461.41,3,22,2
1953,2023-08-19 09:57:38,14903.19,3,17,2
1954,2024-06-23 23:25:13,9673.67,3,12,2
1955,2025-05-20 06:43:20,11421.03,2,21,2
1956,2024-05-08 20:38:39,3555.45,2,21,4
1957,2024-07-30 14:57:34,9505.50,2,1,2
1958,2024-10-03 01:40:57,7984.88,2,6,2
1959,2024-09-20 20:56:08,4904.26,3,22,3
1960,2025-01-29 06:27:08,5449.56,4,18,2
1961,2025-05-07 19:27:40,16977.60,4,13,4
1962,2025-03-03 17:17:51,11440.66,3,17,2
1963,2024-07-12 08:02:06,6045.74,4,13,2
1964,2024-12-06 21:47:19,6198.84,5,19,2
1965,2024-05-14 01:03:02,7177.90,1,25,2
1966,2023-09-03 19:13:15,16507.03,2,11,2
1967,2024-02-01 07:08:16,7042.74,2,11,4
1968,2023-07-10 16:11:58,11348.15,4,13,2
1969,2023-07-13 15:21:30,8741.70,5,24,2
1970,2024-03-09 18:14:01,6309.93,3,2,2
1971,2023-07-11 08:34:51,9161.86,2,11,5
1972,2024-08-09 19:12:37,7830.15,1,15,8
1973,2023-08-03 01:49:26,16611.02,1,15,4
1974,2024-04-17 01:11:33,2979.38,1,25,2
1975,2024-12-04 15:18:44,3981.73,5,19,2
1976,2023-12-03 07:31:07,15060.35,2,16,2
1977,2024-01-26 14:47:20,7866.91,4,13,2
1978,2024-10-10 04:31:40,6429.26,1,10,2
1979,2023-10-13 10:48:00,6091.55,2,1,2
1980,2025-05-03 02:23:19,7911.88,2,6,3
1981,2024-01-22 16:43:01,10283.23,1,15,2
1982,2023-08-30 23:36:28,3935.55,2,6,2
1983,2023-09-08 14:46:19,18584.72,1,5,2
1984,2025-01-30 17:49:55,4365.63,2,6,2
1985,2023-11-07 05:18:46,14251.09,3,7,2
1986,2024-02-23 23:40:41,18342.59,2,16,2
1987,2025-03-01 10:31:49,4308.38,1,15,2
1988,2023-12-16 18:46:04,6716.96,4,18,2
1989,2025-05-03 13:45:32,7548.68,4,18,12
1990,2024-01-02 02:50:32,11245.65,4,13,6
1991,2024-12-23 22:34:07,6767.42,2,6,2
1992,2024-05-25 19:18:22,16102.43,1,10,2
1993,2024-12-24 19:55:02,22185.02,4,8,2
1994,2024-10-27 08:44:38,5882.80,5,4,2
1995,2023-07-30 15:36:23,324.74,1,10,9
1996,2024-05-25 03:41:54,1366.60,2,16,2
1997,2025-01-13 23:20:12,7019.45,1,5,2
1998,2024-08-10 17:10:06,4323.02,2,1,3
1999,2025-01-20 04:07:34,3220.84,4,18,4
2000,2024-03-19 20:02:12,13991.96,3,12,2
2001,2023-12-12 16:57:51,2995.08,5,4,3
2002,2024-12-01 03:46:24,12110.27,3,22,3
2003,2024-03-20 15:13:07,12122.90,1,10,2
2004,2025-01-03 09:52:17,4154.08,1,10,2
2005,2024-07-10 08:46:16,4594.50,1,15,2
2006,2025-01-31 03:48:43,1689.68,3,2,2
2007,2024-06-09 09:48:52,1267.26,5,9,20
2008,2025-04-27 19:34:36,5250.14,5,4,5
2009,2024-10-12 07:53:04,667.62,5,4,54
2010,2024-10-13 15:39:23,4654.68,2,1,5
2011,2025-05-03 11:04:45,2574.18,5,4,3
2012,2024-01-04 18:51:56,10714.66,2,1,2
2013,2023-07-08 12:52:21,8076.21,2,11,2
2014,2025-03-03 09:01:35,4753.28,5,4,2
2015,2025-01-26 04:00:31,3793.93,4,3,2
2016,2025-04-25 21:01:12,3008.25,4,3,2
2017,2023-08-23 14:37:43,13607.77,2,21,2
2018,2024-01-06 19:04:17,10768.82,4,8,2
2019,2025-04-03 04:03:54,8728.23,1,5,3
2020,2024-03-19 18:50:13,13096.68,1,20,2
2021,2024-08-18 09:52:44,18743.83,5,24,2
2022,2024-02-17 04:43:52,12325.57,4,8,6
2023,2023-09-03 12:18:53,5874.66,3,17,2
2024,2023-05-26 22:57:08,11672.80,4,23,2
2025,2023-07-07 19:44:12,11168.10,3,2,2
2026,2024-07-24 22:01:07,1858.24,2,6,2
2027,2024-05-22 20:52:04,11243.12,3,7,3
2028,2025-04-13 05:03:57,7057.21,1,5,2
2029,2025-05-12 12:34:01,16464.69,2,6,2
2030,2023-08-30 03:06:59,1842.82,5,4,2
2031,2024-01-01 11:05:15,7250.11,3,7,2
2032,2024-07-27 14:26:34,3640.16,4,18,2
2033,2023-11-12 10:06:14,4671.77,1,20,14
2034,2024-08-19 12:35:54,7045.71,1,10,30
2035,2023-12-03 15:10:06,20198.22,2,16,4
2036,2024-04-20 22:23:26,4247.95,5,4,9
2037,2024-03-19 18:18:03,6801.84,3,17,3
2038,2024-04-11 20:49:57,7267.20,5,4,2
2039,2024-05-28 23:32:28,14342.69,4,23,2
2040,2023-11-04 02:59:58,541.54,3,22,5
2041,2023-12-21 17:59:25,5758.27,1,20,2
2042,2025-03-31 03:52:01,5268.09,4,23,2
2043,2024-05-13 03:43:42,804.80,3,22,2
2044,2025-02-28 20:40:58,11181.08,4,23,27
2045,2024-01-04 02:48:28,10081.21,3,7,2
2046,2023-06-27 19:10:56,9736.09,3,2,2
2047,2023-08-01 09:45:41,4450.18,4,8,7
2048,2023-09-07 20:03:49,8252.22,2,1,3
2049,2023-10-06 18:36:36,14394.41,4,18,2
2050,2023-10-13 15:39:13,7314.33,2,1,2
2051,2024-06-04 10:19:09,641.23,1,25,2
2052,2024-10-05 20:41:32,16923.99,1,10,2
2053,2024-09-16 20:22:43,670.56,2,6,2
2054,2024-12-07 15:26:52,9107.24,2,6,3
2055,2023-12-30 06:14:47,4711.63,3,17,2
2056,2024-10-30 08:51:18,5151.84,5,4,2
2057,2024-04-13 18:47:32,797.30,4,13,24
2058,2024-10-15 17:32:43,1862.79,4,18,2
2059,2024-07-26 03:06:05,10910.66,1,15,3
2060,2023-06-10 16:08:44,12824.40,4,18,2
2061,2025-03-27 23:25:18,9432.47,2,16,2
2062,2025-05-21 07:28:39,7489.39,2,16,2
2063,2024-04-26 16:51:53,13543.21,3,22,45
2064,2025-04-07 08:50:31,13424.21,3,7,3
2065,2023-07-11 09:50:40,2684.60,2,16,4
2066,2025-03-01 02:46:02,12624.48,3,17,2
2067,2023-09-24 01:49:13,17598.92,2,11,2
2068,2025-03-20 00:13:41,314.16,1,10,2
2069,2024-12-26 01:56:49,7922.67,4,18,6
2070,2024-08-12 00:37:12,17699.30,1,15,2
2071,2024-12-04 14:26:03,4621.83,5,19,7
2072,2023-06-10 19:37:50,19654.38,2,6,8
2073,2024-03-28 20:17:17,9003.51,4,3,2
2074,2023-06-13 00:33:30,8557.05,1,25,2
2075,2025-03-12 12:39:22,10087.28,4,23,3
2076,2024-09-05 03:38:58,13915.75,3,17,2
2077,2025-02-21 16:41:39,4351.60,1,5,2
2078,2024-05-26 02:14:52,610.93,3,22,4
2079,2023-11-07 08:16:22,8037.64,5,24,15
2080,2023-10-18 07:14:01,10112.33,5,4,2
2081,2023-10-23 01:55:50,1125.92,1,25,4
2082,2024-06-27 00:53:43,3518.83,3,17,2
2083,2025-04-12 04:16:50,11826.18,4,3,3
2084,2025-05-12 16:14:50,17249.87,4,18,2
2085,2024-12-01 18:54:28,10812.38,3,2,5
2086,2024-04-28 13:11:30,11899.93,2,21,2
2087,2024-10-16 05:11:27,17907.49,2,1,3
2088,2025-03-27 23:27:49,5862.10,2,1,2
2089,2024-05-29 01:01:04,10819.92,4,18,2
2090,2023-05-26 10:21:38,7167.12,5,19,2
2091,2024-07-27 12:34:23,16340.90,2,16,2
2092,2023-05-23 20:26:38,384.71,5,4,2
2093,2023-09-13 17:35:40,3065.90,1,5,2
2094,2024-06-05 17:00:27,14578.74,2,1,3
2095,2024-09-24 00:46:08,9738.30,4,3,3
2096,2024-12-04 21:42:06,3668.54,4,23,4
2097,2023-09-18 07:48:26,6986.40,2,11,2
2098,2024-09-18 18:52:07,4624.75,2,6,13
2099,2024-11-19 08:42:25,751.17,1,20,3
2100,2024-05-28 11:03:13,670.63,2,16,2
2101,2024-02-06 20:55:43,1468.31,4,23,3
2102,2023-06-26 01:32:21,2884.88,1,20,2
2103,2024-03-29 17:15:12,16942.09,3,22,2
2104,2023-08-14 17:28:51,14405.40,3,22,7
2105,2025-04-02 20:56:28,19139.25,2,1,2
2106,2025-04-22 07:49:11,2162.72,2,16,5
2107,2024-07-20 04:07:22,1688.09,4,3,3
2108,2024-01-26 06:19:35,1625.04,1,25,2
2109,2023-12-26 07:54:45,12850.13,2,6,7
2110,2025-02-11 13:29:14,604.01,1,5,2
2111,2024-08-22 17:57:41,18039.06,1,25,7
2112,2025-04-06 02:57:03,15196.31,5,9,2
2113,2025-01-24 17:35:46,6612.71,1,10,2
2114,2025-03-15 13:59:43,8884.12,5,14,3
2115,2025-03-22 13:10:45,20956.90,5,19,2
2116,2024-05-25 10:54:46,516.59,4,13,2
2117,2024-04-01 23:44:23,19118.79,4,18,3
2118,2025-04-25 18:02:04,1794.74,3,2,2
2119,2024-05-14 04:58:31,19943.69,4,8,2
2120,2024-10-29 01:08:55,2045.64,5,24,5
2121,2024-08-16 02:31:37,14206.48,5,9,2
2122,2024-01-28 15:51:48,8476.56,5,19,2
2123,2025-01-12 13:37:02,8604.48,4,3,3
2124,2024-07-09 21:32:39,4095.25,4,3,2
2125,2023-07-05 13:27:10,129.65,3,2,3
2126,2023-10-12 15:13:01,8978.87,3,12,2
2127,2024-09-26 03:32:04,13227.99,1,5,28
2128,2024-09-03 16:56:56,15147.56,2,1,3
2129,2023-11-24 19:20:49,1362.69,4,13,3
2130,2024-06-10 08:04:43,13076.36,1,15,2
2131,2025-04-23 13:12:21,13049.98,4,8,3
2132,2024-10-18 16:52:40,19754.27,4,13,2
2133,2025-02-25 13:54:19,12688.10,3,22,4
2134,2024-01-03 19:33:25,13758.01,2,6,2
2135,2024-02-23 12:54:00,6445.60,1,15,2
2136,2023-07-01 17:15:20,12307.02,4,8,3
2137,2025-04-26 11:26:04,8987.92,2,21,2
2138,2023-09-06 23:02:58,4794.80,3,22,2
2139,2023-08-04 04:15:45,8374.32,3,7,2
2140,2023-07-23 02:30:11,2473.32,1,5,2
2141,2025-03-27 22:09:52,9148.64,2,16,2
2142,2024-02-29 07:42:33,6881.47,4,8,2
2143,2024-05-27 05:08:51,12067.36,3,12,2
2144,2025-03-09 11:41:23,14914.87,1,20,9
2145,2023-10-04 23:51:49,20926.64,4,3,2
2146,2023-11-25 19:13:30,16447.85,1,10,2
2147,2023-10-04 13:29:26,7807.38,2,11,4
2148,2024-10-14 18:00:22,2193.24,3,7,17
2149,2024-09-06 02:20:17,3881.68,2,16,2
2150,2023-09-02 22:15:05,9083.38,4,13,2
2151,2024-12-24 08:48:29,7579.52,3,12,4
2152,2024-03-07 08:07:47,1990.34,2,1,2
2153,2024-10-20 02:39:50,9070.06,5,19,2
2154,2025-04-28 14:04:25,7524.33,4,8,3
2155,2024-12-20 14:26:26,14010.15,1,25,43
2156,2025-01-16 07:13:58,294.32,4,3,6
2157,2024-08-03 18:07:38,6418.67,5,19,8
2158,2023-05-31 00:58:49,5386.70,2,1,20
2159,2024-06-09 23:40:24,1149.69,5,24,2
2160,2024-09-29 12:16:20,5874.84,3,2,2
2161,2023-06-28 16:26:51,11326.32,2,1,2
2162,2024-09-19 18:55:47,2471.35,1,25,2
2163,2023-07-20 15:44:18,3611.95,2,21,2
2164,2023-11-28 06:36:21,10924.94,2,11,2
2165,2023-10-05 00:06:07,6530.21,1,25,2
2166,2023-11-11 15:17:39,8972.78,4,3,2
2167,2024-08-31 05:08:52,7837.98,1,20,3
2168,2025-05-01 09:36:25,2862.59,1,20,4
2169,2024-03-01 15:31:13,18018.55,1,25,3
2170,2024-09-04 07:29:08,15023.20,4,8,4
2171,2023-11-25 19:34:27,10751.13,5,14,2
2172,2023-10-31 03:34:52,5928.88,4,3,48
2173,2023-11-07 20:55:00,2926.28,3,17,4
2174,2024-06-09 21:17:02,8953.90,4,8,2
2175,2024-11-04 10:22:17,4521.19,3,7,2
2176,2023-11-15 03:11:29,16510.21,1,25,4
2177,2024-08-25 17:12:54,1532.92,5,19,8
2178,2024-07-24 03:14:00,2034.96,5,9,2
2179,2024-07-16 10:15:34,10739.15,2,16,2
2180,2023-12-26 14:33:09,10304.50,1,5,2
2181,2023-10-02 07:20:48,2978.94,2,21,3
2182,2023-07-29 23:12:48,17037.43,5,4,36
2183,2024-08-16 18:28:03,14809.35,5,19,2
2184,2024-10-18 21:31:49,8227.40,1,5,8
2185,2024-08-28 05:17:08,12911.23,4,13,2
2186,2024-06-05 01:02:44,3157.72,5,24,2
2187,2025-03-15 12:03:30,16330.95,5,24,2
2188,2025-02-04 07:13:54,2965.94,2,16,2
2189,2025-03-21 17:52:59,3464.75,5,14,17
2190,2024-09-01 02:28:20,15756.53,3,12,85
2191,2023-09-18 22:53:48,7990.41,4,13,2
2192,2025-02-09 03:40:13,11283.00,3,2,2
2193,2024-08-08 20:34:07,9445.74,5,14,62
2194,2023-11-08 00:52:51,8945.26,1,25,2
2195,2023-06-27 20:08:20,11517.73,5,19,2
2196,2025-03-25 19:57:07,16360.97,2,1,2
2197,2024-05-22 10:10:09,9589.24,2,16,5
2198,2023-08-04 01:21:39,7689.47,5,24,2
2199,2024-01-17 15:37:25,12885.23,1,5,2
2200,2024-04-06 12:10:15,4713.65,3,2,5
2201,2024-10-14 14:15:54,8472.10,1,15,2
2202,2025-04-18 22:02:35,814.20,2,16,2
2203,2025-02-26 07:34:13,9527.16,2,11,2
2204,2024-01-25 05:39:17,20844.28,4,13,3
2205,2023-11-20 12:59:56,12139.80,2,21,2
2206,2023-12-26 19:49:50,1725.16,2,11,2
2207,2024-10-27 00:06:29,8411.77,2,21,2
2208,2023-11-17 16:51:21,7871.54,2,11,2
2209,2023-12-06 14:23:36,10225.90,1,25,2
2210,2023-06-08 04:10:45,5199.52,4,13,2
2211,2024-03-07 21:16:49,16469.08,5,14,2
2212,2023-12-09 20:55:09,18419.54,4,3,2
2213,2024-06-27 01:21:53,10846.56,4,18,2
2214,2024-09-16 12:28:56,4709.79,4,3,2
2215,2023-12-11 11:59:09,7395.60,4,3,12
2216,2024-04-15 01:41:13,13672.10,1,5,2
2217,2024-08-11 23:47:35,820.80,5,14,2
2218,2025-01-01 21:31:26,4782.65,1,15,2
2219,2024-05-23 07:47:57,3375.84,5,24,2
2220,2024-02-03 15:49:06,18183.51,1,10,3
2221,2025-03-20 13:20:07,8312.39,5,4,2
2222,2024-03-11 02:44:00,1053.53,5,14,7
2223,2025-01-01 14:30:03,9885.66,3,22,3
2224,2024-04-09 07:18:04,8782.29,2,1,3
2225,2023-12-09 12:32:38,13538.51,4,23,3
2226,2025-04-07 16:29:51,15084.76,2,1,5
2227,2024-06-21 16:39:16,13439.24,5,24,2
2228,2025-01-23 10:41:08,7228.82,3,2,2
2229,2023-12-14 22:32:18,8056.10,2,1,2
2230,2023-07-08 03:12:09,91.50,5,24,3
2231,2024-08-08 11:45:08,11536.95,3,2,6
2232,2024-03-01 20:36:43,6055.55,2,11,2
2233,2024-09-24 08:14:39,5670.28,1,5,2
2234,2024-12-28 05:35:34,4172.90,3,17,3
2235,2024-08-05 22:37:55,11895.50,5,19,2
2236,2023-07-21 10:04:40,17778.69,3,12,2
2237,2025-04-09 17:45:47,698.40,2,21,4
2238,2024-11-26 00:55:04,7412.43,2,11,2
2239,2024-12-10 00:05:35,3212.29,2,21,2
2240,2025-03-04 00:43:52,18798.09,4,8,2
2241,2024-07-24 13:36:47,6202.44,5,4,24
2242,2025-02-23 19:50:22,3312.17,2,1,2
2243,2025-01-20 05:52:30,8922.66,5,19,30
2244,2024-05-29 02:26:14,6607.36,3,2,2
2245,2024-02-23 00:02:44,3162.45,5,14,4
2246,2024-09-17 02:56:04,8611.25,5,24,4
2247,2025-02-09 05:58:50,8853.02,5,24,2
2248,2024-03-10 15:52:15,16689.79,4,13,2
2249,2023-12-10 06:16:01,5687.73,2,21,2
2250,2024-05-16 20:43:46,9122.95,2,1,2
2251,2024-02-28 12:25:52,2188.59,2,1,40
2252,2023-07-07 17:42:56,2125.88,3,12,2
2253,2024-07-09 20:33:28,360.92,1,5,61
2254,2024-02-27 01:22:23,10610.88,5,24,3
2255,2023-08-23 22:59:05,14285.60,5,9,4
2256,2024-11-08 22:56:13,3020.05,5,4,3
2257,2024-09-28 08:15:18,5385.00,2,6,2
2258,2024-11-06 14:52:14,11679.09,1,20,2
2259,2024-09-24 10:39:21,16430.77,3,17,2
2260,2023-06-15 16:39:52,3656.55,1,20,2
2261,2025-05-21 13:21:59,17537.23,1,10,2
2262,2023-10-04 18:19:16,471.24,2,11,2
2263,2025-03-11 00:55:20,6384.70,3,17,3
2264,2024-09-26 21:08:10,19918.68,5,24,2
2265,2024-06-21 02:05:35,8957.83,5,19,2
2266,2023-06-09 21:18:43,7646.09,1,5,4
2267,2025-04-23 00:45:58,20088.00,1,25,2
2268,2023-07-19 00:36:28,6225.29,5,4,6
2269,2023-11-24 22:09:07,2445.20,5,14,2
2270,2024-09-30 19:05:46,13962.27,1,25,2
2271,2025-02-13 18:58:07,11743.07,5,19,7
2272,2024-11-29 20:03:42,2508.80,5,4,4
2273,2024-03-08 02:51:15,16566.18,2,1,2
2274,2024-03-28 02:04:06,11608.66,3,12,2
2275,2024-11-04 00:42:05,9263.59,3,22,2
2276,2024-11-23 08:05:48,3999.71,4,13,5
2277,2024-03-17 15:18:21,14532.18,2,16,6
2278,2025-01-23 09:10:24,14022.95,3,2,2
2279,2025-05-18 12:28:22,14824.82,1,5,2
2280,2023-12-27 01:49:36,11831.48,5,9,2
2281,2024-09-22 02:46:31,11533.94,5,14,3
2282,2023-07-17 21:58:51,11746.08,3,7,2
2283,2023-09-19 19:15:42,13462.67,4,3,3
2284,2024-11-24 22:29:40,8150.48,5,14,3
2285,2023-11-29 23:54:39,12583.69,1,20,2
2286,2023-12-16 09:08:46,2657.35,3,17,2
2287,2024-09-07 10:05:44,13940.42,1,20,3
2288,2023-07-15 05:20:12,7368.73,2,21,2
2289,2025-05-04 18:17:21,20734.39,3,22,2
2290,2024-08-17 07:46:14,751.17,1,20,2
2291,2024-01-13 08:11:14,11392.10,5,14,2
2292,2023-08-10 02:35:43,10463.35,3,17,7
2293,2023-08-28 01:58:14,3828.06,1,5,3
2294,2024-05-10 07:05:45,17907.31,2,11,3
2295,2024-10-07 10:32:12,5519.40,4,13,3
2296,2024-05-20 04:33:55,9314.57,2,21,2
2297,2024-12-23 02:03:26,10943.49,5,14,3
2298,2024-12-19 01:36:36,232.90,3,17,2
2299,2024-05-18 04:29:22,10909.32,1,15,2
2300,2024-02-18 07:24:50,3432.58,3,22,3
2301,2023-10-18 07:49:03,2175.62,5,19,2
2302,2024-09-12 06:52:19,3826.07,1,5,3
2303,2024-05-14 07:14:37,16420.31,5,14,2
2304,2024-05-02 18:33:47,11120.79,4,8,2
2305,2023-07-06 21:20:17,1944.10,4,8,2
2306,2025-02-03 00:50:28,3604.15,3,2,2
2307,2025-04-29 10:05:13,14563.33,3,7,2
2308,2023-06-09 08:34:20,1722.96,2,1,2
2309,2025-02-05 22:41:43,13167.90,3,17,2
2310,2023-12-14 09:04:53,10211.36,1,10,15
2311,2023-07-26 03:55:53,17467.06,1,25,41
2312,2024-03-09 02:29:34,9059.99,3,12,3
2313,2025-05-07 15:30:51,19611.69,4,8,12
2314,2025-01-16 18:03:00,1935.52,3,17,2
2315,2023-06-13 16:07:03,15172.05,1,15,2
2316,2025-04-04 07:29:22,12289.95,4,13,2
2317,2024-12-18 03:13:24,3008.48,5,14,2
2318,2024-10-12 03:16:40,12018.59,4,3,2
2319,2024-06-15 03:23:20,4662.12,4,23,2
2320,2023-12-08 09:17:00,12106.66,5,19,2
2321,2024-12-01 17:03:42,2569.83,4,3,3
2322,2023-08-26 20:01:21,9163.12,5,4,2
2323,2023-12-24 08:43:29,6169.10,2,1,2
2324,2023-10-05 07:55:26,15986.52,1,20,2
2325,2024-11-03 01:39:31,2271.00,5,4,2
2326,2024-05-05 11:09:13,4674.42,2,11,2
2327,2024-03-11 02:54:22,3764.28,5,9,6
2328,2023-07-29 09:42:24,13876.13,5,14,2
2329,2023-08-08 15:30:22,1024.45,4,18,9
2330,2023-06-17 08:47:43,11025.83,3,17,3
2331,2024-01-27 03:24:10,13877.99,2,6,2
2332,2024-01-18 21:52:34,12598.09,3,22,2
2333,2024-02-05 21:44:24,12261.25,4,13,2
2334,2025-03-08 07:39:27,1605.85,1,25,3
2335,2025-03-09 10:16:53,6792.59,3,7,5
2336,2024-05-24 02:57:18,17119.34,4,13,2
2337,2023-11-02 04:19:48,14552.64,3,22,2
2338,2025-03-19 15:20:24,2393.72,3,17,2
2339,2024-12-05 00:13:38,4709.93,5,24,2
2340,2023-09-02 16:41:57,13817.95,4,23,3
2341,2024-06-12 00:47:46,1915.68,4,23,2
2342,2024-04-27 01:16:25,2014.31,2,11,3
2343,2023-10-03 21:36:22,7044.95,2,1,2
2344,2025-05-13 15:11:28,5532.01,2,11,2
2345,2024-03-27 18:40:03,2273.37,5,14,2
2346,2025-01-16 16:48:50,7575.97,2,21,6
2347,2023-12-06 03:19:53,10044.72,5,24,2
2348,2023-09-29 11:51:35,12269.76,3,12,7
2349,2024-02-05 15:58:03,12366.03,1,20,3
2350,2025-05-04 07:06:36,2580.47,4,3,24
2351,2024-03-29 16:28:16,19134.06,4,8,3
2352,2023-10-04 21:39:04,17908.97,5,4,4
2353,2023-05-26 11:40:57,1091.56,1,15,2
2354,2024-06-04 18:47:40,712.58,3,12,12
2355,2024-12-10 11:47:27,9984.02,1,5,2
2356,2025-04-01 04:51:27,578.33,4,13,2
2357,2024-02-23 03:13:07,21034.77,2,16,2
2358,2024-06-09 05:51:09,15995.12,2,6,4
2359,2023-07-20 14:59:56,9067.36,3,22,5
2360,2024-04-22 18:23:06,9473.09,4,23,2
2361,2024-11-20 14:44:54,10696.72,2,21,63
2362,2025-05-02 07:14:49,5498.52,3,2,2
2363,2023-07-26 16:29:15,3830.99,3,22,3
2364,2025-01-26 22:39:47,8371.73,3,7,12
2365,2023-07-23 22:14:44,7025.79,5,24,10
2366,2025-01-02 02:17:57,16036.34,4,18,2
2367,2025-03-26 10:13:49,12634.60,4,13,2
2368,2024-10-06 18:03:48,4174.17,1,15,4
2369,2024-12-03 00:19:14,6052.48,1,25,2
2370,2023-08-29 23:44:35,7557.83,3,7,2
2371,2023-07-03 04:56:55,6940.73,5,4,2
2372,2024-12-27 04:56:43,6824.62,4,8,5
2373,2024-04-14 01:57:02,661.45,5,4,2
2374,2024-07-01 05:15:19,17888.05,3,7,2
2375,2025-01-31 05:49:26,5685.69,1,15,2
2376,2024-03-30 18:34:28,467.92,3,2,6
2377,2023-09-11 06:21:53,327.54,5,24,3
2378,2024-11-19 04:03:27,8980.38,1,20,3
2379,2023-12-02 17:31:02,6917.02,3,12,2
2380,2024-08-30 00:24:33,10130.11,2,1,2
2381,2024-01-26 03:15:14,8229.25,2,21,2
2382,2024-11-11 23:28:47,11039.18,2,11,2
2383,2024-01-18 23:02:05,6618.05,1,10,12
2384,2024-07-14 10:43:24,3941.40,3,7,3
2385,2024-06-04 15:10:05,7351.53,1,15,2
2386,2024-03-23 11:05:20,4209.48,3,2,17
2387,2025-02-12 11:38:46,6441.08,3,2,2
2388,2023-07-20 12:57:21,2433.49,5,4,2
2389,2025-05-15 14:17:37,12538.27,1,25,3
2390,2023-11-30 02:21:25,2477.68,1,20,2
2391,2024-10-25 10:53:23,6050.70,5,14,2
2392,2024-01-22 04:41:50,9797.64,5,24,3
2393,2025-05-01 01:45:43,10396.18,5,4,6
2394,2024-07-13 20:03:31,1094.40,5,9,3
2395,2024-10-13 20:59:46,11807.11,1,20,3
2396,2023-07-30 19:31:48,12416.45,5,14,2
2397,2024-05-28 18:21:53,2971.36,2,21,2
2398,2023-09-21 05:35:12,1169.80,4,8,540
2399,2023-08-18 04:40:30,5131.74,3,17,2
2400,2023-12-28 14:14:34,15380.99,1,20,2
2401,2024-10-02 07:13:57,10507.54,3,12,29
2402,2024-08-03 07:17:21,11669.97,1,20,2
2403,2024-02-22 05:04:02,8045.49,4,3,2
2404,2024-08-22 03:45:49,1817.13,2,1,2
2405,2024-07-07 02:02:47,6779.07,3,17,2
2406,2024-03-12 00:16:33,6697.66,4,23,3
2407,2025-02-16 09:49:40,15802.68,3,12,2
2408,2025-03-07 17:22:24,11632.98,2,21,6
2409,2023-12-02 04:40:30,678.32,5,9,2
2410,2024-08-15 16:53:18,4838.13,1,15,2
2411,2024-11-10 05:08:23,12689.16,3,2,15
2412,2025-02-01 04:08:08,1697.95,4,8,7
2413,2023-05-26 05:52:32,3839.31,2,6,2
2414,2024-05-07 18:34:53,9578.72,1,10,3
2415,2025-04-07 12:08:32,3539.98,1,15,2
2416,2024-11-24 04:36:32,2620.62,5,4,265
2417,2024-01-06 06:55:59,10925.49,3,17,6
2418,2023-09-24 07:56:01,4740.21,3,22,5
2419,2023-11-28 18:23:13,7770.86,4,8,9
2420,2025-01-04 01:03:42,14997.56,2,21,3
2421,2024-12-12 19:59:52,9132.26,3,17,2
2422,2024-06-26 12:45:39,10334.60,1,5,2
2423,2023-06-21 22:40:07,9798.93,5,14,8
2424,2023-06-08 22:01:34,4219.26,2,1,2
2425,2024-10-17 17:14:49,5641.61,4,23,2
2426,2024-09-14 04:46:14,14118.29,5,24,2
2427,2023-06-05 03:26:14,7637.05,2,6,2
2428,2024-11-05 09:37:21,4212.30,1,5,2
2429,2024-04-02 09:15:11,12031.17,3,12,2
2430,2024-03-28 16:38:48,10256.02,4,23,2
2431,2024-06-27 09:11:18,1746.14,1,20,2
2432,2024-04-01 19:06:24,3445.92,1,5,4
2433,2023-05-26 01:14:11,9231.65,1,20,4
2434,2024-04-30 13:59:49,10178.94,1,25,6
2435,2024-04-15 10:56:38,9671.55,4,13,2
2436,2024-03-08 12:20:33,16855.34,2,6,2
2437,2023-11-05 13:29:41,20321.63,4,3,2
2438,2025-03-19 06:58:21,20319.39,3,7,2
2439,2024-04-21 07:37:50,6417.08,1,15,2
2440,2023-09-05 19:50:14,12256.52,3,2,2
2441,2024-11-12 00:22:58,844.44,5,19,6
2442,2024-10-18 16:09:46,10193.84,3,12,4
2443,2024-01-28 05:23:23,876.99,2,21,2
2444,2024-09-16 10:51:03,641.23,2,16,2
2445,2024-10-21 22:13:26,1773.96,1,5,12
2446,2024-04-16 10:24:03,4540.02,1,20,3
2447,2023-12-09 08:02:01,14613.67,3,22,2
2448,2025-01-05 13:00:45,13735.04,5,19,2
2449,2024-01-24 05:29:36,9753.90,4,3,2
2450,2023-09-20 19:29:17,12063.56,2,16,2
2451,2024-01-24 02:46:33,5073.64,5,24,2
2452,2023-06-03 14:41:53,3634.15,2,6,4
2453,2023-09-08 16:08:54,18135.63,5,9,3
2454,2025-05-19 05:34:09,2753.82,2,11,2
2455,2024-11-04 02:50:47,11876.88,5,14,2
2456,2025-03-30 09:16:29,9388.64,1,5,2
2457,2024-06-14 02:45:01,11288.72,4,3,2
2458,2025-05-13 15:08:39,2720.81,5,4,2
2459,2024-03-21 01:21:39,7743.74,2,16,2
2460,2023-11-07 01:19:10,18674.66,2,6,2
2461,2024-06-06 08:46:44,8742.28,4,8,4
2462,2023-07-19 01:57:40,11067.99,1,20,2
2463,2024-03-23 05:01:23,1261.49,4,18,2
2464,2024-01-04 13:00:15,6264.80,2,6,2
2465,2024-12-20 04:40:30,21726.39,5,9,30
2466,2024-02-21 07:02:31,9244.42,3,22,2
2467,2024-07-19 03:14:54,5177.54,4,13,2
2468,2024-09-10 04:29:25,8194.90,4,8,5
2469,2023-08-20 04:27:51,10985.27,5,14,2
2470,2023-06-21 17:42:32,4045.61,2,21,2
2471,2024-05-11 21:10:14,20931.41,3,7,2
2472,2023-05-30 04:25:39,1833.27,2,6,2
2473,2023-12-25 06:39:00,402.40,3,2,2
2474,2024-04-25 13:39:18,16580.67,4,13,11
2475,2025-02-25 18:50:53,1758.66,2,21,5
2476,2024-01-07 16:35:09,7282.04,1,5,2
2477,2024-02-03 05:42:39,11428.44,2,11,2
2478,2024-10-07 06:08:05,4005.53,4,13,3
2479,2025-05-20 21:24:28,20053.94,3,7,3
2480,2024-03-30 03:19:27,3291.55,1,10,26
2481,2023-06-06 12:14:21,9180.12,2,1,2
2482,2023-07-14 08:33:24,6172.23,3,7,2
2483,2024-08-28 03:02:27,11197.62,2,1,2
2484,2024-11-01 15:39:56,18083.70,2,16,2
2485,2024-07-08 03:13:46,516.59,5,19,2
2486,2025-04-04 02:43:57,8508.38,3,7,3
2487,2024-08-27 05:42:16,1944.06,4,3,2
2488,2023-12-20 11:56:21,4288.60,4,18,3
2489,2025-04-11 19:47:49,15704.61,5,24,3
2490,2024-11-13 13:06:24,6841.97,4,3,48
2491,2024-06-24 17:47:55,18088.16,3,22,2
2492,2024-08-21 05:39:34,16418.58,3,22,2
2493,2023-09-05 04:44:31,6383.94,4,13,3
2494,2025-05-19 13:01:55,12112.32,3,7,2
2495,2024-04-20 08:44:34,12138.07,3,22,7
2496,2024-07-04 17:58:00,6384.17,3,7,2
2497,2024-03-19 07:31:46,15059.07,1,10,8
2498,2023-09-15 10:19:57,11976.12,2,6,4
2499,2025-05-14 02:48:05,3109.09,4,13,3
2500,2024-05-06 21:44:53,12107.57,2,11,5
2501,2024-02-14 17:14:07,2508.98,4,3,3
2502,2023-07-19 04:48:11,7924.17,2,16,2
2503,2024-08-02 20:28:25,3376.88,2,21,3
2504,2025-03-07 13:47:29,1538.84,4,13,2
2505,2023-08-11 06:55:06,4083.98,2,6,2
2506,2024-01-07 22:34:42,14144.10,3,17,3
2507,2024-06-14 03:30:02,15426.89,4,18,7
2508,2023-10-08 05:06:07,17065.26,2,16,2
2509,2023-06-20 20:04:58,233.96,4,18,2
2510,2024-02-11 16:13:57,1208.02,1,10,2
2511,2024-08-18 14:53:45,4285.64,2,11,2
2512,2024-12-08 13:03:47,8105.94,1,25,2
2513,2024-08-13 22:32:28,3422.33,4,23,2
2514,2023-07-28 01:15:16,8786.89,2,6,20
2515,2023-12-31 04:46:01,7456.26,5,24,2
2516,2023-09-23 07:51:46,4936.70,5,4,2
2517,2023-07-03 04:17:17,8111.18,3,12,2
2518,2024-10-06 07:57:55,16906.17,4,13,3
2519,2025-04-25 19:40:39,384.71,5,14,2
2520,2025-02-10 12:08:05,15890.51,5,14,2
2521,2025-05-07 13:53:55,6497.88,2,21,2
2522,2024-11-22 11:42:27,2419.67,4,13,5
2523,2023-10-22 03:22:37,13549.20,4,3,4
2524,2024-09-27 23:28:42,9696.64,1,10,2
2525,2023-07-27 19:41:00,2979.09,5,24,2
2526,2023-06-07 07:37:03,454.23,5,19,2
2527,2024-05-23 01:18:59,7546.55,1,25,2
2528,2023-11-13 17:05:59,6367.69,4,23,2
2529,2024-10-29 06:52:37,1028.79,4,3,2
2530,2024-12-07 07:10:46,7094.25,2,1,2
2531,2023-07-25 14:52:59,20157.06,1,10,2
2532,2024-02-16 04:08:05,14239.99,2,16,2
2533,2023-11-24 03:16:04,11944.87,4,23,2
2534,2024-07-10 10:31:31,2613.51,1,20,43
2535,2024-02-13 19:23:53,10909.76,4,3,2
2536,2023-06-19 01:50:22,6460.71,5,4,2
2537,2023-12-07 10:42:44,4594.50,3,12,2
2538,2024-08-13 14:28:35,6533.43,5,19,2
2539,2024-12-15 03:55:05,4757.48,5,4,3
2540,2024-03-06 21:33:13,12018.26,1,25,2
2541,2023-07-21 07:43:03,15620.66,2,11,2
2542,2024-02-15 20:59:25,9686.38,5,19,3
2543,2024-06-27 14:21:17,142.09,4,23,2
2544,2025-03-16 05:12:01,5179.13,3,17,2
2545,2024-08-18 12:12:41,4462.48,2,16,2
2546,2024-11-02 20:59:52,2930.19,4,8,2
2547,2023-10-12 06:22:42,22343.21,4,13,5
2548,2024-01-05 17:32:00,17667.21,3,12,3
2549,2023-10-11 08:38:01,1257.39,4,13,3
2550,2024-03-10 17:29:40,19973.96,2,21,2
2551,2024-11-20 18:49:53,681.88,2,6,2
2552,2024-10-14 11:40:17,8800.98,4,13,2
2553,2023-07-14 08:32:05,3325.12,5,19,2
2554,2025-03-22 04:58:02,7681.63,1,5,2
2555,2024-07-18 22:47:22,15429.94,2,21,2
2556,2023-11-18 22:12:33,10261.01,3,17,2
2557,2025-05-20 16:13:39,12364.09,2,21,2
2558,2024-05-05 18:06:24,4436.46,1,15,2
2559,2024-07-15 17:40:29,1057.48,5,19,2
2560,2024-12-22 06:34:24,9180.78,2,1,3
2561,2024-03-20 07:11:40,18185.61,2,16,3
2562,2023-11-14 22:12:15,4723.82,3,17,2
2563,2024-10-21 04:07:17,5495.64,5,9,3
2564,2025-04-13 19:59:25,3055.82,4,8,2
2565,2023-11-04 09:57:55,6603.70,3,22,2
2566,2025-02-14 15:53:18,4662.39,4,3,5
2567,2025-04-27 10:51:15,17770.56,4,23,2
2568,2024-09-29 06:19:06,14148.51,3,17,4
2569,2024-11-25 18:35:34,1739.78,2,21,4
2570,2024-09-01 19:27:20,18445.94,3,12,2
2571,2023-06-16 16:18:20,3307.25,4,18,2
2572,2024-08-26 20:53:24,1182.64,3,7,4
2573,2024-12-01 00:08:53,7426.84,1,10,2
2574,2023-08-01 18:33:05,10283.14,4,8,2
2575,2023-12-26 15:22:19,9017.84,2,11,2
2576,2024-09-06 08:47:32,11895.23,4,23,2
2577,2024-03-06 01:12:40,10143.80,3,2,2
2578,2024-06-25 04:38:57,4620.93,3,12,2
2579,2023-09-24 15:04:23,11357.02,3,7,2
2580,2025-03-31 14:19:07,5362.58,1,25,2
2581,2024-01-26 07:04:13,8479.26,2,1,2
2582,2023-10-27 06:31:22,12620.49,1,25,2
2583,2023-11-20 09:43:01,18209.67,3,2,5
2584,2025-05-01 05:23:00,3776.39,3,2,3
2585,2023-05-29 08:08:00,13760.40,1,25,2
2586,2024-04-19 01:31:52,1646.05,5,19,3
2587,2025-02-17 10:28:21,3650.00,2,1,13
2588,2023-07-29 00:58:46,747.37,2,21,3
2589,2024-08-24 20:51:16,417.05,3,22,5
2590,2024-07-04 06:41:11,12707.47,5,4,2
2591,2023-06-20 00:57:33,2662.67,5,9,4
2592,2024-03-22 21:45:25,1286.22,5,9,2
2593,2025-04-06 07:03:31,232.90,4,18,2
2594,2025-04-29 19:33:30,1746.14,4,3,2
2595,2024-11-09 13:06:14,7914.42,5,24,3
2596,2024-01-03 16:28:19,1914.86,1,15,7
2597,2024-12-03 22:21:15,1341.26,2,6,2
2598,2023-12-20 14:28:43,10501.45,3,22,2
2599,2024-02-16 07:56:02,8130.34,2,11,7
2600,2024-01-23 00:32:57,3754.88,4,3,54
2601,2025-03-28 11:22:57,1993.25,4,3,2
2602,2024-09-05 21:16:55,15173.48,3,17,2
2603,2025-03-26 03:29:09,2166.72,1,15,2
2604,2023-10-23 17:08:13,7539.25,2,6,3
2605,2024-01-05 16:45:37,17738.12,3,22,2
2606,2024-11-05 18:02:31,8120.59,3,22,7
2607,2025-05-06 01:42:02,5446.98,3,22,6
2608,2024-07-31 13:57:09,11628.00,2,21,2
2609,2024-06-29 00:39:30,5413.79,3,17,8
2610,2024-03-28 22:35:38,10759.07,2,1,30
2611,2023-08-17 03:28:39,3006.11,3,12,2
2612,2023-08-18 13:37:22,6253.54,3,7,21
2613,2024-06-27 02:20:17,12271.23,5,9,2
2614,2024-03-12 23:30:58,4008.11,5,14,4
2615,2024-09-24 19:09:33,6869.32,3,12,5
2616,2024-04-08 07:13:31,13182.54,2,6,2
2617,2024-03-03 13:30:07,7021.66,1,25,2
2618,2024-11-03 11:26:58,13116.20,3,2,2
2619,2023-06-18 08:25:45,2439.56,1,20,2
2620,2024-01-14 19:23:32,9292.26,2,21,4
2621,2025-03-07 10:37:57,4463.32,3,17,2
2622,2023-08-18 04:25:00,9497.88,4,3,4
2623,2024-07-23 19:42:30,8792.02,2,6,3
2624,2023-08-11 08:15:30,6778.46,2,21,3
2625,2024-01-12 08:45:31,1355.50,5,14,3
2626,2024-01-21 09:48:45,17547.68,3,7,2
2627,2024-04-08 23:53:02,8191.34,3,17,21
2628,2025-04-08 06:13:12,8365.77,1,25,2
2629,2025-05-16 16:50:27,6030.96,4,13,2
2630,2024-05-12 07:58:50,2296.18,3,12,3
2631,2025-05-04 10:42:32,2510.75,5,14,2
2632,2024-10-28 01:08:38,2416.04,4,18,2
2633,2024-07-31 05:04:29,3125.03,5,4,2
2634,2023-07-29 05:20:15,11832.69,5,4,2
2635,2024-07-22 15:57:05,8129.34,2,21,2
2636,2024-11-03 09:32:14,15877.21,4,3,2
2637,2025-04-12 17:47:24,8719.86,5,9,3
2638,2025-03-25 01:05:27,19074.79,4,8,2
2639,2023-09-24 09:35:34,6735.45,5,4,2
2640,2023-10-09 11:04:39,5590.10,4,23,3
2641,2025-05-11 13:26:36,3481.44,3,17,2
2642,2024-12-11 21:41:08,11501.89,4,8,2
2643,2023-08-25 21:26:41,16052.02,2,11,2
2644,2024-04-24 11:12:38,6986.86,2,6,2
2645,2023-09-08 14:18:01,3847.06,2,16,3
2646,2023-06-19 10:52:46,7998.82,2,6,2
2647,2023-05-31 15:40:29,9381.33,3,7,3
2648,2024-07-10 06:50:01,7321.64,3,12,2
2649,2024-08-25 03:54:56,4388.92,5,14,2
2650,2024-07-15 16:55:27,6141.19,1,20,3
2651,2025-01-26 19:34:04,23979.90,2,16,2
2652,2024-12-06 18:24:32,9362.08,2,21,2
2653,2024-08-26 06:24:24,17277.33,5,14,107
2654,2023-11-12 07:53:31,17306.66,3,17,2
2655,2023-07-31 03:34:55,18572.14,1,10,2
2656,2024-10-29 13:56:17,14919.29,4,8,2
2657,2023-07-07 05:04:19,1503.64,5,19,2
2658,2023-10-28 11:16:52,9879.86,4,18,2
2659,2023-10-02 01:15:02,14983.54,2,11,2
2660,2024-06-29 10:16:02,3441.36,4,18,7
2661,2023-10-31 11:01:41,9831.41,2,16,2
2662,2024-02-24 14:29:31,8223.74,5,14,2
2663,2025-05-05 09:16:56,10432.29,4,13,5
2664,2025-03-01 20:49:41,11853.89,3,12,86
2665,2024-02-14 18:59:17,5379.46,1,25,2
2666,2024-07-06 15:01:57,7090.16,5,24,2
2667,2024-06-20 15:52:47,5060.27,3,22,2
2668,2023-06-27 00:19:47,19932.22,5,24,9
2669,2025-02-18 02:31:33,9897.61,1,15,5
2670,2024-01-03 19:44:16,1164.50,4,18,3
2671,2025-02-04 05:27:55,6362.44,1,10,2
2672,2023-06-26 09:26:02,7948.64,2,21,2
2673,2024-06-30 18:38:16,4410.20,5,9,4
2674,2025-02-13 23:15:21,11807.88,2,21,3
2675,2023-08-13 06:38:28,2261.32,1,5,33
2676,2025-04-29 18:23:02,402.40,3,22,2
2677,2024-08-29 06:37:59,15053.66,3,22,2
2678,2023-07-25 06:58:13,12961.86,5,19,11
2679,2025-05-05 08:23:08,11225.34,1,25,3
2680,2024-08-01 22:27:38,1532.92,3,2,2
2681,2025-03-30 21:50:15,8265.82,1,20,2
2682,2025-04-25 00:34:27,1746.14,4,8,20
2683,2025-05-04 03:19:24,11623.82,1,20,6
2684,2025-03-08 08:45:24,10307.48,5,9,3
2685,2024-12-02 17:45:52,12006.50,2,1,3
2686,2024-11-19 17:30:40,9961.87,4,3,3
2687,2025-01-14 17:12:17,1833.27,1,25,3
2688,2024-12-23 07:54:30,11455.35,4,3,3
2689,2025-04-01 20:25:51,16222.27,3,2,2
2690,2024-08-26 11:13:06,17586.32,5,9,21
2691,2025-05-14 06:49:45,4366.32,4,18,2
2692,2024-04-02 12:47:42,885.17,4,23,3
2693,2023-08-05 08:27:57,17916.24,4,13,2
2694,2024-09-06 19:55:41,3109.32,4,18,30
2695,2023-09-06 11:49:57,11792.61,5,19,2
2696,2023-08-28 00:58:31,7088.41,4,13,2
2697,2024-11-29 18:05:32,4915.44,2,11,2
2698,2025-02-23 23:22:48,1530.42,4,3,2
2699,2024-12-21 18:08:01,4406.65,5,24,2
2700,2023-05-29 09:52:43,8532.11,3,7,2
2701,2024-09-09 20:03:22,5179.44,5,9,3
2702,2025-05-07 15:20:08,5508.63,5,14,52
2703,2024-06-23 16:15:15,11903.22,2,11,2
2704,2023-06-27 01:19:45,3328.58,2,1,5
2705,2023-08-03 00:36:13,25059.14,2,16,2
2706,2024-12-29 06:52:29,10017.62,4,8,2
2707,2024-07-01 23:25:57,6058.59,5,9,2
2708,2024-12-23 20:58:19,13604.94,2,6,14
2709,2023-12-02 19:32:20,10473.75,3,12,2
2710,2024-05-24 05:54:45,6655.71,4,18,2
2711,2024-01-21 10:18:36,2227.30,2,1,2
2712,2025-01-15 14:51:26,7177.02,2,16,31
2713,2024-11-25 22:15:44,7724.24,1,15,2
2714,2023-09-10 13:20:48,7585.51,5,24,3
2715,2023-11-15 03:30:58,4953.06,2,6,2
2716,2024-12-25 13:06:42,8695.21,1,10,2
2717,2024-09-20 22:14:32,19901.27,1,25,3
2718,2024-04-26 12:13:35,795.65,2,21,2
2719,2023-08-22 06:49:22,5807.19,2,6,2
2720,2025-05-13 20:52:45,12107.69,4,3,2
2721,2024-01-18 12:22:05,12403.52,4,18,2
2722,2025-03-16 22:45:47,4887.69,5,9,4
2723,2023-08-24 22:09:14,14375.01,5,9,2
2724,2024-10-04 02:10:39,12738.82,5,19,3
2725,2025-04-04 04:21:10,5388.58,5,4,2
2726,2024-02-20 00:08:22,8821.10,1,10,2
2727,2024-12-31 02:09:11,19651.62,1,15,13
2728,2023-09-29 15:36:45,4432.21,1,25,2
2729,2025-04-28 11:59:08,13850.77,4,13,4
2730,2024-08-27 15:04:26,11973.48,1,25,4
2731,2023-10-19 02:55:37,13736.30,2,21,2
2732,2023-10-12 11:21:30,6081.91,2,16,2
2733,2023-05-24 23:16:13,3520.52,5,19,2
2734,2024-11-19 20:10:38,10314.14,5,4,2
2735,2024-03-14 06:11:25,9730.52,4,23,4
2736,2024-10-27 23:57:15,9741.40,2,1,2
2737,2025-05-02 16:56:15,2786.58,4,23,3
2738,2024-01-17 10:16:46,20172.39,5,4,2
2739,2025-03-26 19:04:10,2007.27,5,19,3
2740,2024-10-27 03:53:13,7222.22,5,19,2
2741,2025-03-17 09:41:46,9357.90,4,13,16
2742,2025-04-09 09:59:01,13540.36,3,22,2
2743,2024-02-17 23:25:01,3564.99,3,7,2
2744,2024-04-30 20:13:09,14885.86,4,8,2
2745,2024-07-26 06:40:04,10362.54,1,20,3
2746,2024-12-18 00:48:21,7106.83,5,4,2
2747,2023-05-24 00:22:55,1975.12,4,8,2
2748,2025-02-04 01:27:01,9186.85,2,16,6
2749,2023-12-27 08:41:33,10872.67,4,13,3
2750,2024-08-26 20:48:18,14016.18,2,1,2
2751,2024-08-24 17:47:56,20220.62,4,18,3
2752,2023-06-09 19:23:17,12509.95,3,7,3
2753,2023-07-28 04:10:36,1979.43,5,4,2
2754,2024-08-07 17:17:49,7795.97,1,10,2
2755,2024-10-26 02:11:20,7735.09,1,10,2
2756,2024-06-06 00:49:05,3068.04,5,4,2
2757,2025-03-09 08:21:23,2379.36,3,2,2
2758,2023-06-23 17:06:40,15918.06,4,3,2
2759,2025-03-06 13:17:59,7240.62,3,17,2
2760,2023-08-31 10:15:21,15039.59,4,8,2
2761,2024-06-16 08:41:29,4698.04,3,12,3
2762,2023-10-14 14:50:23,8414.63,1,20,2
2763,2023-10-30 13:35:21,19768.11,1,10,2
2764,2023-08-22 03:21:56,2317.88,3,12,2
2765,2023-10-31 22:21:20,5956.43,2,1,2
2766,2023-11-05 23:55:29,9962.53,1,25,2
2767,2025-02-08 09:30:32,16161.44,1,15,2
2768,2025-04-09 09:09:18,16902.19,2,21,3
2769,2025-01-05 22:49:53,12729.17,5,9,3
2770,2024-10-17 17:04:47,11963.49,1,15,3
2771,2024-12-19 03:03:33,12427.28,5,19,8
2772,2024-06-22 10:56:14,6265.01,5,9,4
2773,2024-08-27 15:54:06,9382.20,3,12,2
2774,2024-10-19 18:44:11,11231.70,2,16,3
2775,2024-06-25 11:30:54,7756.32,4,8,5
2776,2023-07-10 06:04:45,9243.50,3,12,3
2777,2023-09-02 23:19:05,7729.20,2,21,3
2778,2025-01-15 03:26:32,8039.82,4,18,6
2779,2023-12-28 20:00:06,3026.54,3,2,3
2780,2024-03-01 03:27:45,4970.00,3,22,2
2781,2024-04-16 07:14:13,10238.11,5,9,2
2782,2024-07-31 08:18:15,1164.50,5,14,2
2783,2023-08-02 04:37:31,11802.16,1,25,7
2784,2023-08-03 14:46:28,15649.34,5,19,2
2785,2023-07-30 08:20:51,5948.01,1,15,2
2786,2024-04-02 06:28:22,180.46,3,2,5
2787,2024-11-05 19:27:09,21780.04,2,6,6
2788,2024-01-08 19:21:20,14438.95,3,17,3
2789,2024-01-06 07:33:14,7807.43,2,16,2
2790,2025-01-03 13:43:39,12246.80,4,23,2
2791,2024-08-04 23:55:17,18084.18,2,11,16
2792,2025-02-10 10:27:35,11865.05,3,12,2
2793,2025-02-06 10:05:16,16457.64,4,13,18
2794,2025-04-23 15:01:44,11061.34,1,10,2
2795,2024-01-31 19:39:24,9543.83,4,23,2
2796,2024-10-18 15:37:00,11539.91,4,13,2
2797,2023-12-14 00:42:49,6442.54,2,16,4
2798,2024-02-22 20:08:02,7247.32,2,11,140
2799,2024-05-11 02:50:09,4652.66,1,15,2
2800,2024-08-09 00:18:45,866.24,5,14,2
2801,2024-03-08 13:05:56,3069.46,1,10,2
2802,2025-02-27 23:25:08,14033.03,2,21,7
2803,2023-06-23 12:02:32,348.79,5,24,262
2804,2024-02-29 10:33:42,17021.29,2,6,2
2805,2024-02-19 21:35:09,9946.85,5,24,2
2806,2023-11-10 12:28:54,1972.20,1,20,41
2807,2023-08-15 10:57:59,12875.81,4,23,9
2808,2024-04-06 09:56:55,1772.04,3,17,2
2809,2023-10-26 07:30:11,9641.90,4,3,3
2810,2024-05-11 21:17:09,7360.22,2,1,2
2811,2023-08-18 13:31:32,10647.34,1,5,4
2812,2025-01-12 02:20:02,2494.79,1,10,94
2813,2024-05-09 08:27:44,1669.28,5,9,2
2814,2023-06-04 23:16:24,9850.43,3,12,3
2815,2023-06-16 21:46:34,10574.62,2,11,7
2816,2024-09-21 20:15:37,15081.16,3,2,6
2817,2023-12-29 22:13:08,6437.22,4,13,2
2818,2024-11-23 10:32:03,6989.40,3,12,2
2819,2024-04-02 01:18:46,11247.35,3,7,27
2820,2024-07-24 14:17:07,18996.70,2,6,2
2821,2024-12-17 09:13:04,5067.10,2,21,2
2822,2023-07-27 05:10:09,14562.77,4,23,2
2823,2024-02-19 03:39:34,4406.73,3,12,2
2824,2023-06-08 15:56:10,12446.01,4,18,4
2825,2024-05-06 15:43:00,4897.91,1,25,2
2826,2023-08-25 04:50:33,13211.64,5,19,5
2827,2023-06-30 01:13:26,15294.68,2,6,2
2828,2023-09-04 04:23:43,7819.37,4,23,2
2829,2025-04-27 20:31:20,10267.04,4,13,2
2830,2023-06-20 16:13:01,5455.45,3,2,2
2831,2025-01-19 17:39:34,4926.75,5,9,2
2832,2024-02-29 00:47:19,16214.27,5,4,2
2833,2024-01-16 08:56:10,5427.24,2,21,4
2834,2024-02-19 08:55:27,3187.03,2,1,15
2835,2025-04-14 21:10:51,7579.48,3,17,11
2836,2024-05-28 13:50:21,3654.28,5,9,2
2837,2024-07-07 22:48:07,16819.58,2,21,2
2838,2024-06-17 14:36:41,4149.41,1,5,12
2839,2024-01-03 13:07:41,12698.80,3,2,2
2840,2024-10-09 15:56:29,12561.81,3,17,12
2841,2023-10-28 07:51:11,3589.43,1,10,2
2842,2024-11-08 21:18:16,8669.35,3,17,3
2843,2024-08-24 10:48:33,8794.81,3,17,2
2844,2025-02-07 11:51:50,6319.37,5,24,2
2845,2025-01-22 09:17:39,10522.61,1,5,3
2846,2023-12-25 05:50:50,3487.63,5,9,2
2847,2024-06-18 04:34:35,11183.89,5,24,24
2848,2024-01-16 05:02:45,3953.61,5,4,3
2849,2025-03-17 04:03:13,15227.17,2,11,2
2850,2023-09-26 08:19:16,1366.76,1,10,3
2851,2024-09-17 21:15:16,3443.41,2,6,3
2852,2023-11-16 22:14:48,13776.16,3,17,7
2853,2023-07-01 23:29:43,4215.80,4,23,2
2854,2024-01-04 01:50:53,7345.49,1,20,5
2855,2023-12-18 13:40:16,9100.90,1,10,5
2856,2024-02-11 12:12:07,12445.01,5,4,2
2857,2023-10-02 09:08:46,12150.91,5,4,2
2858,2024-08-17 17:59:03,17717.56,5,14,2
2859,2024-01-27 16:12:52,311.98,2,1,2
2860,2024-05-06 16:47:41,6934.64,3,2,15
2861,2024-09-14 05:24:02,16659.54,5,24,2
2862,2023-08-10 01:20:19,3337.16,4,13,6
2863,2025-04-15 04:06:28,4955.20,1,5,2
2864,2025-02-24 18:20:58,5057.71,5,9,2
2865,2024-03-24 10:41:04,12129.60,2,16,2
2866,2025-02-12 21:31:57,17649.66,4,18,2
2867,2023-07-02 05:47:22,5416.72,5,19,2
2868,2024-11-07 07:48:21,3927.62,5,19,7
2869,2024-04-22 17:55:16,7293.85,3,12,2
2870,2024-10-25 02:42:14,5807.08,2,21,2
2871,2024-01-25 19:45:30,15622.38,2,6,2
2872,2023-12-21 23:24:23,12161.29,2,6,2
2873,2025-02-18 09:26:25,16919.60,1,20,3
2874,2024-12-04 17:41:27,8761.20,5,24,16
2875,2024-03-11 12:16:58,11908.19,5,19,2
2876,2024-12-17 15:46:01,1990.38,3,12,3
2877,2023-10-22 08:23:53,3622.15,2,1,2
2878,2024-08-28 10:22:06,5329.50,4,18,4
2879,2025-03-15 22:25:54,4527.10,3,2,2
2880,2025-03-25 18:37:41,15368.35,4,23,2
2881,2024-10-11 20:28:57,9896.03,5,9,20
2882,2024-12-24 22:11:02,13510.27,3,22,2
2883,2024-03-30 19:48:12,1795.29,2,6,2
2884,2025-01-18 23:38:56,1356.64,5,14,4
2885,2025-02-13 06:47:12,7393.00,5,4,2
2886,2023-06-10 10:27:54,11947.16,5,4,9
2887,2024-09-05 03:30:52,1712.08,5,19,5
2888,2023-06-08 00:00:33,4833.78,3,7,2
2889,2023-06-25 16:48:19,1018.22,4,13,6
2890,2023-05-24 12:14:39,7338.67,1,5,3
2891,2023-09-03 10:14:41,4639.63,1,20,3
2892,2024-04-15 18:11:54,2272.44,4,8,2
2893,2025-02-02 22:49:43,11996.58,5,24,7
2894,2023-07-27 06:19:53,4857.09,5,24,3
2895,2024-05-27 03:33:50,12382.49,2,1,2
2896,2024-10-05 03:24:28,13872.57,4,8,2
2897,2023-12-01 14:35:24,12783.99,1,15,3
2898,2025-02-23 12:50:50,4699.58,3,22,5
2899,2023-12-04 11:19:46,4655.94,1,20,2
2900,2024-09-27 03:09:37,5979.06,1,15,7
2901,2024-11-03 01:37:55,3755.53,3,12,2
2902,2024-10-30 06:05:30,9001.07,4,18,2
2903,2023-06-08 19:50:55,11249.91,5,14,19
2904,2024-11-12 02:08:46,10318.73,3,22,2
2905,2024-11-13 08:51:53,10463.93,3,22,2
2906,2023-11-13 02:03:53,13432.09,1,20,2
2907,2025-04-01 12:36:48,24702.28,4,13,2
2908,2025-03-06 14:20:25,2764.25,5,9,3
2909,2024-04-17 21:18:32,6084.62,3,7,2
2910,2023-08-06 06:17:51,3090.26,5,4,2
2911,2023-06-08 18:10:03,7692.86,2,11,2
2912,2024-01-07 22:10:34,3105.41,1,15,2
2913,2025-02-19 04:05:19,1675.65,3,12,2
2914,2025-03-02 07:33:33,431.29,1,10,3
2915,2024-06-05 15:53:47,6687.67,1,10,2
2916,2024-10-11 23:10:46,5133.12,2,11,2
2917,2025-02-27 15:17:03,7702.48,4,3,4
2918,2023-12-22 18:19:34,6935.13,3,12,3
2919,2023-08-29 20:09:24,842.46,5,14,2
2920,2023-12-18 11:47:13,4856.28,5,24,2
2921,2024-06-23 01:00:46,10712.65,1,10,3
2922,2023-07-30 08:59:49,4759.95,5,19,5
2923,2024-06-08 09:53:41,6235.51,4,18,3
2924,2024-04-18 18:25:46,598.43,3,2,15
2925,2024-03-18 05:28:50,15666.21,5,24,4
2926,2025-04-23 13:05:48,116.31,3,17,2
2927,2023-09-08 12:26:58,5428.42,1,5,9
2928,2023-08-02 21:48:48,17260.98,4,3,15
2929,2025-01-13 01:38:13,6721.82,1,10,2
2930,2023-11-30 11:33:51,16084.49,5,24,6
2931,2025-05-11 14:23:33,7799.76,3,22,18
2932,2024-11-24 04:28:20,9363.17,3,7,2
2933,2024-03-18 22:49:54,6179.96,1,20,2
2934,2024-07-25 02:04:06,11863.97,4,8,2
2935,2025-01-28 01:13:50,9479.13,5,9,2
2936,2024-11-28 16:59:02,7829.82,4,23,3
2937,2023-08-23 23:15:08,3123.61,1,5,3
2938,2023-12-08 23:23:46,9972.85,2,11,3
2939,2024-08-06 00:27:42,1944.84,5,9,3
2940,2024-10-20 17:27:03,3416.50,5,14,2
2941,2023-11-01 19:05:13,7648.24,2,16,2
2942,2024-09-30 05:58:50,1497.58,1,25,3
2943,2023-07-07 15:57:54,5001.10,4,8,3
2944,2024-12-28 00:11:16,17887.48,1,25,2
2945,2024-12-03 11:14:54,4697.87,4,13,2
2946,2023-06-14 22:57:56,7334.47,2,6,4
2947,2023-12-28 19:40:39,6073.24,1,20,2
2948,2024-06-09 09:50:06,13823.37,3,22,7
2949,2025-04-22 00:38:48,14295.42,2,16,2
2950,2025-01-07 21:07:25,5928.34,2,1,2
2951,2023-08-13 08:49:55,12429.42,4,18,2
2952,2024-05-05 20:26:10,15451.87,3,2,2
2953,2023-07-04 09:50:37,19368.18,4,18,9
2954,2024-05-24 03:56:44,2733.45,1,5,2
2955,2024-02-23 19:17:41,4539.79,5,24,6
2956,2024-04-29 01:34:26,3760.60,1,15,4
2957,2023-10-26 01:09:36,5041.97,4,13,11
2958,2025-01-22 18:57:55,9930.48,5,9,2
2959,2024-02-29 21:17:22,4068.17,4,18,2
2960,2025-01-18 04:14:29,15510.46,3,17,2
2961,2025-04-01 23:47:20,17160.31,3,17,2
2962,2024-01-29 00:27:41,5910.33,4,23,4
2963,2023-06-26 03:47:00,6855.34,1,20,2
2964,2023-07-23 15:05:43,10514.12,4,13,4
2965,2023-10-14 19:50:21,10710.45,1,15,19
2966,2024-12-05 16:24:45,5245.70,4,13,5
2967,2024-02-27 19:44:13,7790.12,2,1,5
2968,2024-11-23 13:01:39,2672.36,3,22,2
2969,2024-08-12 13:55:33,4053.70,5,24,5
2970,2024-11-15 16:16:31,7462.46,1,10,2
2971,2023-12-09 20:02:50,15020.66,3,17,3
2972,2025-03-03 18:11:21,3634.89,2,21,2
2973,2024-04-28 21:23:08,13428.65,4,18,4
2974,2024-10-25 08:20:27,26026.61,3,7,3
2975,2024-06-04 18:27:55,8120.82,2,16,4
2976,2025-04-13 14:28:02,16597.32,5,9,8
2977,2023-11-29 21:11:08,6658.82,2,1,2
2978,2025-04-18 14:16:03,3117.91,1,5,2
2979,2024-02-21 16:21:35,11924.93,3,22,2
2980,2024-04-07 01:30:25,7438.56,5,19,2
2981,2023-10-25 03:01:46,3534.00,5,19,2
2982,2024-03-26 16:23:03,12589.50,4,23,2
2983,2024-02-01 00:06:31,1306.53,4,3,2
2984,2025-01-13 21:26:03,13015.92,4,8,3
2985,2025-02-03 16:54:48,5335.06,5,14,3
2986,2024-05-12 09:48:11,15102.66,2,16,3
2987,2023-10-15 22:12:04,2733.68,5,19,3
2988,2023-06-24 04:58:34,7923.62,3,12,6
2989,2023-11-07 14:24:29,3073.52,2,21,2
2990,2024-03-15 16:30:00,4253.71,2,11,2
2991,2024-01-21 19:07:28,10479.33,3,22,3
2992,2024-12-15 20:01:11,12309.77,2,6,16
2993,2024-06-02 02:26:57,5363.64,1,25,2
2994,2024-05-25 17:19:52,8356.33,2,16,2
2995,2024-07-28 22:59:32,14520.11,1,15,2
2996,2024-05-16 08:49:07,1606.67,1,10,2
2997,2025-04-09 04:02:43,8197.50,3,7,2
2998,2024-10-04 05:39:54,4926.48,3,22,3
2999,2023-07-16 06:29:07,13749.21,2,21,19
3000,2024-10-26 23:58:35,914.28,2,6,2
3001,2025-03-18 03:59:08,2033.55,3,22,8
3002,2023-10-17 06:12:33,8992.42,4,13,20
3003,2024-08-21 21:34:43,3206.84,1,15,2
3004,2024-09-22 18:05:42,8812.24,2,6,2
3005,2024-09-01 06:21:12,17002.08,2,6,2
3006,2024-03-30 14:54:20,12066.80,3,22,3
3007,2023-10-12 18:28:33,10595.33,3,17,2
3008,2023-08-25 01:14:00,12977.30,4,13,2
3009,2024-04-04 04:54:21,73.24,3,17,2
3010,2024-11-20 20:28:26,6290.30,2,16,2
3011,2023-09-24 02:03:54,7574.24,2,6,2
3012,2024-06-02 10:57:27,167.59,4,18,2
3013,2023-12-30 03:56:30,8349.83,2,16,4
3014,2023-09-20 14:10:24,12779.09,2,21,2
3015,2023-07-29 12:51:03,15829.28,3,22,4
3016,2024-07-14 06:18:41,19774.20,2,11,6
3017,2024-01-17 16:51:50,17625.62,5,9,2
3018,2024-02-07 12:07:39,13287.84,5,9,2
3019,2024-02-01 07:04:27,11366.55,4,8,2
3020,2024-09-29 13:48:27,9537.24,3,17,3
3021,2023-10-01 02:46:43,9089.75,5,24,2
3022,2024-11-01 07:29:23,4930.06,5,14,2
3023,2024-04-10 23:04:56,5322.18,1,10,5
3024,2023-06-13 11:36:24,7564.33,1,20,3
3025,2025-05-14 15:32:17,10389.22,1,5,2
3026,2023-11-06 23:10:31,5663.19,1,10,2
3027,2024-08-26 02:23:00,1062.24,5,9,3
3028,2023-11-28 20:03:47,16516.07,1,25,4
3029,2024-10-13 15:40:39,12538.62,5,4,2
3030,2024-01-20 19:35:15,10728.75,3,17,2
3031,2024-05-31 20:55:32,3592.03,2,21,2
3032,2024-10-14 03:25:48,12876.18,5,4,2
3033,2023-10-08 05:11:58,7806.58,3,2,2
3034,2023-08-07 16:25:35,16876.30,4,18,2
3035,2025-01-29 05:38:18,4029.07,5,19,2
3036,2023-10-16 15:31:30,4592.88,5,19,6
3037,2024-08-10 08:26:03,8384.40,3,2,5
3038,2024-10-20 07:42:53,14539.32,3,2,2
3039,2023-12-03 13:43:15,11334.52,4,18,2
3040,2023-07-27 09:48:07,12544.62,4,8,2
3041,2023-05-31 10:51:30,683.41,3,2,2
3042,2023-12-07 13:04:55,8169.88,1,20,2
3043,2023-06-14 21:21:52,1535.94,2,11,2
3044,2023-07-11 21:04:20,9459.35,1,20,2
3045,2025-05-21 11:13:04,11363.10,4,23,2
3046,2024-09-27 00:02:14,4127.48,3,22,2
3047,2024-08-13 14:17:54,2644.17,1,5,2
3048,2024-06-14 05:50:01,5069.45,4,18,18
3049,2024-04-14 21:44:13,2115.88,3,12,2
3050,2025-04-08 20:44:02,14160.04,2,6,2
3051,2024-09-28 01:58:04,15475.53,5,9,3
3052,2024-11-17 03:53:39,6884.93,4,3,18
3053,2024-06-16 17:08:36,9513.49,4,18,4
3054,2023-12-16 01:10:17,2966.76,2,16,3
3055,2024-09-02 05:12:08,13813.67,1,25,2
3056,2024-04-16 10:17:46,7660.66,2,6,2
3057,2023-12-07 09:29:06,10517.21,3,7,2
3058,2023-12-15 21:01:17,2444.54,3,12,2
3059,2023-12-19 09:51:04,2534.12,3,7,2
3060,2023-12-14 22:31:34,7992.45,5,14,4
3061,2023-10-09 12:34:47,7368.06,3,17,2
3062,2025-04-28 16:50:00,13652.16,4,13,2
3063,2023-11-05 12:50:55,10185.63,5,24,2
3064,2025-03-18 08:46:49,14056.32,3,17,4
3065,2024-12-19 22:32:34,15899.35,4,23,2
3066,2023-08-19 17:26:11,19128.02,1,20,2
3067,2024-04-27 00:38:13,11511.10,1,15,3
3068,2024-04-09 19:47:30,8935.24,5,9,3
3069,2023-12-14 06:24:53,12224.10,5,24,2
3070,2024-06-18 10:38:06,604.01,3,7,4
3071,2023-12-31 01:53:24,9458.66,1,15,2
3072,2024-11-21 00:31:40,571.13,5,19,2
3073,2023-10-01 18:38:21,16562.62,5,14,3
3074,2024-05-28 03:57:51,14959.12,5,19,6
3075,2023-05-26 10:48:10,17392.10,3,7,2
3076,2024-01-16 15:37:57,347.97,4,18,2
3077,2025-03-09 12:47:52,5300.08,1,10,4
3078,2023-08-31 14:37:32,6465.24,4,8,2
3079,2023-06-10 03:04:39,11474.89,2,11,3
3080,2023-09-22 07:35:40,15009.56,3,7,2
3081,2025-02-12 00:33:57,14007.61,3,7,2
3082,2025-02-06 14:23:28,7450.66,3,7,2
3083,2024-08-01 23:46:15,10861.68,4,13,2
3084,2025-05-18 16:17:31,731.08,5,24,2
3085,2025-02-17 20:39:09,6641.92,2,21,2
3086,2023-12-28 17:03:05,12182.21,2,16,2
3087,2024-01-20 13:33:43,2846.24,2,16,2
3088,2023-06-09 09:58:35,9171.23,4,8,2
3089,2024-06-11 06:35:59,9063.97,2,16,2
3090,2025-04-15 16:37:06,7440.43,2,6,2
3091,2023-07-29 10:45:46,4624.46,5,14,3
3092,2023-07-29 16:48:50,9960.62,2,16,2
3093,2024-02-12 16:36:39,6845.05,4,18,2
3094,2024-09-10 10:14:34,1389.42,3,12,2
3095,2024-03-14 13:36:58,11776.83,5,9,2
3096,2024-02-08 06:13:36,2924.32,1,20,2
3097,2023-12-03 11:46:36,5803.40,1,20,3
3098,2024-01-26 09:59:33,10075.97,1,15,2
3099,2024-10-17 08:06:58,18305.53,2,16,2
3100,2024-05-09 14:15:11,7436.54,4,3,3
3101,2025-01-07 08:47:30,6666.12,5,24,3
3102,2025-02-25 19:08:33,4779.10,5,14,3
3103,2024-08-17 08:18:04,9124.32,1,25,2
3104,2025-02-21 12:53:46,536.47,5,4,3
3105,2024-03-05 16:46:49,6580.92,2,11,2
3106,2024-02-03 12:00:10,1014.20,3,17,2
3107,2024-08-21 15:40:07,11364.20,4,18,12
3108,2025-01-31 09:40:22,6439.67,3,2,2
3109,2023-06-01 18:26:58,21594.91,4,23,3
3110,2024-11-06 19:33:54,4127.84,5,14,6
3111,2025-04-26 16:43:55,18704.80,4,23,8
3112,2024-08-04 08:54:43,8005.02,2,16,2
3113,2024-01-21 13:37:17,4032.39,1,20,4
3114,2024-02-06 14:20:05,3866.14,4,8,8
3115,2024-03-07 20:49:03,12862.34,4,23,2
3116,2024-06-03 13:15:50,12986.55,5,14,2
3117,2023-12-10 20:20:32,14160.97,2,16,2
3118,2024-03-21 06:34:24,16835.89,2,1,2
3119,2024-04-07 23:07:43,12200.63,2,11,2
3120,2024-01-18 07:24:38,4686.87,1,5,2
3121,2024-12-27 09:42:01,15596.15,2,11,8
3122,2023-06-01 23:51:08,3980.68,2,21,2
3123,2025-03-18 14:39:36,16574.27,5,14,2
3124,2023-06-15 07:36:49,6891.53,2,16,2
3125,2025-03-12 11:26:20,10634.25,3,22,2
3126,2024-09-25 14:53:26,3987.50,2,1,2
3127,2024-04-08 23:47:20,16135.72,4,3,2
3128,2025-01-29 20:52:52,2643.90,5,24,5
3129,2024-06-18 12:03:58,16677.89,2,21,2
3130,2024-04-04 01:34:43,11298.31,3,17,3
3131,2024-08-02 01:55:12,8686.84,3,22,2
3132,2025-03-23 15:42:39,4356.48,4,3,3
3133,2025-03-13 20:20:47,13327.89,1,15,3
3134,2024-09-28 20:44:07,12904.50,4,3,2
3135,2023-09-05 11:43:19,1275.02,1,10,2
3136,2024-07-23 15:33:56,4131.25,5,4,5
3137,2024-04-18 14:25:45,11285.62,4,18,2
3138,2023-05-23 17:55:11,17417.04,4,3,2
3139,2024-08-31 20:08:06,12646.12,2,1,2
3140,2024-12-29 11:12:46,18267.99,3,22,5
3141,2025-04-16 20:17:42,13796.07,1,5,19
3142,2024-05-07 02:29:24,15893.99,2,21,3
3143,2024-09-03 10:30:25,6473.64,3,2,3
3144,2024-07-02 18:01:27,4551.12,2,6,2
3145,2023-08-28 18:03:48,1928.37,5,14,4
3146,2024-10-13 16:44:39,8160.88,1,10,2
3147,2024-08-03 15:05:18,17676.81,4,23,13
3148,2025-03-06 15:30:19,12305.62,5,24,6
3149,2024-07-10 13:52:44,9611.59,4,13,2
3150,2023-11-24 11:53:42,8401.89,2,21,2
3151,2023-11-27 05:50:25,683.30,5,9,2
3152,2024-02-17 11:52:04,2204.18,3,22,3
3153,2023-11-12 09:55:23,9815.48,1,5,4
3154,2025-04-01 07:12:10,4910.21,2,1,2
3155,2024-02-24 16:41:15,4027.28,5,24,3
3156,2024-03-11 15:45:42,17028.35,4,18,2
3157,2024-08-12 12:54:55,7857.82,4,18,3
3158,2025-01-06 14:16:47,14026.66,2,11,2
3159,2025-01-03 18:47:59,8660.12,1,5,2
3160,2024-12-14 16:34:01,2619.21,4,18,2
3161,2023-07-08 19:47:09,4393.10,4,23,389
3162,2023-10-27 02:39:12,2898.97,5,9,4
3163,2024-01-29 08:32:41,14860.49,1,10,2
3164,2023-11-28 16:24:05,9694.64,3,22,2
3165,2025-05-21 00:09:32,6153.37,2,16,2
3166,2024-05-17 09:20:58,4768.30,1,20,2
3167,2024-11-28 13:20:52,16563.86,5,19,11
3168,2024-07-05 00:42:40,2705.43,1,25,2
3169,2025-05-16 19:20:52,17492.29,2,6,2
3170,2023-07-12 00:57:14,3998.77,5,24,35
3171,2025-01-06 19:58:04,6365.45,1,5,8
3172,2024-04-21 20:08:47,11291.94,4,8,2
3173,2024-04-18 09:00:10,12512.38,5,24,3
3174,2025-04-26 15:51:47,13072.92,5,14,10
3175,2025-03-14 00:30:13,12181.83,3,22,2
3176,2025-03-14 17:07:43,9077.38,5,14,2
3177,2023-06-30 03:19:04,7380.87,5,14,4
3178,2023-11-21 10:15:57,6356.52,4,18,2
3179,2024-01-15 16:45:28,2527.38,1,15,2
3180,2024-05-09 09:51:25,558.11,5,19,2
3181,2024-06-23 06:07:16,6084.93,3,22,2
3182,2024-08-24 03:36:27,12681.28,1,5,2
3183,2024-03-20 00:54:14,13875.20,4,23,3
3184,2024-12-19 17:52:12,10738.51,3,2,2
3185,2024-09-30 02:07:07,9028.95,1,20,2
3186,2025-01-02 14:04:14,7817.30,3,12,2
3187,2023-05-27 11:52:08,17363.15,2,21,2
3188,2024-04-21 01:51:16,913.57,2,11,2
3189,2024-05-27 16:08:46,5234.22,2,6,5
3190,2023-06-27 14:17:10,7042.88,2,16,2
3191,2025-01-01 06:52:09,9344.34,2,16,3
3192,2023-06-12 10:16:34,9677.09,5,19,8
3193,2024-01-26 00:37:08,1549.77,1,15,5
3194,2025-05-20 01:32:31,1225.92,5,19,9
3195,2023-08-22 14:09:32,3218.01,5,9,3
3196,2023-12-05 14:46:24,8025.55,3,12,2
3197,2024-07-06 00:16:17,19473.27,5,14,17
3198,2024-03-23 20:10:55,7373.91,4,3,3
3199,2024-04-25 22:16:23,6302.83,5,24,2
3200,2023-05-26 16:29:35,21417.67,3,7,4
3201,2025-05-18 11:39:09,6269.28,1,10,2
3202,2024-07-02 09:53:45,5661.04,1,20,2
3203,2024-09-07 15:45:34,19282.00,5,9,2
3204,2025-04-05 06:07:32,760.01,2,11,2
3205,2023-12-06 06:08:10,10245.58,5,24,2
3206,2024-04-10 21:38:55,5859.94,4,23,3
3207,2025-03-21 03:03:35,12004.85,3,22,2
3208,2025-04-24 02:37:56,510.14,5,4,2
3209,2024-01-05 20:12:55,9117.96,1,20,2
3210,2024-10-18 00:01:02,8467.27,4,3,2
3211,2023-06-16 21:26:50,9492.34,3,22,2
3212,2025-02-27 04:01:25,5133.90,1,25,2
3213,2024-09-18 12:20:20,11418.62,5,24,2
3214,2023-08-08 14:39:16,5493.97,3,22,11
3215,2024-07-07 08:41:19,8157.86,3,12,2
3216,2024-04-05 16:29:57,2904.56,1,10,3
3217,2025-01-09 02:11:07,6102.47,5,19,2
3218,2024-06-16 22:14:22,9454.26,3,12,2
3219,2024-11-25 09:23:14,16674.60,4,23,12
3220,2025-04-29 00:27:01,10318.24,1,15,3
3221,2024-11-11 10:13:14,4737.64,4,18,3
3222,2023-05-24 13:42:06,4761.17,1,20,4
3223,2024-01-05 23:33:21,7008.68,1,10,2
3224,2024-05-18 01:23:56,11417.74,3,7,2
3225,2025-03-31 08:20:54,18323.55,3,7,2
3226,2025-05-16 14:56:13,2193.24,2,16,2
3227,2024-01-20 08:18:09,10370.50,2,1,2
3228,2025-02-22 16:45:35,10594.77,3,17,2
3229,2025-04-29 00:58:02,6454.00,1,10,2
3230,2024-03-16 04:00:15,8700.78,4,18,10
3231,2023-11-10 20:29:08,7387.56,3,7,3
3232,2024-10-20 22:22:05,16791.64,1,15,2
3233,2025-02-27 08:33:52,8595.42,3,7,3
3234,2024-03-08 02:12:03,13700.54,1,25,2
3235,2024-10-13 09:00:18,11686.14,2,11,2
3236,2025-03-30 17:37:00,4336.24,4,13,3
3237,2023-12-03 12:59:17,9722.02,5,14,2
3238,2024-10-06 01:07:48,13299.46,1,5,2
3239,2025-02-12 00:22:48,5835.68,2,6,2
3240,2024-07-06 03:06:30,10599.10,1,10,10
3241,2024-06-04 16:17:01,12.15,5,9,2
3242,2024-06-30 19:47:27,12945.29,1,15,9
3243,2025-03-04 13:16:32,7120.86,1,5,19
3244,2025-01-16 04:59:00,5299.15,2,1,2
3245,2024-01-13 16:55:02,4007.67,4,3,2
3246,2025-02-25 06:15:22,8295.30,4,13,3
3247,2025-03-24 01:11:45,6258.05,2,16,2
3248,2025-01-20 12:01:53,4475.94,3,22,4
3249,2024-12-21 17:25:47,6806.33,4,13,16
3250,2023-12-30 16:25:09,12044.24,5,24,2
3251,2023-06-22 15:40:31,2996.82,5,19,2
3252,2025-01-09 04:39:03,1366.60,2,6,74
3253,2023-12-19 15:49:48,17128.84,5,19,2
3254,2023-08-23 02:18:19,12012.26,5,4,2
3255,2024-10-28 13:02:35,19417.18,4,23,2
3256,2024-04-09 04:11:13,7729.81,2,16,2
3257,2023-10-29 21:30:52,7053.13,5,24,2
3258,2025-03-21 16:13:16,4214.16,4,18,2
3259,2024-08-03 02:15:05,2422.84,3,12,2
3260,2024-10-17 01:21:42,6477.97,5,14,2
3261,2024-09-16 13:35:23,4394.89,1,5,2
3262,2024-05-21 00:27:38,6637.13,5,4,18
3263,2024-07-24 05:03:20,9980.40,2,21,3
3264,2024-05-21 02:36:32,10756.47,4,23,2
3265,2023-08-31 17:15:26,4008.82,2,11,2
3266,2024-05-11 04:13:56,8435.75,4,13,2
3267,2025-05-18 18:25:39,3842.85,3,22,3
3268,2024-11-25 15:23:52,22405.05,5,19,2
3269,2024-12-27 17:30:54,10286.82,4,3,3
3270,2024-01-19 03:53:21,14188.61,4,3,2
3271,2024-06-27 09:29:20,10057.77,4,8,6
3272,2024-02-07 10:44:34,8876.20,4,8,2
3273,2024-06-09 22:57:57,17233.86,4,23,2
3274,2023-07-28 17:11:29,3292.26,4,23,5
3275,2025-01-24 19:55:10,10396.37,1,5,2
3276,2023-07-28 15:33:05,6190.26,3,17,2
3277,2024-10-19 14:07:49,77.79,5,4,2
3278,2024-09-24 05:43:19,15010.26,3,22,2
3279,2025-02-14 21:26:07,398.65,5,9,2
3280,2024-05-11 16:21:12,14419.94,1,25,2
3281,2024-11-01 01:14:22,11589.82,4,18,2
3282,2024-04-26 21:31:02,7907.77,5,4,2
3283,2024-10-16 22:02:19,2256.36,5,24,7
3284,2024-03-24 06:48:27,13990.72,4,18,3
3285,2023-09-19 08:02:48,10075.74,3,7,3
3286,2024-07-31 03:33:22,12473.37,1,5,3
3287,2024-09-07 07:54:45,13824.28,5,9,2
3288,2025-03-26 19:09:26,6960.15,1,25,2
3289,2023-09-12 16:43:54,10824.91,1,5,2
3290,2023-08-01 05:17:19,6256.79,2,11,2
3291,2025-05-15 03:16:40,5655.05,2,16,2
3292,2024-04-29 06:37:25,2630.97,4,18,6
3293,2024-01-09 14:50:17,15836.29,5,24,2
3294,2024-10-14 04:43:05,5147.44,2,21,4
3295,2024-08-09 05:31:08,3492.65,2,16,2
3296,2024-02-26 09:24:29,2810.26,4,18,3
3297,2024-07-04 18:57:25,9951.43,3,7,2
3298,2024-08-31 01:27:03,5485.26,2,6,2
3299,2024-10-22 23:47:41,8031.01,1,20,2
3300,2025-05-13 02:22:31,7047.43,2,6,2
3301,2024-01-11 06:23:04,12303.50,4,8,9
3302,2023-11-29 14:23:34,1112.84,1,5,3
3303,2024-07-20 08:20:46,9730.48,1,25,2
3304,2023-05-24 04:07:07,11838.65,5,24,4
3305,2023-10-20 13:50:20,13718.40,4,13,2
3306,2024-08-13 06:59:17,13072.04,2,6,3
3307,2023-11-29 04:46:40,1827.14,3,12,2
3308,2023-08-20 13:25:15,271.40,5,14,17
3309,2023-12-05 02:54:46,15073.42,4,8,5
3310,2023-11-22 11:53:09,1637.70,4,18,3
3311,2024-12-26 09:02:47,3045.34,3,22,2
3312,2024-12-26 14:39:38,9937.87,3,17,3
3313,2024-02-18 21:51:58,8935.76,5,19,2
3314,2025-02-02 05:08:56,5442.98,5,24,2
3315,2024-02-10 06:26:19,13113.89,4,13,11
3316,2025-04-22 23:09:42,4468.15,1,25,2
3317,2024-05-21 08:11:26,7377.30,3,12,3
3318,2024-02-19 09:08:54,4590.51,1,20,15
3319,2023-07-14 03:54:04,5218.50,5,9,21
3320,2023-11-20 23:32:14,8625.19,2,1,3
3321,2025-02-10 13:47:35,1081.73,2,21,10
3322,2024-07-04 01:10:58,16281.81,4,23,2
3323,2025-05-15 21:07:52,5733.78,4,18,9
3324,2023-06-13 03:30:58,17935.94,5,19,2
3325,2024-11-06 00:58:30,9007.82,1,5,3
3326,2023-06-04 04:39:47,8617.16,3,22,2
3327,2024-01-26 03:41:00,15153.13,2,21,2
3328,2024-02-02 19:10:17,16894.10,3,7,2
3329,2024-02-18 05:34:23,3785.00,1,10,3
3330,2024-04-09 15:45:49,2992.88,4,8,2
3331,2024-01-24 15:58:20,7359.41,4,23,4
3332,2024-05-06 08:47:49,5936.07,5,24,2
3333,2023-07-27 14:39:21,1605.96,2,16,5
3334,2024-11-07 18:22:52,2613.51,2,21,3
3335,2024-07-08 04:52:11,17231.72,2,1,2
3336,2024-03-24 13:06:12,8722.13,4,13,2
3337,2024-01-25 08:21:52,4163.76,4,18,2
3338,2024-11-07 17:33:32,17419.94,5,24,11
3339,2023-06-28 02:10:15,2309.26,5,4,2
3340,2023-07-08 00:49:14,13393.26,4,13,3
3341,2024-11-20 07:13:08,7744.36,3,17,5
3342,2024-04-02 10:57:20,3492.28,5,24,4
3343,2024-01-18 21:58:10,17906.48,5,14,7
3344,2024-01-14 10:27:09,10341.21,3,12,3
3345,2024-10-25 07:57:13,12.15,5,4,2
3346,2023-12-10 19:57:11,10771.86,3,7,2
3347,2023-07-01 13:23:52,20732.83,5,24,2
3348,2024-03-12 22:38:24,2078.25,5,4,6
3349,2023-12-05 00:44:52,9122.63,3,12,2
3350,2024-06-14 19:27:40,5024.29,4,18,6
3351,2025-01-26 23:51:09,9484.79,5,14,2
3352,2025-01-01 02:25:57,2562.36,3,17,2
3353,2024-03-15 05:11:51,6845.49,1,15,5
3354,2024-04-21 02:23:50,18480.25,3,12,2
3355,2023-07-29 00:57:21,6300.73,5,4,2
3356,2025-02-24 12:11:41,1757.24,4,8,50
3357,2025-02-10 14:23:26,15928.70,5,9,2
3358,2023-12-12 03:15:50,2732.99,3,2,2
3359,2023-12-28 08:35:42,9578.65,2,11,4
3360,2025-05-21 05:30:28,7363.47,1,15,8
3361,2024-03-03 16:07:18,16747.84,4,23,2
3362,2023-06-17 08:03:51,3148.84,2,21,6
3363,2023-09-22 23:59:41,5544.13,4,8,2
3364,2024-04-24 10:07:32,20419.61,5,14,2
3365,2023-10-20 14:13:52,7831.89,1,10,3
3366,2023-11-17 13:49:44,7373.26,4,18,20
3367,2024-02-12 06:49:50,4280.20,2,11,30
3368,2024-11-01 15:05:14,3326.07,5,9,2
3369,2024-03-27 03:30:07,14327.42,4,13,2
3370,2023-12-23 09:35:54,12704.01,2,21,2
3371,2025-03-10 03:10:40,13649.52,2,6,6
3372,2023-09-12 07:40:38,10504.47,3,2,3
3373,2025-03-25 23:45:34,16224.97,4,23,2
3374,2023-06-30 12:56:19,11424.76,5,9,2
3375,2023-07-03 21:05:00,3130.15,5,19,2
3376,2023-06-05 21:29:58,1757.24,2,21,4
3377,2023-06-12 07:46:18,19874.96,1,15,2
3378,2024-07-02 13:32:51,15054.01,5,24,8
3379,2024-01-08 11:10:08,18257.63,5,9,2
3380,2023-07-06 14:34:57,3332.74,4,23,2
3381,2024-04-06 07:17:27,5390.53,5,24,2
3382,2024-07-18 15:46:35,6204.20,2,21,2
3383,2025-01-28 09:46:32,14712.43,2,11,2
3384,2023-06-16 01:46:29,8975.16,1,25,2
3385,2023-07-04 09:02:42,2927.88,5,9,4
3386,2025-01-02 17:21:40,5013.70,4,18,2
3387,2023-10-17 19:28:31,3324.52,1,5,2
3388,2024-09-01 15:18:46,9241.33,5,14,2
3389,2023-07-19 04:03:19,1549.77,5,4,2
3390,2024-04-07 20:10:16,5574.89,4,8,2
3391,2023-12-13 20:20:17,258.40,1,10,8
3392,2025-02-07 06:15:33,15856.78,5,19,5
3393,2024-05-01 16:55:56,4206.90,3,2,35
3394,2024-11-27 01:53:25,17147.12,4,23,4
3395,2024-05-27 18:27:54,2685.71,1,15,2
3396,2024-12-04 19:38:24,6755.76,3,2,3
3397,2024-04-10 11:32:25,3713.56,4,8,2
3398,2025-05-08 23:37:41,3875.08,4,13,3
3399,2024-08-28 18:57:35,4214.20,3,12,21
3400,2025-05-16 18:58:54,3405.84,4,18,2
3401,2023-10-30 05:38:38,3059.98,1,5,2
3402,2024-07-09 10:00:16,18373.04,2,1,2
3403,2023-07-11 13:47:04,3796.05,3,12,5
3404,2025-02-17 20:08:00,634.26,2,11,4
3405,2023-12-19 16:10:46,2260.07,2,11,2
3406,2025-04-03 16:35:02,9438.11,3,17,27
3407,2023-12-12 06:39:22,4943.32,4,3,2
3408,2023-12-25 18:23:05,7555.68,4,18,2
3409,2024-12-27 03:28:13,7898.69,3,22,2
3410,2025-05-15 09:35:29,18638.76,2,11,2
3411,2024-08-12 20:39:07,10384.10,3,17,2
3412,2025-03-03 17:58:46,6095.01,4,8,3
3413,2025-01-01 13:50:16,2798.60,5,19,2
3414,2024-06-15 21:16:13,7098.20,3,7,2
3415,2023-06-06 09:38:01,13432.06,1,5,2
3416,2024-08-30 05:28:47,12566.17,3,17,2
3417,2024-08-28 13:39:46,1763.64,3,12,2
3418,2023-10-07 20:52:23,22808.20,4,23,2
3419,2023-09-15 08:36:52,7644.34,2,6,3
3420,2023-05-24 19:02:45,7820.38,2,21,8
3421,2024-06-11 21:07:02,7131.88,4,8,2
3422,2025-03-23 05:57:14,2234.78,3,7,2
3423,2024-09-07 04:20:22,1923.55,3,7,4
3424,2023-11-24 05:12:51,6198.68,4,13,3
3425,2023-07-12 21:06:43,7562.21,5,24,2
3426,2025-03-23 17:05:38,7539.76,5,14,16
3427,2024-06-05 11:28:58,9809.66,2,16,3
3428,2023-11-24 22:21:45,3401.56,2,1,2
3429,2024-03-07 16:23:52,5309.68,1,10,2
3430,2025-02-20 01:39:17,6751.54,2,6,2
3431,2023-07-08 00:12:39,7394.24,5,14,2
3432,2025-04-03 22:39:56,6175.72,4,23,2
3433,2023-10-14 07:37:57,510.14,2,16,3
3434,2024-09-13 10:45:51,12671.78,5,9,2
3435,2023-10-23 06:43:39,12344.22,4,13,8
3436,2024-01-21 05:43:11,11593.19,3,2,2
3437,2024-10-22 15:45:11,20109.44,5,9,2
3438,2024-05-17 18:50:40,14098.15,1,15,2
3439,2023-07-09 06:23:59,5081.43,4,8,3
3440,2024-02-05 04:11:09,486.52,3,7,2
3441,2024-06-06 15:39:01,9611.93,2,1,5
3442,2024-05-19 08:25:13,12117.39,1,10,2
3443,2023-06-27 00:25:20,5309.90,4,8,3
3444,2024-11-11 02:13:04,6890.03,3,7,2
3445,2024-02-02 03:13:13,15251.52,2,21,2
3446,2025-03-10 23:12:07,16741.53,2,11,2
3447,2024-01-31 17:02:50,1630.86,4,23,2
3448,2023-10-14 01:02:05,7774.63,1,15,2
3449,2024-08-03 01:17:04,3040.62,2,1,2
3450,2024-09-01 03:14:58,678.32,5,9,2
3451,2023-11-13 01:05:37,7596.61,3,2,5
3452,2023-07-18 01:10:36,8728.82,3,12,6
3453,2025-03-12 15:15:25,19453.76,3,12,3
3454,2024-04-17 02:33:17,12403.78,2,11,3
3455,2025-01-27 15:30:13,6359.15,4,13,2
3456,2024-03-03 22:32:39,10430.27,5,14,2
3457,2025-01-15 10:20:36,3911.16,2,6,3
3458,2023-07-06 23:32:04,13725.33,2,11,3
3459,2023-12-28 16:49:31,17330.41,3,22,2
3460,2025-01-18 17:30:42,7889.26,5,19,2
3461,2024-03-16 15:23:41,4548.09,3,22,8
3462,2023-06-06 04:50:39,15148.20,4,8,2
3463,2025-03-18 05:44:30,7393.10,2,11,2
3464,2023-08-26 05:47:22,14553.22,4,8,2
3465,2024-03-13 13:55:37,15537.78,3,7,3
3466,2025-01-28 08:50:26,16127.28,3,17,2
3467,2024-05-27 20:39:17,3649.86,4,3,5
3468,2024-03-04 05:51:27,18961.41,3,12,4
3469,2024-11-24 02:23:16,8666.68,4,18,2
3470,2023-09-24 16:50:30,5724.66,4,18,2
3471,2024-08-09 02:50:15,7060.76,3,22,2
3472,2025-01-24 00:37:22,13521.12,2,16,2
3473,2024-09-02 11:39:54,11615.56,4,3,2
3474,2024-01-01 15:20:29,16865.20,5,4,2
3475,2024-04-18 17:34:00,13098.32,5,19,8
3476,2023-10-31 22:43:37,5282.82,4,13,2
3477,2023-08-06 20:40:59,3565.02,5,4,2
3478,2025-04-26 23:23:07,1059.90,5,24,2
3479,2025-03-10 22:09:29,6419.48,3,17,2
3480,2023-12-13 09:48:02,18896.08,4,13,8
3481,2024-08-10 19:21:24,17663.22,3,7,4
3482,2024-09-23 06:30:32,6007.56,3,2,6
3483,2024-08-11 23:15:23,10914.68,2,1,5
3484,2024-11-09 16:41:03,10120.55,4,8,17
3485,2025-02-03 09:59:55,12878.59,2,21,2
3486,2024-05-01 04:14:07,11442.33,4,8,6
3487,2025-02-06 18:50:29,2303.65,1,25,2
3488,2025-01-23 01:23:54,2317.88,2,16,6
3489,2024-03-01 01:09:01,5008.44,4,23,2
3490,2025-02-02 15:51:58,2956.60,3,12,6
3491,2023-11-01 17:36:40,1555.86,3,7,7
3492,2024-12-01 16:16:33,6854.15,3,22,2
3493,2024-10-19 19:22:18,9525.85,4,13,2
3494,2025-03-06 13:56:35,11693.88,1,5,2
3495,2023-06-04 01:52:56,6037.67,1,20,6
3496,2023-12-18 15:44:38,9742.37,5,19,2
3497,2025-02-25 17:15:32,698.70,5,4,2
3498,2023-07-02 20:22:45,5908.63,1,15,3
3499,2025-02-26 02:10:18,8194.49,2,16,2
3500,2025-04-30 23:13:25,10566.25,5,14,2
3501,2025-04-02 23:22:57,8786.19,3,22,3
3502,2025-01-28 04:49:33,15390.87,1,15,2
3503,2024-03-14 06:07:02,7491.10,3,2,3
3504,2024-12-24 13:09:03,4355.85,4,18,3
3505,2023-07-09 01:23:16,2180.78,3,2,2
3506,2024-10-23 16:35:09,8284.21,5,19,41
3507,2024-01-05 19:46:22,4954.80,2,11,3
3508,2023-08-21 09:48:53,1538.84,3,7,3
3509,2024-10-16 05:19:35,16838.53,5,4,3
3510,2024-03-22 00:51:24,814.20,4,3,2
3511,2023-08-25 08:54:14,6889.64,4,3,3
3512,2025-04-20 08:51:18,19255.25,4,18,2
3513,2024-11-07 10:20:48,6256.31,1,25,2
3514,2025-03-24 04:38:21,5002.65,1,15,3
3515,2023-10-07 06:01:56,14580.22,3,22,2
3516,2025-02-08 21:49:45,13101.41,3,12,2
3517,2023-11-06 21:51:34,2708.40,4,3,2
3518,2023-06-21 17:59:49,10791.91,2,11,5
3519,2024-02-20 04:57:10,10675.65,5,4,5
3520,2024-07-16 17:47:16,8822.86,4,8,3
3521,2024-01-31 09:18:40,377.04,3,12,2
3522,2024-03-18 18:07:25,360.92,5,14,2
3523,2024-07-30 07:18:15,15145.69,4,8,2
3524,2023-11-26 01:42:53,516.59,5,9,2
3525,2023-12-23 21:11:23,6583.32,4,3,2
3526,2024-11-13 20:12:39,15237.65,4,3,2
3527,2024-12-23 15:50:14,2145.88,5,9,26
3528,2023-06-03 11:04:32,11374.13,2,16,2
3529,2024-02-02 01:52:49,9692.32,3,17,3
3530,2024-01-16 19:24:41,7562.55,1,20,2
3531,2023-09-27 05:23:17,6937.89,3,12,3
3532,2024-01-26 05:49:45,2732.17,3,2,2
3533,2024-05-20 14:17:48,12542.72,1,5,2
3534,2024-06-24 08:48:45,1968.76,1,15,4
3535,2024-11-26 22:43:49,5841.67,1,20,4
3536,2025-05-02 01:54:52,6747.42,2,6,19
3537,2024-08-01 07:52:46,8195.05,5,24,3
3538,2023-10-08 09:16:51,431.29,2,21,24
3539,2024-03-03 00:46:15,7243.38,4,8,2
3540,2024-10-05 03:02:07,6225.64,3,22,228
3541,2024-08-14 09:55:55,10841.90,3,7,2
3542,2024-07-24 16:35:47,2582.95,1,15,2
3543,2024-08-18 08:11:54,10580.32,3,2,2
3544,2024-05-28 23:46:25,2411.71,4,8,2
3545,2025-02-10 11:52:41,8815.85,2,6,2
3546,2023-05-26 03:49:14,180.46,2,11,2
3547,2024-06-10 23:45:27,2034.96,1,15,2
3548,2023-11-29 10:05:33,11196.89,5,19,2
3549,2024-12-12 21:00:08,15299.41,5,24,6
3550,2023-10-26 07:31:23,13756.57,2,1,2
3551,2024-06-19 19:19:32,18960.18,4,8,2
3552,2025-01-13 23:41:17,9870.36,4,23,2
3553,2024-10-30 07:39:50,5036.06,4,23,2
3554,2025-01-22 15:27:31,13546.96,4,23,2
3555,2024-05-11 05:27:43,837.95,5,24,2
3556,2023-11-30 14:30:58,6288.16,2,11,2
3557,2024-10-24 09:04:37,10542.66,5,4,12
3558,2024-07-08 14:21:58,908.46,4,23,2
3559,2024-05-02 17:51:13,4491.24,5,9,2
3560,2024-02-06 03:23:02,11556.31,3,17,2
3561,2024-08-26 12:41:55,8413.44,5,14,2
3562,2024-10-08 07:27:26,10491.78,5,19,2
3563,2024-04-30 11:32:22,10279.75,4,13,3
3564,2024-10-19 17:38:42,12915.92,3,7,2
3565,2023-07-04 14:08:41,1284.19,4,8,4
3566,2024-04-23 16:10:57,8428.77,1,5,12
3567,2023-11-08 19:34:52,11109.26,2,21,3
3568,2023-09-07 01:16:32,10856.07,2,11,2
3569,2023-07-08 21:51:18,6115.42,2,11,2
3570,2024-04-05 18:45:25,4128.96,2,16,3
3571,2023-09-15 10:57:41,5952.71,4,18,2
3572,2025-04-26 13:05:39,243.26,1,5,6
3573,2024-04-20 17:59:38,14335.05,4,13,2
3574,2024-02-10 23:43:32,17689.10,5,24,12
3575,2024-10-31 04:55:15,2604.77,4,3,3
3576,2023-05-23 17:19:28,908.36,2,11,2
3577,2023-12-18 12:12:54,11769.08,2,6,2
3578,2023-12-29 22:29:37,12814.45,4,18,2
3579,2024-07-13 11:26:25,6506.28,4,13,2
3580,2023-09-27 02:40:14,2715.89,5,9,2
3581,2024-09-02 10:30:49,6088.61,4,18,2
3582,2024-10-31 11:26:22,5204.71,4,23,2
3583,2025-05-01 13:04:47,3586.58,5,19,8
3584,2025-01-29 13:30:21,12702.54,1,20,4
3585,2024-08-07 16:03:03,8831.38,2,1,2
3586,2024-06-26 13:40:55,649.68,5,4,2
3587,2024-05-21 17:27:53,13777.27,5,24,9
3588,2024-11-10 07:39:14,314.16,1,25,2
3589,2023-07-17 05:41:30,9708.03,2,21,3
3590,2023-11-01 13:05:53,20149.34,1,10,7
3591,2023-11-07 20:48:17,115.99,4,18,2
3592,2024-03-05 07:50:27,2450.82,1,20,4
3593,2024-10-05 05:32:06,5363.68,1,20,3
3594,2023-10-09 06:29:39,4589.11,3,7,3
3595,2024-09-04 23:31:26,10163.21,5,4,2
3596,2024-06-13 09:30:57,6889.50,4,13,8
3597,2024-04-24 14:36:51,15862.01,2,16,2
3598,2023-06-05 20:50:13,8764.82,1,20,4
3599,2024-02-27 11:42:49,6357.28,3,7,2
3600,2024-10-01 23:49:58,5905.10,3,17,147
3601,2025-02-04 10:04:15,3321.04,1,5,2
3602,2024-07-06 09:02:39,14710.16,4,13,24
3603,2024-11-16 20:14:24,7589.98,1,15,2
3604,2025-04-26 09:09:43,12737.11,2,16,251
3605,2023-10-21 00:31:38,11003.57,1,5,2
3606,2024-09-02 01:07:36,9110.27,2,1,2
3607,2024-01-23 02:43:26,6274.72,5,19,2
3608,2023-05-27 22:13:48,10877.05,5,9,4
3609,2024-02-18 12:32:41,50.60,1,5,2
3610,2024-10-11 05:22:02,8100.76,5,19,2
3611,2024-11-06 01:30:05,2864.93,4,3,6
3612,2023-11-21 05:05:06,4303.33,3,2,3
3613,2024-02-12 18:24:47,6401.36,4,18,6
3614,2024-08-21 16:10:22,9254.49,4,18,2
3615,2025-01-27 09:02:22,4406.49,2,6,3
3616,2024-09-28 08:37:17,4370.54,1,20,2
3617,2023-11-09 16:01:32,10110.98,1,15,4
3618,2023-07-16 14:31:17,17337.42,4,8,2
3619,2024-08-12 12:46:24,3979.42,1,15,2
3620,2024-05-01 03:19:56,3544.10,5,19,2
3621,2025-05-14 10:03:37,1508.16,5,19,3
3622,2023-12-19 14:30:38,2403.24,5,19,2
3623,2023-06-06 06:58:48,23532.38,5,19,2
3624,2024-07-13 19:01:20,14478.18,4,8,2
3625,2024-02-22 16:25:35,3721.30,1,5,3
3626,2024-03-14 14:20:56,1822.18,4,23,4
3627,2025-04-25 22:32:42,6320.45,5,9,2
3628,2025-01-27 06:18:45,15485.36,3,2,19
3629,2024-06-24 04:37:36,6988.92,1,10,2
3630,2025-01-10 01:36:17,5784.25,3,22,2
3631,2024-09-12 15:18:33,19951.84,3,7,2
3632,2025-03-08 11:15:15,12240.56,4,3,3
3633,2025-03-01 18:22:06,5109.53,5,14,2
3634,2024-02-12 20:40:36,10249.74,5,14,2
3635,2023-10-23 05:51:45,3951.50,1,15,2
3636,2024-05-04 10:42:38,18204.60,3,22,2
3637,2025-05-16 01:32:08,8144.12,2,6,2
3638,2025-03-01 14:39:30,17399.19,2,6,2
3639,2024-10-15 15:26:34,6434.42,3,12,2
3640,2023-08-22 00:33:47,10884.18,1,15,3
3641,2024-03-04 03:41:40,7498.01,2,6,2
3642,2023-08-22 04:36:54,3786.71,4,13,2
3643,2023-11-21 07:38:14,3732.12,3,7,2
3644,2025-01-31 13:50:43,10065.22,4,23,4
3645,2025-01-11 02:01:08,4030.10,3,22,2
3646,2023-10-02 13:54:42,3416.50,5,14,6
3647,2023-09-23 16:22:26,2980.45,5,19,3
3648,2024-08-12 19:29:13,2166.16,2,16,3
3649,2025-04-02 21:55:52,11923.23,2,11,9
3650,2024-03-07 22:21:39,4179.36,1,5,2
3651,2024-12-23 10:01:46,10472.85,1,10,2
3652,2023-11-03 07:27:56,7673.72,4,3,2
3653,2023-12-01 18:16:45,14610.07,5,9,2
3654,2023-12-18 13:58:52,3318.27,3,12,2
3655,2023-09-20 03:34:38,1221.86,2,6,2
3656,2025-01-21 16:04:57,8543.12,3,17,2
3657,2024-05-04 15:16:21,9645.04,1,25,2
3658,2024-10-15 02:26:34,9045.66,5,9,2
3659,2024-12-25 16:44:38,9752.91,1,10,3
3660,2024-09-10 12:29:15,7424.45,3,2,2
3661,2024-09-11 06:13:03,14053.98,5,4,3
3662,2025-01-17 19:26:57,2862.15,4,23,2
3663,2024-07-29 16:25:04,5475.60,5,14,2
3664,2024-06-11 02:03:22,19108.82,4,8,3
3665,2024-02-02 21:23:42,5964.13,4,23,2
3666,2023-09-29 00:55:07,2918.78,5,4,2
3667,2024-03-19 02:17:34,202.46,1,10,2
3668,2023-08-14 00:32:24,17157.07,2,1,2
3669,2025-03-30 23:47:26,8366.25,1,25,2
3670,2025-04-03 01:03:21,10247.52,4,3,5
3671,2023-09-21 05:56:05,844.84,2,21,2
3672,2024-10-18 13:58:39,8675.85,4,3,2
3673,2024-01-20 03:10:55,5406.31,1,5,3
3674,2025-04-16 18:22:31,2301.03,4,8,20
3675,2024-03-01 02:03:13,10489.23,1,25,39
3676,2023-07-14 23:59:30,8869.45,1,15,5
3677,2023-07-04 19:19:42,13254.76,5,9,2
3678,2024-02-09 02:13:30,15521.86,2,6,2
3679,2024-03-22 08:34:54,6970.11,2,16,3
3680,2023-12-07 14:06:55,6578.55,3,12,2
3681,2023-05-24 16:50:10,9735.09,1,20,2
3682,2023-06-17 02:55:52,2185.92,4,13,10
3683,2025-02-13 20:08:05,8501.41,4,18,2
3684,2024-10-27 09:48:54,9682.52,4,13,2
3685,2025-04-13 02:26:50,6004.51,1,10,2
3686,2024-11-06 00:13:02,4936.60,5,19,2
3687,2023-07-01 13:16:34,14318.37,1,10,5
3688,2023-06-11 06:23:34,5407.95,5,24,2
3689,2024-11-24 06:59:31,10027.22,4,13,2
3690,2024-02-07 16:31:27,2494.96,3,7,2
3691,2024-04-14 04:53:04,9073.52,2,6,2
3692,2023-12-17 06:54:09,16143.90,5,9,7
3693,2023-08-15 17:33:24,10176.15,2,1,3
3694,2025-04-20 05:50:53,13039.15,1,25,3
3695,2023-09-20 13:56:03,581.55,3,17,3
3696,2025-04-08 17:38:13,12077.38,2,21,2
3697,2023-09-09 11:35:47,6614.05,1,10,2
3698,2023-08-22 12:20:18,13702.66,5,4,9
3699,2024-08-01 12:40:14,1125.92,5,14,3
3700,2024-09-29 01:00:08,5188.18,4,18,2
3701,2024-05-12 21:26:15,8988.59,1,25,2
3702,2023-12-01 00:46:11,16416.30,5,19,4
3703,2024-08-30 14:48:51,5697.12,4,23,18
3704,2024-11-29 03:08:41,1450.10,4,8,3
3705,2023-07-23 05:48:18,9136.77,5,4,13
3706,2025-04-15 10:40:57,12155.16,4,18,2
3707,2025-01-27 12:08:56,8982.04,1,10,2
3708,2023-06-27 03:41:29,3351.75,1,10,2
3709,2023-07-20 07:25:22,11429.23,2,11,13
3710,2023-12-07 07:51:15,9494.80,4,23,2
3711,2024-06-23 13:40:59,16281.51,5,14,2
3712,2024-10-22 18:28:45,13364.38,3,17,2
3713,2025-02-07 08:55:38,15588.95,2,21,3
3714,2024-11-08 14:05:44,1164.14,1,25,2
3715,2024-08-22 20:33:43,2418.06,2,21,2
3716,2023-05-28 05:55:35,17057.62,2,1,3
3717,2024-07-27 01:38:04,7224.08,1,10,13
3718,2024-07-29 14:49:41,10856.68,1,15,4
3719,2023-10-25 10:05:21,1959.08,4,18,14
3720,2024-06-17 04:51:45,13202.41,3,2,2
3721,2024-06-21 04:56:41,12202.66,1,5,2
3722,2024-10-23 18:47:31,20526.45,2,16,3
3723,2023-12-03 02:59:15,3739.62,5,14,2
3724,2024-04-27 17:25:24,11329.35,2,11,2
3725,2024-03-17 14:16:01,730.74,4,3,2
3726,2024-08-01 00:30:13,5045.06,1,15,52
3727,2024-05-03 18:09:07,8947.35,3,22,2
3728,2025-01-31 15:22:05,10329.71,4,18,2
3729,2023-06-30 05:50:37,12485.17,4,13,2
3730,2025-01-18 15:56:38,9135.19,1,25,2
3731,2023-09-07 06:17:53,16902.42,5,14,3
3732,2025-04-02 13:06:35,5214.14,5,9,3
3733,2024-01-29 23:08:53,7685.50,1,10,8
3734,2024-07-27 09:14:37,9718.97,5,4,2
3735,2025-02-17 11:25:55,10311.44,1,15,2
3736,2025-05-20 10:07:45,12215.64,1,25,3
3737,2024-09-19 04:14:09,4626.42,2,1,2
3738,2024-01-03 23:21:08,811.36,2,11,3
3739,2024-03-08 02:10:32,6810.73,4,13,2
3740,2025-01-21 02:51:05,649.68,3,17,2
3741,2024-05-28 22:19:01,6234.65,2,21,2
3742,2025-04-04 10:21:37,4190.55,1,15,3
3743,2024-11-11 17:59:53,21476.70,3,17,2
3744,2024-03-16 15:42:08,5319.01,5,9,2
3745,2025-02-12 09:00:54,17598.50,3,22,2
3746,2023-10-19 21:05:31,8765.56,4,8,2
3747,2025-03-26 02:12:01,1660.52,4,23,2
3748,2024-10-12 17:14:24,729.78,5,9,2
3749,2024-01-06 14:15:57,5190.96,2,1,2
3750,2024-09-05 04:56:21,146.48,5,24,2
3751,2023-10-14 02:41:40,10402.52,3,17,2
3752,2024-11-14 23:46:23,669.58,1,15,2
3753,2024-03-27 20:41:57,10144.92,4,18,3
3754,2024-05-20 10:33:34,9807.98,1,25,3
3755,2025-05-08 14:09:59,17868.61,2,21,3
3756,2025-01-07 09:11:58,16518.18,5,24,2
3757,2023-08-25 22:00:33,7300.85,5,9,2
3758,2023-12-25 13:54:22,1062.94,2,16,2
3759,2024-02-28 09:46:58,8195.04,3,12,2
3760,2024-07-22 21:25:18,2584.44,4,13,3
3761,2023-08-01 04:34:02,16887.18,5,9,3
3762,2024-07-11 12:00:59,12385.87,4,18,2
3763,2025-05-14 14:35:20,15392.34,4,13,2
3764,2023-07-16 08:55:35,6745.55,4,8,6
3765,2025-05-20 22:02:06,10939.71,2,6,2
3766,2024-06-03 21:13:21,9063.57,4,3,2
3767,2024-10-11 00:15:04,2579.61,4,18,2
3768,2025-03-24 02:48:51,3667.11,5,24,2
3769,2025-02-20 02:27:08,9147.16,1,15,2
3770,2024-09-14 18:50:07,91.50,4,23,12
3771,2024-08-31 21:29:36,2878.62,2,6,4
3772,2024-09-28 23:28:02,14945.81,4,13,3
3773,2024-04-25 13:34:08,4092.42,5,14,2
3774,2024-05-04 18:37:02,443.81,4,18,2
3775,2025-03-06 09:42:51,9116.12,3,2,2
3776,2023-11-03 15:02:29,8963.87,3,17,2
3777,2024-05-10 09:05:29,11686.68,2,16,2
3778,2023-08-19 22:52:32,11066.68,3,7,2
3779,2024-11-11 16:57:57,5721.97,5,4,2
3780,2025-01-13 15:56:13,9147.02,1,20,2
3781,2023-07-02 05:26:56,3081.39,3,12,2
3782,2023-08-15 09:22:30,7534.87,1,25,3
3783,2024-01-23 03:05:54,8223.44,5,14,3
3784,2023-09-28 02:07:44,9379.95,2,1,333
3785,2023-09-10 10:34:43,8072.73,1,15,2
3786,2024-03-16 16:44:52,13398.47,3,17,2
3787,2024-02-21 13:31:38,18100.21,4,23,2
3788,2024-07-31 15:05:08,14156.52,5,24,2
3789,2023-09-22 05:29:52,18694.88,3,17,4
3790,2025-03-29 06:44:20,347.97,1,10,2
3791,2025-04-10 05:32:01,5226.13,2,1,42
3792,2025-05-06 06:28:47,8485.16,5,14,2
3793,2023-07-24 16:28:45,106.70,5,24,2
3794,2023-10-10 11:44:30,10468.24,1,10,22
3795,2024-04-09 10:11:24,9077.79,4,13,6
3796,2023-08-13 15:22:51,1689.68,2,1,2
3797,2023-07-24 04:18:45,4760.45,5,9,8
3798,2025-03-04 18:22:24,2138.40,4,13,2
3799,2023-11-02 17:30:27,14001.42,1,25,5
3800,2025-03-02 22:38:13,15183.81,3,12,3
3801,2023-12-07 13:24:49,1354.50,1,25,2
3802,2025-02-07 06:52:35,14506.35,5,4,2
3803,2024-07-14 22:15:24,10420.35,3,17,2
3804,2023-07-26 13:25:14,14264.16,1,25,2
3805,2023-10-20 08:54:03,2682.35,3,7,4
3806,2025-02-16 05:24:09,681.88,5,9,2
3807,2023-05-24 15:58:50,13927.55,1,10,2
3808,2023-09-08 08:30:02,2097.68,3,2,2
3809,2023-10-19 11:41:50,6178.68,3,22,2
3810,2025-03-25 07:29:32,2581.02,1,25,2
3811,2024-07-25 19:55:56,16119.12,1,25,2
3812,2023-08-29 13:02:11,3400.47,1,5,2
3813,2023-05-23 14:44:41,7304.08,5,24,2
3814,2023-11-19 23:02:42,4024.76,3,7,16
3815,2023-10-26 21:06:53,2868.72,4,3,2
3816,2024-07-10 20:56:03,15033.80,4,23,2
3817,2024-02-07 17:35:24,13278.62,2,16,2
3818,2024-10-01 03:56:29,7352.14,4,18,2
3819,2024-12-06 05:39:51,8675.49,2,6,18
3820,2024-03-13 03:19:28,7160.19,2,6,3
3821,2024-04-12 02:35:47,11119.64,1,5,2
3822,2023-08-28 15:18:29,14740.03,5,4,10
3823,2023-07-07 00:55:13,21389.56,3,2,2
3824,2024-06-04 10:50:42,9528.19,2,11,2
3825,2023-11-26 12:16:01,11503.39,1,25,2
3826,2023-06-10 18:45:56,16210.85,5,9,3
3827,2023-08-10 06:52:28,17525.11,2,11,5
3828,2024-04-17 08:38:35,3762.19,3,7,3
3829,2025-01-04 06:47:52,14458.08,1,20,2
3830,2024-02-22 07:22:20,6927.72,4,13,2
3831,2024-07-19 19:10:11,6511.31,2,1,27
3832,2023-10-22 15:10:04,9150.78,3,22,4
3833,2023-08-23 04:40:15,7077.30,4,3,2
3834,2024-04-03 10:11:13,1576.70,1,15,2
3835,2023-06-17 07:45:51,24216.41,1,15,3
3836,2025-04-17 07:01:50,6145.84,1,5,2
3837,2024-11-14 14:45:18,14145.60,1,15,2
3838,2023-06-02 21:08:56,6845.38,5,4,3
3839,2025-03-22 16:49:43,5965.30,4,13,5
3840,2024-07-27 17:45:59,7549.17,3,2,7
3841,2024-01-28 01:37:28,11391.02,2,16,2
3842,2024-04-08 14:32:09,11609.81,1,5,2
3843,2024-05-11 05:39:38,9391.05,5,9,2
3844,2024-08-08 14:08:10,4648.69,2,6,2
3845,2023-12-18 00:38:54,2283.03,1,15,2
3846,2023-05-25 00:37:26,8638.84,2,16,3
3847,2024-10-18 08:22:46,8780.19,5,19,2
3848,2023-10-25 12:36:59,15354.08,5,24,2
3849,2024-02-17 15:21:11,17145.84,4,8,4
3850,2023-10-31 12:35:13,14493.50,1,10,11
3851,2024-05-17 13:20:37,20874.32,5,24,7
3852,2024-07-12 08:24:00,13552.47,4,13,4
3853,2024-05-11 19:57:04,24026.89,1,5,19
3854,2024-04-16 14:24:33,844.44,5,4,3
3855,2024-11-12 11:34:10,3168.93,5,4,15
3856,2024-01-05 21:19:13,10676.03,5,14,3
3857,2024-09-16 17:28:38,12857.76,3,17,5
3858,2023-06-15 00:04:09,366.00,5,4,2
3859,2023-12-03 01:27:52,6319.81,3,17,2
3860,2023-09-21 20:37:10,16510.80,2,1,7
3861,2024-03-11 17:09:29,11704.23,3,17,2
3862,2023-06-11 00:09:17,14713.99,4,18,3
3863,2023-11-13 02:43:17,2658.06,1,5,2
3864,2024-02-20 16:17:31,7610.32,3,17,2
3865,2023-12-15 05:22:38,6815.39,5,14,2
3866,2023-11-03 16:07:09,3965.60,2,16,14
3867,2025-04-28 10:32:58,3676.62,3,2,4
3868,2024-10-07 13:47:27,12098.59,1,10,2
3869,2023-07-21 11:07:30,12421.83,5,24,2
3870,2024-07-19 16:55:48,21332.13,5,4,2
3871,2024-07-10 03:49:11,20861.99,5,9,2
3872,2023-10-16 20:10:54,6273.47,1,25,2
3873,2024-04-13 03:53:43,11990.05,1,15,2
3874,2025-01-04 06:21:29,18107.13,4,18,2
3875,2024-08-16 16:20:27,4691.93,3,2,2
3876,2024-11-29 18:10:23,2953.52,2,6,5
3877,2024-02-16 22:24:25,2209.00,3,17,2
3878,2025-02-10 21:24:06,4541.98,4,13,5
3879,2023-09-03 22:10:09,4631.53,4,3,2
3880,2024-07-03 12:26:11,8426.06,1,5,4
3881,2024-10-08 12:32:23,4598.20,4,8,6
3882,2025-02-06 00:33:15,2490.78,5,19,2
3883,2023-09-17 02:08:20,2478.32,1,15,2
3884,2025-03-16 16:20:38,9632.75,1,20,2
3885,2023-06-25 19:57:30,11712.19,3,12,3
3886,2025-02-04 12:39:03,12589.65,2,1,4
3887,2023-10-22 11:41:30,14028.82,3,2,2
3888,2024-07-04 09:55:05,11510.07,2,21,2
3889,2023-06-24 21:19:57,9528.40,1,15,2
3890,2024-08-13 22:47:42,8730.96,3,2,4
3891,2024-10-31 17:04:37,10893.72,4,13,2
3892,2024-06-11 21:42:51,4794.15,2,6,3
3893,2024-03-28 03:25:27,13888.85,2,1,3
3894,2024-03-27 01:18:41,2747.45,1,10,18
3895,2023-05-24 12:53:19,5662.72,2,11,2
3896,2023-11-18 18:22:04,678.32,2,1,7
3897,2023-10-18 02:33:34,16967.85,2,16,4
3898,2024-09-03 06:28:19,2877.78,3,17,2
3899,2024-08-22 00:15:28,5120.19,3,22,2
3900,2024-08-15 12:23:08,6887.55,3,7,2
3901,2023-07-04 12:36:46,5195.80,2,16,4
3902,2024-06-06 12:05:00,10511.59,2,16,3
3903,2024-08-09 10:22:27,10490.62,4,18,6
3904,2023-09-28 17:52:32,15613.01,2,6,3
3905,2025-03-22 09:04:10,739.40,3,2,2
3906,2024-01-19 22:46:15,5599.15,3,7,3
3907,2024-10-28 13:27:15,7719.95,1,25,2
3908,2024-07-25 09:15:03,9800.87,2,6,5
3909,2024-02-27 17:08:32,1944.06,5,14,2
3910,2024-02-15 06:02:41,5826.65,4,8,2
3911,2023-05-26 11:29:05,4503.69,5,19,2
3912,2024-06-16 15:46:00,14467.60,3,17,2
3913,2023-06-24 02:37:46,17646.49,5,19,4
3914,2023-07-17 16:42:43,11912.44,2,16,2
3915,2023-12-01 21:40:33,8315.27,2,16,2
3916,2023-12-19 05:21:40,8076.72,2,6,9
3917,2025-01-29 09:39:20,16459.97,1,5,2
3918,2024-05-02 00:47:00,17129.61,3,17,7
3919,2024-07-03 03:48:35,195.15,1,5,2
3920,2024-01-06 14:37:33,2165.12,3,22,2
3921,2024-09-04 16:40:52,5718.35,3,7,5
3922,2024-01-16 18:10:22,820.80,5,4,5
3923,2024-08-18 17:45:59,769.42,1,5,2
3924,2024-11-15 15:26:39,6350.92,2,1,2
3925,2025-04-11 20:48:17,3957.41,3,2,4
3926,2023-07-20 06:50:41,11851.05,1,15,9
3927,2024-04-09 12:56:13,10227.93,1,20,2
3928,2024-12-01 18:09:27,6028.50,2,16,3
3929,2023-10-05 06:41:19,4037.51,4,3,12
3930,2024-10-06 15:52:49,2301.03,4,13,2
3931,2024-11-14 18:33:57,3690.75,4,8,2
3932,2024-04-27 18:10:35,1832.79,2,11,2
3933,2024-01-27 05:39:11,1885.20,2,11,2
3934,2024-04-26 09:26:41,8718.68,1,25,2
3935,2023-11-23 12:17:25,1853.19,1,25,4
3936,2023-06-11 23:50:01,20886.86,5,24,3
3937,2024-09-17 14:31:22,5239.50,2,11,2
3938,2024-10-04 19:28:57,9821.33,2,16,2
3939,2024-07-22 04:35:53,876.99,1,5,2
3940,2025-01-06 22:06:20,3457.53,2,21,2
3941,2024-12-14 14:41:08,12352.70,4,18,5
3942,2024-06-16 22:30:32,6581.84,5,9,2
3943,2024-08-01 11:04:37,7817.47,2,6,3
3944,2023-07-07 00:11:14,18291.42,5,19,3
3945,2025-01-13 14:12:37,4389.63,5,19,3
3946,2024-11-18 10:07:43,4418.73,4,18,2
3947,2023-11-08 09:55:27,16459.64,1,20,2
3948,2023-12-11 22:02:23,3214.56,2,16,6
3949,2024-11-16 01:24:12,17520.03,2,21,4
3950,2023-06-03 03:27:21,3517.96,2,6,2
3951,2025-02-28 10:00:33,11007.55,1,5,4
3952,2024-02-22 06:47:22,16793.74,2,6,2
3953,2024-05-23 14:22:30,10338.85,3,7,2
3954,2023-05-23 19:22:11,2687.35,5,4,2
3955,2024-06-08 14:20:47,957.43,5,4,2
3956,2023-12-02 11:09:04,18302.06,2,1,2
3957,2023-08-19 08:50:25,4583.96,4,18,2
3958,2023-12-11 12:22:38,13795.97,3,12,2
3959,2023-06-06 11:44:19,3321.04,3,12,8
3960,2023-06-07 00:17:19,7564.84,2,21,2
3961,2024-03-15 12:45:13,8235.30,5,24,3
3962,2023-06-25 03:03:04,16750.87,2,6,4
3963,2024-04-27 11:33:36,14007.71,3,7,4
3964,2025-05-16 06:47:35,10809.51,5,9,3
3965,2024-12-14 00:10:14,20934.48,1,25,2
3966,2023-11-08 17:44:45,6152.99,5,14,9
3967,2025-04-06 12:06:29,10994.65,5,24,2
3968,2024-07-08 11:37:58,3711.68,4,3,2
3969,2024-11-06 20:47:22,1761.84,5,9,2
3970,2024-05-29 08:08:20,8656.22,1,20,2
3971,2023-10-09 07:17:57,5724.78,5,24,3
3972,2024-12-28 07:36:20,7103.16,1,25,2
3973,2024-12-27 16:31:10,9820.79,3,7,3
3974,2024-05-01 07:24:13,14492.81,5,19,2
3975,2023-11-07 18:20:07,6812.54,4,3,23
3976,2024-09-12 07:42:22,9445.18,3,17,3
3977,2023-07-20 09:42:35,7469.25,4,23,2
3978,2023-10-27 15:33:43,1533.81,1,20,2
3979,2024-06-08 14:44:42,19189.05,3,2,2
3980,2024-05-25 01:32:23,9272.32,4,18,3
3981,2024-10-15 14:54:07,10466.41,1,10,2
3982,2024-02-11 21:37:25,10461.62,3,2,3
3983,2024-05-05 16:51:59,11282.32,3,22,2
3984,2023-06-18 02:50:31,7555.50,3,12,3
3985,2024-12-08 21:15:13,16058.08,4,18,2
3986,2023-09-02 02:28:33,11102.40,5,24,2
3987,2024-06-26 10:46:00,14392.91,5,19,10
3988,2024-07-23 02:19:58,10805.79,4,8,2
3989,2023-10-23 09:27:03,908.46,1,15,2
3990,2025-04-25 13:24:34,4782.48,1,25,2
3991,2024-04-16 11:37:16,8865.94,2,11,2
3992,2023-10-09 22:22:03,16416.08,3,17,2
3993,2024-05-14 11:45:22,10116.93,5,9,2
3994,2025-01-21 20:12:43,6366.72,5,9,2
3995,2023-12-31 02:31:39,2536.05,4,3,2
3996,2025-03-19 00:51:27,19306.57,2,1,2
3997,2023-08-06 11:46:31,8465.82,4,13,2
3998,2023-11-29 03:54:33,2281.95,2,6,4
3999,2024-01-10 22:43:43,9170.81,4,18,2
4000,2023-11-19 13:36:15,1001.56,1,20,4
4001,2024-07-09 21:12:44,16129.79,2,11,6
4002,2024-06-14 18:58:21,10387.27,4,8,4
4003,2025-01-03 08:44:13,3558.99,2,21,2
4004,2025-03-26 20:16:28,3278.89,5,14,2
4005,2025-02-25 07:08:47,10562.40,2,11,2
4006,2024-06-16 09:52:44,1911.07,4,8,2
4007,2024-06-23 08:56:38,14653.51,2,21,2
4008,2024-12-04 15:43:21,213.46,4,23,2
4009,2024-01-19 01:29:58,4016.92,1,5,2
4010,2024-04-10 08:09:20,11377.81,1,15,2
4011,2024-08-27 07:58:58,10358.40,1,25,2
4012,2023-06-06 00:49:34,11953.10,3,22,2
4013,2023-06-02 13:22:34,9390.94,1,5,3
4014,2024-09-24 15:07:30,12556.42,2,11,4
4015,2025-05-12 01:46:18,9184.54,3,22,2
4016,2024-11-03 14:55:29,1116.01,4,23,2
4017,2023-07-24 13:35:40,15651.95,5,9,2
4018,2024-04-29 05:32:15,10550.32,1,25,2
4019,2023-09-12 03:53:00,4860.15,5,4,2
4020,2024-08-20 21:55:40,15020.67,2,11,6
4021,2023-07-02 04:33:23,16401.53,3,22,2
4022,2024-12-04 10:04:57,1563.64,5,14,4
4023,2024-12-20 14:09:17,3041.81,1,25,11
4024,2024-06-09 21:47:46,1368.00,1,5,4
4025,2025-02-17 17:16:14,1551.00,3,12,2
4026,2024-10-20 20:43:31,4416.08,3,22,2
4027,2024-10-30 22:00:13,10395.54,3,7,2
4028,2023-08-09 13:10:05,9927.22,2,21,2
4029,2025-04-09 06:16:02,5890.93,3,22,2
4030,2025-05-12 20:38:18,831.72,2,16,2
4031,2024-11-27 20:30:43,12969.49,5,14,2
4032,2024-03-04 08:40:12,5630.63,4,18,16
4033,2023-08-08 05:42:42,12087.81,3,7,2
4034,2024-01-21 17:19:13,9983.28,2,21,2
4035,2024-06-08 00:29:42,2271.15,2,1,2
4036,2024-06-06 22:51:34,5089.53,2,16,2
4037,2024-03-07 19:34:22,4303.26,3,12,5
4038,2024-11-30 19:54:03,22418.49,3,7,3
4039,2024-10-19 02:05:50,4789.80,2,1,2
4040,2024-01-22 04:04:16,6598.85,1,10,2
4041,2024-01-04 00:48:56,1483.36,3,17,3
4042,2025-04-08 09:33:44,864.60,2,11,19
4043,2023-08-18 20:44:00,11343.72,2,1,3
4044,2024-10-30 12:45:27,9473.50,1,15,2
4045,2024-05-19 05:56:33,6744.68,4,23,2
4046,2023-06-03 23:24:13,9987.53,4,18,2
4047,2024-04-06 03:18:47,384.71,5,4,2
4048,2025-04-29 09:22:25,3017.86,1,25,2
4049,2023-07-13 07:15:23,36.45,2,16,2
4050,2023-09-10 14:19:27,14343.48,2,11,20
4051,2024-01-16 18:23:48,12881.30,3,17,3
4052,2023-08-22 05:06:19,15590.06,3,12,3
4053,2024-05-15 14:27:30,6131.97,5,19,2
4054,2024-09-24 23:47:59,1208.02,3,12,3
4055,2024-12-12 13:39:35,16337.14,4,13,2
4056,2023-08-23 20:10:48,4190.68,5,24,2
4057,2024-12-17 15:22:15,10189.20,4,18,31
4058,2024-12-18 10:31:57,3781.77,3,12,2
4059,2025-02-25 07:34:21,6712.57,5,4,2
4060,2024-05-11 18:51:00,8154.94,1,20,2
4061,2024-05-22 15:31:55,12052.72,2,11,5
4062,2024-05-21 09:31:13,10836.23,3,22,2
4063,2024-06-18 11:12:49,1158.94,2,6,2
4064,2023-07-01 20:04:48,471.24,3,2,2
4065,2025-04-24 13:23:50,1722.96,5,19,2
4066,2024-03-10 00:59:06,995.17,3,7,2
4067,2024-12-05 11:41:46,11228.35,3,22,2
4068,2024-02-13 00:07:47,4938.05,4,23,2
4069,2024-03-26 07:53:22,3312.94,5,19,2
4070,2024-06-29 18:27:21,2861.98,3,12,5
4071,2024-07-13 16:44:18,11326.37,5,19,2
4072,2024-03-10 06:53:05,7480.90,4,23,6
4073,2024-02-21 16:25:52,5607.06,2,1,2
4074,2025-01-25 15:11:09,21384.23,1,20,2
4075,2024-12-08 03:51:19,2777.28,4,3,2
4076,2024-10-22 14:26:56,3342.84,5,19,4
4077,2023-06-17 16:46:02,18013.81,3,7,4
4078,2024-07-23 09:34:46,12857.66,5,19,2
4079,2024-10-15 14:50:55,9133.93,5,24,2
4080,2023-09-15 14:07:50,10112.87,5,19,2
4081,2024-09-13 23:19:46,876.99,4,18,5
4082,2023-10-29 16:22:41,4504.67,3,17,2
4083,2025-01-11 08:04:11,4218.20,3,17,2
4084,2025-01-02 08:00:53,3633.63,3,2,2
4085,2024-01-26 17:26:36,6401.76,4,8,2
4086,2025-01-02 16:58:23,17413.87,1,5,2
4087,2025-01-04 10:52:30,18513.71,2,6,2
4088,2025-03-05 22:53:42,5151.50,5,24,14
4089,2023-06-29 00:16:50,7510.22,5,9,9
4090,2025-03-14 16:33:27,9568.52,4,18,72
4091,2024-06-02 08:26:33,13344.65,3,2,5
4092,2025-02-05 20:31:20,16517.11,4,13,2
4093,2024-06-13 09:17:54,20461.62,4,8,5
4094,2024-09-23 19:41:55,15801.30,4,3,2
4095,2023-12-17 16:42:38,5654.49,3,12,2
4096,2024-03-20 16:41:29,2843.20,4,8,2
4097,2023-08-10 03:42:55,5821.03,3,12,3
4098,2023-10-15 17:03:31,11770.98,2,21,2
4099,2025-01-20 09:09:12,4997.49,3,2,2
4100,2025-03-08 10:12:27,14666.86,2,21,3
4101,2023-10-20 03:31:55,19280.80,5,4,2
4102,2024-02-22 21:18:16,13943.14,5,24,5
4103,2023-11-21 03:19:54,10943.49,4,3,2
4104,2023-10-23 10:15:44,13278.28,1,20,4
4105,2024-10-22 23:16:25,4736.01,5,4,2
4106,2024-10-17 21:46:48,8986.35,2,21,2
4107,2023-06-10 22:46:08,7022.39,3,12,3
4108,2023-11-13 21:31:39,3736.14,1,20,2
4109,2023-11-17 19:51:39,6876.54,2,11,4
4110,2024-01-29 09:12:47,15220.67,3,2,2
4111,2023-10-04 22:27:14,6791.96,5,14,2
4112,2024-03-04 17:24:14,13488.85,3,22,2
4113,2023-08-09 00:50:28,7222.55,4,3,2
4114,2024-06-12 22:17:45,785.40,3,17,2
4115,2024-12-27 18:54:27,4951.48,3,7,10
4116,2025-02-14 06:19:40,3858.16,5,14,2
4117,2024-09-16 23:03:57,16926.90,4,8,2
4118,2024-03-17 03:16:56,9681.31,3,17,7
4119,2024-02-07 02:30:47,7842.08,3,2,3
4120,2024-09-02 08:50:28,7010.41,4,8,2
4121,2025-05-17 06:21:09,13324.17,1,25,8
4122,2024-12-29 23:55:26,12812.81,5,9,2
4123,2023-11-06 22:00:16,16937.66,3,7,2
4124,2023-12-01 00:46:27,16301.07,5,14,7
4125,2024-06-12 06:47:31,12609.94,1,5,4
4126,2024-10-20 21:25:14,22953.43,5,24,2
4127,2024-05-03 22:36:21,14706.75,5,9,12
4128,2025-04-28 15:31:39,6533.88,2,21,2
4129,2024-03-03 23:22:51,7238.53,3,17,2
4130,2024-03-24 23:38:06,8859.83,3,2,3
4131,2023-09-08 02:05:52,4859.44,1,25,2
4132,2023-05-26 09:30:48,6736.08,2,21,4
4133,2024-11-23 03:32:59,9271.35,3,12,2
4134,2024-05-29 21:30:37,10507.88,3,12,2
4135,2024-08-08 07:12:54,6292.89,1,10,2
4136,2025-01-29 05:19:02,5652.31,1,20,2
4137,2025-05-12 05:25:14,8821.03,1,20,4
4138,2023-09-23 23:12:24,1196.86,1,20,4
4139,2024-08-06 22:30:08,5641.13,2,6,6
4140,2023-08-19 03:37:51,14839.92,1,5,2
4141,2024-01-18 11:31:46,4376.45,3,2,2
4142,2024-01-04 18:55:08,15217.36,4,8,13
4143,2024-05-25 20:29:07,5104.32,3,22,7
4144,2023-06-26 11:31:18,8114.63,5,4,2
4145,2024-09-12 05:44:07,8548.24,2,21,2
4146,2024-05-02 08:46:18,7973.15,4,13,2
4147,2024-03-20 07:16:49,10634.12,4,23,2
4148,2025-03-12 14:34:23,10804.53,3,17,2
4149,2024-09-09 14:01:01,8068.32,1,10,2
4150,2023-05-27 20:15:51,667.36,3,2,2
4151,2023-09-01 22:30:08,646.00,5,4,3
4152,2024-05-09 12:58:49,9330.76,2,21,3
4153,2024-04-18 03:42:18,1158.94,2,6,2
4154,2024-02-18 00:54:39,11054.98,1,20,6
4155,2023-11-05 06:48:57,18969.45,3,12,2
4156,2023-07-20 07:41:25,14572.66,3,17,2
4157,2025-01-09 19:16:37,13488.68,5,14,2
4158,2024-03-25 19:47:14,14448.88,4,23,17
4159,2023-12-12 18:22:55,8597.34,4,23,2
4160,2024-03-06 09:10:19,2821.56,1,15,2
4161,2023-05-23 01:05:06,21441.24,2,1,2
4162,2024-12-01 10:00:18,21203.31,1,15,3
4163,2024-01-21 05:29:39,18440.88,2,6,3
4164,2023-11-12 02:03:10,7868.53,3,22,2
4165,2023-07-13 01:31:49,10923.84,5,4,2
4166,2025-03-13 16:31:48,10666.03,1,25,4
4167,2025-03-10 19:17:20,9377.31,3,22,3
4168,2024-10-28 23:49:07,7178.03,5,14,2
4169,2024-01-26 23:15:28,3409.40,3,22,2
4170,2024-05-01 01:00:58,9527.09,2,11,4
4171,2024-03-05 03:09:02,1923.55,4,18,4
4172,2024-03-12 10:26:49,6161.81,1,20,2
4173,2023-08-18 13:43:27,5545.43,2,11,24
4174,2023-10-29 05:05:53,10942.36,4,23,2
4175,2025-04-10 07:53:55,17827.39,2,16,2
4176,2024-11-25 17:56:54,3993.09,2,11,2
4177,2025-01-04 11:40:10,17403.47,3,12,2
4178,2025-03-26 02:20:42,8985.52,5,14,8
4179,2024-09-07 21:10:46,4668.78,3,7,2
4180,2023-06-01 16:07:22,5479.23,4,3,2
4181,2023-11-29 19:54:23,11221.26,5,19,2
4182,2023-08-18 03:50:50,14271.33,5,19,2
4183,2024-06-23 01:39:11,2464.68,3,7,2
4184,2024-07-14 18:57:10,2604.73,2,1,2
4185,2025-03-05 03:47:24,12207.58,3,17,2
4186,2024-09-10 06:51:25,9895.51,4,23,2
4187,2024-06-25 08:34:29,6226.16,2,1,2
4188,2024-12-01 11:46:14,6279.60,3,7,2
4189,2025-05-09 16:54:07,21132.22,5,19,14
4190,2024-12-14 02:43:57,3183.60,5,19,3
4191,2024-06-06 04:51:46,4332.00,3,12,2
4192,2024-08-06 23:04:00,2145.88,3,22,2
4193,2024-01-30 20:55:27,6541.42,1,15,2
4194,2024-12-17 04:28:59,13171.35,3,7,12
4195,2024-09-08 02:14:38,5936.88,2,1,4
4196,2023-11-12 20:06:59,9618.05,4,23,3
4197,2025-01-04 07:01:30,12668.36,1,10,2
4198,2024-06-01 04:04:54,10765.14,3,7,3
4199,2023-05-23 11:59:12,10134.73,5,14,10
4200,2024-07-28 11:00:08,14196.15,5,14,3
4201,2023-11-21 15:28:51,2271.00,3,7,13
4202,2023-10-17 08:15:36,9409.68,2,21,2
4203,2023-12-19 00:24:36,4101.66,1,25,5
4204,2024-10-05 03:38:23,3947.44,1,20,2
4205,2024-10-14 19:39:38,9012.88,5,19,6
4206,2024-12-15 05:49:09,2985.38,1,20,11
4207,2024-06-11 01:36:47,16562.40,5,24,3
4208,2024-03-16 04:26:04,2197.96,5,24,2
4209,2023-07-28 05:21:48,10771.07,1,25,3
4210,2024-12-26 15:37:58,9901.83,2,16,2
4211,2024-03-17 18:21:36,7927.15,4,23,3
4212,2023-12-18 07:31:51,736.08,3,22,2
4213,2023-08-14 05:30:51,2018.56,2,21,3
4214,2023-10-20 10:43:40,7296.06,4,8,59
4215,2023-09-18 17:59:12,250.39,2,16,2
4216,2024-03-15 22:41:32,13023.10,4,13,2
4217,2023-08-02 15:31:24,6055.54,3,12,3
4218,2023-12-07 13:25:45,14390.15,4,18,3
4219,2025-05-21 21:05:02,8001.84,2,6,2
4220,2024-03-02 10:51:07,13551.69,3,22,4
4221,2023-07-15 16:01:12,320.10,1,20,5
4222,2024-03-13 05:07:31,12326.50,3,7,2
4223,2025-03-05 22:15:45,1142.85,4,23,2
4224,2024-04-10 00:47:58,17817.43,5,4,6
4225,2024-05-05 17:03:13,11001.49,5,24,3
4226,2024-03-31 11:23:39,12834.27,5,14,2
4227,2024-07-18 00:28:23,16081.53,4,18,54
4228,2024-02-08 03:17:21,10186.75,2,6,4
4229,2024-05-08 09:16:42,2276.18,1,15,2
4230,2024-11-04 06:45:57,7767.46,1,5,2
4231,2024-10-14 21:47:20,12926.36,1,10,2
4232,2023-08-01 23:41:48,5313.42,4,3,4
4233,2023-08-09 17:08:28,13877.82,5,14,2
4234,2024-05-04 12:43:28,1679.01,3,22,2
4235,2023-06-04 14:26:19,12453.99,4,23,2
4236,2024-07-18 16:13:30,3666.03,1,20,2
4237,2025-02-10 17:54:01,162.37,4,3,2
4238,2025-02-25 04:08:43,258.40,1,5,2
4239,2023-09-02 20:16:22,8569.94,1,10,3
4240,2023-10-22 04:25:45,4290.08,3,22,154
4241,2024-09-12 10:59:38,4897.01,5,19,3
4242,2024-01-14 20:02:16,16101.74,1,5,2
4243,2024-09-24 04:58:15,7179.12,4,3,2
4244,2023-06-19 23:42:54,3356.24,2,11,3
4245,2024-09-28 09:28:39,10521.12,5,4,2
4246,2023-11-06 04:54:54,6433.27,2,11,14
4247,2024-06-16 20:04:21,2040.94,4,18,5
4248,2023-09-20 01:25:19,3916.63,1,20,8
4249,2023-06-03 03:26:11,12974.02,2,1,9
4250,2023-06-26 02:18:00,6284.73,3,22,2
4251,2025-01-27 04:38:41,4202.23,5,19,5
4252,2025-02-19 06:19:50,10443.14,5,14,2
4253,2024-11-29 21:13:22,18501.88,1,10,3
4254,2025-02-06 21:38:32,14008.36,4,18,2
4255,2024-02-13 05:32:43,3031.83,3,2,12
4256,2024-04-09 21:31:21,6398.36,3,22,2
4257,2023-11-08 14:35:03,13132.52,3,17,2
4258,2024-10-20 03:54:16,13611.17,1,10,3
4259,2024-02-23 14:50:48,5755.99,5,4,3
4260,2025-04-01 20:51:25,327.54,4,13,2
4261,2024-03-10 08:05:55,12391.94,2,21,5
4262,2023-07-10 06:00:37,8198.99,1,25,3
4263,2024-10-30 02:26:16,14345.05,4,13,4
4264,2025-05-17 15:28:57,12685.46,2,16,2
4265,2025-03-24 13:08:25,5507.79,4,3,3
4266,2025-01-28 19:25:04,13925.47,4,13,2
4267,2025-04-27 11:33:29,13972.75,3,2,3
4268,2025-01-30 15:08:20,17750.46,5,24,2
4269,2023-06-12 11:46:03,2455.61,3,7,2
4270,2024-09-28 03:13:11,14749.41,5,24,2
4271,2024-11-19 09:31:06,6984.57,5,24,3
4272,2024-10-12 06:02:47,8484.70,3,12,2
4273,2025-03-07 12:30:45,2213.52,4,8,2
4274,2024-02-28 06:58:31,213.40,5,19,5
4275,2023-08-04 18:23:19,9466.42,1,5,2
4276,2023-07-29 05:17:18,19945.99,3,17,42
4277,2025-04-18 09:53:48,4869.85,2,11,2
4278,2024-10-04 07:13:26,7336.22,5,24,3
4279,2024-01-05 18:45:01,14705.41,2,16,3
4280,2024-08-25 10:17:18,13355.06,1,10,29
4281,2024-03-14 08:03:43,8774.61,5,14,2
4282,2024-11-28 22:51:03,5732.53,2,16,2
4283,2023-09-12 07:48:03,13927.56,5,4,3
4284,2024-01-02 13:46:29,10327.20,3,12,8
4285,2025-05-06 19:16:08,6076.50,3,2,5
4286,2024-12-31 13:49:25,6105.34,2,11,5
4287,2024-05-16 21:09:15,9576.29,5,19,6
4288,2024-06-26 11:35:35,11343.85,3,7,3
4289,2025-03-25 08:49:21,2452.79,1,15,2
4290,2024-10-27 19:11:35,12215.99,3,7,2
4291,2024-09-25 00:40:29,15433.35,2,21,2
4292,2025-03-06 05:32:17,16671.27,1,25,64
4293,2024-04-21 19:10:59,3681.21,4,13,4
4294,2023-08-30 23:04:14,8566.53,5,24,2
4295,2024-06-06 00:00:04,4169.67,2,1,16
4296,2023-11-24 20:40:41,10052.15,3,7,3
4297,2024-12-28 05:24:58,2395.23,4,13,8
4298,2024-05-11 00:00:20,6009.57,2,16,6
4299,2024-11-11 10:43:49,4197.75,2,16,2
4300,2023-11-20 23:10:25,9298.62,3,2,2
4301,2025-03-09 18:18:37,9583.11,5,19,2
4302,2024-06-26 05:33:10,17272.11,4,8,49
4303,2023-10-31 13:21:23,13827.83,3,17,13
4304,2024-06-06 21:29:32,10977.85,3,12,2
4305,2025-01-15 03:40:13,9497.23,4,8,2
4306,2025-03-17 01:35:34,11456.73,4,18,2
4307,2025-04-22 14:41:47,11551.07,1,5,2
4308,2025-02-14 10:40:53,5997.32,1,10,3
4309,2024-03-24 11:16:14,16916.16,3,17,3
4310,2024-02-18 14:03:55,14837.35,5,19,2
4311,2024-11-23 06:54:47,25030.68,2,6,2
4312,2024-01-12 07:32:27,333.68,2,1,8
4313,2024-03-17 05:52:48,3384.01,3,2,2
4314,2023-06-22 13:17:28,11765.41,4,18,2
4315,2023-12-02 04:15:31,5089.61,5,19,2
4316,2023-09-27 20:07:15,698.70,5,19,11
4317,2023-10-30 00:15:54,16475.66,5,19,11
4318,2024-12-26 00:32:11,5900.20,1,15,43
4319,2025-02-20 07:49:15,5279.41,5,24,22
4320,2025-03-26 22:10:00,1777.32,2,11,4
4321,2024-04-01 03:33:14,3460.30,3,7,2
4322,2024-01-19 19:27:03,12136.18,1,15,4
4323,2023-06-19 05:37:16,2325.12,1,20,3
4324,2025-04-15 21:50:14,5602.43,1,20,23
4325,2024-10-18 12:43:46,10377.06,3,22,2
4326,2023-12-23 15:34:19,2379.36,3,17,2
4327,2025-05-11 06:12:10,12525.97,5,19,2
4328,2024-08-08 07:17:02,1080.77,2,21,4
4329,2024-10-21 04:29:18,202.46,4,3,2
4330,2024-10-06 07:03:10,6157.49,4,23,2
4331,2024-09-05 00:45:18,17033.60,5,19,2
4332,2024-11-14 08:10:34,8749.81,3,22,2
4333,2024-07-25 10:57:10,15028.39,4,23,2
4334,2023-11-05 12:01:44,3487.17,1,25,2
4335,2025-04-29 14:36:02,2874.49,5,4,11
4336,2023-07-21 01:12:36,10729.74,2,6,2
4337,2023-08-07 03:41:12,7852.52,3,22,3
4338,2024-04-27 12:14:23,3007.70,4,3,3
4339,2023-06-30 00:37:10,12137.53,2,11,2
4340,2024-09-02 08:47:41,16057.27,4,23,2
4341,2024-07-26 05:44:11,14184.88,5,9,5
4342,2024-12-19 22:22:59,10176.68,2,6,2
4343,2024-12-12 03:32:20,1460.17,3,7,2
4344,2024-03-10 17:56:08,19443.81,5,14,6
4345,2024-07-11 05:46:41,14901.83,1,5,3
4346,2024-02-25 18:03:38,5638.69,5,19,2
4347,2023-12-26 23:19:16,2021.60,1,20,3
4348,2023-11-26 15:59:02,12443.21,2,11,403
4349,2023-09-09 16:44:16,1023.96,5,14,2
4350,2024-02-29 23:35:49,8663.88,4,8,2
4351,2024-01-28 17:27:40,12350.63,1,5,10
4352,2024-04-20 00:12:14,2038.18,4,23,2
4353,2023-07-12 07:53:07,4030.10,3,22,9
4354,2024-12-29 20:09:10,9425.16,4,8,3
4355,2024-08-04 02:37:19,463.96,4,3,2
4356,2024-12-03 11:33:34,8064.49,5,24,3
4357,2023-05-31 15:04:34,8205.37,2,16,3
4358,2023-08-15 02:19:02,5516.91,3,12,2
4359,2025-04-13 23:19:25,487.11,1,10,2
4360,2025-03-30 13:51:57,2559.90,1,5,38
4361,2025-03-19 22:48:04,8457.23,5,4,2
4362,2024-04-25 18:02:39,6201.15,3,7,3
4363,2025-01-07 13:59:10,20361.04,1,10,2
4364,2025-04-30 11:57:35,1594.60,1,20,4
4365,2024-08-29 06:37:49,1196.86,3,2,2
4366,2024-04-06 09:22:15,1933.73,1,5,2
4367,2023-07-11 14:11:08,3980.68,4,8,3
4368,2024-08-13 20:57:34,13440.45,5,9,2
4369,2025-01-18 11:24:59,6899.39,2,21,2
4370,2024-07-30 16:18:59,19036.93,2,1,2
4371,2023-12-20 12:47:13,5584.68,1,25,3
4372,2025-04-24 12:34:53,13306.12,4,3,11
4373,2023-06-13 07:40:57,7530.47,1,15,2
4374,2023-07-02 21:11:27,10155.66,4,18,2
4375,2024-04-19 14:12:27,13620.45,3,17,2
4376,2024-01-30 21:44:39,7601.28,2,1,2
4377,2025-02-12 19:00:40,2163.78,5,4,2
4378,2024-05-06 12:56:32,4154.06,2,21,6
4379,2025-04-25 21:35:50,2155.50,5,9,2
4380,2024-06-07 04:35:26,7479.56,5,4,2
4381,2024-09-25 17:21:17,8644.89,2,11,3
4382,2025-04-26 19:31:14,9973.85,5,24,2
4383,2023-11-10 13:20:34,13951.82,5,14,2
4384,2024-10-24 04:13:21,12618.05,1,15,5
4385,2023-08-03 09:26:01,12117.83,1,5,6
4386,2024-06-12 12:24:34,7381.66,4,18,4
4387,2025-03-01 08:48:57,5373.76,4,8,2
4388,2024-10-05 22:31:26,8276.03,1,25,2
4389,2023-10-25 22:30:39,2315.41,1,15,2
4390,2024-02-15 08:44:03,3334.34,4,3,5
4391,2024-06-19 14:36:36,6067.92,3,17,2
4392,2023-11-15 01:17:45,12137.93,5,4,2
4393,2023-08-24 07:12:04,14898.31,2,11,3
4394,2024-04-03 09:06:48,10845.93,3,17,2
4395,2024-08-28 22:51:25,8686.18,3,12,2
4396,2024-01-19 18:36:50,811.36,5,14,3
4397,2025-03-09 06:01:34,3492.28,1,20,3
4398,2023-12-04 16:07:29,5818.85,5,4,2
4399,2024-03-14 01:31:18,7069.61,5,4,2
4400,2023-10-15 20:38:33,14260.09,4,18,4
4401,2024-05-31 07:41:05,7677.49,1,15,5
4402,2024-06-03 17:58:06,20072.12,2,16,2
4403,2024-01-19 12:13:43,10887.27,5,9,4
4404,2023-11-22 09:16:15,9883.40,1,5,2
4405,2023-11-18 05:54:03,3544.08,2,1,2
4406,2024-09-29 15:57:43,5701.36,4,8,3
4407,2025-02-27 19:08:17,11453.51,4,23,3
4408,2023-11-20 14:47:38,10569.69,3,7,3
4409,2024-08-02 13:18:09,11126.23,4,8,8
4410,2023-09-12 16:14:20,8672.94,4,3,2
4411,2023-12-09 16:16:29,12423.10,2,1,3
4412,2025-05-09 20:29:51,7715.34,3,7,10
4413,2025-03-13 22:36:36,12838.80,4,23,22
4414,2023-12-19 07:45:27,12796.66,5,19,3
4415,2024-06-06 22:42:09,5380.04,4,18,2
4416,2023-11-13 08:58:26,11805.78,5,19,3
4417,2024-01-02 02:26:56,11756.40,3,17,2
4418,2024-08-01 11:05:33,2425.34,2,11,11
4419,2025-05-20 17:57:07,12246.70,3,7,2
4420,2024-12-05 03:48:52,5426.81,5,24,2
4421,2025-01-17 11:15:13,838.02,3,17,3
4422,2023-06-22 05:04:29,2464.65,2,1,4
4423,2024-02-09 17:27:23,4298.93,3,2,2
4424,2023-10-18 09:03:13,7675.78,2,21,2
4425,2024-01-26 02:34:42,724.46,2,16,2
4426,2024-01-27 23:40:14,5161.04,1,25,2
4427,2024-04-15 08:01:01,5554.55,5,14,2
4428,2024-02-22 23:51:07,12879.63,3,17,7
4429,2023-08-08 19:48:09,7456.16,3,12,2
4430,2024-02-03 02:39:11,3571.90,4,13,2
4431,2023-11-19 18:16:28,23376.57,1,25,2
4432,2024-08-04 18:55:35,1765.40,2,21,2
4433,2024-01-03 13:18:00,3964.46,5,19,3
4434,2024-01-02 12:42:25,9257.84,1,15,2
4435,2023-09-28 19:06:55,10600.89,4,3,6
4436,2024-04-24 11:21:17,11428.98,5,19,2
4437,2023-10-30 14:00:32,12873.00,5,19,3
4438,2025-05-16 02:18:16,5242.21,2,1,2
4439,2025-05-07 02:29:46,7213.81,5,24,2
4440,2023-10-16 06:55:19,13400.08,1,15,2
4441,2023-06-29 02:08:47,17118.69,5,24,2
4442,2024-11-07 10:09:28,11733.58,4,8,2
4443,2024-02-11 12:43:17,13704.63,2,21,2
4444,2024-11-16 03:47:43,12991.41,4,23,2
4445,2023-08-10 07:23:56,5872.89,2,6,7
4446,2023-09-25 08:39:41,12018.06,1,25,2
4447,2023-11-22 02:24:01,1817.13,1,20,3
4448,2025-04-17 09:48:39,13334.12,2,6,2
4449,2023-10-24 00:48:41,13028.62,4,3,2
4450,2024-05-02 16:08:04,4762.06,3,2,2
4451,2023-11-15 03:54:14,13733.10,5,14,5
4452,2024-10-02 16:19:33,3799.61,3,22,2
4453,2024-10-01 13:31:18,8474.24,3,7,2
4454,2024-06-26 01:00:05,8866.25,2,6,7
4455,2024-12-06 06:16:54,11307.45,2,21,2
4456,2023-10-06 22:10:30,11534.49,1,25,2
4457,2024-05-14 11:06:09,1594.41,5,9,2
4458,2023-06-03 06:56:36,5483.61,1,20,2
4459,2023-12-05 06:31:22,9292.95,1,5,9
4460,2023-10-15 15:12:16,11198.00,4,13,3
4461,2024-05-29 07:35:27,14333.41,2,16,2
4462,2024-10-01 20:45:37,4433.38,4,18,4
4463,2024-01-08 09:13:03,13363.05,5,14,11
4464,2025-04-06 00:56:18,17378.46,2,6,2
4465,2025-04-05 18:37:10,5906.86,2,6,2
4466,2023-07-04 14:24:46,10247.13,2,11,2
4467,2025-02-27 13:01:30,4205.77,3,2,2
4468,2023-09-14 07:24:13,4839.98,2,1,2
4469,2024-07-16 03:54:22,1189.94,5,14,2
4470,2024-09-20 14:20:30,20868.72,5,24,2
4471,2023-11-29 23:14:12,14958.71,4,3,5
4472,2023-12-19 07:12:04,15644.41,2,1,4
4473,2024-11-19 01:26:16,4430.10,4,8,23
4474,2024-06-25 04:24:15,7402.94,1,5,32
4475,2023-08-23 22:15:27,13260.65,3,2,4
4476,2025-03-27 04:51:12,7961.65,3,12,2
4477,2023-09-10 08:37:40,13452.47,5,14,2
4478,2023-12-21 01:13:55,11516.23,1,25,2
4479,2023-11-27 15:57:53,3479.91,4,18,3
4480,2023-08-25 21:29:38,10920.72,3,7,3
4481,2024-04-06 12:26:49,7410.99,3,12,3
4482,2024-02-09 20:52:02,3984.15,5,14,37
4483,2023-07-25 01:59:16,1028.32,1,5,2
4484,2023-10-18 14:28:21,10726.02,3,7,2
4485,2024-11-11 11:06:50,11448.65,2,11,4
4486,2024-05-16 17:59:44,20024.65,5,24,4
4487,2023-07-30 21:51:17,11201.36,1,15,2
4488,2024-09-22 14:42:12,8503.38,1,15,2
4489,2024-07-09 14:58:47,8368.84,5,14,2
4490,2025-05-15 22:41:20,6174.67,1,5,5
4491,2024-12-02 07:37:12,6089.37,5,9,2
4492,2023-07-31 08:28:26,383.23,1,10,5
4493,2024-05-01 07:35:48,3649.71,4,18,2
4494,2024-03-19 04:09:38,11594.39,4,23,2
4495,2023-08-29 05:43:39,16235.69,5,14,2
4496,2025-03-13 17:05:32,14781.79,3,17,2
4497,2024-08-18 18:31:37,8564.30,3,2,2
4498,2023-08-08 13:42:55,10685.15,5,14,2
4499,2024-01-24 17:02:57,11114.11,4,13,3
4500,2023-07-26 13:53:09,162.37,1,10,2
4501,2023-08-12 05:15:42,14092.90,5,4,2
4502,2025-02-05 11:42:22,4480.85,4,8,2
4503,2025-03-30 02:39:39,8170.16,5,24,2
4504,2025-02-17 05:35:10,9249.58,3,7,4
4505,2025-02-22 17:12:59,1119.16,1,5,3
4506,2024-07-18 15:22:31,918.90,5,9,2
4507,2023-12-26 22:10:31,1909.06,1,5,2
4508,2025-04-14 14:39:01,12153.66,3,2,2
4509,2024-09-08 08:08:07,2924.32,3,22,2
4510,2024-12-14 05:48:59,670.36,5,24,2
4511,2023-10-19 19:59:28,3134.91,4,23,5
4512,2024-06-27 01:12:32,11191.32,2,21,25
4513,2024-05-02 16:48:56,11624.57,4,3,4
4514,2024-11-22 09:19:27,11865.38,5,24,2
4515,2023-06-21 15:35:08,7837.90,5,19,4
4516,2024-10-16 01:33:40,14163.07,4,18,5
4517,2023-08-09 15:06:33,21148.25,2,11,6
4518,2025-01-29 19:40:49,5723.54,3,17,2
4519,2023-11-19 16:00:57,20703.76,1,25,2
4520,2024-04-12 03:07:38,14207.47,1,20,5
4521,2024-04-12 17:39:22,1216.30,1,20,2
4522,2024-03-07 02:46:44,1149.69,1,5,2
4523,2024-03-31 18:30:30,12979.68,2,11,74
4524,2024-03-08 04:47:53,2011.89,1,5,2
4525,2024-01-09 07:41:51,10175.64,3,2,5
4526,2023-09-20 04:52:27,7987.30,2,1,2
4527,2025-02-19 18:14:00,9523.63,5,9,4
4528,2024-09-06 02:55:29,7665.15,2,6,2
4529,2025-05-09 16:45:20,19362.40,3,17,2
4530,2024-06-20 19:14:34,11900.11,5,4,23
4531,2025-01-14 12:38:08,10667.64,5,9,4
4532,2024-02-29 02:40:15,9968.02,1,20,2
4533,2024-07-07 21:24:51,7811.08,4,8,7
4534,2024-04-03 13:59:43,12229.49,2,21,2
4535,2024-10-22 08:36:10,8572.72,5,24,2
4536,2024-04-01 18:24:36,7995.88,2,11,3
4537,2025-04-14 23:13:47,14889.08,1,10,7
4538,2025-01-20 10:24:39,1624.62,1,20,8
4539,2024-08-05 03:32:42,9713.97,2,21,2
4540,2025-04-21 11:31:32,6029.37,3,12,17
4541,2024-07-31 22:11:08,7322.79,4,8,3
4542,2024-10-10 19:39:56,1208.02,1,25,2
4543,2023-07-25 21:30:23,12195.43,3,22,4
4544,2023-10-10 04:14:16,556.75,2,21,20
4545,2025-01-27 04:14:09,11451.98,2,16,2
4546,2024-06-26 17:57:37,5036.34,4,8,2
4547,2024-04-18 15:42:03,727.80,2,16,2
4548,2024-09-19 13:15:06,12060.55,2,11,3
4549,2023-07-09 14:25:30,982.62,4,18,2
4550,2024-05-20 00:25:36,314.16,5,9,3
4551,2025-05-08 01:46:53,15107.45,4,13,12
4552,2023-07-25 18:34:50,10254.17,2,21,2
4553,2025-02-23 12:19:29,15359.27,1,25,2
4554,2023-12-25 14:51:01,3857.90,1,15,2
4555,2025-01-07 06:42:41,9686.43,5,19,2
4556,2024-06-21 17:20:40,8455.60,3,7,3
4557,2023-12-20 09:31:28,1712.08,2,1,2
4558,2023-11-08 12:50:18,9205.44,2,21,6
4559,2023-10-05 04:00:33,9001.47,1,25,7
4560,2024-11-01 10:38:50,8111.45,1,10,7
4561,2023-08-23 19:24:29,6362.82,3,2,3
4562,2024-05-06 22:31:40,12035.55,1,20,2
4563,2023-07-15 21:43:13,4748.07,1,10,2
4564,2025-02-28 15:36:39,1538.62,4,8,3
4565,2023-09-22 04:32:09,7207.62,4,13,3
4566,2024-11-23 11:58:30,12107.15,1,5,2
4567,2024-03-20 01:02:48,3003.14,3,7,7
4568,2024-07-23 00:54:46,12588.81,4,8,2
4569,2023-05-25 01:14:21,12164.81,1,25,2
4570,2023-10-03 17:20:16,1655.33,1,5,8
4571,2023-05-26 04:52:35,4068.54,1,25,2
4572,2024-12-25 09:16:58,10370.39,2,1,3
4573,2025-03-02 04:21:53,10377.90,1,5,4
4574,2025-04-24 14:14:33,16458.52,4,8,2
4575,2023-06-07 10:54:39,387.60,2,11,5
4576,2025-04-20 19:48:34,10669.07,3,2,7
4577,2025-01-16 05:35:43,9123.01,3,17,8
4578,2023-09-28 19:10:45,227.09,5,14,2
4579,2025-05-17 21:15:04,6417.88,1,5,2
4580,2024-12-11 07:11:29,11024.94,1,5,11
4581,2024-12-02 18:24:45,8986.98,2,11,2
4582,2025-02-13 18:14:26,454.23,4,3,3
4583,2023-06-19 18:14:06,7349.24,1,15,2
4584,2023-08-30 17:26:57,12926.58,4,23,2
4585,2025-01-11 21:09:34,10843.92,3,17,2
4586,2024-10-20 18:02:40,6277.06,5,14,2
4587,2023-11-28 22:47:50,7469.87,5,14,2
4588,2024-05-09 07:09:58,7993.71,1,5,2
4589,2024-06-03 18:58:21,13225.05,1,10,2
4590,2024-12-25 04:01:41,232.90,1,20,2
4591,2024-06-18 13:59:13,9473.54,4,23,2
4592,2024-05-30 11:01:45,5852.60,3,22,10
4593,2023-12-12 09:16:10,17976.01,5,9,2
4594,2025-02-01 06:43:46,15960.11,5,19,3
4595,2025-01-12 23:53:27,7321.14,3,22,2
4596,2024-03-04 00:28:29,8096.56,4,8,2
4597,2024-01-03 10:51:05,8506.76,5,24,4
4598,2024-06-19 01:54:19,811.85,2,11,2
4599,2025-03-01 19:28:37,10064.14,2,6,4
4600,2025-03-30 02:05:34,3711.19,2,16,9
4601,2024-12-30 20:51:02,5888.19,3,2,2
4602,2025-02-28 09:51:07,6251.68,2,1,2
4603,2023-08-15 14:50:28,982.04,3,22,3
4604,2025-05-21 08:57:02,5757.68,2,11,7
4605,2024-12-11 02:52:41,17894.60,3,17,8
4606,2024-01-04 09:58:28,4972.57,5,19,2
4607,2025-03-25 09:57:04,4952.13,5,9,3
4608,2024-05-22 03:24:30,15832.86,5,24,3
4609,2024-12-09 00:04:38,3571.90,4,18,2
4610,2025-02-11 13:31:22,17218.97,4,18,4
4611,2024-06-06 22:31:16,7127.59,4,18,3
4612,2023-06-18 09:41:22,3617.78,4,23,26
4613,2025-03-03 18:53:24,4697.60,2,21,2
4614,2024-08-01 19:41:52,5458.92,5,19,4
4615,2024-05-14 05:20:03,1853.00,2,6,11
4616,2024-06-25 04:49:35,24894.60,4,23,2
4617,2023-11-06 05:15:31,7052.45,4,3,2
4618,2024-01-06 01:08:24,22523.64,5,4,6
4619,2023-12-07 22:02:18,3942.70,2,16,2
4620,2024-06-18 14:13:31,1622.91,5,19,2
4621,2023-09-10 19:41:36,10305.43,1,15,3
4622,2025-01-22 12:45:44,11664.93,3,22,3
4623,2024-01-21 06:05:52,7400.63,1,10,2
4624,2025-04-29 19:39:37,11834.15,1,15,2
4625,2024-12-22 10:24:07,11054.54,5,4,2
4626,2024-11-28 08:15:47,8666.27,3,22,2
4627,2024-04-07 23:00:07,13109.08,3,7,85
4628,2023-07-12 02:29:12,3304.43,3,12,2
4629,2024-11-05 02:45:37,9400.69,3,7,5
4630,2025-05-20 17:48:05,1661.92,2,21,2
4631,2025-01-17 13:55:55,10263.73,2,6,2
4632,2024-12-12 05:57:21,577.77,5,24,3
4633,2023-06-29 19:49:26,8952.72,5,4,2
4634,2025-03-29 16:04:47,9578.85,5,19,2
4635,2025-01-09 12:48:26,1586.24,2,1,2
4636,2025-03-29 11:59:22,5626.61,2,21,2
4637,2023-12-17 08:36:29,8669.67,3,2,2
4638,2024-05-23 21:12:45,1703.15,2,21,260
4639,2023-12-02 07:55:55,7553.03,2,11,2
4640,2024-12-01 21:02:14,5590.78,2,11,4
4641,2024-10-20 14:52:30,13978.43,4,3,2
4642,2025-02-12 07:00:01,2314.01,1,20,2
4643,2025-03-15 18:11:26,2530.71,3,17,2
4644,2025-03-17 22:26:50,13629.18,4,8,2
4645,2025-02-12 18:02:16,8388.66,5,14,5
4646,2023-05-25 17:10:49,12209.43,3,17,4
4647,2023-12-24 17:46:40,17720.37,3,2,5
4648,2025-04-30 01:44:49,1784.83,4,18,2
4649,2023-10-15 09:39:13,7238.60,1,15,3
4650,2025-05-11 06:22:42,4668.42,4,8,2
4651,2023-05-27 12:13:59,17598.63,3,17,14
4652,2025-02-23 11:50:17,7989.80,2,11,5
4653,2023-10-21 20:56:44,9911.26,3,12,4
4654,2023-06-09 16:05:29,4400.74,1,10,2
4655,2024-08-09 10:07:58,10845.08,5,24,2
4656,2025-03-17 15:00:20,1485.68,4,18,7
4657,2024-05-30 17:39:42,18827.66,5,4,2
4658,2023-09-25 13:23:24,11927.42,1,25,5
4659,2024-08-18 02:59:52,6441.78,5,19,2
4660,2023-11-21 07:18:43,10772.66,4,13,3
4661,2024-06-30 18:43:12,12501.75,2,11,2
4662,2023-07-19 19:03:56,6835.50,3,12,2
4663,2025-01-01 09:54:53,1396.84,3,17,2
4664,2023-07-02 02:08:16,1425.90,1,20,2
4665,2024-03-02 16:07:50,10341.54,2,6,2
4666,2024-01-26 23:11:04,13041.33,5,24,2
4667,2024-02-13 07:10:41,7058.30,3,7,6
4668,2024-09-16 02:09:54,9627.80,3,22,18
4669,2024-05-26 14:42:19,8470.28,2,6,3
4670,2024-11-16 15:55:05,19182.42,1,25,2
4671,2023-07-24 08:45:40,16967.69,5,24,2
4672,2024-07-29 10:48:38,9080.69,1,10,2
4673,2023-12-20 21:16:02,878.62,1,25,2
4674,2023-06-17 23:43:33,17088.10,1,20,3
4675,2025-01-04 01:24:27,10970.41,2,1,5
4676,2023-07-06 13:45:37,14398.83,5,4,2
4677,2023-12-19 21:45:56,9567.07,3,12,2
4678,2025-01-09 06:29:11,10948.28,4,23,3
4679,2024-06-07 00:07:43,12284.91,5,4,2
4680,2024-05-16 21:43:45,11968.21,4,3,2
4681,2025-01-20 07:42:59,8917.93,1,5,7
4682,2024-02-10 00:07:45,7238.44,3,12,2
4683,2025-03-16 03:14:52,3122.19,5,4,2
4684,2024-11-11 01:05:46,7193.36,5,4,5
4685,2024-07-24 11:37:06,7658.84,5,19,2
4686,2024-02-23 23:57:52,9350.63,2,11,2
4687,2023-05-30 00:47:48,12346.51,4,13,3
4688,2023-06-29 21:53:14,6583.64,1,25,7
4689,2023-10-30 06:01:52,12851.61,5,9,2
4690,2023-07-14 07:13:41,10228.64,2,6,2
4691,2024-10-03 22:22:33,6449.12,1,5,2
4692,2024-05-22 20:56:11,13088.05,3,2,2
4693,2023-10-08 00:40:02,10718.06,5,19,2
4694,2023-09-17 00:41:55,4109.10,1,15,5
4695,2024-05-19 14:05:00,6372.50,1,20,2
4696,2023-05-25 10:14:14,6221.85,1,25,2
4697,2025-02-12 01:30:25,7356.72,1,10,2
4698,2024-11-27 01:37:39,7935.26,1,25,2
4699,2024-12-29 14:05:51,4987.55,4,8,2
4700,2024-11-10 11:02:13,10844.22,3,2,2
4701,2023-08-02 02:49:31,6020.20,4,18,2
4702,2024-05-07 19:32:32,1762.68,2,1,2
4703,2023-09-25 14:09:10,8308.56,4,3,3
4704,2024-09-09 18:48:11,7333.39,1,5,2
4705,2025-04-19 20:55:14,9250.09,4,23,2
4706,2023-11-17 17:18:19,20539.71,5,9,10
4707,2023-11-04 16:54:54,18035.00,5,14,2
4708,2023-06-18 10:59:17,12147.58,5,14,3
4709,2024-01-13 22:36:56,11661.91,5,14,4
4710,2024-12-20 01:22:09,4787.84,5,4,15
4711,2023-12-18 13:46:49,2497.86,2,21,2
4712,2023-11-03 07:47:46,8383.29,5,14,3
4713,2025-02-21 02:21:14,17041.97,4,18,2
4714,2024-03-24 21:52:10,18868.30,2,1,2
4715,2025-03-05 21:08:50,769.42,2,11,2
4716,2024-09-17 10:30:30,15697.17,5,14,30
4717,2024-03-25 00:32:53,3190.34,4,8,9
4718,2024-10-28 05:19:16,5945.61,4,8,19
4719,2024-08-25 10:01:36,10507.83,5,19,2
4720,2024-01-29 21:54:23,1520.02,3,12,3
4721,2024-10-13 02:17:19,5427.00,2,6,3
4722,2024-01-08 15:01:14,4117.40,5,4,2
4723,2024-08-10 18:48:21,3907.07,5,24,2
4724,2024-11-30 06:49:42,18639.97,3,2,3
4725,2024-01-02 21:05:43,973.04,1,5,2
4726,2024-06-04 20:06:45,8090.03,2,11,3
4727,2023-09-09 14:40:24,3894.13,1,10,2
4728,2024-04-20 15:06:19,11749.15,5,9,22
4729,2023-07-19 12:13:58,6217.83,5,14,4
4730,2025-02-10 12:14:32,5235.63,5,14,2
4731,2023-07-03 18:34:05,7925.69,4,8,2
4732,2024-08-15 11:25:26,14552.18,2,21,3
4733,2023-06-16 20:19:02,7040.14,3,7,2
4734,2023-06-05 20:57:36,15252.40,4,8,3
4735,2023-11-15 03:43:13,10797.18,5,19,2
4736,2024-07-27 23:00:20,4322.83,4,23,19
4737,2024-11-01 01:56:41,10338.26,5,24,2
4738,2024-09-24 19:11:38,6117.82,5,4,7
4739,2024-10-27 17:50:46,10372.94,1,15,7
4740,2023-10-14 10:46:30,4137.38,5,14,2
4741,2024-04-23 15:37:44,9757.14,3,7,2
4742,2023-07-14 20:48:38,14414.34,1,5,8
4743,2023-09-27 08:01:42,1460.47,3,17,2
4744,2023-08-26 04:40:01,4001.18,1,5,2
4745,2024-08-08 23:37:21,1405.18,1,15,2
4746,2023-06-27 07:10:27,9389.40,1,20,19
4747,2024-08-21 17:53:30,6036.87,3,7,2
4748,2025-02-05 05:25:49,10105.41,5,9,2
4749,2024-05-15 08:03:08,9313.41,5,14,2
4750,2025-04-03 21:56:12,8902.91,1,15,5
4751,2023-09-15 19:53:27,1445.98,2,6,2
4752,2024-06-21 04:13:20,2887.03,4,8,5
4753,2024-02-26 13:01:31,6884.42,1,25,5
4754,2024-03-20 10:37:42,3028.55,5,24,5
4755,2024-01-13 11:16:52,6242.96,3,2,2
4756,2024-07-24 21:24:16,10522.55,3,22,2
4757,2024-01-31 10:07:32,5470.15,1,15,2
4758,2025-04-17 20:40:43,6681.67,5,9,15
4759,2024-05-24 01:40:40,10468.63,5,4,5
4760,2023-09-15 21:56:34,1478.18,2,6,13
4761,2024-03-27 16:42:32,4150.84,5,4,4
4762,2024-06-10 09:19:44,7142.08,2,6,2
4763,2024-07-03 19:28:35,15434.56,1,15,2
4764,2024-08-18 09:00:00,4896.77,5,19,3
4765,2024-03-28 16:56:02,1104.12,2,6,2
4766,2025-05-19 14:42:13,3344.40,3,7,2
4767,2025-02-22 02:42:23,9321.82,3,12,99
4768,2024-09-10 09:01:22,1532.92,4,8,2
4769,2023-12-05 13:29:26,1742.34,5,14,3
4770,2025-01-20 09:35:11,3585.17,4,13,5
4771,2023-11-30 11:30:53,19551.43,1,20,2
4772,2024-05-20 08:33:32,8416.02,2,6,2
4773,2023-11-30 13:47:59,10028.19,5,24,9
4774,2023-10-01 02:05:02,3570.56,4,23,2
4775,2024-09-04 09:13:12,3156.58,4,8,3
4776,2024-02-01 13:12:04,6317.59,4,3,2
4777,2024-05-10 03:42:22,14754.35,4,13,2
4778,2023-08-27 16:11:46,7922.31,4,18,2
4779,2023-11-13 06:17:47,9527.84,3,2,14
4780,2023-08-12 21:22:27,2689.13,2,16,5
4781,2025-04-20 11:57:44,3068.62,5,24,4
4782,2024-11-18 01:54:47,16067.98,3,22,6
4783,2023-08-04 02:57:06,7253.76,1,20,2
4784,2025-04-29 07:41:05,3413.88,2,1,2
4785,2024-03-23 04:43:06,14300.71,4,3,2
4786,2023-06-24 20:07:20,8341.77,1,15,49
4787,2024-12-15 02:09:29,3484.68,1,25,6
4788,2023-09-05 07:14:13,6197.97,3,22,2
4789,2023-08-20 01:01:29,8909.59,3,7,2
4790,2023-09-23 06:07:55,12403.61,4,18,2
4791,2024-03-24 02:02:11,8374.67,3,17,2
4792,2025-01-18 20:21:35,12694.56,5,24,10
4793,2024-01-30 22:19:27,610.93,2,21,2
4794,2023-07-28 07:48:23,3008.48,1,5,2
4795,2024-07-15 18:18:17,12414.21,2,1,2
4796,2023-07-30 16:57:12,6048.73,5,9,72
4797,2023-12-14 21:38:35,7261.45,3,12,2
4798,2025-02-15 03:40:44,15884.06,4,3,2
4799,2024-04-20 06:28:20,3570.53,5,24,3
4800,2024-01-24 08:05:17,2443.72,5,9,4
4801,2024-06-28 04:18:04,243.26,4,23,2
4802,2023-10-07 07:33:33,3992.77,5,4,2
4803,2023-08-17 17:19:53,11271.91,3,17,2
4804,2025-03-25 01:07:31,6153.22,3,12,695
4805,2024-12-05 06:59:29,8155.33,1,10,4
4806,2024-06-14 14:51:27,13349.10,1,10,3
4807,2023-10-19 17:04:22,5382.91,1,20,2
4808,2023-11-06 19:27:44,2112.87,4,13,3
4809,2025-02-04 06:18:40,1396.90,3,22,3
4810,2024-12-14 21:15:55,20010.18,4,18,2
4811,2023-06-22 10:53:05,12902.21,3,17,2
4812,2024-09-13 09:21:35,1357.28,4,8,5
4813,2025-04-28 05:20:20,14405.38,2,11,17
4814,2024-01-24 08:59:56,11572.89,5,9,2
4815,2024-08-02 17:04:41,14161.89,1,20,3
4816,2023-06-02 02:46:21,1722.96,5,24,2
4817,2024-05-19 12:45:26,14492.85,2,6,2
4818,2024-03-14 23:08:46,8771.62,3,2,2
4819,2025-03-03 04:09:15,457.14,3,17,4
4820,2023-09-04 17:24:05,8946.02,5,9,9
4821,2025-05-10 22:40:50,11489.97,5,4,2
4822,2024-09-04 20:58:54,11472.29,2,1,2
4823,2025-01-07 07:42:13,9792.42,2,16,7
4824,2024-08-23 14:42:26,13509.63,5,19,4
4825,2024-10-04 03:42:05,9308.73,3,17,2
4826,2024-01-25 00:49:36,17449.01,4,13,4
4827,2025-03-22 09:38:28,4152.40,4,13,2
4828,2024-04-17 17:15:22,12215.84,3,7,2
4829,2024-05-06 23:40:53,183.10,5,9,3
4830,2024-01-31 00:06:14,6933.40,3,17,35
4831,2024-11-06 00:14:50,16298.39,4,13,11
4832,2025-03-13 22:40:00,15518.53,3,22,2
4833,2023-12-09 22:18:50,8025.90,4,23,11
4834,2024-04-04 22:48:49,15925.38,1,20,3
4835,2023-09-14 17:40:01,2696.44,5,14,6
4836,2025-02-12 11:07:51,12398.64,5,4,6
4837,2025-04-27 07:15:03,6051.56,1,20,2
4838,2023-06-11 07:48:11,19995.08,1,5,2
4839,2024-08-11 05:39:41,8355.25,1,20,3
4840,2023-12-20 19:41:20,8111.44,5,19,2
4841,2023-12-26 15:15:01,11486.80,5,19,2
4842,2023-09-23 18:43:48,18399.34,5,14,8
4843,2023-10-18 14:28:24,9368.73,3,22,6
4844,2025-01-26 20:33:30,7964.71,5,14,2
4845,2023-05-26 12:19:35,5520.86,2,1,2
4846,2025-03-03 08:54:55,9697.24,4,3,2
4847,2024-09-06 19:57:08,6086.51,4,13,2
4848,2024-04-22 05:49:54,8674.46,3,12,5
4849,2025-02-12 06:52:41,6843.87,2,6,2
4850,2025-02-07 08:19:37,2502.96,1,20,3
4851,2023-11-05 20:22:26,15319.75,5,9,2
4852,2024-10-22 00:13:43,12131.45,3,2,2
4853,2024-05-15 23:03:22,6409.17,2,6,2
4854,2025-01-04 07:48:56,8194.85,2,6,3
4855,2025-04-17 18:31:25,14263.16,4,13,2
4856,2023-07-09 22:07:51,6411.26,2,21,2
4857,2025-02-16 01:31:49,4027.07,5,24,2
4858,2025-05-08 23:28:49,19274.05,4,18,2
4859,2024-02-07 15:29:19,7231.50,3,17,2
4860,2023-11-02 06:10:41,5624.84,2,11,11
4861,2023-09-06 21:22:28,2805.12,2,6,2
4862,2025-04-14 06:57:38,8895.53,3,7,2
4863,2023-10-11 01:46:54,8593.31,1,10,2
4864,2024-06-27 19:51:23,7898.92,4,8,13
4865,2024-05-20 10:53:14,2313.32,4,8,3
4866,2024-01-26 18:28:11,15062.69,5,14,2
4867,2024-12-28 00:41:50,15964.82,5,14,2
4868,2024-09-18 17:21:08,7235.87,1,20,5
4869,2025-05-15 00:05:29,15341.00,3,22,2
4870,2024-04-27 11:59:45,7164.11,2,21,2
4871,2023-06-29 17:18:44,5315.68,3,2,3
4872,2024-09-07 21:08:30,8123.10,1,15,2
4873,2024-11-24 17:15:59,12952.59,4,3,2
4874,2025-05-20 19:44:48,2322.60,2,6,2
4875,2024-06-21 03:07:58,3654.28,5,24,2
4876,2024-11-26 16:02:54,990.42,3,7,2
4877,2024-10-05 18:54:08,4271.11,3,17,2
4878,2024-08-04 21:37:31,9906.32,5,19,2
4879,2025-04-22 15:59:37,10710.33,4,3,2
4880,2024-09-23 06:53:08,6086.06,5,14,5
4881,2025-04-24 15:44:02,9535.80,2,21,4
4882,2024-12-09 13:12:27,8804.74,3,22,2
4883,2024-11-05 18:36:30,2398.32,1,10,2
4884,2025-04-01 00:44:49,7619.60,4,8,2
4885,2023-06-21 16:49:27,9433.22,4,18,2
4886,2023-08-10 21:01:03,5860.08,1,25,3
4887,2024-02-09 05:32:56,13985.90,2,11,2
4888,2023-12-12 03:47:17,101.20,4,23,3
4889,2024-06-28 04:54:29,2893.87,3,17,20
4890,2024-07-05 23:58:58,6177.45,4,18,2
4891,2023-11-05 20:05:48,101.20,3,7,2
4892,2024-10-30 12:53:16,2535.60,5,19,2
4893,2023-08-28 07:15:41,13874.25,1,15,2
4894,2025-05-06 19:04:09,5152.18,3,22,2
4895,2024-11-12 14:43:06,4492.93,3,2,11
4896,2024-08-28 07:03:31,11790.26,4,18,2
4897,2024-03-28 17:33:11,7013.96,2,6,2
4898,2024-06-22 15:10:12,15670.42,2,11,2
4899,2023-10-10 23:23:42,4690.65,4,18,2
4900,2023-12-11 11:49:15,6585.38,3,17,7
4901,2024-04-14 17:51:39,7213.86,3,2,4
4902,2024-08-05 20:17:43,12535.66,4,18,2
4903,2023-08-06 19:48:19,12393.38,3,17,2
4904,2025-05-11 01:09:17,7574.96,4,8,2
4905,2024-04-14 15:06:33,9642.24,4,13,2
4906,2023-07-29 07:27:34,22620.63,1,20,2
4907,2023-12-17 06:21:10,8293.02,1,15,3
4908,2024-09-25 13:45:41,2398.32,3,2,2
4909,2023-07-24 01:23:23,4250.51,3,7,2
4910,2023-09-30 08:28:04,8289.30,2,21,4
4911,2024-02-15 11:36:42,8845.54,4,13,2
4912,2025-05-13 11:14:54,9262.17,2,11,2
4913,2023-08-08 20:09:54,14443.28,3,2,3
4914,2024-10-24 23:44:01,11810.85,1,20,4
4915,2025-02-08 20:42:06,11463.74,5,24,2
4916,2024-08-07 07:59:21,8745.02,4,3,2
4917,2023-09-08 03:33:57,10489.53,4,13,6
4918,2024-11-22 11:15:52,3409.20,3,17,2
4919,2023-12-26 15:04:21,6683.33,4,13,2
4920,2023-12-16 07:45:35,17983.82,4,23,4
4921,2023-11-18 06:43:28,13769.28,2,11,2
4922,2025-05-10 19:43:28,4869.22,4,3,12
4923,2023-05-29 15:23:58,5099.08,2,16,4
4924,2024-01-28 01:28:54,2584.44,5,24,3
4925,2024-03-31 05:06:25,2444.36,1,10,2
4926,2024-02-09 09:55:22,11673.41,3,12,2
4927,2023-09-11 00:57:55,4178.59,2,6,2
4928,2024-08-26 17:41:15,5169.70,5,24,2
4929,2025-05-20 16:15:58,516.59,2,16,2
4930,2023-10-05 11:39:46,11492.80,2,6,76
4931,2023-10-08 19:43:40,13045.29,5,9,2
4932,2024-09-01 12:43:13,8909.18,1,5,2
4933,2024-12-24 11:45:10,6255.21,3,22,2
4934,2024-07-22 06:40:19,7382.20,1,5,6
4935,2023-07-16 11:50:40,8716.53,3,2,125
4936,2024-07-12 06:34:57,1858.98,1,25,2
4937,2024-11-16 06:49:28,9109.01,5,24,2
4938,2024-08-15 01:12:51,13795.65,3,22,2
4939,2024-12-18 01:31:04,4042.10,4,23,2
4940,2024-06-21 07:35:19,4752.97,5,9,2
4941,2024-08-29 14:05:39,11956.39,3,2,193
4942,2024-09-02 08:34:30,9914.41,1,15,4
4943,2024-10-24 00:32:22,3966.87,2,11,2
4944,2023-08-13 15:10:14,7139.24,1,20,2
4945,2024-05-20 22:21:33,15024.42,4,18,2
4946,2024-03-03 00:41:28,2280.03,5,4,3
4947,2023-07-11 05:11:09,12994.00,1,5,5
4948,2024-01-26 12:55:56,12031.35,2,21,2
4949,2023-08-28 16:23:34,13663.49,1,15,6
4950,2023-11-19 22:09:22,7975.01,2,6,2
4951,2023-09-10 06:14:24,11272.97,2,6,2
4952,2025-04-19 00:17:25,18739.06,1,25,2
4953,2023-09-17 11:09:32,6270.00,3,12,3
4954,2025-02-15 07:25:54,2269.47,1,10,2
4955,2024-07-21 06:34:55,4145.57,1,25,2
4956,2023-11-22 11:07:19,12478.46,3,2,56
4957,2025-01-12 21:24:03,6392.04,2,16,2
4958,2024-12-18 15:15:03,9015.91,3,12,2
4959,2024-12-29 18:46:39,2100.55,4,23,3
4960,2025-01-16 06:55:16,4778.60,3,17,3
4961,2023-08-19 19:24:59,10487.53,3,2,12
4962,2025-03-16 16:05:45,8091.59,4,8,5
4963,2024-10-09 06:34:40,8056.04,2,21,2
4964,2024-08-10 17:44:59,5453.43,2,16,3
4965,2023-06-01 22:16:07,7790.37,5,24,77
4966,2023-10-10 18:40:48,17446.12,1,15,2
4967,2024-09-13 18:01:59,5960.03,2,1,6
4968,2024-01-02 19:44:55,15014.80,2,11,2
4969,2023-09-10 21:35:50,4008.30,5,4,2
4970,2023-07-16 13:12:17,347.97,1,15,4
4971,2024-03-08 06:24:35,13733.83,5,19,2
4972,2025-04-15 05:08:40,16482.71,3,2,3
4973,2024-06-07 01:07:10,17034.51,2,6,4
4974,2023-10-07 15:29:55,5840.78,1,10,2
4975,2023-07-09 00:40:39,8287.01,3,22,2
4976,2024-07-22 22:03:00,2120.61,3,22,2
4977,2024-12-03 03:16:46,954.05,2,1,4
4978,2024-06-17 18:10:23,17616.34,3,12,2
4979,2024-08-20 09:15:40,4453.54,5,14,4
4980,2024-04-02 16:33:20,7764.34,2,1,5
4981,2023-07-07 16:23:39,8356.27,2,11,2
4982,2024-05-09 22:52:40,3441.36,1,25,2
4983,2025-05-02 21:19:52,7903.27,3,22,2
4984,2024-04-08 15:01:39,16677.04,3,7,6
4985,2025-03-18 07:18:18,2851.28,5,24,2
4986,2024-05-25 23:35:37,5187.19,2,16,2
4987,2024-03-24 03:17:15,15134.43,2,1,2
4988,2023-10-07 13:43:44,12081.21,4,13,2
4989,2024-01-31 00:11:20,12132.71,2,1,4
4990,2023-10-28 02:04:57,9112.30,3,22,2
4991,2024-11-20 13:22:39,10042.68,4,8,2
4992,2024-08-18 00:24:58,10955.42,1,20,5
4993,2023-12-15 02:18:03,3665.24,4,18,2
4994,2024-04-30 15:19:44,11998.74,4,23,2
4995,2023-06-21 23:49:30,11646.98,4,23,2
4996,2023-10-13 18:39:46,12422.36,1,5,2
4997,2024-05-16 01:10:55,9966.14,2,11,3
4998,2024-10-29 09:05:59,17340.27,3,17,151
4999,2025-04-06 22:31:54,9203.83,4,8,2
5000,2024-03-31 00:58:08,13886.37,1,5,2
5001,2024-05-13 20:37:00,10914.75,3,7,3
5002,2024-04-08 17:24:01,4151.30,4,13,9
5003,2024-10-01 17:16:14,18757.18,1,10,2
5004,2024-04-04 20:43:01,8278.49,2,16,2
5005,2023-12-14 21:12:24,16327.25,1,25,2
5006,2025-03-04 00:16:29,18535.23,3,22,2
5007,2025-02-07 09:51:49,15940.86,2,21,2
5008,2023-11-19 10:26:28,2365.28,1,5,2
5009,2024-08-07 00:20:09,8382.54,4,18,2
5010,2023-09-29 12:29:57,10785.06,2,6,3
5011,2024-09-25 22:54:26,2490.78,1,10,2
5012,2023-12-09 06:12:21,6143.94,1,25,2
5013,2024-11-12 11:10:31,9459.24,3,2,2
5014,2023-09-14 13:53:05,4722.34,5,24,26
5015,2023-11-22 13:32:52,20469.15,2,21,45
5016,2023-08-30 21:11:37,4494.38,2,16,8
5017,2023-07-07 16:51:41,5443.66,4,3,17
5018,2024-04-16 06:06:17,2012.00,5,24,3
5019,2025-04-20 13:43:49,14406.49,5,19,2
5020,2024-12-01 09:42:33,9569.82,5,24,2
5021,2023-10-27 17:23:42,2034.96,2,21,2
5022,2025-04-24 18:03:02,10744.11,1,15,25
5023,2023-08-26 16:02:43,7482.80,1,15,2
5024,2024-02-29 22:30:11,2484.19,5,19,2
5025,2024-06-03 08:46:45,12487.67,5,4,2
5026,2023-07-16 08:32:43,2319.24,4,8,2
5027,2023-08-20 22:43:29,13233.07,5,19,2
5028,2023-09-21 04:57:34,8387.11,4,8,4
5029,2023-10-20 15:07:46,5595.36,1,5,2
5030,2023-09-17 19:06:26,7662.09,2,1,3
5031,2024-04-05 04:36:19,1849.74,1,20,5
5032,2024-06-17 08:23:25,7194.81,4,8,9
5033,2024-12-11 04:22:43,10201.97,3,12,2
5034,2025-01-16 10:10:28,4090.39,3,17,3
5035,2024-09-04 19:29:30,1560.94,3,12,3
5036,2023-07-23 10:13:47,12779.29,4,3,7
5037,2023-07-18 10:28:32,20796.22,1,10,4
5038,2024-02-23 02:12:44,11705.51,1,25,2
5039,2023-11-25 15:39:45,14692.65,5,24,6
5040,2024-08-15 07:57:44,8816.89,1,25,2
5041,2023-06-06 08:25:02,11361.03,2,1,4
5042,2025-01-31 10:59:42,797.30,4,18,6
5043,2024-08-03 08:26:56,1830.18,4,23,2
5044,2025-05-19 11:48:22,3374.69,4,23,3
5045,2025-05-07 13:09:48,9728.81,2,6,15
5046,2023-12-22 19:21:30,857.72,2,6,2
5047,2024-12-21 04:53:09,6525.72,3,12,8
5048,2023-06-06 05:04:25,12076.12,1,20,2
5049,2024-05-04 01:59:57,2929.92,2,16,2
5050,2023-05-30 00:30:09,562.96,3,12,2
5051,2023-07-20 12:04:06,10507.32,4,23,2
5052,2024-03-01 05:34:02,1935.79,1,5,2
5053,2024-07-06 19:16:04,14153.06,4,23,3
5054,2023-06-19 00:22:58,16004.05,5,14,2
5055,2025-05-12 19:54:23,1534.02,5,19,2
5056,2024-05-27 00:15:14,2324.63,2,21,3
5057,2024-01-14 18:23:34,8449.29,4,13,3
5058,2023-11-23 16:04:11,7985.84,2,11,2
5059,2023-09-15 08:29:58,5670.69,2,16,2
5060,2024-10-08 07:04:07,12187.43,1,10,3
5061,2024-10-05 12:24:40,588.64,3,17,2
5062,2024-08-22 02:14:18,8386.15,2,16,4
5063,2024-03-14 23:38:22,15371.33,1,20,2
5064,2024-04-30 15:45:39,7379.47,3,17,2
5065,2023-07-16 15:06:47,5821.00,4,3,5
5066,2025-04-20 20:58:20,294.32,4,18,2
5067,2023-07-17 17:54:40,14637.08,2,21,2
5068,2025-04-16 19:56:03,13818.41,3,7,2
5069,2023-12-26 03:52:54,18010.39,5,24,228
5070,2024-03-30 00:02:35,8759.84,1,5,2
5071,2023-12-15 16:55:14,862.58,5,4,2
5072,2023-12-23 07:12:22,9717.20,4,3,2
5073,2023-12-13 03:36:46,7256.40,1,15,2
5074,2025-04-05 20:36:57,10930.59,3,17,4
5075,2024-03-06 07:11:59,7696.70,2,21,3
5076,2024-02-04 03:15:21,6038.79,4,8,2
5077,2024-01-19 21:13:06,10726.49,3,22,2
5078,2023-06-01 20:25:23,10287.51,3,22,5
5079,2025-02-22 23:47:23,8941.07,4,3,2
5080,2024-10-20 00:26:04,20065.05,1,10,4
5081,2025-01-06 12:17:38,11275.82,3,12,2
5082,2023-12-28 14:39:58,5333.50,4,13,2
5083,2024-12-23 08:15:55,10304.32,3,12,2
5084,2024-01-16 17:49:15,12553.38,1,15,2
5085,2024-12-24 18:21:36,1594.41,4,8,2
5086,2025-05-07 07:42:21,3020.74,5,4,3
5087,2023-06-01 17:33:15,24794.49,1,25,2
5088,2024-04-16 02:37:30,8876.19,5,14,2
5089,2024-03-08 09:17:01,11235.01,4,23,2
5090,2024-05-21 03:27:09,1984.89,2,21,3
5091,2024-10-08 00:38:59,5133.24,1,10,2
5092,2023-12-29 15:18:27,9135.76,5,19,3
5093,2024-08-18 02:00:40,13239.97,4,13,2
5094,2023-08-19 03:11:52,5197.71,1,20,2
5095,2025-04-10 11:17:44,7847.66,4,8,3
5096,2025-05-08 11:29:58,6716.94,2,16,2
5097,2024-08-16 17:29:20,5908.45,5,4,2
5098,2023-09-22 16:26:05,3499.52,4,18,2
5099,2024-09-29 20:13:00,844.84,3,17,3
5100,2024-09-14 12:31:57,13329.94,5,9,2
5101,2024-07-22 03:34:22,274.50,3,7,4
5102,2024-02-01 14:19:48,14636.28,3,17,3
5103,2023-12-20 09:02:25,2883.13,2,1,3
5104,2025-05-06 11:05:48,103.72,3,7,2
5105,2024-12-12 17:19:30,3971.28,5,19,6
5106,2024-07-03 17:23:55,12063.40,4,3,2
5107,2025-02-07 11:10:43,15915.28,3,22,2
5108,2024-07-17 21:28:53,605.71,4,3,2
5109,2023-11-23 13:24:02,1310.16,1,15,2
5110,2025-02-25 22:48:49,14026.40,2,21,2
5111,2025-05-10 20:02:12,11138.04,2,11,3
5112,2024-03-27 11:16:52,5487.46,2,1,3
5113,2025-05-04 05:48:09,9855.85,5,19,2
5114,2024-10-23 13:30:03,12638.74,4,3,2
5115,2023-12-19 04:06:36,5502.34,3,22,2
5116,2024-08-31 19:02:56,3151.57,1,25,2
5117,2024-08-19 22:28:08,5416.04,1,15,5
5118,2025-04-03 09:17:50,4506.70,4,13,2
5119,2023-08-05 12:22:26,14146.84,5,14,3
5120,2023-09-04 07:06:26,10374.21,1,25,2
5121,2023-10-07 02:42:23,13242.19,1,5,2
5122,2025-02-08 10:45:46,3484.68,4,23,2
5123,2025-05-05 09:29:26,7914.25,1,10,2
5124,2023-07-07 23:09:51,10289.76,2,16,2
5125,2023-09-22 01:08:44,4092.24,5,4,2
5126,2025-05-02 01:25:39,7949.24,1,10,2
5127,2024-12-10 11:36:13,3321.04,3,2,5
5128,2023-09-25 20:22:02,11508.54,1,5,5
5129,2023-08-01 04:59:12,19802.67,1,25,2
5130,2023-09-09 06:55:11,18745.83,2,21,55
5131,2024-12-15 13:09:04,10874.77,1,25,5
5132,2024-09-21 01:54:50,8816.03,3,12,5
5133,2024-10-10 20:55:35,8215.79,5,14,2
5134,2023-12-21 09:22:21,9526.74,5,14,3
5135,2024-11-15 04:11:25,14042.43,1,25,14
5136,2023-08-31 11:48:26,17567.53,3,17,2
5137,2024-04-12 11:12:25,8970.42,5,4,4
5138,2024-02-12 00:17:44,9199.92,1,25,4
5139,2025-01-19 05:13:20,1586.83,5,14,2
5140,2024-08-30 15:17:37,11566.49,2,1,2
5141,2024-10-11 22:06:59,2778.84,5,24,2
5142,2023-11-22 02:08:40,2400.65,2,6,5
5143,2025-04-26 17:31:43,6257.79,3,7,2
5144,2024-02-19 10:20:26,10250.22,3,2,2
5145,2025-03-17 23:44:38,15818.52,1,25,87
5146,2025-03-20 02:21:25,7205.64,2,21,2
5147,2025-05-14 12:49:36,10497.37,3,2,2
5148,2023-11-19 08:44:25,422.42,1,25,2
5149,2024-10-07 00:57:37,9253.70,5,19,2
5150,2024-12-09 02:50:31,440.91,1,10,12
5151,2025-02-10 09:07:03,12767.98,3,17,2
5152,2023-07-16 06:24:17,6695.28,5,4,3
5153,2024-02-05 08:37:13,11217.06,5,4,2
5154,2025-02-08 04:28:25,16670.15,1,25,4
5155,2025-02-12 18:57:34,6217.89,2,6,2
5156,2024-08-10 18:47:21,1362.69,1,10,2
5157,2023-07-19 15:07:19,9013.37,1,10,2
5158,2025-04-23 00:36:03,17259.66,2,1,2
5159,2023-12-09 22:22:25,12005.28,4,8,2
5160,2024-03-02 06:12:06,1167.60,2,1,5
5161,2024-08-25 13:50:12,281.48,3,2,12
5162,2023-09-05 16:17:32,6051.39,5,14,2
5163,2024-06-10 12:15:03,4150.02,3,2,2
5164,2025-01-07 21:24:58,5336.05,2,16,5
5165,2023-11-24 22:39:51,8906.76,3,12,3
5166,2023-06-19 15:13:41,11064.68,1,25,2
5167,2024-01-09 02:30:56,14684.53,1,25,2
5168,2024-03-18 07:21:15,7533.92,5,14,2
5169,2024-04-19 18:20:32,6014.94,1,10,2
5170,2023-06-12 10:12:20,3301.92,3,2,2
5171,2023-09-28 03:45:51,4487.85,5,14,3
5172,2025-01-15 12:40:00,21179.20,2,1,2
5173,2024-10-23 23:05:29,3575.19,2,16,5
5174,2024-06-08 22:36:56,11721.89,1,10,3
5175,2024-01-27 06:42:34,8142.00,5,14,3
5176,2024-01-22 14:35:59,5687.43,3,2,6
5177,2023-05-24 18:27:27,4539.42,5,24,2
5178,2024-12-16 07:33:06,3675.60,2,11,2
5179,2024-08-14 17:11:23,13155.33,2,6,2
5180,2024-02-10 21:32:29,9935.80,5,14,2
5181,2023-06-27 15:54:40,12033.53,3,17,2
5182,2023-11-23 05:23:40,2317.88,3,12,3
5183,2024-02-28 11:34:14,10494.98,3,12,2
5184,2024-01-10 08:30:30,2355.06,1,10,5
5185,2024-01-09 12:38:34,2301.03,5,24,25
5186,2024-03-20 02:41:54,8035.85,1,20,6
5187,2024-09-02 16:41:06,9158.43,1,20,3
5188,2024-04-10 07:51:36,2228.08,2,6,3
5189,2024-07-27 07:48:34,1916.15,1,5,4
5190,2024-06-05 21:24:36,16187.09,4,8,2
5191,2024-10-17 06:16:54,9393.54,5,14,769
5192,2023-11-13 21:13:19,2029.30,5,4,2
5193,2025-03-09 02:55:29,12497.56,3,2,2
5194,2024-10-13 20:27:30,5900.83,2,21,2
5195,2025-02-17 06:13:09,3709.64,3,7,2
5196,2023-05-31 11:24:12,3532.16,1,25,5
5197,2024-06-07 12:39:05,5245.96,2,21,46
5198,2024-01-11 16:33:38,6430.46,2,16,2
5199,2023-07-03 10:40:12,16923.77,2,16,2
5200,2024-02-25 22:32:09,1998.23,4,13,2
5201,2024-05-01 04:54:20,2284.02,4,23,72
5202,2023-10-05 20:32:49,12291.47,3,17,9
5203,2024-09-13 17:47:37,1356.64,1,5,2
5204,2023-12-03 18:23:05,2530.80,2,1,2
5205,2025-01-27 02:32:09,11524.34,1,20,2
5206,2024-01-19 06:46:15,5226.90,5,14,12
5207,2025-01-09 14:16:51,17906.68,2,1,2
5208,2025-01-01 21:16:15,11185.11,5,24,4
5209,2023-11-24 19:57:41,4393.10,2,6,2
5210,2024-05-27 04:22:56,13993.28,1,10,2
5211,2025-02-22 18:39:36,9428.50,4,8,2
5212,2023-08-07 13:57:59,2239.22,1,5,2
5213,2024-12-01 16:20:51,3543.02,1,25,2
5214,2025-05-20 07:22:11,4204.64,5,24,2
5215,2024-07-05 03:53:32,4860.15,4,18,2
5216,2023-10-04 10:15:14,7056.81,2,6,3
5217,2024-01-28 15:18:31,5710.25,3,22,2
5218,2025-02-16 19:34:31,2683.54,1,10,4
5219,2024-06-22 23:55:43,2865.08,1,15,2
5220,2024-02-25 03:23:35,7710.29,4,13,2
5221,2024-02-10 01:43:04,16003.51,3,22,2
5222,2024-03-18 12:10:03,2549.39,3,7,4
5223,2025-04-13 18:40:04,1970.04,1,20,2
5224,2025-02-14 12:31:59,10496.41,2,21,2
5225,2025-04-04 13:38:15,2630.97,1,25,6
5226,2025-03-17 15:40:31,19994.35,1,5,2
5227,2023-06-20 23:15:07,19104.81,5,19,2
5228,2025-04-27 11:41:05,1257.08,3,22,3
5229,2025-04-06 11:31:35,13841.40,3,17,6
5230,2025-05-15 09:59:27,9559.70,3,7,2
5231,2023-08-13 02:07:38,4521.73,5,24,2
5232,2024-06-06 12:54:28,17608.46,2,11,2
5233,2023-06-10 20:44:06,3663.86,2,6,2
5234,2024-11-06 02:42:03,9887.39,4,23,2
5235,2024-05-15 18:16:52,12792.38,1,10,5
5236,2024-10-29 18:18:25,8079.65,2,1,2
5237,2023-05-25 00:44:54,4212.40,5,19,2
5238,2024-02-18 11:57:00,8821.71,5,14,2
5239,2023-10-24 18:50:51,4108.16,2,16,3
5240,2024-03-04 07:14:06,1251.95,3,22,2
5241,2024-06-12 15:01:55,8669.56,2,1,2
5242,2024-06-19 11:55:46,103.72,5,9,3
5243,2024-07-31 12:39:15,6329.42,2,21,2
5244,2024-01-09 21:37:44,10661.05,2,16,2
5245,2024-11-24 19:04:13,10927.25,2,6,2
5246,2024-08-10 11:08:00,2441.28,2,6,3
5247,2024-10-11 07:13:05,1758.66,3,2,2
5248,2024-12-10 00:13:35,3047.82,3,12,2
5249,2024-11-10 08:31:47,11734.79,5,4,19
5250,2023-09-02 13:01:13,17383.03,4,13,2
5251,2023-10-02 19:26:51,9944.18,5,19,3
5252,2023-09-07 17:25:21,6443.94,4,13,2
5253,2025-02-28 16:50:33,3468.91,5,4,2
5254,2024-03-26 12:48:00,465.24,2,1,3
5255,2024-09-08 03:00:50,5088.55,2,16,4
5256,2024-12-10 21:32:44,862.58,1,10,5
5257,2023-07-15 22:19:05,1758.66,3,2,2
5258,2023-12-27 10:38:26,3077.11,3,7,4
5259,2025-01-31 08:09:46,9932.84,4,23,3
5260,2023-07-15 00:59:48,15911.69,5,24,2
5261,2024-10-31 23:29:16,4284.90,4,8,3
5262,2024-05-17 01:14:21,7883.70,5,4,2
5263,2024-06-10 04:17:27,19291.05,1,10,2
5264,2025-02-26 11:26:02,13126.18,2,11,2
5265,2024-09-28 21:40:16,11620.64,3,12,2
5266,2023-11-26 04:40:04,9280.85,3,17,2
5267,2024-02-23 12:06:25,15050.20,4,13,2
5268,2025-05-04 04:05:14,766.46,5,14,4
5269,2024-01-12 09:08:49,3742.05,2,6,3
5270,2023-10-25 00:50:49,5555.56,2,11,2
5271,2024-08-09 10:28:18,11782.64,5,9,2
5272,2025-01-05 02:37:51,19553.46,3,17,6
5273,2025-01-06 15:57:12,610.93,3,2,2
5274,2024-06-12 18:14:13,18271.58,3,2,2
5275,2024-08-19 22:18:53,6713.81,3,2,2
5276,2024-02-24 02:58:13,9347.31,5,24,2
5277,2025-04-28 06:03:32,533.50,2,16,17
5278,2023-07-29 00:00:42,1712.08,1,20,2
5279,2024-07-21 14:15:26,5595.67,1,10,2
5280,2023-07-16 23:50:05,12245.39,3,12,3
5281,2023-08-22 19:42:43,16372.06,4,8,2
5282,2025-05-11 23:22:43,2287.18,4,8,2
5283,2023-08-22 01:16:53,8765.24,2,1,4
5284,2023-08-30 12:39:18,8389.37,5,4,2
5285,2025-03-21 00:34:19,12115.95,3,2,2
5286,2023-12-27 13:21:13,12229.64,3,17,2
5287,2024-03-04 23:26:33,6911.10,2,6,2
5288,2023-06-14 19:55:39,14688.01,1,20,2
5289,2024-12-22 11:12:48,8934.48,4,3,2
5290,2023-05-24 15:41:22,12954.07,3,2,2
5291,2024-03-31 15:54:10,3982.51,4,8,4
5292,2024-12-24 11:13:44,9625.76,2,21,2
5293,2023-10-22 21:41:50,6821.39,3,22,4
5294,2025-02-23 01:39:43,14779.76,2,21,2
5295,2024-05-18 00:15:03,9262.50,1,20,2
5296,2025-01-28 16:13:43,7615.20,2,11,2
5297,2024-12-31 12:46:35,24051.45,5,9,3
5298,2025-05-08 10:13:52,2508.85,5,19,2
5299,2024-06-17 18:30:28,20318.42,4,13,2
5300,2024-12-12 10:59:18,3840.75,3,22,4
5301,2023-12-13 12:09:07,9684.61,1,10,2
5302,2024-12-13 00:30:38,20387.06,1,15,3
5303,2023-09-03 17:24:30,4349.59,5,14,4
5304,2024-09-09 05:09:32,16867.63,1,10,3
5305,2025-03-14 23:55:40,5868.34,5,9,4
5306,2024-12-12 02:57:18,9261.16,2,1,2
5307,2024-10-17 04:10:39,17197.48,3,2,16
5308,2024-10-21 18:33:07,10157.92,5,24,2
5309,2025-02-09 04:52:14,8956.68,3,12,2
5310,2023-10-14 07:49:45,15016.00,5,24,2
5311,2025-03-20 14:11:25,14290.13,3,12,2
5312,2024-12-17 00:45:59,9034.00,4,8,2
5313,2024-05-10 09:40:16,13545.49,1,20,3
5314,2024-01-31 00:43:54,9652.51,2,6,2
5315,2025-03-25 08:27:57,4015.07,5,24,2
5316,2024-05-27 07:58:57,12998.45,1,25,4
5317,2024-11-01 14:26:06,5800.70,3,7,3
5318,2024-04-28 04:34:51,2872.29,5,9,3
5319,2024-07-25 02:39:21,8220.67,1,5,2
5320,2023-07-19 21:59:07,8937.22,4,23,3
5321,2024-04-15 06:15:51,2464.12,1,20,2
5322,2024-03-15 14:13:12,8145.36,4,3,2
5323,2024-12-10 00:42:09,3737.26,3,2,3
5324,2024-05-09 21:27:03,6429.34,5,4,2
5325,2024-12-16 17:55:55,7323.80,2,11,10
5326,2025-02-20 17:45:12,10149.12,1,10,2
5327,2025-03-12 20:36:50,14098.27,5,19,2
5328,2024-06-07 20:56:58,14018.41,5,24,2
5329,2024-05-16 12:59:19,8918.93,5,14,2
5330,2023-08-19 22:46:51,7388.99,3,17,2
5331,2024-05-02 07:30:15,4951.65,4,23,2
5332,2024-11-25 21:45:10,1559.02,5,24,2
5333,2024-07-06 03:17:52,370.00,1,5,2
5334,2024-06-21 01:48:30,6445.82,3,12,5
5335,2023-07-31 10:18:25,10988.64,1,25,2
5336,2024-04-02 19:33:34,1064.23,3,12,4
5337,2025-03-13 05:16:50,13242.20,1,5,2
5338,2024-03-04 09:14:00,12718.45,3,17,2
5339,2024-08-23 22:32:12,4901.42,5,4,2
5340,2024-11-09 05:03:58,9384.70,2,16,5
5341,2023-06-22 13:05:06,10552.30,1,20,2
5342,2023-08-11 20:34:50,6207.37,5,24,2
5343,2025-03-17 07:10:29,20428.76,1,15,2
5344,2023-09-01 17:38:21,14007.26,3,12,2
5345,2024-03-31 01:27:14,18389.26,4,8,2
5346,2024-01-03 17:06:03,11555.36,4,3,6
5347,2024-01-08 22:51:22,16016.94,2,1,4
5348,2023-12-09 13:20:09,8550.93,1,15,3
5349,2023-07-03 06:37:27,5242.10,1,10,4
5350,2023-09-03 01:23:15,12715.00,1,20,2
5351,2024-10-21 19:16:01,12097.32,5,4,2
5352,2023-09-17 16:34:56,9812.37,4,23,2
5353,2024-07-07 01:21:52,8646.11,3,22,2
5354,2023-09-30 21:36:21,16064.34,1,10,2
5355,2023-11-25 15:41:13,811.36,4,8,2
5356,2023-12-07 06:39:11,11315.94,5,14,2
5357,2023-11-01 04:09:19,848.11,3,22,2
5358,2024-11-01 08:50:48,5867.72,2,16,15
5359,2023-11-29 21:07:28,1082.80,5,9,5
5360,2025-01-24 02:49:00,10785.18,1,25,2
5361,2025-03-18 17:53:40,1922.80,1,20,2
5362,2024-08-10 18:47:16,6360.90,5,19,2
5363,2024-05-29 12:02:11,667.36,5,14,2
5364,2024-01-11 15:33:40,1535.70,2,16,13
5365,2023-09-28 23:34:30,10260.96,4,3,2
5366,2023-06-05 08:18:41,426.92,1,20,7
5367,2025-02-15 09:30:50,12869.25,5,24,2
5368,2023-06-16 10:43:47,10617.98,4,8,2
5369,2023-11-22 19:12:10,8696.17,1,25,2
5370,2023-08-01 18:50:40,5608.11,2,16,2
5371,2024-12-13 12:32:31,1594.60,2,6,9
5372,2023-08-08 07:33:08,3239.36,2,1,2
5373,2023-09-08 11:48:40,5972.09,2,16,2
5374,2024-06-27 05:21:28,22846.45,5,4,2
5375,2025-02-11 12:19:07,8667.48,4,3,3
5376,2024-04-03 03:17:09,11241.66,5,4,2
5377,2024-07-03 12:20:32,19586.48,4,18,3
5378,2024-12-04 01:01:00,10250.87,4,13,2
5379,2025-01-30 07:45:15,10640.04,2,11,25
5380,2024-02-24 08:32:03,8961.89,5,19,3
5381,2023-11-26 17:05:16,16238.91,4,18,3
5382,2024-11-19 14:27:01,11974.72,3,12,3
5383,2023-06-25 14:18:51,2707.86,4,3,2
5384,2024-10-15 15:08:24,15734.08,2,11,2
5385,2024-06-25 08:33:41,9747.57,3,22,3
5386,2024-04-22 18:04:52,15290.91,2,16,2
5387,2024-04-26 21:13:14,5015.24,3,7,2
5388,2024-02-08 22:35:25,5763.28,1,5,2
5389,2024-11-04 12:02:46,11914.71,4,13,9
5390,2023-10-31 05:28:40,1337.23,2,6,9
5391,2024-05-21 19:36:08,14625.78,4,23,2
5392,2024-03-28 03:16:27,2956.60,2,11,260
5393,2024-07-19 20:58:01,11199.00,1,15,7
5394,2024-12-17 20:07:35,2743.46,5,24,2
5395,2025-01-29 19:15:44,10816.43,5,14,2
5396,2023-11-18 08:06:18,13389.25,4,13,8
5397,2025-04-02 07:36:29,384.71,5,24,2
5398,2023-08-30 10:59:26,14400.71,2,6,2
5399,2024-11-03 19:43:24,12990.87,5,19,2
5400,2023-09-17 04:00:39,11460.70,2,11,2
5401,2024-08-13 00:40:35,19688.93,4,23,3
5402,2024-06-09 05:55:59,8727.73,5,9,3
5403,2024-09-22 11:43:26,7630.66,2,1,3
5404,2024-06-19 21:01:59,13489.15,2,1,2
5405,2024-01-15 00:03:41,13243.32,4,18,2
5406,2024-08-07 22:40:05,12948.03,2,6,2
5407,2023-07-08 17:04:22,16828.64,1,10,2
5408,2024-07-06 19:29:45,11261.73,3,7,3
5409,2025-05-02 07:52:00,6910.17,2,6,9
5410,2025-04-02 14:04:11,13729.16,1,5,2
5411,2023-06-22 12:46:58,6401.39,4,23,3
5412,2025-02-03 08:30:11,12460.37,3,12,2
5413,2023-12-21 22:15:59,2157.46,1,15,2
5414,2023-10-02 03:49:10,5550.84,3,2,2
5415,2023-06-11 19:31:49,933.25,2,6,6
5416,2024-08-13 16:23:06,5237.72,2,21,2
5417,2025-01-19 01:19:13,6180.21,5,4,2
5418,2024-05-29 09:03:37,6395.51,5,14,3
5419,2025-03-05 23:07:20,5567.09,1,25,6
5420,2024-04-02 18:57:59,1116.33,2,1,2
5421,2024-02-17 03:20:04,2834.63,3,7,2
5422,2023-07-22 20:38:09,1164.50,3,2,2
5423,2024-07-01 07:23:34,10311.46,2,1,2
5424,2023-10-17 22:32:48,5510.77,4,13,2
5425,2024-05-10 21:12:47,6093.33,2,11,19
5426,2024-04-07 00:34:47,3475.64,4,23,2
5427,2025-04-16 00:58:36,10848.19,2,16,11
5428,2023-06-04 16:42:11,11114.23,4,23,2
5429,2023-12-17 05:49:18,9501.92,1,10,2
5430,2024-02-12 23:47:12,21549.41,5,14,2
5431,2024-02-12 06:03:31,15434.29,4,13,39
5432,2024-07-18 20:55:47,180.46,3,7,20
5433,2024-04-11 06:41:51,14532.78,5,19,2
5434,2024-09-11 04:31:28,6055.46,5,4,2
5435,2024-12-13 07:00:27,1715.53,5,14,3
5436,2025-01-14 22:30:57,1833.27,5,14,4
5437,2024-12-27 08:48:01,6249.73,3,22,7
5438,2024-01-26 16:30:19,19004.93,3,12,2
5439,2024-09-27 16:55:51,18827.22,5,14,3
5440,2024-10-10 14:58:25,6863.15,4,13,2
5441,2025-02-27 03:07:34,3398.32,2,21,2
5442,2025-01-01 12:52:57,2237.66,2,11,2
5443,2024-08-24 02:21:58,5713.12,3,17,2
5444,2025-02-24 17:51:35,5703.85,3,17,2
5445,2024-01-26 08:29:41,2193.29,5,4,3
5446,2024-05-13 02:08:24,11341.20,3,12,2
5447,2024-03-15 13:24:21,17606.93,2,11,2
5448,2024-03-26 17:06:11,18715.26,2,6,2
5449,2024-08-30 09:24:57,1665.62,2,21,14
5450,2024-01-19 17:08:22,12691.19,3,7,2
5451,2024-05-04 10:59:07,13688.05,3,2,2
5452,2023-11-05 18:39:26,2568.12,3,12,6
5453,2025-05-15 00:58:27,13149.88,5,4,5
5454,2024-01-12 04:39:58,12228.84,5,19,2
5455,2023-09-01 04:30:58,17013.22,5,19,2
5456,2024-05-11 23:58:35,431.29,2,21,3
5457,2025-05-15 12:15:47,13277.18,4,8,2
5458,2024-11-11 04:17:48,14623.99,4,3,2
5459,2023-10-05 09:05:04,18535.63,3,12,2
5460,2023-11-28 17:16:38,115.99,2,21,2
5461,2023-11-10 17:26:43,9698.70,2,1,2
5462,2024-08-30 13:17:26,19657.87,5,9,2
5463,2025-03-07 08:14:58,12484.47,2,1,4
5464,2024-04-02 04:03:23,1994.68,1,10,2
5465,2024-02-01 16:06:03,8996.63,3,22,2
5466,2025-05-04 22:50:47,9103.74,1,15,2
5467,2024-05-14 03:18:27,18160.88,1,10,2
5468,2025-04-26 08:23:13,6977.67,2,1,2
5469,2023-09-02 16:55:09,8508.54,4,3,2
5470,2024-04-16 19:07:27,6301.00,2,16,4
5471,2025-02-26 06:26:00,20077.45,4,23,2
5472,2024-10-29 13:56:03,5002.10,1,10,33
5473,2023-08-27 03:10:49,5602.65,2,11,2
5474,2024-01-18 20:36:10,5833.35,5,9,2
5475,2023-05-25 00:33:52,4319.37,4,23,3
5476,2023-06-17 19:26:34,10255.91,2,11,2
5477,2024-05-27 23:35:38,11276.45,1,5,25
5478,2025-04-04 11:47:05,2815.25,4,8,3
5479,2024-11-05 04:48:25,680.67,2,6,2
5480,2025-04-13 15:13:20,5304.10,4,18,2
5481,2024-07-17 08:41:21,17355.95,1,20,2
5482,2024-02-03 09:23:36,6628.10,1,5,4
5483,2024-02-15 21:02:18,9770.32,5,19,4
5484,2025-05-16 00:47:58,3959.47,4,23,3
5485,2024-05-23 11:51:30,12425.86,1,10,17
5486,2025-04-20 19:35:26,8885.43,3,12,9
5487,2023-08-06 17:06:07,7214.94,1,25,22
5488,2024-08-23 07:36:44,533.50,5,9,2
5489,2025-01-02 20:35:06,17007.77,4,3,2
5490,2023-10-10 21:07:08,20246.93,4,3,2
5491,2023-12-04 13:25:27,8344.29,4,3,2
5492,2024-08-19 23:03:55,12591.48,2,11,2
5493,2025-01-13 18:21:22,9630.14,1,15,2
5494,2023-08-11 13:25:56,14509.02,4,23,12
5495,2023-11-08 09:57:07,10443.58,1,10,3
5496,2024-03-15 21:50:18,16524.77,4,18,3
5497,2024-05-31 18:19:49,14232.30,5,24,2
5498,2025-01-25 06:55:32,1944.06,5,24,2
5499,2025-05-03 10:16:55,5556.72,2,16,3
5500,2023-05-31 17:54:38,7235.45,2,6,3
5501,2025-05-09 16:10:19,3093.31,4,8,2
5502,2024-12-20 10:45:00,7240.89,1,5,2
5503,2024-04-29 23:14:20,13826.51,4,3,5
5504,2023-08-03 13:34:42,6255.02,5,24,2
5505,2024-11-06 01:22:41,404.92,3,12,2
5506,2024-10-01 23:23:41,11410.82,1,25,2
5507,2024-09-26 13:45:21,8595.12,2,11,2
5508,2024-09-08 13:29:46,20142.28,3,12,7
5509,2024-12-29 09:55:17,7713.79,5,9,2
5510,2024-06-30 05:53:36,6734.60,1,25,2
5511,2025-01-30 11:02:31,6037.21,4,8,2
5512,2024-11-25 15:46:56,17613.96,5,9,2
5513,2025-04-24 09:24:25,2235.82,1,10,4
5514,2024-05-15 03:43:07,7384.37,4,8,2
5515,2024-08-04 14:32:36,10143.85,3,12,2
5516,2024-10-06 13:33:54,8120.22,1,25,2
5517,2024-06-04 19:21:38,1628.99,3,22,7
5518,2024-07-06 11:38:23,8941.86,4,8,2
5519,2023-07-14 13:25:29,10551.80,5,14,2
5520,2024-10-13 06:22:19,7557.69,3,17,2
5521,2024-09-25 23:16:02,5273.97,3,7,2
5522,2024-12-05 02:35:33,1520.02,3,17,2
5523,2024-03-23 20:25:30,6602.73,1,15,6
5524,2023-11-19 06:44:34,3159.17,3,7,2
5525,2024-04-26 12:53:02,7443.19,2,1,2
5526,2023-08-16 02:32:19,774.20,1,25,2
5527,2024-08-21 18:37:29,17146.51,4,23,2
5528,2024-01-08 16:45:46,6065.18,3,22,3
5529,2023-08-18 14:53:55,8955.70,2,6,4
5530,2023-06-30 11:39:36,6907.63,3,12,2
5531,2024-01-07 02:26:49,7139.51,1,10,2
5532,2024-11-08 23:37:28,9040.53,4,3,2
5533,2024-06-12 21:22:35,2399.40,5,14,2
5534,2023-10-31 06:39:55,16740.56,2,16,4
5535,2024-08-29 01:31:26,116.31,2,1,2
5536,2025-01-15 03:22:10,14051.08,2,11,2
5537,2024-10-19 08:33:17,3379.97,3,2,2
5538,2024-08-11 09:47:39,12277.50,4,18,4
5539,2024-10-22 05:47:02,10842.76,3,17,3
5540,2025-04-14 01:37:03,2893.62,4,3,2
5541,2023-06-22 18:02:05,1424.39,1,25,5
5542,2023-11-29 00:17:38,18165.72,4,8,3
5543,2024-12-15 20:42:29,779.96,3,12,9
5544,2024-11-08 16:50:41,5623.86,5,24,2
5545,2023-06-23 11:34:34,6351.18,5,19,3
5546,2024-08-21 09:35:23,14434.23,5,24,3
5547,2023-12-04 20:44:14,457.50,1,10,2
5548,2023-10-28 17:04:23,2271.00,2,6,2
5549,2024-03-30 02:43:51,8994.61,2,1,3
5550,2025-03-18 20:23:18,14352.53,5,9,3
5551,2024-12-20 10:01:08,12593.92,4,13,15
5552,2023-11-11 20:20:08,2441.60,1,15,2
5553,2024-07-14 23:57:09,6150.45,1,10,2
5554,2024-09-23 01:37:39,3357.30,2,6,3
5555,2024-02-18 23:36:54,422.42,2,1,2
5556,2024-05-01 00:51:42,2449.75,3,12,4
5557,2025-05-05 09:25:55,4281.49,5,4,3
5558,2024-01-27 18:17:20,7966.10,5,4,3
5559,2025-04-25 05:25:00,12125.65,5,19,2
5560,2024-07-29 04:34:34,14530.66,1,20,2
5561,2025-01-23 19:04:51,10087.31,4,13,2
5562,2024-02-07 17:39:16,2118.49,2,16,2
5563,2023-10-12 07:04:32,10837.33,2,6,7
5564,2024-02-23 13:15:42,10769.83,4,8,2
5565,2024-05-06 16:27:20,6300.27,4,3,6
5566,2025-01-16 09:13:23,1366.60,1,10,2
5567,2025-05-07 08:57:54,18212.69,3,7,3
5568,2023-07-10 05:33:58,7103.57,5,14,3
5569,2024-07-03 16:43:17,10529.59,1,15,2
5570,2024-03-27 19:12:57,3595.80,2,16,11
5571,2025-04-05 15:41:31,6093.08,2,6,2
5572,2023-09-23 15:33:59,10705.88,4,18,2
5573,2023-08-21 12:46:06,15463.98,2,16,8
5574,2024-05-23 13:52:29,11292.71,2,11,2
5575,2024-04-10 07:57:57,1738.41,5,24,2
5576,2024-12-18 12:32:45,12009.37,3,7,2
5577,2025-02-19 13:15:32,1387.68,1,20,2
5578,2024-06-13 02:34:51,3640.63,5,19,6
5579,2024-10-28 10:54:54,8711.52,5,9,7
5580,2023-10-28 13:45:44,6159.61,1,10,2
5581,2024-12-15 05:35:52,8580.71,1,5,2
5582,2024-04-01 04:56:31,19456.05,2,1,2
5583,2023-09-09 06:36:06,2992.15,3,2,4
5584,2024-05-19 03:22:59,6541.40,2,16,2
5585,2023-08-15 04:31:17,15574.80,1,5,3
5586,2024-06-19 21:00:29,13299.28,5,4,3
5587,2023-12-15 07:29:49,17053.38,5,9,2
5588,2024-11-07 05:27:01,17853.28,3,22,2
5589,2025-01-02 21:06:22,7649.74,5,9,2
5590,2024-02-02 11:48:59,12092.90,3,7,3
5591,2024-04-03 11:59:17,5595.51,1,25,2
5592,2023-08-10 02:48:31,14150.16,1,25,2
5593,2023-08-21 19:53:40,12467.87,1,20,2
5594,2024-08-17 21:46:14,6611.50,4,8,2
5595,2023-07-20 01:51:36,15854.01,3,12,2
5596,2025-03-29 16:02:56,6808.50,1,10,2
5597,2024-04-07 13:23:46,7850.16,5,24,13
5598,2024-01-08 04:49:47,6823.00,4,8,2
5599,2025-03-20 06:09:25,14430.20,3,12,16
5600,2024-03-17 04:56:11,8105.12,5,24,2
5601,2023-12-20 08:06:17,1612.04,4,3,2
5602,2024-08-19 07:47:06,6825.98,3,12,2
5603,2023-06-25 02:22:55,15207.92,5,4,2
5604,2023-08-29 18:30:22,18459.57,5,24,2
5605,2024-04-11 05:33:50,1891.45,3,2,2
5606,2024-12-06 10:22:08,8375.92,3,17,7
5607,2023-11-29 13:39:46,11428.82,4,3,2
5608,2023-12-30 21:19:04,4613.65,5,24,2
5609,2024-03-02 08:36:28,7770.03,3,2,2
5610,2024-05-23 10:55:07,525.08,4,3,6
5611,2025-04-04 06:34:18,13070.40,5,19,5
5612,2024-12-28 11:01:00,4085.70,2,16,10
5613,2023-11-12 17:47:45,24.30,4,18,2
5614,2024-01-26 03:10:02,5194.55,4,18,2
5615,2025-03-19 06:39:26,8566.33,2,6,106
5616,2023-09-05 17:48:52,6652.69,2,16,41
5617,2023-06-11 16:09:52,4872.30,5,24,2
5618,2024-11-24 05:11:10,6858.24,2,11,3
5619,2024-02-23 16:05:18,8382.13,5,19,2
5620,2024-09-13 20:58:00,1757.24,5,4,2
5621,2024-09-08 13:59:21,11219.99,2,16,2
5622,2025-05-07 16:26:02,2770.80,2,16,2
5623,2025-02-03 04:22:24,4803.96,3,22,2
5624,2024-07-16 11:56:06,4421.96,3,2,2
5625,2023-09-12 16:37:02,6081.36,4,13,4
5626,2023-08-03 16:57:59,2968.00,3,22,3
5627,2025-01-25 00:57:49,11223.45,2,6,3
5628,2024-01-14 23:11:28,4197.66,1,5,2
5629,2023-06-10 08:26:46,2365.28,2,6,7
5630,2023-11-16 11:47:13,6052.38,5,9,2
5631,2024-03-23 22:13:00,17621.98,5,19,4
5632,2024-06-21 19:58:52,12288.98,4,13,14
5633,2025-05-18 21:23:40,21093.42,5,14,2
5634,2025-03-30 18:03:33,1639.15,2,1,2
5635,2025-03-03 00:44:46,5072.51,3,7,2
5636,2024-10-17 16:44:11,15921.28,5,19,2
5637,2023-10-19 00:49:23,4711.52,5,19,2
5638,2024-05-10 15:50:38,1051.91,1,10,2
5639,2025-01-11 19:32:36,9691.92,5,14,2
5640,2023-08-22 10:01:18,4938.45,1,15,2
5641,2024-09-18 00:29:47,4658.27,1,15,2
5642,2023-06-08 04:52:56,6062.96,5,19,2
5643,2023-07-15 06:16:08,2098.95,2,1,2
5644,2024-12-31 00:28:39,8524.39,1,5,6
5645,2024-10-26 21:24:49,7472.27,4,18,3
5646,2025-05-02 13:13:19,11553.52,2,16,12
5647,2025-02-11 01:42:04,7201.16,2,6,2
5648,2025-02-16 06:27:09,6768.43,3,22,2
5649,2023-05-30 01:19:58,3095.87,1,20,2
5650,2024-12-22 01:59:47,231.98,4,8,7
5651,2024-05-18 06:59:23,11380.30,2,6,2
5652,2023-08-10 10:08:58,16452.31,2,21,2
5653,2024-10-13 23:22:45,2672.88,2,6,2
5654,2025-02-02 12:58:04,1001.56,2,6,3
5655,2025-02-19 19:57:14,7739.93,4,13,8
5656,2023-08-27 20:56:01,4583.49,1,25,2
5657,2024-04-25 02:00:46,10345.20,5,19,6
5658,2024-12-20 00:02:42,4193.96,5,14,6
5659,2024-10-19 07:32:56,4659.86,4,3,2
5660,2025-01-22 02:32:39,11308.86,5,19,2
5661,2024-04-05 21:56:12,14351.81,5,14,2
5662,2023-11-30 23:24:52,8876.61,3,7,3
5663,2024-02-09 02:42:26,2888.46,4,8,2
5664,2023-06-29 20:54:21,12652.55,4,18,2
5665,2025-05-13 10:25:35,11431.52,4,8,2
5666,2025-04-15 04:22:08,10665.75,4,13,16
5667,2024-03-29 16:07:16,13168.18,3,12,2
5668,2024-06-08 18:19:51,4594.50,1,5,2
5669,2024-02-11 22:32:57,3785.00,3,12,2
5670,2023-10-29 08:09:49,13363.90,3,17,2
5671,2024-03-23 02:33:12,4199.30,2,1,18
5672,2023-11-30 10:50:56,11922.96,4,8,2
5673,2025-04-18 08:17:07,109.86,4,18,2
5674,2024-02-07 09:16:53,1128.75,5,9,2
5675,2023-12-21 14:35:20,15696.44,3,22,3
5676,2025-04-11 21:51:09,7880.66,3,2,2
5677,2025-04-29 09:39:49,5508.51,4,23,2
5678,2024-07-10 20:11:19,5570.75,1,15,2
5679,2025-02-13 15:04:16,3258.60,3,22,2
5680,2024-04-09 23:16:26,6532.30,1,15,2
5681,2025-05-17 04:13:18,12926.40,5,4,2
5682,2024-10-11 20:10:11,8745.48,5,4,2
5683,2024-12-03 15:33:59,4400.79,2,6,2
5684,2024-02-18 08:56:30,13288.21,5,19,2
5685,2024-01-13 16:21:02,9415.11,4,3,2
5686,2023-09-10 01:36:56,9612.99,3,17,2
5687,2024-03-14 16:54:30,6765.90,1,15,2
5688,2024-03-16 16:08:38,15959.14,5,19,2
5689,2025-02-16 20:59:41,11201.08,1,10,2
5690,2024-08-18 04:58:48,2712.67,2,16,2
5691,2024-11-07 07:05:23,12053.41,3,22,5
5692,2023-08-15 06:07:13,8121.37,5,9,3
5693,2024-09-23 06:23:13,17831.02,1,15,3
5694,2024-12-31 07:20:40,6065.17,2,21,3
5695,2025-05-07 03:58:19,8125.66,5,14,3
5696,2024-05-07 10:14:39,3583.32,4,13,4
5697,2023-07-02 12:19:57,10944.49,1,25,3
5698,2023-10-04 05:24:24,3048.73,5,4,2
5699,2025-05-19 21:34:23,3212.54,4,8,2
5700,2024-05-10 02:47:19,5311.93,4,8,2
5701,2024-04-21 15:37:16,2893.62,4,13,2
5702,2024-04-17 15:20:31,2742.10,3,12,5
5703,2023-07-15 08:08:33,13297.60,4,8,3
5704,2024-06-27 16:57:22,9314.46,1,15,2
5705,2024-08-05 01:55:25,2530.92,2,1,2
5706,2024-09-04 21:26:50,13698.87,2,6,2
5707,2023-07-08 12:10:07,14393.77,4,8,2
5708,2023-10-18 06:55:32,5002.48,3,2,2
5709,2024-10-07 20:08:21,7016.89,4,8,2
5710,2024-09-04 11:36:18,8514.80,5,24,7
5711,2023-10-11 03:50:13,15487.12,3,22,5
5712,2023-08-02 15:25:50,5750.92,2,1,2
5713,2025-04-30 11:14:06,17605.64,4,8,2
5714,2023-11-20 00:50:08,10864.27,4,8,5
5715,2023-11-05 09:26:35,5613.28,4,23,3
5716,2025-04-22 05:56:45,15743.75,3,12,19
5717,2025-05-18 03:11:30,15568.04,1,15,2
5718,2023-12-04 08:23:52,8850.03,1,5,4
5719,2024-02-04 01:44:39,4391.52,2,21,2
5720,2024-12-13 14:09:07,2552.46,5,4,3
5721,2024-04-28 18:28:21,281.48,1,15,2
5722,2023-09-15 09:03:24,9207.00,2,21,5
5723,2023-06-23 10:23:20,11731.21,1,20,2
5724,2024-08-23 17:04:44,1990.34,4,18,2
5725,2025-04-11 00:54:33,4272.63,3,22,2
5726,2025-03-23 05:02:54,8850.02,5,9,2
5727,2024-05-23 16:31:06,17524.11,3,17,2
5728,2025-01-22 02:42:30,18542.19,1,5,2
5729,2023-10-18 04:16:05,10130.42,3,22,4
5730,2024-04-03 17:20:30,3850.92,3,12,2
5731,2023-10-27 14:40:10,3306.86,4,23,2
5732,2024-11-23 06:54:14,1530.42,3,17,3
5733,2024-03-17 22:44:44,1366.60,4,13,2
5734,2024-01-01 12:36:37,8620.75,5,4,4
5735,2024-09-03 20:31:24,10395.77,4,3,2
5736,2024-01-27 17:57:48,3813.72,1,20,2
5737,2025-02-02 14:52:42,2315.92,4,8,2
5738,2024-10-02 19:22:29,20598.49,5,19,2
5739,2024-07-03 05:12:22,1921.84,1,20,2
5740,2024-04-23 18:09:45,6050.83,5,9,2
5741,2024-10-22 16:22:19,7845.61,2,1,2
5742,2025-01-29 20:50:51,7962.83,4,18,5
5743,2024-06-05 04:55:41,2548.46,5,19,2
5744,2024-01-29 16:39:26,9630.29,3,22,5
5745,2023-06-01 19:28:24,13541.97,1,15,2
5746,2025-01-01 19:26:09,3691.85,4,23,224
5747,2024-06-19 00:14:46,14762.82,2,6,2
5748,2023-07-13 16:37:43,2381.22,1,25,2
5749,2024-05-29 05:06:44,11978.64,4,13,4
5750,2024-12-28 21:46:05,8215.67,3,7,2
5751,2024-10-28 08:55:30,6212.68,5,14,10
5752,2024-04-25 15:31:33,8131.11,3,17,30
5753,2024-12-05 11:57:33,10217.15,2,21,5
5754,2023-06-03 00:10:02,5777.63,4,23,2
5755,2025-02-27 21:45:14,5143.32,3,2,2
5756,2024-05-25 19:26:55,9194.06,3,2,6
5757,2025-04-19 09:29:26,10013.00,4,8,2
5758,2024-07-04 00:51:01,2276.60,4,3,3
5759,2024-12-25 07:08:22,6934.81,3,17,2
5760,2024-06-10 14:40:05,2734.71,5,14,3
5761,2025-03-02 14:42:27,10586.95,1,15,2
5762,2023-08-05 10:50:48,4751.38,3,22,39
5763,2025-03-11 17:35:27,8583.67,3,2,3
5764,2023-07-01 01:46:31,7540.76,1,10,2
5765,2025-04-02 18:19:13,3150.95,5,24,2
5766,2025-04-21 09:19:21,13623.76,1,20,2
5767,2024-10-14 06:36:59,19193.11,1,5,2
5768,2025-05-11 22:26:32,18479.73,4,3,2
5769,2024-12-08 10:23:01,1473.55,3,17,2
5770,2024-08-20 16:37:35,11903.31,2,1,2
5771,2024-10-14 08:19:18,14197.21,1,20,2
5772,2024-09-28 06:23:14,660.32,2,1,4
5773,2025-04-03 15:21:10,5041.19,1,15,3
5774,2023-09-05 22:35:14,13618.09,5,24,2
5775,2024-11-19 11:43:39,5186.73,1,25,67
5776,2023-08-30 03:02:36,3846.85,2,6,2
5777,2024-04-02 08:47:23,16912.57,2,16,2
5778,2025-03-18 07:53:18,12324.25,4,13,3
5779,2024-04-17 22:55:19,10972.24,1,25,2
5780,2023-05-29 13:15:20,16791.09,1,10,2
5781,2024-11-11 17:43:57,12548.85,4,18,5
5782,2025-04-16 05:58:02,1592.48,4,23,3
5783,2024-06-22 07:21:41,348.93,3,22,5
5784,2023-08-24 06:48:51,2637.99,5,24,2
5785,2024-08-28 07:31:34,3345.09,5,4,3
5786,2024-02-29 21:20:20,13311.26,2,1,2
5787,2025-05-21 15:30:43,972.03,3,2,3
5788,2024-09-17 17:48:41,11441.96,1,5,2
5789,2023-06-19 21:05:19,2080.49,2,11,4
5790,2024-10-11 00:31:02,4384.95,3,17,2
5791,2023-11-15 06:35:11,17744.59,2,11,2
5792,2025-05-18 03:45:20,7790.17,5,9,3
5793,2024-02-21 18:21:48,7031.82,1,20,3
5794,2024-03-05 04:46:14,14857.62,1,15,28
5795,2023-08-01 22:58:41,1671.20,4,18,2
5796,2025-05-21 15:05:41,2189.95,4,8,3
5797,2025-01-22 04:22:44,6150.15,1,5,13
5798,2024-08-13 18:39:28,1366.60,5,19,7
5799,2025-03-25 04:26:14,13463.05,5,24,7
5800,2023-10-21 01:35:25,12782.71,3,22,2
5801,2024-01-20 21:04:56,10559.50,2,16,14
5802,2023-09-19 21:30:05,1538.74,1,25,2
5803,2024-07-16 06:23:05,8438.14,1,15,2
5804,2023-10-12 05:19:53,6492.52,2,11,3
5805,2024-01-06 01:00:50,7348.79,5,19,2
5806,2023-09-01 20:54:43,9501.37,5,14,6
5807,2024-11-13 22:47:33,10463.73,1,5,2
5808,2025-01-29 20:11:56,814.20,1,5,2
5809,2024-11-06 17:46:00,784.80,2,1,3
5810,2023-10-14 07:01:30,16390.18,2,6,2
5811,2024-10-11 18:45:32,12405.04,3,22,2
5812,2023-11-26 10:14:22,5101.44,3,2,2
5813,2023-11-16 16:47:17,11733.18,5,14,2
5814,2024-05-23 09:49:56,5339.51,4,13,2
5815,2024-12-28 04:40:07,1684.92,1,10,2
5816,2023-09-12 12:56:03,3714.02,1,10,3
5817,2024-04-12 21:31:27,3337.60,2,11,2
5818,2025-03-05 09:17:13,5722.85,1,5,16
5819,2023-08-04 04:23:36,20038.23,2,16,5
5820,2024-05-29 04:25:37,8774.37,1,5,2
5821,2024-04-05 21:44:55,3069.08,3,22,5
5822,2024-03-11 14:50:54,7447.66,2,6,3
5823,2024-02-18 11:04:48,10962.19,3,22,2
5824,2024-07-03 00:53:11,15408.49,3,2,2
5825,2024-03-01 01:51:03,3841.42,2,6,2
5826,2024-05-08 03:56:36,115.99,2,11,25
5827,2023-07-15 20:59:38,1131.12,2,1,2
5828,2023-06-27 12:41:53,26037.29,4,13,2
5829,2025-02-19 19:53:34,6593.18,4,8,2
5830,2024-10-28 21:56:25,7242.50,2,16,2
5831,2024-04-04 11:43:42,16812.23,4,3,8
5832,2025-05-18 10:21:21,7048.91,1,25,12
5833,2024-10-29 01:30:42,11360.41,2,16,2
5834,2024-12-11 20:33:52,5277.94,5,14,2
5835,2024-06-26 07:41:28,18874.33,1,25,3
5836,2025-02-13 19:43:16,17034.72,3,7,2
5837,2024-05-25 03:21:26,6053.73,1,10,2
5838,2023-06-22 20:23:47,8096.23,2,21,2
5839,2023-11-12 20:46:18,11459.24,4,3,18
5840,2024-11-05 20:21:51,10791.29,1,20,29
5841,2024-10-27 21:57:04,6532.66,4,23,6
5842,2025-01-16 18:41:38,6066.88,1,20,2
5843,2025-03-03 18:43:58,15367.05,1,5,3
5844,2025-04-14 18:11:07,10614.39,5,24,3
5845,2023-11-23 12:14:40,8609.57,2,6,2
5846,2024-12-06 11:28:25,3764.42,5,14,2
5847,2024-02-01 03:27:17,15263.04,3,7,9
5848,2023-07-03 23:00:44,4807.33,4,23,2
5849,2023-12-22 22:26:21,4650.34,4,3,3
5850,2024-10-19 10:27:05,2044.57,1,10,2
5851,2024-11-26 19:10:37,4431.98,5,24,3
5852,2023-07-29 20:52:38,2717.20,3,2,2
5853,2025-02-07 02:41:55,333.64,1,15,2
5854,2025-03-07 20:57:31,12748.02,4,3,12
5855,2024-12-31 19:35:31,12142.53,2,1,3
5856,2024-05-28 01:56:48,2885.27,4,8,4
5857,2023-11-08 18:32:41,2744.24,3,2,2
5858,2024-10-09 17:16:14,6048.40,1,5,2
5859,2023-06-11 06:32:24,1626.42,5,14,2
5860,2024-02-26 02:37:04,3391.10,1,20,3
5861,2023-12-01 04:24:19,19786.79,4,3,28
5862,2025-02-17 18:01:42,5277.57,3,7,5
5863,2024-06-14 19:44:27,3414.55,5,4,3
5864,2024-07-30 08:08:09,3311.76,5,24,2
5865,2024-03-31 23:45:34,10295.46,1,25,2
5866,2024-11-22 08:38:38,7391.92,2,21,3
5867,2025-02-01 13:37:50,5145.49,2,21,2
5868,2024-08-12 13:12:03,7883.30,1,25,2
5869,2023-12-05 06:58:51,5099.39,2,6,36
5870,2023-11-19 18:10:29,8780.15,1,25,2
5871,2024-04-13 13:59:15,9932.79,1,25,4
5872,2023-09-12 20:35:50,9137.64,1,20,2
5873,2024-12-19 06:27:15,12077.16,2,6,24
5874,2024-11-17 01:42:47,4146.33,4,18,2
5875,2025-03-04 14:15:55,13112.08,5,4,2
5876,2023-12-23 11:48:40,13472.91,4,23,5
5877,2024-03-08 16:48:39,1655.42,4,18,3
5878,2025-01-16 08:54:14,10139.73,5,24,6
5879,2023-09-27 03:48:08,5959.69,5,14,2
5880,2024-12-06 04:04:01,6622.72,1,20,2
5881,2023-12-09 19:10:46,4594.50,3,17,2
5882,2025-01-04 19:22:24,8494.83,4,18,72
5883,2023-09-03 08:54:36,7335.85,4,13,3
5884,2025-03-28 20:24:55,11708.22,3,17,3
5885,2023-10-28 10:06:41,9166.77,5,19,4
5886,2024-11-30 11:11:19,12241.29,2,6,3
5887,2024-11-07 14:33:37,20402.60,2,21,2
5888,2024-11-05 05:34:56,6323.09,3,12,2
5889,2023-12-30 05:34:25,17266.60,1,10,4
5890,2023-11-20 02:07:36,5303.85,2,11,2
5891,2024-04-08 19:05:52,8184.55,2,6,4
5892,2024-12-11 10:17:45,9388.37,5,24,2
5893,2024-01-31 13:49:46,9151.45,5,4,3
5894,2024-06-27 22:18:49,6946.32,5,4,3
5895,2024-05-16 07:32:40,314.16,2,1,3
5896,2024-03-22 01:41:41,1368.00,3,17,2
5897,2024-05-28 22:37:31,6631.66,1,15,2
5898,2023-08-15 11:20:32,19960.23,5,9,8
5899,2023-11-28 07:36:15,13712.56,1,10,2
5900,2023-11-07 03:35:48,13476.47,1,5,4
5901,2023-12-02 13:35:54,9449.29,2,6,2
5902,2024-09-12 15:23:22,12687.98,1,25,2
5903,2024-07-28 23:17:24,6561.60,3,22,2
5904,2023-10-25 01:24:48,6390.81,3,2,5
5905,2024-12-06 05:54:49,3272.64,5,24,2
5906,2024-10-22 09:55:53,14659.45,2,16,2
5907,2025-03-07 09:12:36,11551.63,1,10,2
5908,2023-08-16 14:41:07,1286.18,4,23,9
5909,2024-02-10 11:29:36,8861.77,5,4,3
5910,2024-01-19 07:23:53,3782.51,2,1,2
5911,2024-09-14 05:45:07,14300.52,4,3,2
5912,2024-07-22 02:57:05,3754.16,3,7,2
5913,2024-11-25 03:14:45,5114.50,5,4,2
5914,2024-04-24 18:06:57,1535.94,3,12,2
5915,2025-01-04 21:07:25,9411.71,2,1,2
5916,2025-01-26 04:01:34,2428.25,3,7,4
5917,2025-04-09 21:40:47,1072.94,3,17,2
5918,2024-07-01 09:41:39,10241.00,3,22,2
5919,2023-09-09 08:28:29,16616.11,1,5,14
5920,2023-11-09 15:41:28,3880.09,1,5,2
5921,2024-06-06 02:37:38,16935.82,4,13,2
5922,2024-06-10 08:32:01,10614.59,5,9,2
5923,2024-03-30 07:30:32,426.80,5,24,2
5924,2024-02-20 13:26:10,10877.64,1,5,2
5925,2024-01-19 14:14:27,14178.80,1,25,2
5926,2024-10-25 04:19:01,14656.61,3,17,3
5927,2023-09-26 06:06:12,9696.85,1,25,3
5928,2023-09-02 22:22:41,77.79,5,19,2
5929,2024-04-13 03:07:59,16656.78,2,1,2
5930,2024-09-22 02:43:21,7393.51,3,7,2
5931,2024-11-19 18:35:41,10845.28,2,21,17
5932,2023-08-30 00:52:42,15024.55,5,19,3
5933,2025-01-29 19:33:54,9112.41,1,10,7
5934,2025-01-03 02:33:26,13301.09,5,19,5
5935,2023-08-21 08:23:47,9743.12,4,23,2
5936,2024-04-27 23:39:24,7001.58,3,7,2
5937,2024-08-16 12:15:39,1637.70,1,25,2
5938,2023-08-11 17:58:18,6126.37,4,13,2
5939,2025-05-13 19:46:41,5667.15,1,5,2
5940,2024-03-11 18:24:50,5509.16,3,2,2
5941,2024-05-23 05:11:44,13844.21,1,10,2
5942,2024-04-15 21:27:11,16174.26,5,24,2
5943,2024-06-03 12:38:36,12107.68,1,10,4
5944,2025-04-13 15:13:38,12890.02,4,8,20
5945,2025-02-16 15:23:13,2657.03,5,9,10
5946,2025-01-13 02:25:23,2815.57,3,7,3
5947,2023-11-11 04:53:48,7368.10,5,14,2
5948,2024-08-23 07:33:14,5211.34,2,11,2
5949,2023-11-11 03:40:57,11653.91,3,12,2
5950,2024-09-08 15:18:26,3523.08,4,3,5
5951,2025-01-21 12:39:31,7056.06,2,21,2
5952,2025-02-27 04:55:00,11560.29,1,5,2
5953,2023-12-12 01:30:42,2891.80,4,13,5
5954,2024-06-04 13:40:55,13552.18,5,19,5
5955,2024-12-23 01:29:55,11601.74,2,6,2
5956,2024-02-21 13:25:38,13530.85,5,19,6
5957,2025-05-20 10:14:17,10409.32,1,5,3
5958,2023-09-11 16:10:43,1624.62,3,22,2
5959,2024-04-23 16:19:15,12256.03,4,18,2
5960,2024-01-24 03:26:03,15126.97,1,10,2
5961,2024-10-29 15:36:18,11446.25,2,16,2
5962,2025-01-08 16:55:50,5489.08,2,21,2
5963,2023-12-14 11:03:36,14059.70,1,20,2
5964,2023-11-28 02:38:01,8584.68,5,9,3
5965,2024-10-05 03:41:02,4972.73,3,7,2
5966,2024-05-30 11:32:59,16445.83,3,17,9
5967,2025-02-26 10:42:08,6143.60,3,12,2
5968,2024-05-13 22:53:36,6569.35,1,5,3
5969,2023-10-18 20:00:13,8083.50,3,2,2
5970,2023-07-19 09:38:32,1742.34,1,5,2
5971,2023-07-03 16:04:15,6732.83,1,15,2
5972,2023-06-27 04:14:37,4860.15,3,17,2
5973,2024-04-03 18:46:00,7679.14,2,21,2
5974,2024-04-27 15:20:01,16833.53,3,17,2
5975,2024-09-04 18:02:13,9636.93,2,6,2
5976,2023-08-08 00:39:14,7253.97,5,24,2
5977,2024-04-07 07:28:21,16869.41,5,19,76
5978,2023-09-11 02:38:39,9617.00,1,20,2
5979,2024-12-24 15:12:47,106.70,3,22,2
5980,2024-02-03 03:42:10,11234.06,1,5,2
5981,2024-09-27 21:50:17,16232.79,4,23,2
5982,2023-06-19 23:30:11,8705.85,4,8,2
5983,2024-11-22 05:46:33,9901.10,5,4,60
5984,2024-12-03 07:52:53,10032.31,1,5,2
5985,2024-09-14 07:10:24,16193.50,5,9,5
5986,2023-12-02 20:50:56,11817.64,2,16,2
5987,2023-09-02 05:08:00,8382.86,4,18,2
5988,2025-04-03 11:56:02,1998.01,1,5,2
5989,2024-09-18 18:38:43,6896.53,2,1,2
5990,2024-08-22 06:42:30,17689.85,2,6,2
5991,2024-07-31 14:42:41,3044.50,5,19,3
5992,2023-11-13 11:45:13,4833.69,2,6,14
5993,2023-11-25 06:36:16,6858.23,3,17,5
5994,2025-04-15 14:05:06,5913.29,3,22,2
5995,2023-06-02 03:20:28,15700.64,1,10,2
5996,2025-05-13 11:22:43,5716.01,5,24,3
5997,2024-07-30 03:25:32,1207.20,1,20,2
5998,2024-03-25 04:56:34,2792.62,1,10,6
5999,2023-09-07 17:39:34,3154.92,4,18,3
6000,2025-05-05 11:28:36,5262.13,4,18,3
6001,2024-03-20 12:18:27,9014.30,5,24,4
6002,2025-05-07 14:58:14,5527.91,5,24,33
6003,2023-11-28 19:46:40,3507.96,3,7,4
6004,2024-04-02 11:38:10,13428.85,5,4,2
6005,2023-08-23 00:16:43,5989.63,1,5,4
6006,2024-12-01 02:17:39,183.10,5,14,3
6007,2025-02-05 10:18:45,2822.12,5,19,2
6008,2024-04-11 09:48:49,3219.47,4,13,13
6009,2023-07-22 19:41:25,1360.11,3,17,4
6010,2025-01-29 11:14:34,8333.57,4,13,3
6011,2025-03-19 03:58:52,20767.83,5,14,2
6012,2024-06-23 05:58:06,8986.70,5,14,2
6013,2024-10-31 10:13:16,4392.57,5,9,2
6014,2023-06-22 19:04:56,17465.81,1,10,10
6015,2024-06-10 14:00:21,15952.07,1,25,9
6016,2024-11-30 19:23:49,12061.10,5,4,2
6017,2025-05-10 03:23:41,12204.55,3,12,2
6018,2025-02-15 06:57:08,8142.75,1,5,2
6019,2024-11-06 21:59:02,812.84,5,9,2
6020,2023-08-16 06:12:24,1164.50,4,18,69
6021,2023-08-11 17:32:34,4179.38,3,17,2
6022,2024-04-22 10:05:04,12806.31,1,20,3
6023,2025-01-05 21:04:50,13369.89,3,12,2
6024,2024-07-18 17:47:18,10818.42,1,5,2
6025,2024-06-10 17:02:13,9915.38,3,22,2
6026,2024-03-03 03:48:15,10160.91,5,9,2
6027,2023-12-05 08:11:31,10424.93,4,18,2
6028,2024-06-29 05:42:31,10011.77,1,20,2
6029,2025-03-07 01:00:32,6182.07,1,10,2
6030,2023-10-15 17:39:48,12620.91,4,18,2
6031,2025-01-24 02:00:18,11275.65,4,8,2
6032,2024-01-20 18:15:49,19997.63,1,5,4
6033,2024-03-01 02:07:03,14517.77,5,24,5
6034,2025-04-15 15:44:11,7811.49,4,18,2
6035,2024-02-28 04:29:54,8728.68,2,21,2
6036,2024-01-30 21:09:46,4711.38,4,8,2
6037,2025-02-14 03:44:54,14098.87,2,6,9
6038,2024-05-04 05:00:26,11418.10,5,4,2
6039,2023-06-11 08:07:04,7414.52,3,17,2
6040,2024-12-27 09:51:17,15951.13,5,9,2
6041,2025-04-27 02:41:30,4318.00,2,11,23
6042,2025-03-24 01:17:41,547.20,5,9,9
6043,2023-09-26 20:34:42,2678.76,5,4,2
6044,2024-01-07 22:28:00,14684.26,2,16,2
6045,2023-06-11 10:17:47,701.88,4,13,6
6046,2024-07-20 02:33:57,8914.66,1,25,2
6047,2024-02-09 19:50:20,1504.24,2,11,5
6048,2023-10-09 20:24:09,9182.59,5,14,3
6049,2025-03-03 04:48:11,5594.89,1,25,8
6050,2023-11-05 15:49:39,20426.57,2,11,2
6051,2023-06-17 02:47:30,18321.73,5,19,2
6052,2024-05-08 01:54:00,6987.60,3,22,2
6053,2023-10-10 13:26:59,10039.31,4,3,3
6054,2024-01-21 06:18:54,11115.13,1,20,3
6055,2023-07-30 04:31:06,10792.72,3,12,2
6056,2023-12-11 01:40:37,2102.97,1,25,2
6057,2024-11-16 07:54:24,4481.14,5,4,2
6058,2024-09-24 00:10:55,18035.12,2,1,3
6059,2024-06-30 11:07:10,8315.02,1,20,4
6060,2024-04-12 01:05:43,6656.78,2,6,2
6061,2024-02-01 03:27:54,2463.34,4,23,2
6062,2025-02-26 00:56:54,10142.57,5,24,5
6063,2023-10-14 07:19:38,6964.25,2,11,2
6064,2024-10-15 20:57:34,20566.33,4,18,2
6065,2025-02-19 19:16:50,11924.00,3,7,2
6066,2024-02-25 14:02:17,10322.65,2,1,2
6067,2024-07-05 23:48:17,6093.94,1,15,2
6068,2023-07-08 13:55:40,2713.28,5,19,5
6069,2024-01-22 23:19:03,14304.90,1,20,58
6070,2023-10-27 13:25:22,6714.22,4,23,3
6071,2024-01-23 23:43:34,7087.80,3,22,6
6072,2024-03-13 04:26:56,12509.36,2,6,2
6073,2024-06-29 02:15:29,10694.85,1,15,2
6074,2024-06-28 21:11:53,15427.48,1,10,2
6075,2023-07-14 10:32:39,16151.81,5,19,2
6076,2023-07-28 15:47:01,11958.41,3,7,3
6077,2025-05-05 08:14:32,6263.85,1,15,2
6078,2024-06-26 23:01:43,10069.48,5,9,2
6079,2023-12-16 22:44:43,15848.44,3,12,5
6080,2025-01-22 17:35:35,3899.20,3,22,10
6081,2024-09-02 19:36:35,17215.28,2,6,2
6082,2023-11-30 02:36:00,1503.98,4,3,2
6083,2025-03-26 15:10:50,19119.05,4,3,2
6084,2023-08-10 21:55:42,6541.61,4,23,3
6085,2024-09-27 15:00:09,10513.73,4,8,2
6086,2024-11-07 18:33:05,2997.74,2,1,3
6087,2023-09-30 10:14:14,14753.49,2,16,2
6088,2024-07-04 15:02:50,1388.62,4,13,4
6089,2024-01-29 15:12:12,14986.31,3,12,5
6090,2023-06-05 18:12:48,5226.60,1,25,5
6091,2025-04-17 11:25:42,21762.22,2,16,6
6092,2023-10-23 17:48:41,4106.39,1,25,2
6093,2024-07-18 04:51:15,9640.29,1,5,2
6094,2023-10-31 08:24:51,10287.88,3,22,2
6095,2024-08-14 15:50:54,10249.65,1,5,2
6096,2024-10-05 23:06:39,14672.31,2,11,2
6097,2023-11-24 13:07:37,14467.52,2,6,2
6098,2023-08-10 04:01:59,9259.26,1,5,2
6099,2024-12-09 07:53:36,8515.16,2,11,3
6100,2024-03-22 05:44:29,6017.43,2,16,2
6101,2025-02-02 01:06:28,5920.87,4,23,2
6102,2023-11-29 07:22:42,12693.72,3,7,2
6103,2023-06-12 05:38:53,18865.30,2,6,2
6104,2024-02-20 09:14:30,10947.81,4,18,2
6105,2025-01-21 12:21:04,8121.92,5,14,3
6106,2023-08-03 12:07:48,604.01,2,6,4
6107,2024-01-02 17:18:33,8937.03,2,21,5
6108,2024-06-06 21:07:53,3649.51,2,1,2
6109,2023-06-07 10:02:53,6686.80,2,11,22
6110,2023-11-26 19:15:27,7600.96,5,19,6
6111,2023-09-02 14:20:51,5561.62,4,18,2
6112,2024-01-30 16:09:08,6687.40,2,16,2
6113,2023-11-18 19:47:44,8052.58,5,4,2
6114,2023-12-01 19:01:01,562.96,1,15,182
6115,2024-08-22 17:24:57,7943.01,5,24,3
6116,2025-04-10 08:13:37,15367.57,3,2,12
6117,2025-01-01 19:39:57,5191.82,1,5,3
6118,2025-03-18 04:53:26,16263.29,4,13,2
6119,2025-01-25 10:00:05,14180.47,2,11,2
6120,2023-12-18 23:11:22,4800.64,3,17,3
6121,2024-10-20 22:02:11,4575.24,4,18,3
6122,2023-09-02 14:27:59,15567.43,4,13,2
6123,2024-03-29 19:31:28,10240.65,1,20,3
6124,2024-09-27 19:28:15,908.36,5,19,2
6125,2024-12-30 20:11:09,2379.36,1,5,3
6126,2024-06-21 02:23:46,10398.89,1,10,33
6127,2025-02-07 08:42:35,2891.65,5,4,2
6128,2024-07-11 22:36:33,16239.71,1,15,3
6129,2024-04-16 17:07:55,3706.51,5,4,2
6130,2025-02-20 09:24:31,18837.16,2,1,8
6131,2023-11-13 02:28:15,15374.99,4,23,6
6132,2025-04-19 06:56:43,15829.65,1,25,2
6133,2024-12-22 23:22:35,4950.94,5,4,2
6134,2023-06-28 19:22:50,3878.41,4,18,2
6135,2025-02-23 11:02:09,7976.44,1,20,2
6136,2025-05-07 17:14:34,1678.99,2,11,3
6137,2025-02-11 08:47:27,2995.76,3,22,2
6138,2023-11-09 04:31:49,12719.82,3,7,3
6139,2024-02-26 11:34:03,10166.65,5,14,4
6140,2024-10-06 13:16:53,9836.63,1,15,2
6141,2024-08-21 02:56:29,2673.51,2,1,14
6142,2023-09-26 07:10:31,20029.86,3,12,2
6143,2023-12-19 13:00:37,15049.82,2,1,2
6144,2024-02-14 23:40:49,9414.61,4,3,2
6145,2024-03-09 18:54:06,2166.16,5,19,2
6146,2025-05-14 19:25:29,11048.19,2,21,2
6147,2024-07-06 13:37:59,3312.04,4,3,2
6148,2024-02-19 10:16:28,870.15,3,7,4
6149,2024-11-12 15:24:34,1795.29,2,16,2
6150,2024-01-26 13:38:41,13016.24,3,17,2
6151,2024-09-07 06:14:53,2726.01,1,20,3
6152,2024-09-12 12:44:19,10695.50,4,18,2
6153,2024-03-15 15:32:02,6452.20,5,9,2
6154,2025-03-21 23:51:22,16896.80,3,2,2
6155,2023-09-12 08:04:19,20959.03,4,8,17
6156,2025-03-14 03:18:08,2375.84,2,21,2
6157,2023-08-14 14:21:51,15519.58,1,15,2
6158,2025-05-21 20:46:18,16321.94,2,6,2
6159,2025-04-05 19:04:55,15426.01,1,25,3
6160,2024-04-18 22:35:19,2847.24,1,10,3
6161,2023-10-11 21:57:29,8357.38,2,11,2
6162,2024-02-05 19:14:26,14310.87,5,9,2
6163,2024-02-26 13:56:12,12060.87,4,18,2
6164,2024-09-02 08:05:18,146.48,4,8,2
6165,2024-11-19 04:45:19,12435.25,4,8,2
6166,2024-03-10 00:09:39,10575.53,3,17,3
6167,2024-12-24 23:45:48,11285.22,1,25,2
6168,2025-03-13 13:59:06,10027.26,2,1,6
6169,2024-10-10 22:26:43,4439.67,5,14,4
6170,2024-06-30 09:52:38,19871.29,3,7,2
6171,2024-11-13 18:47:02,6185.70,2,11,2
6172,2024-12-30 18:29:32,6358.60,4,3,2
6173,2024-09-11 04:53:43,6744.60,2,21,2
6174,2025-04-13 02:11:59,5827.07,3,17,2
6175,2024-07-28 14:20:47,7600.22,4,23,3
6176,2024-07-14 08:02:33,10274.37,4,23,4
6177,2023-10-12 10:10:55,507.90,3,17,2
6178,2023-12-31 22:46:55,13241.73,1,15,3
6179,2025-03-10 08:55:56,13032.88,2,21,2
6180,2025-01-01 13:36:11,3890.97,2,11,2
6181,2023-09-25 13:00:18,2813.24,1,20,4
6182,2024-11-18 11:18:05,14941.71,4,23,4
6183,2023-08-26 11:22:37,7621.59,5,14,2
6184,2025-03-12 16:41:14,918.90,3,12,2
6185,2023-07-09 09:49:33,7145.92,2,11,2
6186,2025-03-25 00:09:01,9223.91,1,10,5
6187,2024-07-17 20:08:38,10539.51,3,2,2
6188,2023-06-08 10:04:42,7426.38,2,1,4
6189,2025-01-25 23:52:06,13217.78,4,3,6
6190,2024-08-03 03:30:33,5976.22,3,2,3
6191,2023-07-21 00:19:55,9775.00,4,18,2
6192,2025-01-22 06:00:57,1362.69,2,16,2
6193,2024-10-02 01:55:01,681.88,3,17,4
6194,2024-04-12 19:09:32,5544.01,4,3,2
6195,2023-09-23 23:33:28,14050.68,3,22,2
6196,2024-09-06 11:26:30,8622.47,4,3,3
6197,2024-05-25 20:57:58,1450.03,5,14,2
6198,2024-08-02 10:30:20,5774.55,2,21,2
6199,2023-12-24 11:16:58,12046.50,3,22,2
6200,2024-02-06 16:51:42,1062.94,5,19,2
6201,2024-02-21 19:22:56,2301.56,1,25,2
6202,2025-02-11 03:22:45,7917.07,4,23,2
6203,2024-02-08 14:13:41,6724.56,2,21,4
6204,2024-06-25 14:33:42,6388.22,3,17,2
6205,2024-04-07 16:25:54,5873.76,2,1,5
6206,2024-03-22 14:35:08,10472.15,2,21,4
6207,2023-06-07 20:30:46,11911.73,2,11,13
6208,2025-05-09 09:34:54,12153.17,1,25,3
6209,2023-06-30 03:08:50,8623.79,4,13,16
6210,2024-06-15 18:02:02,13386.09,5,19,2
6211,2023-06-02 09:43:03,10305.03,4,3,2
6212,2024-01-11 22:55:15,23941.36,3,2,3
6213,2024-06-07 11:16:23,5424.09,3,2,2
6214,2023-09-25 10:01:18,11026.77,1,10,2
6215,2024-09-29 06:52:04,4628.63,1,15,2
6216,2024-02-01 18:53:30,7620.59,2,21,2
6217,2024-09-05 04:35:01,7139.89,1,10,2
6218,2025-04-10 05:37:16,6828.80,4,3,2
6219,2024-06-06 07:13:59,6217.36,4,8,2
6220,2025-01-24 01:17:00,2512.11,1,20,3
6221,2025-01-25 17:31:17,8809.29,2,21,5
6222,2025-03-04 11:25:27,11666.80,4,23,3
6223,2024-11-14 21:36:36,21168.33,1,5,3
6224,2023-07-24 07:03:04,6523.83,4,18,9
6225,2025-04-12 06:11:08,22858.14,4,13,2
6226,2025-05-13 02:53:24,2420.57,2,11,2
6227,2025-03-13 16:55:29,4858.85,5,4,2
6228,2023-07-05 00:23:02,12141.91,3,12,132
6229,2023-08-08 00:59:44,4506.37,2,21,2
6230,2025-04-23 03:32:36,9472.02,1,25,2
6231,2024-02-19 17:23:38,5035.08,5,14,3
6232,2024-11-11 06:17:06,2257.24,3,7,2
6233,2023-07-29 23:49:42,16187.06,2,6,105
6234,2024-10-11 00:05:27,1765.24,3,22,5
6235,2024-05-28 21:40:55,7134.38,5,14,2
6236,2023-12-05 15:04:12,8663.09,4,23,2
6237,2024-11-18 03:10:25,16094.30,3,7,4
6238,2024-10-13 09:43:53,10676.71,4,8,2
6239,2025-01-08 12:55:02,8896.15,1,5,3
6240,2024-03-25 06:02:22,17062.51,4,18,2
6241,2024-10-21 02:29:28,10488.48,2,11,2
6242,2024-04-15 10:48:44,6030.06,5,14,3
6243,2025-03-03 20:45:48,13958.25,3,2,2
6244,2024-01-09 15:12:08,9172.30,3,22,65
6245,2023-10-12 14:19:36,13075.01,4,8,3
6246,2023-05-31 23:43:12,6201.40,1,15,2
6247,2025-05-07 05:23:45,18380.41,2,11,2
6248,2024-09-24 23:09:17,3726.72,3,17,2
6249,2024-05-23 18:32:25,1798.71,3,17,2
6250,2025-03-25 02:28:29,6684.02,5,9,2
6251,2023-09-24 06:28:59,16100.51,2,11,2
6252,2024-12-23 15:52:35,4468.48,5,24,2
6253,2023-08-10 04:02:28,8496.55,2,21,2
6254,2024-01-26 21:06:07,14414.06,5,14,8
6255,2023-10-19 07:59:31,9519.17,5,14,3
6256,2025-03-20 04:03:26,5615.93,3,17,2
6257,2024-06-21 07:34:54,6947.80,5,14,4
6258,2023-10-01 03:42:33,5143.36,5,14,2
6259,2024-08-12 19:32:47,7271.79,3,17,2
6260,2023-09-14 13:44:59,15889.90,4,18,2
6261,2025-01-07 16:53:26,9971.62,5,24,2
6262,2024-02-14 20:13:13,4017.24,3,12,2
6263,2024-05-25 07:42:58,5503.42,1,10,2
6264,2024-02-03 04:15:56,2971.36,3,17,2
6265,2024-08-16 11:19:49,2645.80,4,13,2
6266,2025-01-24 17:18:26,7339.95,4,23,2
6267,2023-12-05 19:17:08,13755.07,5,24,2
6268,2024-03-21 00:36:21,950.73,3,7,2
6269,2024-11-07 07:23:15,12628.43,5,14,15
6270,2024-05-15 06:45:57,9083.39,3,7,3
6271,2023-12-13 04:34:36,12667.86,4,23,15
6272,2025-02-02 15:08:42,7552.07,3,17,2
6273,2024-09-04 04:43:34,19220.55,5,4,2
6274,2024-07-21 10:07:02,13797.12,5,14,4
6275,2024-07-30 13:41:41,8948.12,4,13,2
6276,2024-10-31 08:25:11,1084.89,2,21,2
6277,2023-11-01 08:44:43,7634.03,1,10,6
6278,2023-11-28 14:02:34,1237.72,4,23,3
6279,2024-03-08 19:22:29,3101.47,5,19,2
6280,2025-02-08 01:37:45,109.86,1,10,2
6281,2024-05-16 12:01:00,25181.71,2,6,3
6282,2023-07-12 20:45:07,5062.45,4,13,2
6283,2024-01-22 18:57:20,5681.73,4,3,4
6284,2024-01-16 03:54:45,5979.19,4,23,2
6285,2025-04-11 12:10:15,17956.31,5,19,2
6286,2023-11-10 00:17:49,13073.84,5,14,2
6287,2024-09-25 03:38:14,14735.87,1,10,3
6288,2024-06-04 18:25:21,5478.79,1,5,11
6289,2025-05-19 21:10:37,3308.14,1,20,2
6290,2023-08-16 20:51:32,2992.15,5,24,2
6291,2023-06-20 17:30:17,12085.47,3,7,3
6292,2024-07-06 05:11:47,3497.20,3,2,3
6293,2024-10-23 19:27:11,4393.10,1,15,2
6294,2024-03-03 18:48:29,7028.53,4,13,3
6295,2023-12-10 07:40:59,10872.56,5,9,8
6296,2023-08-11 21:35:50,16088.34,5,9,2
6297,2025-04-09 09:25:12,7642.47,2,11,12
6298,2024-06-08 03:15:00,9294.82,2,16,5
6299,2023-12-11 06:39:54,678.32,5,9,2
6300,2024-12-15 01:06:54,1916.15,3,22,2
6301,2023-10-11 16:21:43,5047.52,3,2,4
6302,2024-03-17 22:55:50,14810.47,3,12,17
6303,2023-07-03 05:19:36,8580.16,3,22,22
6304,2023-08-04 00:40:00,1887.29,4,23,3
6305,2024-06-16 23:55:27,19728.29,2,11,2
6306,2024-11-04 12:13:23,222.54,3,12,2
6307,2023-07-12 08:07:25,13633.52,1,15,2
6308,2024-10-24 00:30:47,20544.65,2,1,2
6309,2023-11-20 17:12:45,5404.03,3,22,2
6310,2023-06-17 21:21:31,11163.95,3,17,2
6311,2023-11-21 14:14:10,19685.68,4,23,2
6312,2024-05-28 18:32:13,4534.37,5,9,4
6313,2025-01-23 02:48:38,11740.75,3,12,2
6314,2024-09-18 00:14:40,2964.05,5,24,3
6315,2023-10-31 18:31:38,6893.08,3,22,2
6316,2023-12-19 06:09:51,15162.28,3,17,5
6317,2023-12-17 16:10:54,3695.16,4,18,2
6318,2023-11-27 13:46:13,2553.20,4,3,2
6319,2023-12-12 16:39:06,5312.61,1,10,2
6320,2025-02-01 01:42:57,12171.40,3,7,48
6321,2024-03-08 08:02:18,4452.03,1,10,2
6322,2024-09-06 09:16:04,1026.24,5,9,2
6323,2023-07-27 14:08:27,10548.32,4,18,2
6324,2024-01-11 21:02:24,101.20,1,10,3
6325,2024-02-25 14:18:59,13741.44,2,11,2
6326,2023-06-04 07:08:36,13965.20,1,20,2
6327,2025-02-14 11:45:38,531.47,4,18,2
6328,2023-06-25 03:55:56,1893.52,4,3,11
6329,2024-09-24 04:48:44,3202.75,1,10,8
6330,2024-11-24 05:10:37,4192.72,3,7,3
6331,2024-03-27 23:58:30,15824.46,1,10,8
6332,2025-05-06 08:18:05,7568.20,2,6,2
6333,2024-08-09 09:35:08,9100.57,4,3,2
6334,2023-10-25 09:29:07,9026.81,3,22,2
6335,2024-10-09 06:22:37,8240.12,3,22,2
6336,2025-05-07 17:38:30,13414.06,4,3,13
6337,2024-09-03 23:41:07,20552.11,2,21,2
6338,2024-01-26 17:22:31,9548.63,3,17,2
6339,2023-09-20 01:34:28,2490.09,3,12,2
6340,2023-07-12 22:46:15,2584.28,4,23,2
6341,2023-11-24 17:55:12,2166.72,4,23,2
6342,2024-04-19 11:31:33,3427.77,1,10,6
6343,2025-03-09 08:39:12,4012.54,1,5,5
6344,2025-04-20 03:14:01,17015.48,1,20,2
6345,2024-01-09 04:50:32,12761.21,1,15,2
6346,2023-12-02 14:37:08,3341.95,1,5,5
6347,2023-11-28 12:37:48,8404.85,3,12,3
6348,2025-02-16 19:35:21,3304.18,2,6,3
6349,2025-04-28 02:13:58,4460.99,5,9,2
6350,2025-04-12 21:02:54,19210.45,4,13,2
6351,2023-11-02 16:26:06,14896.46,2,6,2
6352,2024-03-06 09:55:32,2734.26,3,2,2
6353,2025-03-16 22:32:36,4567.85,1,25,2
6354,2023-11-29 01:57:46,13790.23,1,25,2
6355,2025-04-12 00:14:45,9171.35,5,9,2
6356,2024-10-31 16:21:55,12425.10,2,6,13
6357,2023-06-07 13:49:15,13113.43,2,11,3
6358,2023-12-04 01:11:41,11142.32,3,22,2
6359,2024-11-28 13:44:28,2406.36,3,2,2
6360,2024-11-28 21:28:44,1994.68,2,16,11
6361,2025-02-01 18:07:08,6506.00,4,3,3
6362,2024-11-15 10:12:36,2163.02,5,19,96
6363,2024-01-14 19:40:53,7514.35,1,10,2
6364,2024-12-07 20:33:04,11845.66,3,7,3
6365,2024-06-07 04:51:46,4683.77,2,16,7
6366,2023-09-23 04:50:54,10103.68,3,17,2
6367,2023-06-25 17:51:37,10771.77,1,5,2
6368,2023-10-07 07:09:27,17751.38,1,10,2
6369,2025-04-05 08:22:41,16676.01,1,5,5
6370,2024-05-26 23:26:22,12513.88,5,9,2
6371,2023-09-10 19:45:41,6893.71,1,20,2
6372,2024-05-26 16:53:36,4789.12,4,23,3
6373,2023-08-11 04:29:52,10595.96,2,6,43
6374,2024-03-26 13:26:53,3411.74,3,17,2
6375,2023-08-27 08:36:04,6205.17,4,3,3
6376,2024-12-09 19:20:12,9112.71,2,21,2
6377,2024-10-12 13:47:13,16949.87,5,4,2
6378,2023-08-23 10:10:40,8485.63,3,2,4
6379,2024-10-23 19:42:12,9253.62,4,3,2
6380,2024-02-26 08:14:23,7633.32,2,16,2
6381,2023-07-07 22:41:03,7559.72,5,14,2
6382,2025-04-01 02:29:36,8206.59,3,7,2
6383,2024-08-07 13:49:58,804.80,3,7,2
6384,2025-03-23 22:48:14,13136.81,3,22,2
6385,2023-10-17 03:06:05,13209.01,5,14,9
6386,2023-10-17 06:41:27,4210.48,5,4,2
6387,2024-06-16 15:14:27,2868.23,2,11,7
6388,2024-01-03 17:18:49,6890.30,4,18,8
6389,2024-04-17 14:19:44,6122.29,5,9,2
6390,2024-05-27 20:04:36,11379.05,4,3,2
6391,2025-02-09 14:49:03,533.50,5,14,4
6392,2023-10-10 22:47:21,13549.63,5,24,2
6393,2024-07-31 17:06:52,7204.29,5,9,6
6394,2025-05-19 12:29:49,13512.77,4,8,9
6395,2024-09-10 09:37:19,5664.60,4,13,2
6396,2023-11-10 19:45:34,3758.10,1,15,2
6397,2025-05-13 01:31:08,1272.89,2,6,2
6398,2023-11-08 15:19:07,13571.46,5,19,2
6399,2025-02-12 23:37:31,6542.95,3,17,2
6400,2024-02-24 13:27:52,3035.28,3,7,13
6401,2025-03-31 16:10:13,19151.58,3,17,2
6402,2024-12-15 13:08:56,7325.71,4,23,3
6403,2024-05-23 03:47:24,4831.48,4,3,3
6404,2024-04-30 15:35:11,9527.30,1,25,7
6405,2025-01-23 18:54:03,3045.98,2,21,15
6406,2024-04-29 17:45:14,13741.49,4,23,4
6407,2024-10-28 12:48:55,15755.92,2,1,2
6408,2024-12-03 06:17:00,5293.57,4,3,4
6409,2025-04-08 11:45:38,13367.36,5,4,9
6410,2023-06-18 11:45:41,8442.24,5,9,2
6411,2024-04-25 04:19:53,14590.24,2,1,2
6412,2024-08-23 06:09:53,9096.01,5,9,2
6413,2024-07-12 19:53:47,8165.43,4,13,2
6414,2024-04-28 19:33:21,2886.91,5,4,3
6415,2024-06-24 15:27:52,13889.44,3,17,8
6416,2023-09-12 04:24:27,9050.54,1,20,3
6417,2024-10-21 07:13:14,15162.75,5,24,2
6418,2023-12-11 18:41:01,8872.01,5,4,5
6419,2025-02-01 14:14:01,2065.67,2,11,4
6420,2025-03-22 04:23:42,13542.13,2,21,8
6421,2024-11-18 13:20:56,5967.79,3,12,3
6422,2023-07-08 07:05:49,5063.27,4,23,2
6423,2024-08-18 08:43:43,4776.05,5,24,2
6424,2025-05-16 04:11:11,13851.44,2,16,2
6425,2024-01-01 11:49:58,7840.06,1,25,3
6426,2025-01-04 11:20:01,19810.12,1,5,89
6427,2023-09-27 16:06:08,8762.20,4,8,2
6428,2024-05-19 12:47:45,7124.96,4,18,8
6429,2024-11-21 13:58:17,10328.19,1,15,4
6430,2023-05-27 09:21:07,1102.76,1,5,2
6431,2023-11-22 03:33:24,9334.85,3,2,2
6432,2024-07-15 18:48:00,9708.36,1,25,2
6433,2024-10-28 14:02:06,18537.85,3,7,3
6434,2023-09-07 20:11:52,15653.44,3,22,3
6435,2024-01-31 03:14:25,860.34,5,19,4
6436,2024-02-17 12:26:22,7549.25,2,21,22
6437,2023-06-12 08:04:03,7751.35,3,12,3
6438,2024-10-01 01:15:36,4145.64,3,7,3
6439,2025-04-23 05:28:10,15797.57,4,13,7
6440,2024-08-03 00:44:27,2595.88,5,9,2
6441,2024-03-09 01:37:27,12994.60,4,8,2
6442,2024-08-02 19:14:03,1397.99,1,5,3
6443,2023-10-06 02:04:59,9255.98,5,24,2
6444,2024-07-02 19:52:26,5147.35,3,7,2
6445,2025-02-06 19:31:31,10470.44,1,20,2
6446,2024-11-04 16:10:53,6691.54,5,19,2
6447,2025-03-07 08:41:23,18238.93,4,18,5
6448,2025-01-19 05:04:57,13200.44,1,20,2
6449,2023-10-08 09:08:21,21443.95,3,2,2
6450,2023-08-25 13:47:23,7743.02,5,14,2
6451,2024-03-13 11:00:10,15368.10,4,8,2
6452,2023-12-17 15:07:48,7650.75,2,1,2
6453,2024-10-23 08:22:56,3172.48,5,24,2
6454,2023-08-15 13:25:30,17394.94,5,4,2
6455,2025-03-26 01:28:41,360.92,2,11,3
6456,2024-11-16 07:53:14,11242.73,3,22,3
6457,2024-01-15 13:01:27,10197.62,1,25,2
6458,2024-01-16 14:18:01,8798.02,2,16,12
6459,2024-06-22 16:43:29,11988.71,4,23,2
6460,2024-07-17 13:53:20,4749.99,3,2,2
6461,2025-02-18 08:35:46,7515.41,1,5,3
6462,2023-09-29 19:41:33,4177.28,1,20,2
6463,2024-07-06 09:15:41,1763.64,2,16,2
6464,2023-10-13 18:10:13,3604.71,1,5,3
6465,2025-02-27 20:36:10,10006.70,5,24,2
6466,2024-03-29 09:34:21,1984.35,3,12,2
6467,2025-01-13 10:03:18,15014.55,1,20,2
6468,2024-08-06 01:29:26,8680.85,2,6,2
6469,2024-01-15 16:51:53,13630.61,3,2,3
6470,2024-04-18 03:37:53,8652.25,5,9,5
6471,2024-02-02 01:53:01,6585.63,1,5,2
6472,2024-05-12 14:51:13,3870.21,3,22,3
6473,2024-09-20 00:47:57,7499.97,4,3,2
6474,2023-06-19 20:07:03,2798.60,1,20,8
6475,2023-07-29 02:10:12,7203.45,5,24,9
6476,2024-09-10 05:53:15,914.28,3,7,2
6477,2024-02-24 16:15:30,17821.90,5,24,2
6478,2023-10-16 20:28:11,6497.79,1,25,18
6479,2024-07-16 19:27:30,8658.03,5,9,2
6480,2023-06-18 07:47:48,4721.27,2,16,2
6481,2024-01-06 19:46:20,10061.63,3,22,2
6482,2025-01-13 18:49:29,14251.01,5,24,2
6483,2024-02-20 23:34:24,9600.56,5,24,3
6484,2025-02-12 13:27:36,20247.48,2,21,4
6485,2024-12-24 22:21:09,15404.68,5,14,2
6486,2024-01-12 05:18:07,6175.05,3,2,2
6487,2025-02-14 14:10:48,10207.42,1,25,4
6488,2024-05-17 05:47:31,7673.30,2,21,2
6489,2024-06-18 10:01:08,7418.83,3,12,2
6490,2023-07-26 20:13:52,8168.32,5,24,4
6491,2025-01-18 02:01:54,20980.48,2,1,3
6492,2024-06-08 21:01:13,18976.52,5,14,2
6493,2024-10-31 03:55:42,13228.13,3,17,8
6494,2024-02-21 04:34:40,2828.41,1,25,3
6495,2024-03-07 17:57:01,6905.14,1,25,303
6496,2024-11-14 16:36:16,2307.14,2,16,2
6497,2025-03-11 21:09:56,12982.12,3,2,2
6498,2024-08-06 05:19:57,8418.98,2,6,9
6499,2024-10-30 07:59:16,3257.96,3,12,2
6500,2024-10-09 17:18:02,11978.40,1,20,2
6501,2024-10-28 02:22:42,4177.43,5,24,3
6502,2024-09-16 00:09:23,8530.39,5,24,2
6503,2025-04-03 17:02:34,11965.64,1,10,10
6504,2024-02-12 17:13:04,10588.57,1,15,2
6505,2024-12-19 07:57:57,8034.59,1,5,2
6506,2025-03-08 02:22:28,6830.61,2,11,2
6507,2023-10-02 01:10:50,13827.21,5,19,5
6508,2025-05-13 01:00:27,5996.31,2,11,4
6509,2024-03-24 11:58:48,4975.85,1,5,2
6510,2024-05-04 01:19:00,417.05,4,8,2
6511,2025-04-17 08:00:02,14212.09,4,18,2
6512,2025-04-17 22:33:24,7598.33,1,20,2
6513,2023-09-27 19:53:23,10628.64,2,21,3
6514,2023-11-22 08:19:43,11764.63,1,25,3
6515,2024-03-02 00:04:14,3013.11,4,18,3
6516,2024-03-05 14:06:51,21645.56,3,17,2
6517,2024-04-21 22:41:23,14336.38,1,15,2
6518,2023-05-28 12:02:40,3287.03,5,9,12
6519,2024-05-31 06:44:22,10025.45,2,11,6
6520,2024-01-02 10:17:48,16627.32,1,5,2
6521,2024-06-15 19:38:52,12897.07,5,9,15
6522,2024-01-15 13:44:53,3321.04,5,4,2
6523,2023-06-13 09:46:01,3492.15,2,16,2
6524,2025-02-13 09:15:33,6897.48,4,8,3
6525,2024-05-31 12:34:46,1971.62,5,4,2
6526,2024-06-06 17:50:27,14239.86,3,22,3
6527,2023-08-18 02:25:06,3783.87,4,18,2
6528,2023-09-15 19:25:50,19363.72,3,22,2
6529,2025-02-05 14:58:03,16438.98,4,8,2
6530,2025-05-16 18:02:36,18977.76,1,15,2
6531,2025-02-24 07:04:47,3571.90,2,1,3
6532,2023-10-11 21:49:35,6932.16,4,8,2
6533,2023-06-11 04:39:14,5980.13,2,16,2
6534,2023-11-15 04:51:40,20421.39,5,19,2
6535,2024-10-12 16:47:42,5623.08,2,6,2
6536,2024-03-12 07:42:11,6076.01,3,12,2
6537,2024-07-21 22:37:42,6188.84,5,19,2
6538,2024-07-20 05:12:57,1720.68,2,21,5
6539,2025-04-26 02:24:52,16578.73,1,15,13
6540,2024-05-23 23:40:56,5472.86,2,1,2
6541,2023-07-07 12:29:52,2156.30,3,22,2
6542,2023-12-03 01:38:02,16594.87,4,8,13
6543,2024-10-11 08:48:49,7724.53,2,1,3
6544,2025-01-26 17:56:43,12741.86,2,6,2
6545,2025-05-20 02:31:54,4846.53,3,2,2
6546,2024-02-14 20:26:59,4084.48,4,18,2
6547,2025-03-07 06:08:54,5463.77,3,17,2
6548,2023-12-26 05:04:14,3077.62,5,24,3
6549,2024-04-12 14:54:09,683.30,4,8,2
6550,2025-02-06 09:48:00,1127.50,5,4,2
6551,2024-12-12 05:40:42,16756.23,3,7,2
6552,2025-01-30 16:18:36,10557.56,5,24,3
6553,2025-01-09 04:47:48,4901.63,3,7,2
6554,2024-09-25 12:47:32,8000.91,1,5,2
6555,2023-11-01 10:49:18,9834.50,4,18,3
6556,2023-12-15 19:45:26,454.23,4,23,2
6557,2024-01-27 03:11:22,17237.79,2,16,3
6558,2025-04-21 07:53:41,7167.57,2,6,3
6559,2024-11-10 09:46:26,9657.03,4,18,2
6560,2023-10-05 01:10:16,3882.14,2,16,2
6561,2024-03-25 22:57:14,9770.96,1,25,2
6562,2024-02-03 04:09:55,11940.43,3,17,2
6563,2023-10-19 05:40:03,14853.58,4,13,2
6564,2025-03-08 07:18:01,14311.99,4,3,3
6565,2024-07-29 08:29:21,2490.78,1,20,2
6566,2025-04-30 07:06:57,4874.39,2,6,2
6567,2024-08-02 03:05:00,12091.91,2,1,5
6568,2025-05-15 09:43:53,3871.52,4,8,2
6569,2023-10-02 05:03:48,1508.14,5,14,2
6570,2025-03-04 22:31:27,9838.49,2,6,2
6571,2025-02-02 10:58:46,18466.01,5,24,2
6572,2023-06-08 21:02:40,3571.90,3,12,2
6573,2023-10-14 19:42:15,17105.69,1,10,3
6574,2023-10-16 23:54:51,7291.87,4,13,2
6575,2025-05-01 20:56:43,14603.78,5,14,2
6576,2025-01-02 22:56:47,11581.36,5,9,9
6577,2023-11-07 18:10:59,8314.23,2,6,2
6578,2024-09-11 18:36:53,4943.57,3,12,3
6579,2023-09-13 02:00:41,7069.80,1,15,2
6580,2024-09-08 16:08:43,10706.48,1,20,2
6581,2023-06-10 19:05:32,457.14,2,6,2
6582,2025-04-03 18:01:29,8587.06,4,18,5
6583,2025-03-17 03:37:15,742.84,2,1,2
6584,2023-11-08 05:56:53,5391.16,5,4,2
6585,2023-07-01 06:18:14,19446.21,5,9,2
6586,2024-04-17 11:05:11,2365.28,3,12,4
6587,2023-10-06 20:18:36,10627.84,3,7,2
6588,2024-11-23 10:52:12,14528.78,5,9,6
6589,2024-04-01 13:10:46,5582.84,1,15,11
6590,2024-04-24 00:16:52,10096.85,1,25,2
6591,2023-06-16 07:37:01,8668.57,5,4,2
6592,2025-01-01 04:30:30,10354.93,1,10,2
6593,2024-12-13 00:15:53,19406.01,2,21,2
6594,2024-07-01 07:25:13,2636.46,1,20,2
6595,2025-03-17 05:52:42,7332.79,4,8,2
6596,2024-01-26 06:01:45,5306.44,5,9,7
6597,2024-12-08 17:35:33,11095.84,3,12,2
6598,2023-08-04 14:21:11,8214.95,1,25,2
6599,2024-07-05 09:02:39,3369.16,5,19,3
6600,2023-10-23 19:03:58,16217.13,5,24,3
6601,2024-11-19 18:07:36,4242.75,1,15,8
6602,2024-02-23 13:42:55,9561.75,2,1,2
6603,2025-01-10 01:06:52,4956.93,1,25,3
6604,2025-01-13 02:38:00,10249.23,2,1,2
6605,2024-10-15 03:20:31,533.50,4,18,2
6606,2024-11-05 23:39:50,4072.30,3,17,2
6607,2023-08-20 00:02:09,5406.48,1,20,2
6608,2025-05-11 21:41:18,9298.38,5,14,2
6609,2024-02-16 07:18:42,3773.04,3,17,5
6610,2024-05-18 08:56:06,11251.73,1,10,4
6611,2024-04-21 19:43:45,9798.05,1,20,2
6612,2023-07-12 15:23:44,7212.45,3,22,2
6613,2024-10-08 14:17:31,4403.01,5,24,2
6614,2024-05-25 05:03:06,12024.48,3,2,2
6615,2023-06-15 00:12:23,3365.35,3,12,2
6616,2023-05-25 14:02:24,19920.11,5,19,2
6617,2023-12-07 10:20:02,2507.41,3,12,16
6618,2025-03-30 11:11:03,11425.21,5,4,2
6619,2023-05-28 11:41:33,417.05,2,21,5
6620,2025-03-30 21:30:07,10005.71,1,15,7
6621,2023-08-09 23:07:46,3965.46,1,10,2
6622,2025-03-31 17:24:56,5487.21,1,5,2
6623,2024-03-26 01:50:57,5210.23,1,10,2
6624,2024-12-09 10:40:57,17659.33,2,1,2
6625,2024-03-22 15:33:13,10772.68,4,13,2
6626,2024-04-09 11:34:14,1171.63,4,18,2
6627,2023-09-01 10:41:35,4891.27,2,6,9
6628,2023-09-03 10:24:39,1315.80,1,15,2
6629,2023-12-30 10:56:51,13165.10,1,15,2
6630,2024-09-27 11:12:11,14261.03,4,23,2
6631,2023-05-31 16:02:56,18214.23,5,14,2
6632,2024-06-16 04:29:37,14574.75,1,10,3
6633,2023-07-01 13:37:35,15611.60,4,8,2
6634,2024-06-18 23:38:04,844.84,1,25,2
6635,2024-04-26 17:06:59,9004.32,1,15,2
6636,2024-01-26 03:37:05,19263.75,4,18,20
6637,2024-02-29 10:18:18,8797.21,5,4,2
6638,2025-05-21 23:29:46,17121.37,5,14,2
6639,2023-10-25 11:12:53,20130.95,2,1,5
6640,2023-11-18 18:10:07,8244.02,5,4,3
6641,2024-09-10 16:21:05,9806.45,4,8,3
6642,2024-03-02 06:08:15,15237.59,1,20,4
6643,2025-01-18 13:52:02,9685.90,1,5,3
6644,2025-05-16 01:29:34,2223.56,1,25,2
6645,2023-08-22 08:19:51,12420.26,4,3,9
6646,2025-04-04 06:13:06,5565.14,5,24,16
6647,2024-10-21 23:19:31,3541.64,2,11,2
6648,2024-02-18 12:18:57,5378.63,3,12,2
6649,2024-12-23 20:20:01,7105.05,4,13,3
6650,2023-12-06 15:04:38,8325.00,1,10,51
6651,2023-10-14 22:17:32,3047.98,4,8,4
6652,2024-06-20 18:23:01,13261.09,5,14,3
6653,2025-05-01 08:23:06,3489.06,1,25,17
6654,2024-11-24 17:35:50,12097.92,4,3,3
6655,2024-10-31 16:25:27,21450.27,5,24,2
6656,2023-11-16 08:47:41,5639.88,4,18,2
6657,2024-08-17 12:46:24,1912.53,3,17,40
6658,2024-08-23 15:20:52,9663.21,2,11,2
6659,2024-08-27 08:13:37,5147.65,5,9,3
6660,2025-05-19 08:45:59,8462.73,3,17,2
6661,2024-07-25 22:49:35,15623.58,1,10,2
6662,2024-01-22 05:21:02,12055.88,2,6,2
6663,2024-06-24 09:15:31,25344.00,2,6,2
6664,2023-09-17 04:38:49,3965.16,2,11,2
6665,2023-10-17 20:36:37,14005.12,4,23,6
6666,2024-04-03 13:57:16,14932.65,2,21,2
6667,2023-07-20 17:03:18,18899.99,5,4,2
6668,2023-12-15 17:44:14,4810.15,2,21,8
6669,2024-09-09 20:23:29,2416.04,4,23,5
6670,2023-06-22 10:38:27,7997.79,3,12,2
6671,2024-04-12 18:02:20,13725.10,5,24,3
6672,2025-04-13 15:56:08,11619.56,4,13,2
6673,2025-02-08 04:20:08,13033.62,1,20,2
6674,2024-05-01 20:19:16,183.00,4,18,2
6675,2025-02-22 23:59:19,10105.51,5,14,13
6676,2023-10-20 05:55:02,1962.41,1,20,5
6677,2024-09-18 00:39:41,12643.74,3,12,2
6678,2025-01-04 13:57:55,5811.24,3,2,2
6679,2025-01-30 07:54:01,10104.19,4,8,2
6680,2024-07-31 23:24:45,4785.20,3,22,2
6681,2024-07-03 14:28:00,8976.68,1,25,2
6682,2025-01-19 07:49:21,2193.24,2,11,2
6683,2024-07-10 05:44:05,6723.73,3,12,2
6684,2024-07-12 04:45:03,9641.87,1,20,2
6685,2023-06-25 15:25:15,3836.32,3,12,9
6686,2023-10-08 05:08:35,2848.75,5,4,2
6687,2024-09-21 17:08:42,5276.13,4,23,5
6688,2025-03-22 15:37:08,5244.52,1,10,3
6689,2025-01-22 14:27:38,12895.07,4,8,2
6690,2025-01-03 18:02:00,9664.34,4,23,2
6691,2024-01-14 10:25:11,13501.98,1,15,4
6692,2023-09-27 08:27:40,4178.10,4,3,2
6693,2024-12-09 04:41:29,2941.71,4,18,2
6694,2023-10-25 00:40:43,9176.22,3,2,3
6695,2025-02-09 18:44:56,6709.67,3,12,3
6696,2023-08-28 12:40:21,6098.27,5,14,5
6697,2024-01-15 06:19:05,21756.67,1,25,2
6698,2024-08-25 02:58:25,6258.97,3,17,2
6699,2024-10-17 02:20:46,8853.87,1,5,2
6700,2024-08-27 04:46:56,14871.53,4,18,2
6701,2024-09-30 03:57:03,2151.44,3,7,16
6702,2025-01-30 16:35:59,6595.85,1,10,2
6703,2024-04-05 07:06:02,13780.62,5,14,2
6704,2023-12-06 08:37:44,1085.60,2,16,3
6705,2024-08-08 14:50:14,4626.04,1,15,9
6706,2023-12-11 04:43:40,1715.61,3,7,11
6707,2024-05-01 02:32:43,11815.36,1,25,11
6708,2023-12-24 03:51:00,8622.73,4,13,2
6709,2025-03-19 22:15:45,1362.69,4,23,2
6710,2024-09-26 11:39:46,12043.59,4,8,19
6711,2025-05-09 17:43:54,3785.00,3,2,2
6712,2025-03-05 21:56:44,13147.30,2,1,2
6713,2025-05-11 08:32:43,17567.99,1,20,2
6714,2025-03-05 05:59:10,5078.91,2,1,3
6715,2025-03-20 22:28:52,10854.96,5,4,3
6716,2023-06-13 23:37:05,17938.76,4,18,2
6717,2024-07-11 01:17:29,8870.05,1,5,2
6718,2024-02-23 03:19:17,7011.62,3,7,3
6719,2025-04-29 02:54:40,9740.14,1,20,3
6720,2024-04-06 15:55:26,16227.25,5,19,2
6721,2025-03-25 05:01:21,4218.20,4,13,2
6722,2025-04-01 19:58:34,2309.63,4,3,2
6723,2023-07-18 10:22:59,16661.35,3,12,2
6724,2024-02-16 01:12:40,8958.31,4,3,374
6725,2025-01-06 00:26:17,5967.38,5,14,3
6726,2025-04-28 18:42:01,9199.26,3,17,3
6727,2024-10-26 03:18:23,2125.88,4,18,2
6728,2024-04-05 12:37:09,1964.93,3,17,2
6729,2024-12-10 17:06:52,9751.38,4,23,2
6730,2024-11-05 21:47:14,12103.23,3,17,4
6731,2024-06-29 17:33:39,270.69,2,1,3
6732,2024-09-18 13:09:25,11788.24,2,16,4
6733,2024-11-13 19:11:32,12234.17,1,20,2
6734,2025-01-10 17:06:51,7914.10,2,16,208
6735,2024-12-04 01:00:11,14856.12,3,22,16
6736,2023-12-30 09:35:39,15205.20,1,25,4
6737,2023-05-27 14:41:24,4705.32,4,18,32
6738,2023-07-24 11:58:44,11270.40,2,16,2
6739,2024-04-01 11:24:50,11124.14,3,17,2
6740,2024-07-18 07:05:55,4203.16,3,7,2
6741,2025-04-21 14:48:20,8140.02,5,24,8
6742,2024-03-25 11:58:44,5776.11,4,8,2
6743,2024-01-26 22:07:04,541.54,2,1,2
6744,2023-10-02 13:32:47,3374.56,3,22,2
6745,2024-03-06 23:32:42,11205.82,3,17,2
6746,2024-05-24 14:53:48,11876.00,2,21,2
6747,2025-01-24 16:33:07,14660.19,3,2,4
6748,2024-11-21 18:03:01,4057.39,2,1,4
6749,2024-05-11 22:50:04,5098.32,1,5,2
6750,2024-02-14 11:32:57,10411.82,3,2,2
6751,2024-04-23 01:30:59,7625.31,5,9,3
6752,2024-03-25 20:46:49,9220.00,3,7,2
6753,2024-02-08 15:13:12,2403.46,1,25,3
6754,2025-05-17 04:30:17,10436.85,3,2,2
6755,2024-06-21 08:39:10,8788.94,4,13,4
6756,2023-09-19 11:43:32,8028.09,1,25,2
6757,2024-01-17 00:23:20,13761.11,3,17,2
6758,2024-05-12 14:16:54,11071.28,3,7,2
6759,2024-12-17 23:12:08,14845.46,2,16,4
6760,2023-09-17 20:35:10,2165.12,3,17,2
6761,2024-12-26 16:48:58,605.71,1,15,2
6762,2023-08-04 20:53:39,10276.36,5,9,2
6763,2024-05-13 03:51:22,10603.32,1,10,4
6764,2024-11-01 02:42:19,4377.27,2,11,2
6765,2025-05-13 20:02:32,2609.54,2,1,5
6766,2024-01-11 20:01:59,5119.95,3,22,2
6767,2025-02-12 19:06:12,10161.08,2,6,2
6768,2024-11-03 12:43:44,13116.51,1,15,2
6769,2023-09-26 10:09:01,11116.04,4,13,6
6770,2024-04-14 16:48:22,10471.78,2,6,2
6771,2025-03-02 04:23:25,15577.64,4,13,2
6772,2024-04-04 00:37:37,13908.04,1,10,2
6773,2024-04-25 10:53:51,14523.71,3,12,2
6774,2024-10-21 08:44:37,1478.68,1,10,2
6775,2024-12-16 20:22:04,18352.19,3,22,3
6776,2023-08-22 06:05:13,9111.67,3,17,2
6777,2024-10-19 14:59:31,7954.22,1,10,2
6778,2025-04-23 20:57:48,18872.85,5,19,3
6779,2024-08-24 23:59:46,3683.25,5,14,2
6780,2023-07-06 14:18:42,12637.40,3,7,2
6781,2025-04-27 11:08:23,15347.41,3,22,2
6782,2024-02-26 22:41:54,8757.72,2,21,2
6783,2024-09-16 20:26:44,11177.66,3,2,2
6784,2024-02-27 06:50:24,6585.88,5,4,2
6785,2023-09-09 19:55:23,4927.73,3,12,11
6786,2023-12-27 16:51:37,4832.53,5,19,2
6787,2025-02-23 06:14:52,3906.85,3,22,2
6788,2024-12-22 05:07:58,4645.24,1,15,2
6789,2024-06-21 21:18:11,957.43,1,10,3
6790,2025-04-14 13:05:43,4907.35,1,15,2
6791,2025-04-27 13:00:13,8520.64,4,3,2
6792,2024-11-05 14:53:27,2283.94,1,5,2
6793,2024-02-07 23:58:45,1791.37,2,16,3
6794,2024-06-06 07:04:33,5905.90,1,10,2
6795,2023-08-16 05:11:04,957.43,5,9,2
6796,2023-06-30 13:28:27,16027.03,5,14,2
6797,2024-08-03 05:19:12,18025.08,3,17,2
6798,2024-03-23 05:38:30,16381.30,2,6,2
6799,2024-07-17 19:27:35,11791.19,2,11,8
6800,2024-04-28 12:58:03,16531.78,3,12,2
6801,2024-05-20 01:05:59,7814.40,2,6,3
6802,2023-05-27 14:57:56,14549.07,3,22,2
6803,2024-09-19 14:28:52,9238.28,5,14,2
6804,2025-03-27 13:13:28,3107.10,5,4,2
6805,2024-12-19 13:52:09,12017.13,4,23,2
6806,2023-05-31 17:45:37,3562.85,2,21,2
6807,2024-09-03 14:35:02,1293.87,1,10,3
6808,2025-02-03 15:46:20,15011.99,1,20,8
6809,2023-06-07 06:35:04,2254.52,4,18,2
6810,2024-08-19 09:30:12,17239.60,5,14,2
6811,2025-03-02 23:07:17,6318.85,4,8,2
6812,2024-08-24 21:44:27,12012.30,4,23,3
6813,2025-04-29 21:43:44,7704.46,3,17,2
6814,2024-11-15 06:07:41,3724.35,2,16,2
6815,2023-08-06 08:37:39,10142.93,2,21,2
6816,2023-08-31 11:11:07,23529.45,4,18,2
6817,2025-01-07 20:22:08,445.08,4,13,2
6818,2023-07-23 03:57:54,8940.05,2,6,2
6819,2023-08-18 13:48:48,3380.78,5,9,2
6820,2023-09-14 16:19:46,5883.42,1,15,3
6821,2024-02-24 08:35:16,6992.35,1,25,4
6822,2024-07-29 09:51:42,2550.70,5,19,4
6823,2024-07-29 21:08:50,445.08,3,2,2
6824,2024-07-05 15:28:18,3119.98,5,24,3
6825,2025-04-15 12:22:25,11523.86,1,10,2
6826,2025-02-20 12:41:37,6914.11,1,20,2
6827,2024-11-12 12:54:06,11743.34,3,12,2
6828,2024-12-11 01:58:23,6118.11,5,4,6
6829,2023-11-06 12:42:29,2442.01,3,22,2
6830,2025-03-15 20:16:04,7222.75,5,24,4
6831,2023-06-13 14:04:39,6455.96,3,2,2
6832,2024-01-27 18:11:06,12576.68,2,11,2
6833,2024-07-09 13:31:26,1829.05,3,22,2
6834,2024-03-16 04:12:25,9512.69,3,7,11
6835,2024-09-12 01:12:09,10505.70,3,17,7
6836,2023-07-27 01:29:11,6731.46,4,3,2
6837,2023-08-31 14:37:58,3881.37,5,4,2
6838,2024-04-13 05:22:05,4358.69,5,24,2
6839,2023-07-27 13:29:51,9414.83,3,17,2
6840,2025-01-07 05:17:07,13159.56,4,18,2
6841,2023-12-05 19:39:48,2635.86,2,1,2
6842,2023-12-15 14:42:50,11827.52,1,5,2
6843,2024-02-24 02:06:45,5845.11,4,8,4
6844,2023-07-26 07:39:50,12220.63,3,2,2
6845,2024-04-01 08:43:39,18609.63,1,20,2
6846,2024-02-09 19:58:41,6755.46,4,3,6
6847,2024-12-31 15:09:20,7913.36,1,10,2
6848,2023-10-10 00:13:58,13664.32,4,8,2
6849,2024-01-06 07:38:31,3382.75,1,20,2
6850,2024-12-09 08:03:37,6152.32,3,12,2
6851,2023-08-24 06:12:47,13711.89,3,7,2
6852,2025-03-17 06:58:59,4078.15,3,7,30
6853,2025-05-08 18:28:54,22432.53,5,19,77
6854,2024-09-15 08:53:45,2560.43,5,24,2
6855,2023-12-07 22:47:47,5711.12,1,25,2
6856,2025-01-01 16:39:38,16039.87,3,22,2
6857,2023-12-29 05:51:46,18190.98,1,20,2
6858,2024-01-30 15:38:10,6077.42,3,17,2
6859,2025-05-10 13:15:53,7470.18,1,5,2
6860,2025-02-26 19:54:22,13756.50,2,11,3
6861,2024-04-22 19:15:00,5506.58,5,9,2
6862,2025-04-04 13:31:34,6947.13,5,4,3
6863,2023-05-24 11:32:38,12726.18,3,22,2
6864,2024-01-24 04:40:17,14972.36,4,18,9
6865,2024-05-14 14:26:14,4827.09,1,25,3
6866,2025-03-25 05:57:38,18644.06,3,22,8
6867,2024-09-06 05:11:46,16362.67,1,15,2
6868,2025-04-13 21:45:03,14397.69,5,14,4
6869,2023-10-25 14:05:07,1423.35,4,3,2
6870,2025-02-23 02:42:37,11710.03,3,22,7
6871,2023-12-03 05:22:13,1722.96,1,20,3
6872,2025-01-03 00:38:29,10593.13,1,25,2
6873,2024-07-26 22:40:57,14686.86,4,8,2
6874,2024-10-05 07:54:17,6114.58,4,3,2
6875,2023-06-15 13:42:38,6398.25,1,25,2
6876,2025-01-21 15:31:51,5411.09,3,12,3
6877,2023-12-03 12:26:11,14968.36,2,11,2
6878,2023-07-23 08:11:31,11608.88,4,3,5
6879,2024-03-06 04:55:01,2971.00,3,17,3
6880,2024-01-12 23:08:46,8969.29,3,22,124
6881,2023-11-30 18:19:55,8996.70,4,18,2
6882,2024-12-25 18:22:41,15352.15,1,20,2
6883,2024-01-19 06:23:40,8952.94,1,20,2
6884,2024-12-04 07:25:32,1941.42,1,10,19
6885,2023-06-27 12:18:06,10493.02,1,25,3
6886,2023-10-28 00:36:41,14049.56,3,17,2
6887,2024-04-16 14:30:08,14055.47,2,1,4
6888,2023-10-20 03:21:47,5845.53,4,18,3
6889,2024-11-11 14:48:35,13999.03,3,2,288
6890,2023-07-03 12:23:19,2303.84,3,2,2
6891,2024-04-09 08:53:22,7982.09,5,24,2
6892,2024-10-01 18:36:11,7058.10,4,8,2
6893,2025-01-07 11:56:14,1701.21,1,15,4
6894,2024-11-21 08:17:52,7422.75,4,23,2
6895,2023-12-03 13:41:07,2657.35,5,24,2
6896,2025-03-28 09:53:46,10141.38,5,24,2
6897,2023-12-18 02:23:47,2004.33,5,14,2
6898,2023-11-22 06:54:03,10417.69,2,6,3
6899,2024-11-13 12:10:30,3208.58,4,8,3
6900,2025-02-26 01:13:11,14582.08,3,22,2
6901,2024-11-18 23:54:04,12403.38,2,1,2
6902,2024-02-27 07:53:22,9006.62,4,18,2
6903,2025-01-28 04:22:18,16515.31,1,5,2
6904,2024-09-26 06:19:57,588.64,4,8,2
6905,2023-09-18 02:02:20,16943.38,3,22,2
6906,2025-04-17 04:02:52,7179.05,2,1,3
6907,2024-05-16 02:40:09,4120.33,2,16,2
6908,2025-05-11 09:57:31,10451.20,3,12,2
6909,2024-03-06 03:08:08,8978.97,5,4,2
6910,2024-11-12 01:32:38,14002.54,5,14,2
6911,2024-11-14 05:24:01,14599.71,5,14,2
6912,2024-02-15 23:27:08,14945.08,2,6,3
6913,2023-10-02 19:39:45,3572.09,2,11,2
6914,2024-04-08 10:43:46,15127.68,2,21,2
6915,2023-08-26 02:46:38,5987.69,5,19,2
6916,2024-10-14 06:22:37,3008.48,3,17,6
6917,2024-08-26 14:44:48,2168.48,3,22,2
6918,2023-08-31 22:04:00,12631.67,3,22,3
6919,2025-04-23 01:28:55,9492.07,4,18,7
6920,2023-11-07 02:21:57,9474.06,2,6,2
6921,2023-09-24 20:15:29,12074.18,1,25,19
6922,2024-04-04 06:14:42,2930.56,5,24,2
6923,2024-09-25 14:51:30,8255.94,1,20,2
6924,2025-02-11 02:00:08,2744.34,1,10,2
6925,2024-10-30 12:07:30,431.29,5,24,8
6926,2024-05-22 19:30:50,9643.18,3,17,3
6927,2023-08-18 13:58:24,4659.41,5,9,2
6928,2023-11-30 07:53:31,10332.57,4,13,5
6929,2024-01-26 12:46:42,10999.56,1,20,2
6930,2025-04-17 02:53:12,162.37,3,22,4
6931,2025-03-21 19:48:42,1961.50,4,18,3
6932,2025-03-21 12:44:01,13437.51,3,22,3
6933,2023-08-03 23:12:16,17389.72,1,5,3
6934,2025-04-13 19:00:30,10564.40,5,19,2
6935,2025-01-28 16:33:12,7427.83,2,11,2
6936,2024-08-26 08:35:41,7045.54,5,24,2
6937,2025-04-05 04:21:06,8971.24,5,14,2
6938,2023-11-11 07:51:55,11422.34,5,4,3
6939,2023-06-17 14:22:56,888.44,4,13,4
6940,2025-01-12 15:04:10,14100.83,1,15,5
6941,2023-10-04 16:47:39,5928.69,5,9,4
6942,2024-03-02 21:27:32,11293.75,4,23,4
6943,2024-10-29 04:57:47,5632.16,1,5,7
6944,2024-12-18 01:19:13,6510.43,1,5,2
6945,2025-05-21 10:40:37,1153.36,3,17,4
6946,2024-03-10 15:53:19,769.42,2,21,3
6947,2025-02-13 12:16:23,7998.59,5,19,4
6948,2023-05-26 20:37:24,3718.52,3,2,2
6949,2024-11-05 09:10:46,17926.86,1,25,2
6950,2024-07-12 16:48:44,4855.00,3,17,2
6951,2024-07-25 13:39:21,4238.45,2,6,2
6952,2024-05-08 17:24:35,12508.03,2,6,2
6953,2024-02-23 21:35:27,8035.35,5,4,5
6954,2023-10-15 14:37:53,4308.15,1,15,3
6955,2024-07-01 12:43:44,3337.61,5,24,2
6956,2023-09-02 16:25:37,6491.57,5,9,3
6957,2023-10-05 09:39:25,250.23,2,6,6
6958,2023-11-05 06:23:56,7232.77,1,5,2
6959,2024-09-25 08:40:44,11526.96,5,24,7
6960,2023-07-02 20:59:28,10666.79,5,24,5
6961,2024-04-09 15:42:40,5861.34,1,20,2
6962,2024-08-20 07:13:21,9897.37,5,4,4
6963,2024-06-05 02:33:23,11208.31,3,22,2
6964,2024-12-01 19:30:43,8426.45,3,12,3
6965,2023-06-25 15:14:48,15854.16,2,21,2
6966,2024-09-21 07:38:41,1609.60,5,24,2
6967,2024-09-30 09:32:32,8129.61,1,10,6
6968,2023-06-04 17:43:15,6664.95,3,7,3
6969,2024-08-10 19:13:11,4658.87,5,19,5
6970,2023-09-23 16:32:26,12045.81,5,4,3
6971,2023-12-18 22:51:17,11871.24,5,19,3
6972,2025-03-13 04:27:07,4721.68,4,8,2
6973,2025-05-17 13:03:54,8229.44,2,21,2
6974,2023-08-02 07:40:31,9800.57,1,5,2
6975,2025-05-16 15:27:12,5348.11,4,8,2
6976,2024-11-19 10:35:47,16124.22,3,22,2
6977,2025-04-03 08:12:13,4572.39,3,7,3
6978,2023-09-14 04:01:08,9212.96,5,9,2
6979,2024-06-14 19:06:58,2507.40,5,19,2
6980,2023-10-25 01:10:03,8308.51,5,14,2
6981,2024-11-04 22:46:23,4245.76,5,14,3
6982,2023-10-09 09:35:59,5665.66,1,25,2
6983,2023-07-07 21:15:45,8830.78,2,21,4
6984,2023-11-20 01:48:12,8747.62,2,21,11
6985,2023-07-06 03:56:46,7075.52,3,2,3
6986,2025-02-23 20:05:48,454.23,5,9,2
6987,2023-10-17 03:43:38,7777.81,2,1,2
6988,2024-07-25 18:58:05,5097.63,2,11,2
6989,2024-01-06 08:11:56,6535.03,4,13,3
6990,2023-08-27 17:47:05,8350.07,3,17,3
6991,2024-05-25 17:03:18,1285.25,2,6,2
6992,2025-03-19 13:05:13,677.20,2,6,3
6993,2023-08-22 14:47:36,1563.36,1,10,4
6994,2025-01-03 23:40:34,14783.38,2,16,3
6995,2023-09-26 08:24:02,19423.84,4,18,2
6996,2024-01-15 22:42:02,637.33,2,11,3
6997,2024-04-23 03:07:00,16610.18,3,22,2
6998,2024-05-30 03:36:19,9770.98,1,20,10
6999,2023-09-15 16:26:02,11956.21,4,8,4
7000,2024-01-16 04:12:37,5574.70,4,3,6
7001,2024-03-03 19:08:42,17073.03,5,9,2
7002,2023-05-25 15:19:22,9141.52,5,14,2
7003,2025-01-03 16:04:22,2204.55,4,23,2
7004,2024-06-18 08:16:01,15483.56,4,18,6
7005,2025-04-14 17:07:40,9511.85,5,24,2
7006,2023-09-09 16:14:20,10151.27,4,13,2
7007,2024-09-22 16:59:14,5009.32,1,10,3
7008,2023-06-09 00:35:58,6062.89,1,15,2
7009,2023-11-16 01:55:00,2671.89,4,8,2
7010,2023-11-13 08:26:39,12353.54,1,15,4
7011,2024-03-27 11:55:22,18749.32,4,23,3
7012,2024-05-15 18:30:48,2278.93,1,5,2
7013,2025-03-04 15:33:24,8027.17,3,17,3
7014,2024-12-29 08:28:03,4292.31,2,16,2
7015,2023-08-13 07:58:16,9051.63,4,23,4
7016,2024-06-30 04:23:52,18016.40,4,18,2
7017,2024-11-21 20:28:53,811.85,5,19,2
7018,2024-01-18 04:44:34,433.12,4,8,2
7019,2024-08-26 00:25:48,9563.97,1,20,2
7020,2023-08-15 11:16:55,451.15,2,11,10
7021,2024-12-20 07:08:17,7281.76,4,3,18
7022,2023-08-21 11:52:23,7801.23,1,25,2
7023,2023-11-27 11:04:37,5554.31,3,17,2
7024,2024-01-26 02:01:41,9355.88,5,24,3
7025,2025-03-28 03:37:50,5418.66,4,23,2
7026,2024-05-23 22:40:20,7147.38,3,2,2
7027,2023-11-11 07:07:41,8757.34,1,5,2
7028,2023-11-04 11:02:27,12506.37,3,22,3
7029,2025-04-28 06:58:21,12984.87,3,17,2
7030,2023-09-10 10:56:25,8967.21,2,16,2
7031,2024-09-18 13:13:14,2769.58,3,12,2
7032,2024-03-10 04:51:23,742.84,5,14,9
7033,2024-03-21 06:09:44,2707.76,4,23,4
7034,2024-12-29 00:29:58,3571.28,1,20,2
7035,2024-12-16 22:40:40,1444.87,4,13,2
7036,2024-10-10 06:39:03,8966.35,2,21,2
7037,2024-10-13 17:41:30,21019.45,2,1,24
7038,2023-12-20 09:40:54,7592.33,4,8,46
7039,2023-06-02 15:56:04,413.36,4,3,2
7040,2024-03-03 07:34:07,7545.82,5,14,4
7041,2025-05-12 09:20:04,2914.97,1,5,3
7042,2024-08-29 11:44:16,13220.86,1,20,4
7043,2024-08-23 22:05:01,4005.47,3,12,2
7044,2023-09-05 20:24:27,9238.05,5,4,2
7045,2024-07-21 09:13:10,578.33,2,11,2
7046,2023-07-27 23:00:44,4735.68,4,3,2
7047,2024-03-09 22:03:43,5709.97,1,10,5
7048,2023-11-12 19:21:20,22822.24,4,13,2
7049,2024-08-17 08:43:01,14772.66,4,23,2
7050,2024-07-01 20:53:31,6363.40,2,11,2
7051,2025-02-17 04:16:02,5991.69,5,19,3
7052,2024-07-27 19:53:03,14601.26,4,13,2
7053,2023-11-25 17:22:06,6216.87,1,20,3
7054,2024-07-16 23:02:32,8898.88,3,17,4
7055,2025-01-11 02:26:16,3801.68,1,15,10
7056,2023-11-15 05:30:25,1820.25,2,16,2
7057,2024-04-20 17:07:05,6447.71,3,22,3
7058,2025-04-17 16:28:20,931.60,1,20,2
7059,2023-09-29 18:52:49,9764.47,5,4,2
7060,2025-01-15 11:05:49,1182.64,3,17,2
7061,2024-04-06 03:24:27,8746.66,2,6,2
7062,2024-08-17 16:42:06,13840.99,4,18,5
7063,2025-01-29 18:35:20,2986.52,4,3,3
7064,2024-12-08 06:36:14,18921.25,1,20,3
7065,2023-11-23 01:48:56,4526.64,3,2,2
7066,2024-08-26 08:44:12,12845.51,2,1,2
7067,2024-04-10 18:00:33,12689.28,5,14,2
7068,2024-11-11 09:28:29,22373.28,5,24,3
7069,2024-09-28 06:46:01,13925.05,3,17,2
7070,2023-06-18 02:37:14,10626.37,1,20,2
7071,2025-04-12 19:02:11,11952.41,5,14,3
7072,2024-10-03 09:39:23,15895.67,3,22,3
7073,2025-03-26 10:55:46,2731.80,3,7,2
7074,2024-10-27 03:28:01,4804.48,1,20,3
7075,2025-02-25 06:20:17,14556.02,4,13,2
7076,2024-01-06 23:53:23,16858.73,4,13,4
7077,2025-03-29 00:59:29,13140.29,5,24,2
7078,2024-06-27 00:11:59,5751.06,5,14,10
7079,2023-06-11 02:49:08,1112.70,3,2,6
7080,2024-03-06 05:30:32,11614.92,2,16,2
7081,2023-07-17 17:47:12,16130.07,2,21,3
7082,2024-01-23 14:39:47,16027.71,4,23,3
7083,2025-05-21 10:28:58,8607.73,1,20,2
7084,2023-06-27 22:30:59,10317.25,1,5,2
7085,2023-09-07 06:25:49,9184.48,3,17,2
7086,2023-07-16 15:55:13,7203.31,2,11,5
7087,2025-02-21 06:12:22,16910.72,1,5,2
7088,2023-06-21 23:05:47,12179.13,2,1,27
7089,2024-07-03 06:29:21,17699.35,4,18,4
7090,2025-02-01 11:34:27,16633.62,3,7,2
7091,2024-10-28 04:59:35,9430.94,5,4,3
7092,2023-10-26 12:47:23,2681.32,3,12,2
7093,2024-05-01 02:30:18,16176.41,1,5,4
7094,2024-07-19 18:42:46,3660.96,5,14,2
7095,2024-08-25 09:51:03,3816.20,4,23,3
7096,2024-07-21 23:28:25,5528.51,3,17,2
7097,2024-06-23 08:44:46,13866.81,5,4,3
7098,2024-05-08 15:57:04,6145.20,3,17,2
7099,2024-07-05 03:22:29,17055.84,5,19,2
7100,2023-07-13 16:38:46,2782.03,2,1,2
7101,2024-02-03 07:13:23,2783.02,2,21,2
7102,2025-03-03 07:18:58,1769.71,2,16,2
7103,2024-11-25 02:25:34,10742.73,3,2,5
7104,2025-01-02 17:29:59,18264.38,1,25,3
7105,2024-05-22 06:43:23,12573.67,3,2,3
7106,2024-03-21 08:12:12,12317.86,5,24,3
7107,2025-01-30 04:07:02,12811.12,4,8,4
7108,2024-07-09 09:46:59,4491.97,3,7,2
7109,2025-01-10 16:50:05,18138.06,2,1,3
7110,2023-11-06 08:37:19,355.55,3,7,5
7111,2024-04-03 10:11:25,7259.28,5,9,4
7112,2023-09-21 20:55:59,17078.15,5,19,3
7113,2024-03-30 11:39:18,16084.10,2,16,6
7114,2025-04-03 08:54:45,14548.61,2,6,2
7115,2024-07-22 18:09:42,18397.07,1,20,2
7116,2023-08-29 21:16:21,11195.90,3,12,2
7117,2023-09-01 01:10:47,9420.48,1,10,2
7118,2024-08-28 07:55:12,6524.74,5,19,2
7119,2023-05-25 19:52:29,11445.75,5,19,2
7120,2025-04-24 03:18:03,10174.66,3,12,2
7121,2025-02-06 17:16:57,7510.62,5,24,2
7122,2023-08-20 21:04:30,1182.64,5,4,2
7123,2024-08-18 02:33:19,4167.89,1,5,2
7124,2024-08-06 04:02:52,14994.26,4,8,2
7125,2024-11-21 07:35:37,16345.93,3,7,2
7126,2024-07-08 09:53:53,9351.91,2,21,2
7127,2023-09-23 19:55:45,12803.41,2,11,3
7128,2024-12-18 04:44:20,7966.26,2,11,2
7129,2024-02-19 05:27:35,1399.30,2,16,2
7130,2024-11-13 23:24:20,12.15,4,13,3
7131,2023-09-12 12:50:25,5801.53,5,19,5
7132,2024-05-09 15:31:15,2507.17,5,9,3
7133,2024-07-19 10:00:43,12437.72,5,4,4
7134,2023-08-20 10:01:44,15151.75,2,6,2
7135,2023-12-13 19:25:46,5557.49,4,13,3
7136,2024-11-26 21:35:16,4362.93,5,24,2
7137,2024-10-12 20:59:59,250.23,2,16,36
7138,2024-09-23 02:14:21,7772.30,3,7,3
7139,2023-07-14 10:33:54,5203.98,1,20,3
7140,2024-11-27 01:41:20,3086.71,5,4,2
7141,2024-09-25 11:10:10,5618.74,4,8,2
7142,2023-11-07 18:45:23,6934.52,1,5,2
7143,2024-05-08 00:21:50,12616.27,2,21,3
7144,2023-08-28 07:08:09,9368.38,4,18,2
7145,2023-09-17 17:22:07,4375.08,2,6,2
7146,2024-04-22 14:29:04,7381.27,3,22,2
7147,2024-10-03 04:17:18,13245.84,3,12,2
7148,2024-12-08 16:32:29,11597.66,3,2,5
7149,2024-05-19 19:03:08,12185.54,5,14,5
7150,2024-03-06 18:41:18,5773.68,4,23,10
7151,2023-10-20 00:02:13,13410.38,2,21,2
7152,2025-04-20 23:51:05,15748.26,4,3,2
7153,2024-09-15 22:14:23,8118.27,3,22,2
7154,2023-09-06 16:23:04,10307.89,1,5,3
7155,2024-12-13 20:31:08,6909.68,5,24,2
7156,2023-09-27 15:44:21,17858.69,5,19,3
7157,2024-12-22 03:34:34,7735.85,5,14,2
7158,2025-05-06 02:48:55,15937.15,4,3,2
7159,2025-01-01 23:07:54,14083.32,5,19,2
7160,2024-02-27 08:14:55,7937.06,3,12,2
7161,2024-10-06 15:03:29,4587.69,4,13,3
7162,2023-06-03 12:55:30,13623.35,2,21,4
7163,2023-12-14 07:14:40,9079.49,2,11,2
7164,2023-07-01 03:39:30,11635.59,5,24,2
7165,2024-05-23 21:13:32,9718.86,2,6,3
7166,2024-04-04 10:55:27,11481.51,3,22,2
7167,2023-12-21 09:33:13,27129.53,2,11,2
7168,2024-04-17 21:12:19,12464.23,4,8,6
7169,2023-11-13 10:59:20,8507.39,4,13,2
7170,2024-03-06 02:06:12,9724.90,2,16,2
7171,2024-01-28 09:24:48,2109.93,3,17,3
7172,2024-09-22 16:07:16,19017.97,5,24,5
7173,2023-12-14 17:07:44,10342.24,3,22,3
7174,2023-07-18 03:59:46,17666.57,1,10,2
7175,2025-02-22 19:21:48,2277.12,1,10,10
7176,2024-03-28 23:50:09,14879.76,4,8,2
7177,2024-03-12 03:44:25,17162.71,5,9,3
7178,2024-12-18 07:10:53,2865.90,4,18,3
7179,2024-12-18 16:29:29,3043.31,3,7,5
7180,2025-05-14 06:33:12,9637.17,2,16,4
7181,2023-12-10 14:09:21,17556.19,5,19,2
7182,2024-02-02 08:40:01,14894.14,3,12,2
7183,2024-06-28 05:46:05,17422.57,5,24,2
7184,2025-04-22 14:34:43,28228.73,3,22,2
7185,2024-03-15 19:50:34,15245.62,4,8,5
7186,2024-02-29 16:45:51,5477.06,4,23,2
7187,2023-10-09 20:02:18,11423.19,5,9,2
7188,2025-03-23 19:35:28,8535.89,1,20,3
7189,2023-06-02 20:03:08,6664.13,4,18,3
7190,2024-11-25 02:02:27,17597.39,4,23,2
7191,2023-05-31 21:06:57,8863.17,3,22,2
7192,2023-11-17 19:24:23,14983.48,2,21,3
7193,2024-12-25 07:57:13,11638.49,2,11,13
7194,2023-11-26 21:31:53,8965.25,4,3,3
7195,2025-05-06 12:30:21,10552.18,4,8,2
7196,2024-01-31 02:16:10,541.54,3,7,2
7197,2023-10-21 17:23:56,1001.56,2,6,2
7198,2025-01-10 03:20:52,1690.23,2,16,2
7199,2023-10-04 21:06:09,6552.56,1,20,30
7200,2023-08-20 12:24:30,2798.60,5,4,2
7201,2023-12-05 20:19:08,22800.57,4,3,2
7202,2023-12-03 01:03:50,9114.83,2,16,3
7203,2024-12-28 21:41:22,5951.50,1,5,5
7204,2024-03-10 15:32:23,11226.47,2,1,2
7205,2023-10-06 04:24:11,11837.72,3,12,2
7206,2023-10-11 01:38:53,11215.51,3,22,2
7207,2024-03-11 01:31:11,11490.76,1,25,2
7208,2025-03-09 22:20:58,8262.47,5,4,2
7209,2025-01-26 13:44:25,18168.26,5,14,2
7210,2025-03-01 15:39:47,8445.78,5,4,2
7211,2024-03-01 05:20:21,14179.16,4,8,2
7212,2024-02-24 22:19:35,649.68,4,18,2
7213,2023-10-27 16:39:10,8001.61,3,7,3
7214,2024-12-06 03:39:46,9096.40,3,12,3
7215,2023-07-10 09:41:18,22077.41,5,19,13
7216,2024-12-08 02:29:23,5220.38,1,5,2
7217,2025-04-03 13:48:19,839.52,2,6,2
7218,2023-10-21 20:02:42,3687.15,4,3,2
7219,2024-01-08 21:25:52,10046.23,5,14,100
7220,2023-08-12 03:53:36,2970.79,1,15,3
7221,2023-12-23 07:02:24,12189.67,5,14,2
7222,2024-11-09 11:14:04,8679.45,3,17,2
7223,2024-01-07 17:04:55,21546.81,1,25,2
7224,2025-03-29 13:46:40,7920.32,3,7,3
7225,2023-07-15 21:23:17,14700.86,5,9,10
7226,2023-10-10 22:29:16,16207.21,2,16,2
7227,2024-12-10 21:13:54,6124.50,3,12,2
7228,2024-05-24 22:28:53,6006.28,3,2,2
7229,2023-12-01 15:39:05,5692.02,1,10,58
7230,2023-07-08 20:40:16,7621.66,2,11,3
7231,2024-09-19 23:07:08,16843.45,5,19,2
7232,2024-02-10 13:03:57,12582.36,3,12,19
7233,2024-08-18 21:32:02,11804.80,5,14,2
7234,2025-05-03 19:05:18,4444.18,4,13,2
7235,2025-05-15 11:09:40,14151.81,3,2,3
7236,2023-10-23 16:18:18,11737.27,1,25,2
7237,2025-01-17 20:38:45,3520.96,4,18,2
7238,2024-10-25 20:31:48,12505.30,5,4,70
7239,2024-04-09 20:08:49,12857.67,2,6,5
7240,2023-09-27 12:09:02,11859.33,5,24,2
7241,2024-07-02 19:04:35,15859.36,1,15,2
7242,2024-02-04 10:43:46,8443.20,3,7,2
7243,2023-10-29 13:28:55,3482.35,5,4,4
7244,2023-08-11 15:28:34,12638.96,1,5,4
7245,2023-12-17 20:03:53,17079.35,1,15,8
7246,2023-07-13 00:32:37,5112.92,1,20,2
7247,2024-08-14 17:26:59,23373.60,5,9,15
7248,2023-08-12 13:25:51,14542.79,5,19,13
7249,2024-10-13 11:04:00,8090.83,3,22,2
7250,2023-10-08 23:07:54,6861.55,4,18,2
7251,2024-12-10 08:24:32,12418.91,1,15,2
7252,2024-04-05 04:45:24,10782.91,4,18,2
7253,2024-06-10 07:17:50,10553.19,2,1,13
7254,2024-11-16 00:27:19,8548.00,1,25,3
7255,2024-06-30 04:37:54,13067.17,3,22,3
7256,2023-07-14 01:15:35,303.69,4,18,2
7257,2025-04-13 05:48:41,7316.11,2,21,2
7258,2025-03-11 12:32:22,18736.57,1,25,2
7259,2024-08-08 05:50:09,2762.82,2,11,4
7260,2025-04-05 14:36:24,4133.43,5,14,15
7261,2024-12-29 11:40:59,3407.63,4,13,3
7262,2025-01-28 04:32:05,14976.48,2,16,2
7263,2023-07-10 02:16:41,18764.41,5,9,2
7264,2024-12-17 14:52:56,10432.94,2,21,9
7265,2023-07-06 18:44:03,9701.42,4,18,3
7266,2024-03-29 22:22:34,931.20,1,20,2
7267,2025-03-14 13:27:11,3577.02,2,1,2
7268,2025-05-15 15:08:22,804.80,2,11,20
7269,2024-12-16 17:56:27,7868.21,5,9,2
7270,2024-07-04 00:30:01,10338.47,4,18,5
7271,2024-03-13 14:30:31,908.36,1,25,7
7272,2024-09-13 14:45:33,11714.36,2,16,2
7273,2024-06-09 04:34:47,3101.70,5,14,2
7274,2025-01-08 13:23:56,12274.94,1,20,13
7275,2024-03-11 01:20:39,17123.96,4,3,2
7276,2024-11-08 05:47:33,7736.71,5,19,3
7277,2025-03-19 13:27:14,5771.77,4,3,3
7278,2024-08-04 13:22:24,10549.11,1,10,4
7279,2023-12-16 10:28:24,879.33,5,24,3
7280,2023-08-20 13:01:28,5094.46,2,1,2
7281,2023-09-25 00:07:41,13785.25,1,20,2
7282,2024-11-06 10:13:08,1145.54,2,6,2
7283,2024-02-15 12:52:27,4007.32,2,21,3
7284,2023-07-06 19:28:15,17308.49,3,2,2
7285,2025-03-25 05:20:32,15239.33,5,19,2
7286,2024-07-18 07:33:35,16812.85,1,15,3
7287,2023-10-15 16:28:47,13894.50,2,1,2
7288,2024-10-25 14:12:54,5274.95,2,11,2
7289,2024-07-10 00:55:16,227.09,4,18,2
7290,2025-02-07 23:29:38,12056.13,5,14,2
7291,2025-04-04 10:28:04,10885.84,1,15,2
7292,2025-04-23 22:38:43,15475.86,2,1,2
7293,2025-01-04 19:36:55,7046.53,4,8,2
7294,2024-11-08 02:38:23,4201.56,3,22,2
7295,2024-12-25 08:37:15,11571.60,5,4,2
7296,2024-07-11 09:53:42,281.48,3,2,2
7297,2025-04-07 03:41:47,3544.49,2,1,5
7298,2023-06-23 13:57:19,5689.96,4,23,4
7299,2023-12-01 04:16:16,14454.18,2,16,2
7300,2024-07-15 00:08:34,14884.79,4,23,21
7301,2024-11-13 17:53:27,14419.74,4,18,2
7302,2023-07-08 21:01:41,13877.50,2,11,2
7303,2025-03-13 10:44:31,4700.53,3,2,3
7304,2023-10-29 09:56:25,20838.02,3,17,4
7305,2024-06-02 19:20:30,12475.04,4,3,2
7306,2024-01-28 00:35:00,681.27,2,21,2
7307,2023-12-15 11:08:38,10170.24,2,1,2
7308,2025-03-09 07:23:57,2313.32,4,18,2
7309,2023-12-05 07:01:29,8039.89,1,20,2
7310,2023-05-26 10:56:38,1827.02,2,6,2
7311,2024-07-08 15:05:56,2727.52,4,23,2
7312,2024-03-18 20:09:09,15806.57,4,18,2
7313,2024-02-07 20:17:51,16190.57,2,21,2
7314,2024-02-24 15:04:39,4969.47,3,12,2
7315,2024-02-26 06:18:35,11355.93,5,4,2
7316,2025-01-11 06:48:42,4703.91,1,5,2
7317,2024-01-29 02:00:57,3391.60,5,4,2
7318,2024-04-23 06:53:13,10490.65,2,1,3
7319,2023-11-08 10:02:07,1313.54,3,2,3
7320,2023-05-31 16:13:52,23259.10,4,3,3
7321,2023-09-18 01:55:01,15210.54,2,11,2
7322,2024-09-13 07:47:45,7124.74,5,19,4
7323,2025-02-09 14:55:36,5100.74,1,10,3
7324,2024-03-25 19:35:20,10300.60,1,5,4
7325,2024-07-02 00:14:52,4796.03,2,16,3
7326,2024-09-30 01:50:39,878.62,4,8,4
7327,2023-06-17 22:04:46,7476.06,5,4,2
7328,2024-03-21 08:00:53,3821.92,2,6,2
7329,2023-10-27 08:37:35,12458.20,1,5,11
7330,2023-07-22 06:34:01,6040.53,5,14,2
7331,2024-04-05 05:09:49,9174.32,1,20,2
7332,2023-11-18 04:35:52,7034.46,4,18,5
7333,2025-03-14 10:29:55,7333.66,2,11,2
7334,2025-03-30 21:14:32,16012.79,5,4,2
7335,2024-02-09 05:58:18,16957.18,1,20,4
7336,2023-07-19 15:42:19,13590.89,1,5,9
7337,2023-11-03 14:31:04,10583.32,1,25,2
7338,2024-04-04 17:11:34,13113.18,5,14,8
7339,2024-11-01 05:49:28,8816.58,1,25,2
7340,2024-10-18 10:38:57,4881.69,5,4,2
7341,2024-07-09 15:28:25,21680.86,1,25,2
7342,2024-11-25 12:23:01,3137.39,3,22,11
7343,2024-03-09 06:19:35,10608.28,3,7,2
7344,2024-05-22 15:04:46,4655.40,5,24,2
7345,2024-01-02 18:20:16,8852.20,5,24,3
7346,2025-03-29 15:17:00,4567.85,4,23,2
7347,2024-05-05 07:15:16,10772.55,2,1,2
7348,2023-06-07 10:41:52,4250.24,1,10,3
7349,2023-09-21 07:30:58,15298.32,1,10,4
7350,2023-05-30 04:05:45,11154.81,4,13,2
7351,2024-09-02 10:46:05,6733.23,4,8,2
7352,2024-09-07 22:36:11,7811.46,3,2,2
7353,2024-07-16 13:04:11,3484.68,5,19,76
7354,2024-01-19 22:39:32,8408.81,4,18,2
7355,2024-10-29 02:06:37,1684.92,2,1,4
7356,2023-11-22 02:09:59,4491.65,2,1,3
7357,2023-10-15 00:27:06,14375.13,3,22,2
7358,2023-12-19 23:03:13,11263.53,1,15,4
7359,2024-06-13 07:31:33,3119.73,4,18,2
7360,2024-06-14 00:11:24,10672.94,4,23,2
7361,2025-03-02 20:07:15,12933.26,4,13,2
7362,2025-04-07 03:58:46,9852.18,2,1,2
7363,2024-01-17 04:44:56,1222.28,3,2,2
7364,2024-08-31 01:00:56,6729.10,3,22,2
7365,2025-02-14 17:56:12,10889.58,1,20,7
7366,2024-05-15 23:18:28,3568.04,4,8,2
7367,2024-08-05 02:56:00,14612.07,4,13,2
7368,2023-12-27 10:45:56,5084.98,4,18,2
7369,2023-05-26 09:57:55,5729.27,5,14,2
7370,2024-05-16 11:41:39,11875.29,3,22,2
7371,2025-04-02 11:25:58,12154.03,1,20,2
7372,2023-08-10 05:01:31,4198.90,4,23,10
7373,2025-02-14 19:34:55,1094.40,3,17,2
7374,2024-02-02 11:55:02,14213.96,4,3,12
7375,2025-02-16 06:23:41,16377.89,5,24,2
7376,2024-06-02 06:58:02,15547.66,5,24,2
7377,2024-10-13 09:20:49,21710.64,3,12,2
7378,2024-05-23 06:37:33,4246.47,3,7,24
7379,2024-09-10 14:37:51,9760.89,4,3,2
7380,2025-05-20 02:45:52,3654.28,4,23,2
7381,2023-07-13 14:57:02,5756.36,1,20,9
7382,2024-04-18 12:29:21,2973.16,5,9,2
7383,2025-03-16 14:55:20,6092.62,4,18,3
7384,2024-06-24 15:52:21,4819.68,3,22,2
7385,2023-09-30 22:21:02,8202.56,3,22,7
7386,2023-08-14 18:37:31,8487.06,3,12,6
7387,2024-02-03 16:50:34,13802.87,2,16,4
7388,2024-11-18 10:50:16,8613.42,5,9,2
7389,2023-10-26 07:46:34,5908.36,1,15,2
7390,2024-05-09 17:02:40,11422.44,3,17,2
7391,2024-06-07 23:20:22,12012.30,5,24,2
7392,2024-09-12 17:01:16,4169.83,4,18,2
7393,2024-08-06 22:37:31,21278.08,4,23,2
7394,2024-06-23 08:43:48,13468.06,5,19,2
7395,2023-10-10 06:13:55,2197.78,4,3,8
7396,2025-02-09 03:46:56,4848.94,5,14,30
7397,2024-05-30 23:55:11,11697.49,1,5,105
7398,2024-02-02 09:52:05,5337.37,3,12,2
7399,2024-11-13 19:03:51,13026.12,1,15,2
7400,2024-02-16 07:45:45,6906.52,1,20,3
7401,2025-01-22 06:59:25,10639.63,1,25,2
7402,2025-02-11 03:46:45,14628.17,1,20,3
7403,2024-11-12 20:35:36,6407.58,5,19,2
7404,2023-07-02 22:12:33,5714.56,2,21,18
7405,2024-12-02 11:14:30,9198.19,2,1,2
7406,2024-02-18 15:01:26,11698.31,2,1,5
7407,2025-04-27 14:37:10,8792.73,3,17,2
7408,2023-06-21 02:08:16,15707.04,2,1,3
7409,2025-04-21 06:00:54,6044.57,5,14,2
7410,2023-10-06 07:57:03,7893.76,1,15,22
7411,2023-07-12 08:51:52,16221.36,1,25,4
7412,2024-01-10 22:40:32,10389.78,5,4,2
7413,2024-11-23 10:44:16,10087.38,5,14,2
7414,2025-03-24 07:15:52,5437.87,5,4,2
7415,2024-12-22 19:59:02,5440.60,2,21,2
7416,2024-09-15 05:51:10,8372.80,4,18,2
7417,2023-07-10 03:13:45,4342.30,4,8,2
7418,2025-03-17 00:51:13,16262.70,1,25,2
7419,2024-03-14 23:08:57,17969.72,3,22,2
7420,2024-01-30 10:48:43,2098.95,1,5,2
7421,2024-11-15 01:07:58,21393.58,5,19,3
7422,2023-09-30 17:42:33,15324.25,2,16,2
7423,2023-11-18 01:21:49,9904.00,4,3,11
7424,2024-06-30 02:45:16,8972.47,2,21,2
7425,2024-01-20 02:52:22,14950.19,4,18,2
7426,2023-11-17 00:26:51,14021.40,5,4,3
7427,2024-06-01 09:19:07,12460.13,4,23,2
7428,2025-04-16 17:26:53,2818.61,3,7,2
7429,2024-09-09 15:49:28,294.32,3,22,2
7430,2025-01-20 12:28:11,21018.31,2,1,2
7431,2023-07-30 23:09:41,12757.64,3,22,2
7432,2025-01-09 21:20:07,422.42,3,12,3
7433,2025-04-23 14:55:33,4481.59,3,7,2
7434,2023-05-26 15:25:16,4579.76,2,16,2
7435,2024-01-19 15:04:24,5959.28,3,2,2
7436,2024-07-10 18:36:38,17408.42,3,7,5
7437,2024-05-20 02:51:53,13694.74,2,16,3
7438,2024-08-08 08:00:14,2378.98,4,8,3
7439,2023-12-01 02:34:14,2149.88,5,14,3
7440,2024-04-30 07:43:04,17320.14,3,22,3
7441,2024-10-02 15:14:09,9231.16,3,17,2
7442,2024-12-20 09:08:35,3067.19,1,25,2
7443,2024-09-18 01:59:55,2981.64,3,12,2
7444,2023-09-25 07:48:45,13133.17,3,17,5
7445,2023-08-26 12:30:45,16767.60,1,10,2
7446,2024-08-06 05:21:24,4878.51,1,5,2
7447,2023-11-18 10:35:04,2826.81,4,8,2
7448,2024-09-05 04:20:46,15536.40,2,1,2
7449,2023-12-22 04:56:32,9027.71,5,24,2
7450,2023-09-16 15:01:45,16098.37,1,10,7
7451,2025-02-20 10:04:54,856.04,2,21,2
7452,2023-08-20 16:27:22,878.62,5,19,2
7453,2024-08-16 03:26:03,8680.89,1,20,2
7454,2023-10-22 17:28:14,90.23,5,4,3
7455,2023-12-16 12:15:48,13236.93,2,21,3
7456,2023-05-27 21:26:34,11681.78,2,6,2
7457,2024-10-22 17:39:20,15935.83,1,20,2
7458,2023-11-04 17:05:02,3437.82,5,4,4
7459,2023-08-04 12:30:34,18049.22,5,14,4
7460,2024-08-27 21:37:50,2805.03,5,24,2
7461,2025-01-25 08:21:29,11815.66,5,14,4
7462,2024-02-11 14:11:31,116.31,2,21,2
7463,2024-02-26 15:31:00,6914.91,5,24,2
7464,2024-12-06 16:57:43,18342.74,1,5,4
7465,2025-03-14 23:09:47,541.68,2,16,3
7466,2024-06-20 16:48:06,17898.45,2,21,2
7467,2023-07-08 06:20:42,7576.58,2,16,9
7468,2023-06-01 08:33:56,14429.05,1,15,2
7469,2024-12-24 14:44:35,3201.56,5,9,3
7470,2023-06-29 09:01:49,11777.22,5,19,2
7471,2023-06-13 01:48:38,4972.44,4,23,2
7472,2024-07-07 03:20:18,7305.22,4,8,2
7473,2023-11-29 18:28:40,4735.28,3,22,2
7474,2024-06-14 19:43:39,13734.22,2,6,3
7475,2024-07-18 15:53:56,15050.54,3,12,4
7476,2024-08-25 05:59:37,1753.98,4,3,2
7477,2024-12-03 06:36:20,6731.34,4,3,4
7478,2024-01-10 09:58:42,5553.65,2,6,2
7479,2024-09-18 04:10:42,10545.30,5,24,7
7480,2024-10-24 15:47:22,2271.00,1,20,2
7481,2023-07-26 18:59:55,11736.64,4,18,2
7482,2023-12-01 01:21:25,4860.15,1,20,2
7483,2024-05-18 23:57:43,7059.68,3,12,10
7484,2024-06-29 04:33:10,10829.26,3,22,2
7485,2023-11-07 15:13:48,9620.74,3,12,2
7486,2025-02-14 18:38:02,9690.71,4,23,2
7487,2025-04-28 12:37:45,8146.70,3,2,2
7488,2024-07-14 06:30:16,12462.58,4,23,3
7489,2025-05-16 05:18:36,11392.58,5,4,2
7490,2024-09-27 09:07:38,6376.01,1,25,2
7491,2024-06-02 23:30:42,11174.76,5,14,6
7492,2025-03-03 01:08:31,4272.04,3,22,2
7493,2024-01-19 11:10:49,11405.58,1,5,2
7494,2024-10-11 15:20:27,6022.96,5,19,2
7495,2024-07-08 11:55:50,1984.35,3,12,3
7496,2024-07-05 20:08:41,4218.20,4,23,2
7497,2024-07-19 14:57:40,2635.86,4,13,2
7498,2023-09-02 01:28:38,18147.64,1,20,2
7499,2024-07-12 16:10:37,5808.80,5,14,2
7500,2024-03-21 07:57:35,5156.45,5,19,2
7501,2025-03-22 13:04:56,4222.57,1,5,2
7502,2024-06-08 23:13:31,19015.97,3,22,2
7503,2023-12-17 16:42:35,4787.15,5,24,3
7504,2023-10-09 06:57:36,8326.17,4,18,2
7505,2024-12-31 15:43:21,11372.69,3,2,2
7506,2023-12-18 06:18:45,5141.46,1,20,2
7507,2024-01-27 01:14:18,6905.45,5,14,5
7508,2023-08-16 07:15:41,4081.62,3,2,2
7509,2023-06-07 23:44:08,4914.41,3,7,2
7510,2024-07-12 16:04:17,13713.82,4,23,2
7511,2023-11-02 12:22:09,5272.09,3,2,2
7512,2024-02-21 18:58:30,531.47,4,8,2
7513,2023-08-12 03:49:32,8665.27,1,10,2
7514,2024-10-27 13:57:13,1923.28,2,11,2
7515,2024-02-21 12:06:18,7905.11,1,15,4
7516,2024-11-17 19:58:16,382.28,3,2,2
7517,2024-02-14 10:22:45,7264.21,2,16,4
7518,2025-04-14 05:29:28,7842.76,3,7,3
7519,2023-06-24 06:38:14,10497.93,5,19,2
7520,2023-11-10 04:33:23,11120.64,2,16,2
7521,2023-12-23 04:05:07,5765.95,5,14,4
7522,2023-10-20 23:45:28,17037.15,3,22,2
7523,2025-01-16 11:16:42,4634.72,1,5,4
7524,2024-02-06 22:19:33,5350.31,1,15,2
7525,2024-07-11 09:47:59,1923.55,2,1,2
7526,2023-07-16 10:56:00,9773.45,1,25,2
7527,2023-07-09 05:27:45,2502.23,1,25,3
7528,2024-04-20 08:20:59,3834.51,1,10,9
7529,2024-05-24 09:59:41,9417.70,5,9,2
7530,2023-07-25 04:35:56,6339.95,2,21,2
7531,2024-04-22 12:50:29,10279.40,2,6,2
7532,2024-11-09 17:43:57,6654.55,3,17,2
7533,2024-05-03 04:57:14,11347.51,4,8,2
7534,2023-06-20 17:16:25,9972.76,2,16,2
7535,2024-04-23 22:34:11,303.69,3,22,3
7536,2025-01-30 18:22:29,18228.11,5,9,4
7537,2024-12-30 21:15:26,4435.50,3,17,2
7538,2025-01-25 01:12:09,9439.66,2,6,3
7539,2024-09-14 15:23:33,16597.75,4,8,2
7540,2025-02-15 00:40:47,20264.15,3,22,2
7541,2024-10-20 02:43:37,16434.21,3,22,4
7542,2024-07-23 09:53:37,10796.61,1,15,3
7543,2025-05-19 08:12:52,8824.30,3,2,2
7544,2024-09-16 04:02:26,11583.83,4,3,2
7545,2024-03-20 22:48:06,986.98,4,8,2
7546,2023-12-14 15:50:43,9096.43,4,23,5
7547,2024-05-08 11:08:01,2171.97,2,1,2
7548,2024-02-19 08:07:27,8338.77,2,16,4
7549,2024-01-30 21:01:20,500.78,4,23,2
7550,2024-03-11 07:49:45,9460.58,2,11,2
7551,2025-04-22 09:16:10,2570.52,2,1,2
7552,2024-10-18 17:51:26,9803.93,5,24,3
7553,2024-10-14 19:40:47,16597.13,2,11,2
7554,2024-03-25 01:07:51,4743.94,4,13,2
7555,2024-10-19 19:01:28,7582.55,2,1,2
7556,2024-03-23 12:46:26,10276.03,3,17,2
7557,2024-11-29 04:29:41,13866.49,5,19,2
7558,2025-05-20 09:09:53,9154.66,1,20,4
7559,2024-01-16 20:09:40,661.45,5,24,6
7560,2024-11-24 14:47:14,10266.51,5,19,2
7561,2024-03-08 10:00:08,2291.21,3,7,5
7562,2024-01-04 01:27:41,5908.36,2,11,2
7563,2024-04-03 10:21:19,1738.41,2,6,2
7564,2024-06-22 13:13:00,9504.99,2,21,3
7565,2024-01-07 12:04:47,4972.90,5,9,2
7566,2023-11-05 21:17:01,1680.26,1,5,2
7567,2025-01-10 01:45:10,5644.36,3,2,2
7568,2024-12-19 10:24:00,6340.79,5,19,2
7569,2024-10-24 06:10:18,4796.09,1,15,22
7570,2023-10-27 14:59:26,3568.25,3,22,2
7571,2024-02-19 18:57:07,4083.04,4,18,7
7572,2025-02-02 21:44:22,10474.42,3,17,2
7573,2024-02-12 13:50:21,10912.17,2,21,6
7574,2024-05-24 21:35:28,13410.43,2,16,13
7575,2024-07-05 00:55:41,14367.15,4,13,2
7576,2025-04-30 18:28:57,15683.28,2,6,2
7577,2024-03-27 05:02:28,7949.08,5,24,2
7578,2024-09-06 12:45:19,7799.84,4,3,3
7579,2024-02-08 21:01:04,4605.73,3,2,2
7580,2025-02-02 22:47:07,25620.93,2,21,2
7581,2023-09-11 02:20:55,21400.11,1,5,3
7582,2024-02-14 23:14:32,7142.29,2,11,2
7583,2024-04-23 17:26:26,17672.08,1,5,2
7584,2024-04-02 01:48:00,7053.41,5,19,2
7585,2025-03-26 17:43:26,5312.85,2,11,2
7586,2024-03-02 08:45:08,12446.75,3,2,4
7587,2025-04-21 01:59:47,11257.34,3,22,2
7588,2025-01-01 17:23:56,377.04,2,6,5
7589,2023-10-13 20:04:17,11568.04,4,13,2
7590,2024-12-05 10:42:28,12618.38,4,18,3
7591,2024-08-17 06:41:45,10078.65,1,25,2
7592,2023-08-21 14:52:46,2246.00,3,22,5
7593,2023-05-29 16:51:23,8990.54,4,13,2
7594,2024-07-27 19:40:26,4405.91,5,4,2
7595,2023-12-17 12:19:02,5564.84,4,13,5
7596,2024-11-20 15:33:53,17377.06,3,7,2
7597,2024-12-03 08:01:09,3008.48,4,23,3
7598,2023-09-04 13:57:57,9540.13,2,11,23
7599,2025-03-15 01:54:11,18370.98,3,12,2
7600,2025-01-12 04:21:24,15277.89,3,22,2
7601,2023-12-23 07:13:22,8965.24,2,6,2
7602,2025-05-21 13:47:03,2133.74,5,19,2
7603,2025-02-26 12:06:36,8061.14,5,19,2
7604,2025-01-11 12:12:29,4851.05,2,11,2
7605,2024-09-22 11:43:47,9999.13,2,1,2
7606,2024-08-08 23:22:14,8192.97,3,22,18
7607,2025-04-02 06:26:50,2908.32,4,3,2
7608,2024-06-25 06:34:08,8531.08,4,8,3
7609,2023-05-31 15:57:30,541.28,2,1,2
7610,2025-01-22 09:34:43,11751.03,5,19,6
7611,2023-12-29 05:25:01,6689.52,2,11,3
7612,2025-05-14 08:37:28,7872.33,3,2,2
7613,2023-10-12 14:56:49,5242.88,4,3,2
7614,2024-05-29 11:50:58,3977.12,3,2,3
7615,2023-09-24 19:15:30,2761.06,5,14,2
7616,2024-09-28 17:46:27,3064.47,1,20,2
7617,2024-07-17 07:27:15,14930.52,2,16,2
7618,2024-08-29 22:58:01,5525.44,5,24,2
7619,2024-04-30 12:10:10,14261.30,2,16,6
7620,2023-12-14 08:57:31,3448.15,1,15,5
7621,2024-06-22 13:08:22,8156.35,5,24,2
7622,2024-05-14 02:10:31,16319.48,2,16,2
7623,2024-01-29 11:19:05,1733.61,1,10,2
7624,2025-01-13 12:40:21,4791.89,5,24,2
7625,2025-05-18 10:46:27,12280.65,4,8,3
7626,2023-08-04 21:01:38,4292.92,3,7,3
7627,2023-11-26 17:45:21,4732.94,3,2,2
7628,2023-10-06 07:38:40,7488.16,3,22,3
7629,2023-06-25 22:14:52,7949.71,1,25,2
7630,2024-05-25 08:09:07,10501.30,5,24,2
7631,2023-05-28 16:28:31,8657.58,1,25,4
7632,2025-02-24 07:26:03,830.26,4,3,2
7633,2023-07-24 16:21:02,13865.08,1,20,2
7634,2024-05-13 02:07:07,281.48,2,1,2
7635,2024-12-09 01:55:04,1282.46,1,20,43
7636,2023-05-27 16:28:16,15186.63,5,14,4
7637,2024-04-22 23:51:04,17955.36,3,2,2
7638,2023-12-22 06:25:13,4217.81,4,3,2
7639,2024-01-23 07:33:02,19560.03,5,9,2
7640,2024-06-24 02:06:06,3286.32,5,4,3
7641,2025-03-25 02:32:11,14210.97,4,3,8
7642,2023-07-14 08:19:39,1889.25,2,6,2
7643,2024-05-27 22:38:46,1649.34,4,23,2
7644,2024-09-02 08:23:37,7234.06,2,21,2
7645,2024-06-11 01:28:36,11644.25,3,12,3
7646,2024-12-24 15:56:06,4808.45,5,14,2
7647,2024-09-23 10:26:17,2039.62,1,20,3
7648,2023-09-21 11:34:42,5529.26,2,21,2
7649,2024-10-31 11:56:23,18055.94,1,10,2
7650,2024-12-09 18:02:04,17877.28,3,7,3
7651,2025-01-02 05:47:23,1955.07,2,1,3
7652,2024-01-01 15:49:57,12867.59,1,10,2
7653,2024-08-18 11:20:05,5944.06,5,19,3
7654,2024-10-13 10:59:56,14664.58,2,21,2
7655,2025-04-12 12:46:07,15231.60,3,12,5
7656,2024-10-12 07:38:51,4455.36,5,24,9
7657,2023-08-18 16:40:12,5451.85,2,11,3
7658,2024-08-12 17:59:59,12800.92,5,24,96
7659,2023-08-01 00:40:55,11245.11,3,7,2
7660,2024-08-08 11:07:18,12262.75,3,17,4
7661,2024-07-31 21:55:07,915.90,2,21,4
7662,2023-09-02 17:09:47,16576.60,3,12,3
7663,2023-07-30 07:53:26,19960.33,1,25,2
7664,2023-09-05 10:33:30,11895.91,3,2,3
7665,2023-12-06 17:03:14,14425.23,1,25,6
7666,2025-01-05 21:08:45,14333.59,4,23,4
7667,2025-05-04 03:43:05,15802.36,2,1,2
7668,2024-05-04 01:05:53,5172.27,2,21,2
7669,2024-02-25 02:26:11,3759.62,4,3,2
7670,2023-10-30 06:40:08,13562.17,2,21,2
7671,2024-02-17 06:59:07,7917.02,2,11,2
7672,2024-07-26 07:41:15,14064.06,5,14,3
7673,2025-05-19 15:49:00,14038.81,4,8,2
7674,2023-07-25 13:34:03,11545.41,1,5,2
7675,2023-07-04 09:34:05,7362.88,2,11,4
7676,2023-11-26 08:00:06,14893.45,3,12,2
7677,2024-09-08 12:40:58,3023.66,2,11,2
7678,2023-08-16 21:53:00,8272.44,2,16,2
7679,2024-09-18 06:17:56,20288.02,5,19,2
7680,2025-03-07 14:07:45,6315.03,5,19,2
7681,2024-05-05 10:09:52,10433.97,4,13,7
7682,2023-11-26 00:52:13,6221.44,3,17,3
7683,2025-03-31 19:25:31,11800.47,1,25,2
7684,2023-07-26 04:53:54,834.20,5,9,2
7685,2024-04-08 20:00:26,8836.83,2,21,2
7686,2023-10-02 08:45:50,14125.22,3,2,2
7687,2023-06-06 18:03:57,4808.02,3,12,3
7688,2024-12-10 07:52:06,6536.73,1,25,2
7689,2024-02-25 21:42:23,13165.25,3,2,2
7690,2023-09-11 16:48:22,10722.87,4,13,2
7691,2023-09-18 04:31:55,5347.02,5,24,4
7692,2025-01-08 05:40:51,1056.98,1,25,2
7693,2023-11-20 14:00:43,6190.02,2,6,2
7694,2023-05-29 23:01:40,12295.25,2,1,2
7695,2024-01-15 00:34:07,8546.05,1,5,5
7696,2024-06-24 18:01:13,15138.59,1,25,4
7697,2023-11-06 08:04:59,3538.60,1,15,2
7698,2024-07-07 15:01:51,16558.38,1,5,2
7699,2023-06-25 06:26:09,3001.19,4,8,2
7700,2024-03-16 16:37:07,2322.60,5,4,4
7701,2023-09-24 02:29:46,9588.22,3,2,2
7702,2024-11-12 22:27:18,7203.38,1,5,2
7703,2023-08-07 02:15:52,3492.69,1,20,2
7704,2024-07-02 23:39:27,5970.99,2,21,7
7705,2024-10-07 13:06:04,15632.13,1,25,15
7706,2024-04-06 20:59:23,15674.78,4,23,13
7707,2024-04-11 08:45:58,7000.56,2,6,3
7708,2023-11-01 02:46:06,5951.97,2,16,5
7709,2024-08-16 06:47:32,6638.50,5,24,2
7710,2023-08-24 18:57:25,547.86,2,11,2
7711,2024-12-28 04:10:39,11050.02,1,20,3
7712,2024-11-16 02:08:10,2872.29,3,2,2
7713,2025-04-21 21:32:10,6694.57,5,4,2
7714,2023-09-08 06:20:55,5386.88,1,20,12
7715,2024-01-01 21:03:33,6767.98,2,11,2
7716,2024-12-25 07:26:09,12052.52,3,7,3
7717,2025-01-21 16:57:03,19940.87,2,16,2
7718,2024-12-09 12:27:33,12095.03,5,19,6
7719,2023-09-11 09:07:20,1133.00,3,7,2
7720,2024-09-09 21:59:42,9389.19,5,9,2
7721,2023-08-26 17:57:31,9560.56,4,8,2
7722,2024-08-10 07:05:31,12397.04,4,3,5
7723,2024-01-11 14:19:10,13457.00,3,7,2
7724,2025-04-05 14:41:22,16105.79,2,11,2
7725,2024-02-10 01:12:21,8771.39,4,23,2
7726,2024-08-15 09:36:51,751.17,5,14,2
7727,2023-11-02 01:57:56,16498.34,4,8,2
7728,2025-05-09 14:32:07,3685.85,1,20,2
7729,2025-01-15 21:35:11,14586.25,4,13,2
7730,2024-12-16 17:28:23,1017.32,1,20,3
7731,2023-09-26 16:38:26,3191.97,5,24,2
7732,2025-04-29 11:06:11,8186.37,3,12,4
7733,2023-06-15 20:15:38,18133.35,3,7,2
7734,2024-02-19 01:07:02,14458.02,1,10,3
7735,2025-04-12 21:38:06,12440.07,2,1,4
7736,2024-07-30 21:00:56,13715.08,3,2,2
7737,2024-08-17 17:17:43,2547.23,4,13,8
7738,2024-04-10 12:28:19,15940.66,5,24,2
7739,2025-04-24 21:42:51,3209.01,2,6,2
7740,2023-08-24 18:20:44,7059.13,3,7,2
7741,2024-09-25 19:05:27,7482.40,3,7,2
7742,2024-01-04 21:10:37,11590.76,5,24,2
7743,2023-07-20 04:25:39,10087.96,1,15,31
7744,2023-05-29 02:46:46,9385.59,3,12,2
7745,2023-12-30 18:28:43,6771.70,5,4,3
7746,2024-10-26 19:43:39,10659.46,1,15,2
7747,2024-12-17 03:46:08,6460.05,1,20,2
7748,2023-09-13 12:33:33,13689.42,1,15,2
7749,2023-08-22 11:00:47,14270.95,2,21,2
7750,2024-07-09 12:26:54,8093.13,2,11,2
7751,2024-03-14 00:07:38,6554.77,4,18,12
7752,2023-08-08 10:13:38,12149.56,3,17,3
7753,2024-12-30 02:33:11,13212.93,4,23,2
7754,2024-09-23 06:16:34,8432.45,5,9,2
7755,2023-06-15 14:41:26,7618.20,4,18,2
7756,2025-01-07 04:31:50,2075.28,5,24,2
7757,2024-09-28 15:36:52,6686.65,4,18,2
7758,2024-04-09 06:15:29,17082.64,2,11,5
7759,2024-10-02 22:32:53,10073.56,4,3,2
7760,2023-12-03 05:37:25,13238.23,3,17,3
7761,2024-08-03 18:35:03,18468.38,5,4,2
7762,2023-06-12 14:43:14,3492.28,5,19,2
7763,2024-07-03 04:27:35,12299.18,1,15,3
7764,2024-10-24 13:05:27,1851.16,4,18,4
7765,2024-07-27 12:53:20,9182.05,3,2,2
7766,2024-02-24 14:27:52,12073.64,5,24,2
7767,2023-08-21 22:35:48,9667.81,5,14,2
7768,2023-08-02 20:55:38,6906.75,4,23,2
7769,2024-05-03 23:30:19,12161.71,2,1,2
7770,2024-06-24 05:44:12,5318.70,1,10,92
7771,2025-01-03 07:19:32,2638.97,4,3,2
7772,2024-07-02 17:25:59,12180.60,1,15,2
7773,2024-08-07 23:29:33,2009.78,3,12,2
7774,2024-08-03 23:29:52,12907.54,4,13,71
7775,2024-10-09 10:26:43,16789.39,5,4,2
7776,2024-08-17 07:14:24,6077.12,4,23,2
7777,2024-05-07 05:21:39,23384.70,1,10,2
7778,2024-07-26 07:03:49,12989.70,2,16,2
7779,2024-04-07 02:15:06,15814.07,5,4,2
7780,2024-12-26 04:29:22,8856.44,5,14,22
7781,2024-02-05 13:49:50,1549.77,4,13,2
7782,2024-05-04 20:45:01,11557.80,5,9,4
7783,2023-07-20 16:58:58,8581.11,2,6,10
7784,2024-03-01 01:20:24,20939.93,5,19,2
7785,2023-10-05 07:23:14,4304.69,1,20,2
7786,2025-01-16 16:58:18,9938.01,2,11,20
7787,2023-07-26 21:25:21,9596.14,3,22,41
7788,2025-02-24 10:14:55,19623.52,1,20,2
7789,2024-10-08 14:51:58,6799.64,3,22,2
7790,2025-04-11 07:59:05,15622.80,2,21,2
7791,2024-06-12 16:52:47,4902.58,3,7,2
7792,2025-02-26 13:03:34,3172.48,2,1,2
7793,2023-12-25 17:57:41,9816.12,4,18,2
7794,2023-09-18 06:08:10,13864.91,2,11,4
7795,2023-08-19 20:25:09,11776.97,5,4,2
7796,2024-12-09 02:32:29,8266.41,5,9,2
7797,2025-05-08 03:00:33,3259.37,4,8,2
7798,2024-11-29 22:35:19,14418.30,1,5,4
7799,2024-07-22 09:47:06,7997.52,4,3,2
7800,2024-10-29 20:15:20,15554.18,3,12,2
7801,2024-08-04 02:07:46,11094.55,2,16,2
7802,2025-01-04 08:28:24,15747.85,2,11,3
7803,2023-05-24 00:32:19,7061.07,2,21,2
7804,2023-12-16 23:57:06,335.18,2,11,17
7805,2024-01-11 06:29:33,6352.40,3,7,2
7806,2025-03-11 15:06:59,10297.14,5,14,2
7807,2024-04-12 14:48:37,3423.84,5,9,2
7808,2024-02-20 20:53:40,7875.90,5,4,3
7809,2023-10-21 05:52:40,12204.38,1,15,2
7810,2024-04-14 17:06:53,17826.45,5,4,2
7811,2023-08-25 21:41:16,9715.79,2,6,13
7812,2024-03-06 05:11:07,10567.99,1,5,2
7813,2024-08-24 17:51:11,542.80,5,9,3
7814,2024-10-14 10:26:28,10388.43,2,16,2
7815,2024-04-01 05:43:03,4356.44,4,13,4
7816,2024-06-27 09:25:45,6409.19,4,23,2
7817,2024-03-03 14:33:35,10103.98,5,9,2
7818,2023-06-05 12:05:54,4657.50,4,8,2
7819,2023-11-30 20:28:31,13633.93,3,7,4
7820,2024-01-04 15:53:30,14212.64,5,9,2
7821,2024-10-13 09:26:04,11537.25,5,24,4
7822,2024-09-01 13:48:18,11940.57,2,1,2
7823,2023-10-14 10:44:12,496.09,1,10,2
7824,2025-03-10 11:31:50,957.82,4,8,2
7825,2024-09-05 05:15:36,13102.80,4,3,2
7826,2023-06-06 16:02:03,19040.21,5,4,2
7827,2025-01-09 10:30:51,15675.36,5,4,4
7828,2023-06-25 22:37:31,7446.95,3,7,2
7829,2024-02-24 00:01:02,10323.65,2,11,2
7830,2024-01-19 11:56:58,7286.38,4,8,2
7831,2024-04-02 08:23:58,9464.73,1,10,3
7832,2023-08-18 12:40:42,8824.14,3,12,35
7833,2024-10-26 14:08:53,11374.32,4,8,2
7834,2024-09-11 12:44:33,7223.80,1,25,2
7835,2023-12-08 15:11:13,4137.65,1,10,2
7836,2023-08-06 04:47:19,1681.19,3,22,3
7837,2024-09-01 14:02:59,4419.56,1,15,3
7838,2023-05-31 09:36:11,16066.48,3,22,2
7839,2023-10-17 16:15:32,8437.77,3,22,2
7840,2024-01-18 20:44:13,6472.07,4,13,3
7841,2023-11-14 18:54:00,6807.70,3,2,3
7842,2023-12-23 09:56:59,6153.21,5,14,2
7843,2025-02-27 19:28:07,4359.39,3,2,3
7844,2024-02-01 23:23:01,10184.41,4,23,2
7845,2025-01-03 08:42:19,15236.40,4,8,2
7846,2024-08-01 13:02:25,2380.99,3,7,3
7847,2023-12-20 13:36:35,3287.30,2,1,8
7848,2023-10-03 16:26:18,2971.36,2,21,2
7849,2024-05-03 05:44:26,4848.27,2,21,2
7850,2023-11-25 01:36:46,6977.63,1,5,10
7851,2024-04-24 14:04:42,13876.94,5,19,7
7852,2024-10-24 11:09:16,7646.60,3,12,2
7853,2025-04-15 04:18:19,16592.27,2,1,2
7854,2025-02-09 14:15:51,1082.80,4,18,2
7855,2023-08-01 13:26:38,18177.60,2,16,2
7856,2024-03-18 20:36:15,17762.85,3,17,5
7857,2023-07-25 17:53:26,6627.35,3,12,2
7858,2024-10-18 19:50:17,8029.39,5,4,2
7859,2023-11-30 09:54:33,12360.96,3,12,2
7860,2025-03-25 06:36:44,4480.21,3,17,2
7861,2024-11-25 04:26:22,7233.47,3,2,2
7862,2024-05-04 03:18:38,16477.67,2,21,2
7863,2024-04-15 01:07:50,7389.04,1,20,2
7864,2024-06-19 19:57:52,1072.94,3,22,2
7865,2024-03-11 04:47:52,12155.17,4,8,2
7866,2024-01-31 17:08:10,13493.87,5,19,14
7867,2023-07-18 10:47:33,5569.53,2,1,2
7868,2025-03-09 07:30:46,5248.70,2,1,4
7869,2024-03-23 03:36:48,4752.61,2,1,14
7870,2025-04-03 14:05:56,11039.76,1,10,4
7871,2025-04-04 22:37:37,7785.31,4,18,2
7872,2023-12-21 23:46:26,3823.48,4,23,3
7873,2025-04-04 20:53:13,14976.82,5,4,2
7874,2024-11-09 17:10:04,5104.36,4,18,2
7875,2024-06-03 13:46:18,2966.98,1,10,2
7876,2024-09-30 13:02:12,19246.76,2,11,2
7877,2025-03-14 20:17:10,3655.40,2,11,4
7878,2025-03-14 21:09:15,5674.50,3,2,2
7879,2024-05-11 14:31:58,13405.06,4,8,10
7880,2024-05-01 13:02:11,12898.96,1,10,2
7881,2024-05-28 10:06:08,853.84,1,5,2
7882,2024-05-20 22:23:27,13337.33,3,17,2
7883,2025-05-10 08:22:50,8971.70,5,14,2
7884,2024-03-29 01:45:08,12297.35,3,12,2
7885,2024-10-19 00:37:29,11153.13,4,18,2
7886,2024-04-23 14:30:04,1995.31,5,14,16
7887,2023-11-19 14:41:06,11786.07,4,18,2
7888,2023-12-09 02:15:56,11328.37,5,24,2
7889,2023-10-14 07:22:18,9950.45,2,1,2
7890,2024-09-15 06:36:25,7658.52,1,25,2
7891,2024-07-02 21:19:00,18310.42,3,12,2
7892,2024-03-10 11:30:38,7665.54,3,7,3
7893,2024-05-18 23:31:04,2931.90,1,15,3
7894,2025-01-01 13:18:51,8627.15,3,17,2
7895,2025-05-08 23:04:48,2397.42,4,3,14
7896,2024-06-09 11:57:58,13170.05,1,10,3
7897,2023-12-16 10:32:15,9352.72,4,23,2
7898,2024-06-16 11:47:23,11329.90,5,14,2
7899,2023-10-30 09:24:32,9904.28,3,2,3
7900,2024-12-16 06:34:53,3407.08,4,18,3
7901,2023-06-10 23:55:53,7422.59,5,19,2
7902,2025-03-23 11:51:40,9889.88,4,3,2
7903,2024-05-07 06:15:48,678.32,5,4,2
7904,2025-01-20 02:11:14,151.80,2,6,2
7905,2025-01-14 03:55:06,1982.08,5,4,6
7906,2024-10-07 02:32:14,5679.65,1,25,15
7907,2025-02-07 15:18:39,18803.60,4,8,60
7908,2025-05-01 14:24:01,12866.00,4,18,2
7909,2023-10-10 05:11:31,15470.95,2,11,2
7910,2024-11-14 17:19:05,83.41,1,15,2
7911,2025-02-01 02:03:10,6292.56,1,20,2
7912,2024-06-05 17:49:21,8437.49,4,18,4
7913,2024-06-18 06:48:50,15131.49,4,13,2
7914,2024-01-14 23:56:00,3937.57,3,22,2
7915,2024-03-27 20:22:32,11896.44,3,7,2
7916,2024-02-03 02:58:04,4691.31,3,2,3
7917,2025-03-17 03:54:53,7212.80,5,9,2
7918,2024-06-16 22:58:36,1154.13,3,7,25
7919,2024-12-06 08:26:12,1976.22,3,2,2
7920,2024-04-15 12:08:57,14487.47,3,12,2
7921,2024-05-12 18:45:18,11904.41,1,25,3
7922,2023-11-15 14:58:12,6444.22,1,15,3
7923,2024-06-23 14:06:18,1422.90,4,8,2
7924,2023-07-03 00:20:03,8333.57,5,4,2
7925,2024-01-27 10:12:40,6462.51,5,14,2
7926,2024-06-10 17:53:37,19933.52,2,21,2
7927,2024-11-11 03:32:56,18718.95,2,6,3
7928,2024-01-27 12:00:34,15049.18,5,14,4
7929,2023-07-21 07:17:45,17130.63,4,18,6
7930,2025-02-17 04:29:06,5152.14,5,19,6
7931,2024-10-11 09:34:49,10981.13,4,3,2
7932,2024-12-27 02:24:57,5311.68,3,17,3
7933,2025-04-02 09:12:35,957.43,2,11,2
7934,2024-08-11 13:39:00,6975.23,5,24,3
7935,2024-11-12 07:20:25,3884.31,4,13,2
7936,2025-04-21 03:31:01,16373.07,5,4,8
7937,2023-05-28 06:57:41,19639.17,5,24,2
7938,2025-01-29 22:56:59,7997.73,2,1,2
7939,2025-03-09 06:06:23,6310.61,1,25,2
7940,2025-05-09 20:50:42,2680.30,3,7,3
7941,2023-09-29 22:21:37,9270.47,4,13,3
7942,2024-10-28 22:42:17,7649.52,5,9,8
7943,2024-04-15 19:10:15,12718.09,3,2,3
7944,2024-07-23 11:54:50,15653.59,4,13,2
7945,2023-11-10 01:59:18,15523.82,2,16,2
7946,2025-02-01 23:26:46,5689.28,2,6,3
7947,2024-07-22 06:18:54,588.64,5,19,2
7948,2024-06-03 00:18:51,83.41,4,23,2
7949,2023-10-27 01:27:03,7475.21,3,17,2
7950,2023-07-06 10:58:46,2708.40,5,4,4
7951,2024-06-18 09:23:36,5475.00,4,3,3
7952,2025-01-02 14:04:04,11918.69,5,9,4
7953,2024-11-21 22:53:05,4673.83,4,23,3
7954,2024-12-29 15:15:46,8339.83,5,19,8
7955,2024-01-18 08:23:31,5261.99,1,5,6
7956,2024-06-30 12:48:03,18975.72,2,16,2
7957,2024-11-16 20:45:56,15374.55,3,17,2
7958,2024-04-27 16:05:05,7226.29,1,20,8
7959,2024-02-19 00:12:30,6563.38,2,6,2
7960,2024-04-17 15:26:13,14191.54,3,2,2
7961,2024-06-17 06:24:48,9853.48,4,18,2
7962,2024-06-04 03:30:34,5354.51,2,16,2
7963,2024-11-01 06:09:19,8174.45,2,1,2
7964,2023-12-29 07:46:58,10471.32,5,9,2
7965,2025-04-26 19:58:49,3275.94,3,17,2
7966,2024-09-06 11:09:03,21224.65,4,3,2
7967,2024-06-03 12:16:11,15273.85,2,6,2
7968,2024-02-19 16:47:58,9607.40,5,24,3
7969,2024-02-23 09:01:41,9983.29,2,16,3
7970,2024-06-13 23:03:52,10349.47,1,5,21
7971,2025-02-15 22:18:38,9879.94,5,19,2
7972,2023-12-17 08:39:21,12140.46,5,14,2
7973,2025-04-12 02:55:18,12002.28,1,25,351
7974,2023-09-05 08:20:05,2549.56,2,16,4
7975,2024-07-08 05:42:03,9304.33,4,18,2
7976,2025-04-08 01:33:49,25620.87,1,10,6
7977,2025-03-17 17:00:17,16375.28,5,9,2
7978,2025-01-10 10:47:23,10574.59,1,10,2
7979,2024-04-24 03:08:01,3360.80,5,4,2
7980,2025-04-27 05:42:32,11856.19,2,1,2
7981,2024-07-29 20:31:26,9278.42,1,25,2
7982,2023-08-12 08:14:14,11607.96,2,6,2
7983,2024-06-20 08:29:52,9849.75,4,8,2
7984,2023-08-19 08:36:24,17846.53,3,17,2
7985,2024-09-11 15:24:44,1158.05,3,7,2
7986,2024-02-15 17:54:30,17995.80,4,3,3
7987,2023-06-19 18:08:55,16504.53,4,8,3
7988,2025-02-23 23:50:39,7927.17,4,3,2
7989,2023-10-06 02:34:03,1638.41,1,10,2
7990,2023-12-03 02:09:41,9991.41,4,8,2
7991,2024-04-23 06:35:46,4780.72,4,23,2
7992,2023-11-15 18:39:47,7484.20,3,17,2
7993,2025-05-08 21:39:28,804.80,2,11,2
7994,2024-08-29 23:29:31,14658.18,2,16,2
7995,2024-06-29 20:14:11,7429.85,5,24,24
7996,2024-10-12 00:00:37,6704.30,5,19,5
7997,2023-11-07 14:26:02,10407.92,1,5,2
7998,2025-01-27 06:31:43,10968.87,2,6,2
7999,2024-10-07 18:58:41,8366.79,5,19,4
8000,2024-03-07 22:30:05,11424.51,3,22,5
8001,2023-07-06 01:26:17,6716.36,3,17,2
8002,2024-04-11 19:00:43,10444.80,4,23,3
8003,2024-10-18 08:18:41,7066.59,1,10,11
8004,2023-06-09 15:54:21,2937.60,4,18,2
8005,2023-11-05 14:10:52,7422.96,4,23,2
8006,2023-11-29 15:01:49,2308.88,1,10,2
8007,2025-01-09 10:15:07,13647.56,3,7,2
8008,2024-02-18 00:02:38,9534.81,3,7,4
8009,2025-04-09 01:42:55,13094.96,5,4,3
8010,2023-08-20 20:24:59,5145.73,3,7,5
8011,2024-01-01 01:16:04,14421.22,1,25,2
8012,2025-02-02 20:46:29,2351.87,5,19,3
8013,2024-08-01 03:56:29,18480.97,2,1,3
8014,2023-11-22 01:04:13,4820.17,3,22,3
8015,2024-01-29 18:18:49,11731.98,3,17,3
8016,2023-06-30 22:41:03,10497.59,5,4,2
8017,2023-07-20 12:17:06,13151.14,3,22,2
8018,2024-09-24 01:36:18,3890.90,4,3,9
8019,2024-10-04 09:08:36,4134.91,2,16,2
8020,2023-05-24 23:12:21,10303.61,3,17,2
8021,2023-06-23 22:37:22,15807.21,5,4,2
8022,2025-03-10 11:53:43,5137.64,5,19,17
8023,2025-04-25 10:59:45,1662.54,4,8,2
8024,2025-01-13 22:22:28,11880.03,3,22,2
8025,2024-01-12 17:37:28,7165.45,3,22,2
8026,2025-04-16 11:20:28,611.09,3,22,3
8027,2024-03-06 21:06:12,3116.54,3,2,2
8028,2024-11-27 08:24:28,5392.16,3,17,2
8029,2023-10-03 21:36:04,6697.22,2,16,14
8030,2024-10-11 09:02:04,2024.36,1,20,2
8031,2024-10-15 05:21:20,21997.71,4,18,2
8032,2024-09-09 01:46:50,9079.90,4,18,2
8033,2025-03-29 07:41:43,4664.44,4,18,3
8034,2024-09-28 10:42:54,5607.32,4,23,2
8035,2023-07-04 17:06:48,6303.71,4,8,2
8036,2023-05-27 22:37:24,2983.90,4,23,2
8037,2023-11-10 16:31:16,3484.68,1,25,4
8038,2023-08-16 23:03:42,12775.61,2,1,7
8039,2024-10-05 03:10:12,4344.30,2,11,9
8040,2024-06-08 01:28:41,13144.67,2,6,2
8041,2024-02-04 20:17:54,11168.49,3,12,2
8042,2024-08-23 14:57:14,11837.04,1,15,2
8043,2023-06-14 12:25:55,14378.29,4,13,2
8044,2023-10-20 07:25:24,13694.56,1,25,2
8045,2024-06-27 13:20:36,8164.90,1,10,2
8046,2025-04-16 19:28:33,10558.61,3,7,2
8047,2023-08-28 14:25:14,4770.17,4,13,2
8048,2024-07-06 20:23:53,9408.12,4,13,36
8049,2024-05-06 02:36:31,7258.69,5,24,3
8050,2024-09-23 09:32:51,7560.29,1,10,6
8051,2025-04-28 04:35:43,11629.32,4,3,2
8052,2024-05-10 18:39:21,14932.05,5,4,2
8053,2025-05-09 22:53:55,9758.05,1,5,2
8054,2024-09-22 00:45:51,655.08,3,7,3
8055,2023-09-26 12:00:49,12237.93,4,18,2
8056,2023-10-18 03:07:32,17112.85,2,21,3
8057,2024-03-01 19:49:25,8798.37,5,9,7
8058,2025-02-06 17:58:38,17316.75,3,22,2
8059,2023-05-23 19:55:54,8693.71,5,4,2
8060,2024-05-06 17:39:54,10380.55,2,21,3
8061,2024-02-29 17:48:13,2916.09,1,20,5
8062,2025-01-27 03:18:37,14075.52,1,20,2
8063,2025-03-09 04:16:13,9223.37,5,14,2
8064,2023-07-28 02:16:20,19707.27,1,20,2
8065,2024-09-17 23:13:22,1795.38,2,6,2
8066,2024-10-28 05:54:15,6678.71,5,14,2
8067,2024-11-28 08:24:37,4607.31,3,2,852
8068,2024-10-19 22:15:56,7904.21,1,15,3
8069,2024-02-18 14:30:29,9037.13,4,23,3
8070,2024-02-27 18:11:12,2986.04,3,2,9
8071,2023-09-15 02:24:24,3079.94,4,3,15
8072,2024-04-21 15:22:48,18684.36,1,20,4
8073,2024-10-04 03:32:58,13113.93,4,23,4
8074,2023-07-26 07:13:28,4044.79,5,19,2
8075,2025-02-25 21:20:18,11157.19,3,7,2
8076,2024-09-30 23:19:04,11315.34,3,2,2
8077,2023-05-28 02:06:25,2773.75,3,12,2
8078,2023-12-02 12:47:53,14606.27,4,8,2
8079,2024-03-05 11:27:47,7093.97,3,7,2
8080,2024-10-28 00:14:40,17956.69,4,23,7
8081,2024-10-06 12:19:46,2269.47,1,25,5
8082,2023-07-23 12:36:26,1624.03,1,15,3
8083,2025-02-12 20:23:06,11855.35,2,1,2
8084,2023-09-14 04:55:28,13414.69,3,22,4
8085,2024-04-13 23:16:35,4896.80,1,15,5
8086,2024-01-31 02:46:52,4559.19,5,4,2
8087,2023-07-02 03:05:55,4201.88,5,19,5
8088,2023-08-04 05:32:08,4590.52,2,6,2
8089,2023-08-13 20:33:54,502.77,3,12,2
8090,2024-11-02 17:29:00,7647.04,4,23,476
8091,2024-12-05 18:51:56,7418.24,2,21,2
8092,2024-04-02 07:25:01,11945.12,4,13,3
8093,2024-09-01 17:34:30,8061.25,2,6,573
8094,2024-01-30 20:25:07,2960.32,5,24,10
8095,2024-07-25 18:51:27,11872.75,1,20,4
8096,2023-12-13 15:18:15,4822.70,4,8,2
8097,2024-03-08 13:43:38,6209.84,5,19,2
8098,2025-02-08 04:00:27,23020.42,3,2,4
8099,2024-11-16 02:29:04,6023.11,2,21,3
8100,2023-12-02 15:31:55,1156.66,5,24,5
8101,2024-04-13 23:08:23,4912.31,3,22,2
8102,2025-02-25 22:34:47,604.01,4,8,2
8103,2024-04-07 14:01:23,6916.41,2,21,2
8104,2024-09-08 16:36:22,6255.71,4,13,4
8105,2025-01-31 12:22:37,8351.42,2,1,2
8106,2023-11-04 20:47:10,9724.85,1,10,12
8107,2024-07-05 13:19:54,303.69,1,5,2
8108,2023-10-07 10:36:30,9653.74,4,3,2
8109,2023-12-20 12:58:19,13924.04,1,15,2
8110,2023-11-17 07:47:00,11532.96,2,1,2
8111,2024-02-22 01:13:19,3074.75,3,12,3
8112,2023-09-12 20:24:01,6675.24,5,9,2
8113,2023-06-30 11:22:20,10920.33,2,6,3
8114,2023-10-22 08:55:46,11110.78,1,20,2
8115,2024-05-06 05:19:14,3940.44,5,14,4
8116,2024-03-08 01:30:05,6454.80,5,14,3
8117,2024-10-24 12:35:51,13575.74,4,3,2
8118,2024-01-05 13:52:53,9141.81,1,20,8
8119,2024-10-21 03:38:36,7802.13,5,19,37
8120,2025-02-15 02:22:49,3137.86,2,16,2
8121,2024-08-02 23:31:37,1282.33,5,4,3
8122,2025-01-30 04:39:10,4470.25,2,21,2
8123,2023-09-10 19:17:51,7418.37,5,9,2
8124,2023-12-22 11:49:23,3097.60,1,10,3
8125,2025-01-19 16:40:52,147.16,1,10,2
8126,2023-08-16 04:50:53,3367.73,2,6,4
8127,2023-07-09 11:24:16,11709.46,3,17,2
8128,2024-11-14 06:11:54,2101.57,1,20,7
8129,2024-02-22 08:52:52,7154.44,4,18,2
8130,2023-08-14 22:02:37,1552.24,5,19,2
8131,2023-07-15 03:16:39,4111.16,4,18,7
8132,2024-07-21 06:22:14,13440.58,5,19,2
8133,2025-03-18 23:41:23,14391.61,1,20,2
8134,2024-03-17 21:19:41,8472.08,2,16,4
8135,2025-04-17 04:07:02,3571.90,2,1,3
8136,2024-05-11 04:34:55,17826.63,2,16,2
8137,2024-03-23 23:41:12,12352.57,2,16,4
8138,2023-12-25 23:05:38,10518.02,3,7,2
8139,2024-07-06 14:39:29,6652.61,4,23,46
8140,2023-06-30 16:11:29,1627.38,2,11,2
8141,2024-04-13 02:30:21,11173.32,1,10,2
8142,2023-07-08 17:35:43,14930.15,1,25,2
8143,2023-08-06 22:42:27,7601.94,5,19,2
8144,2023-08-21 13:46:59,17672.51,4,3,2
8145,2024-11-09 08:14:27,6332.60,4,8,2
8146,2023-07-02 11:37:22,8156.78,4,18,12
8147,2023-09-10 03:04:25,7792.91,2,1,3
8148,2024-12-09 12:00:16,16353.38,3,7,2
8149,2025-02-20 02:41:39,9670.23,3,7,2
8150,2024-05-08 11:30:16,1612.04,5,14,2
8151,2024-06-10 08:48:43,4739.00,3,12,2
8152,2024-08-15 23:17:58,7170.57,4,8,2
8153,2024-05-09 19:52:27,17828.70,1,20,2
8154,2023-12-17 15:13:59,20062.79,1,15,3
8155,2024-12-09 20:07:47,8508.63,3,22,4
8156,2024-12-16 14:10:50,6446.43,3,2,2
8157,2024-11-10 09:44:18,698.40,2,6,3
8158,2024-06-28 17:46:36,12778.27,4,8,28
8159,2023-07-23 23:27:22,16679.17,5,4,2
8160,2023-10-08 01:47:07,5585.95,2,11,61
8161,2024-04-28 00:57:38,12148.15,3,12,2
8162,2024-08-08 06:24:18,9982.42,3,7,3
8163,2024-07-15 04:45:57,3289.20,3,12,10
8164,2024-06-04 23:26:11,5820.70,5,24,2
8165,2023-10-19 05:39:04,5522.97,3,7,2
8166,2024-10-17 05:40:24,10146.61,4,23,5
8167,2024-03-17 19:00:49,8286.52,2,11,2
8168,2024-10-17 00:40:32,2629.59,2,1,4
8169,2023-10-02 04:09:05,17216.23,1,20,2
8170,2024-03-22 04:17:56,18010.03,1,25,2
8171,2024-09-22 23:24:34,4077.16,5,19,2
8172,2025-05-12 22:58:24,4650.89,3,22,2
8173,2025-02-05 14:18:34,14853.29,5,24,3
8174,2025-03-26 05:45:26,15888.50,5,24,2
8175,2025-01-14 03:13:49,6499.83,4,13,2
8176,2025-02-15 13:37:09,10461.51,5,24,2
8177,2024-10-09 12:24:54,7201.32,2,11,4
8178,2023-08-14 17:28:37,18000.94,2,21,8
8179,2025-03-23 22:45:22,8834.50,2,6,19
8180,2023-11-13 04:07:07,3518.40,1,5,2
8181,2023-08-28 09:33:45,4641.58,5,9,2
8182,2023-07-09 10:48:01,9224.54,2,6,3
8183,2024-12-06 21:43:26,4997.34,2,11,3
8184,2025-01-08 11:14:27,10928.76,3,17,2
8185,2024-05-23 04:54:11,17344.19,1,5,10
8186,2023-11-04 14:03:33,10888.71,4,8,3
8187,2023-11-20 15:34:33,3169.10,1,5,2
8188,2025-05-18 21:24:22,13602.88,3,12,2
8189,2024-02-02 18:53:44,10009.46,1,20,17
8190,2024-10-22 02:58:47,10568.75,5,4,2
8191,2023-10-19 20:54:15,7105.34,3,7,2
8192,2024-11-16 10:23:27,10426.40,1,10,6
8193,2024-12-01 20:24:38,7076.86,2,6,2
8194,2023-09-11 11:41:37,4966.42,5,14,3
8195,2024-04-27 14:18:47,6997.82,5,9,2
8196,2024-04-29 01:10:21,12605.33,4,13,4
8197,2023-08-28 03:40:52,7616.67,5,24,2
8198,2024-11-16 09:39:06,6007.29,3,22,2
8199,2024-12-04 09:56:05,6518.20,3,12,2
8200,2024-04-16 09:14:29,8550.79,4,3,2
8201,2025-01-12 11:53:40,14800.06,5,19,2
8202,2023-07-11 03:53:48,13837.60,2,6,2
8203,2024-08-01 17:29:03,17293.75,1,20,2
8204,2023-06-12 15:29:36,2919.01,5,14,2
8205,2023-05-24 14:38:05,14120.00,1,15,3
8206,2024-05-23 18:41:24,7638.57,5,14,4
8207,2025-01-25 02:29:54,11601.57,1,15,2
8208,2024-07-27 03:17:45,8948.46,2,1,2
8209,2024-09-14 20:31:14,7119.17,3,7,2
8210,2024-04-13 13:15:59,4131.27,5,19,2
8211,2023-06-19 05:24:42,15303.00,5,4,4
8212,2024-01-27 03:53:11,8920.96,2,6,3
8213,2024-11-23 18:56:26,8471.70,3,12,2
8214,2023-09-24 04:47:38,6364.56,2,21,4
8215,2024-05-01 02:21:47,9866.91,3,7,2
8216,2023-07-15 01:54:14,10466.38,4,13,2
8217,2024-11-24 18:53:37,12561.24,2,16,13
8218,2024-01-16 18:18:50,8896.65,5,24,2
8219,2024-01-05 04:51:36,11494.24,3,2,2
8220,2024-10-18 16:15:46,15038.44,4,23,2
8221,2024-05-13 01:30:34,4252.10,2,1,2
8222,2023-09-23 20:56:04,19881.26,5,24,3
8223,2023-11-19 02:50:26,12669.11,2,21,4
8224,2023-12-01 11:18:32,14822.51,4,8,2
8225,2023-09-12 09:21:42,11604.57,5,24,2
8226,2024-09-20 00:36:26,5859.20,3,2,2
8227,2023-08-09 20:22:53,9180.10,5,9,3
8228,2024-10-26 13:33:13,11219.67,2,6,2
8229,2023-07-09 12:20:18,12017.52,2,1,22
8230,2023-06-02 10:43:22,12419.40,3,2,2
8231,2025-05-05 11:57:15,10073.94,2,16,2
8232,2023-12-02 09:05:59,11991.79,3,12,5
8233,2024-12-16 11:16:28,12458.53,4,23,2
8234,2025-05-19 21:59:17,13744.78,3,22,2
8235,2024-04-14 09:03:27,6004.07,4,3,2
8236,2024-03-31 19:21:35,10339.84,1,15,2
8237,2024-11-15 10:14:13,7084.72,5,14,2
8238,2024-10-06 01:15:40,271.40,3,7,3
8239,2023-10-09 23:22:20,5855.85,3,7,2
8240,2024-11-02 19:40:11,3933.01,1,20,2
8241,2024-01-02 05:38:04,486.52,1,10,3
8242,2023-07-11 17:39:00,13469.96,1,10,2
8243,2025-04-27 17:08:31,2033.55,3,2,4
8244,2025-02-01 16:44:27,9779.98,4,23,3
8245,2023-10-12 10:09:55,5205.55,4,23,2
8246,2025-03-26 04:08:53,1251.95,1,25,2
8247,2024-12-29 18:14:37,5787.55,3,22,2
8248,2024-04-11 18:26:55,8523.54,3,17,10
8249,2024-05-20 20:55:04,8290.50,2,1,7
8250,2025-05-01 08:19:25,837.95,3,2,2
8251,2025-05-19 04:48:47,1689.68,2,21,2
8252,2024-12-24 03:59:27,13878.61,3,12,2
8253,2025-05-20 20:14:32,8241.87,1,5,2
8254,2024-09-20 02:53:20,8019.22,4,18,2
8255,2023-10-30 01:38:25,13050.79,4,3,2
8256,2024-10-14 16:06:17,1532.14,1,25,4
8257,2024-10-01 10:42:07,7967.73,1,10,2
8258,2024-08-10 18:10:41,11614.13,3,2,2
8259,2025-02-12 17:01:49,9193.80,5,4,26
8260,2025-01-12 11:50:13,4112.98,1,10,4
8261,2024-03-03 17:49:45,6826.55,5,9,2
8262,2024-09-24 21:27:10,12337.28,4,8,2
8263,2024-04-11 13:59:09,3980.68,3,7,2
8264,2023-07-25 15:41:57,6939.04,2,1,3
8265,2025-04-09 17:35:52,9809.84,1,10,2
8266,2025-05-20 04:38:28,7271.01,1,25,2
8267,2024-09-19 10:07:52,4207.00,3,12,3
8268,2023-05-27 01:02:05,5380.88,1,20,2
8269,2025-04-03 01:33:29,8472.86,5,4,2
8270,2023-06-24 10:09:10,16496.39,5,24,5
8271,2024-07-22 04:09:44,5985.20,5,19,4
8272,2024-11-24 03:11:34,14134.68,4,8,2
8273,2023-11-23 15:40:02,11204.95,1,20,3
8274,2025-04-06 06:05:04,5268.05,3,7,10
8275,2024-02-14 20:19:36,3629.27,5,19,2
8276,2023-06-14 06:47:18,3424.16,2,21,4
8277,2024-03-23 19:47:26,2256.36,5,14,2
8278,2023-08-25 20:57:24,7299.44,5,24,2
8279,2024-08-02 04:45:31,8378.07,5,19,2
8280,2024-03-16 16:58:37,4770.25,2,11,3
8281,2025-03-03 21:38:08,2924.32,2,16,2
8282,2024-10-25 22:51:39,10951.31,2,11,2
8283,2024-01-12 22:36:48,18173.06,1,10,13
8284,2024-11-27 11:17:37,8060.36,1,15,2
8285,2024-05-24 23:08:25,4807.64,4,8,2
8286,2023-09-09 10:46:06,4557.90,4,3,2
8287,2024-08-01 18:17:43,7829.91,4,8,2
8288,2024-07-31 14:00:30,4374.20,4,23,5
8289,2023-12-06 05:50:56,9755.59,4,13,2
8290,2023-10-15 21:59:32,6883.32,5,14,5
8291,2025-05-07 12:00:58,15833.93,5,24,4
8292,2024-06-07 02:31:29,8349.67,1,25,2
8293,2024-08-27 01:53:30,7297.60,1,25,2
8294,2023-07-10 04:14:01,335.18,3,17,2
8295,2024-05-07 21:08:57,13527.54,5,19,3
8296,2025-02-18 12:57:53,13379.87,2,21,4
8297,2023-11-17 00:19:29,6515.16,2,6,3
8298,2024-01-17 08:03:27,12527.04,5,14,2
8299,2025-02-10 23:16:46,8696.70,4,18,19
8300,2023-07-08 18:18:58,5237.57,1,25,11
8301,2023-10-23 12:35:08,6327.50,4,18,2
8302,2025-04-07 17:39:49,8217.90,2,21,3
8303,2024-08-10 08:54:25,11398.11,5,4,3
8304,2024-10-05 11:29:31,13820.36,4,23,2
8305,2024-02-11 03:11:59,6599.48,1,15,3
8306,2024-05-28 09:24:48,5082.67,3,22,2
8307,2023-07-24 14:57:40,5905.01,3,17,2
8308,2024-10-13 08:39:09,8717.15,2,6,3
8309,2024-05-14 07:46:16,4880.88,1,5,4
8310,2024-07-20 19:39:08,9957.15,2,6,2
8311,2023-07-23 15:57:36,10440.97,5,24,2
8312,2023-07-10 18:28:47,8723.59,3,12,6
8313,2024-03-13 06:12:35,12552.90,4,13,2
8314,2024-12-08 13:23:25,4805.86,4,13,2
8315,2025-03-30 00:02:10,4021.82,1,25,5
8316,2024-06-26 12:37:48,18207.11,1,10,6
8317,2025-03-08 23:59:09,1182.64,5,14,2
8318,2024-12-12 00:29:26,4638.90,4,18,3
8319,2025-01-31 19:58:31,5111.51,1,20,14
8320,2024-08-15 13:44:59,13465.54,5,4,2
8321,2024-05-05 01:57:52,2584.44,2,6,2
8322,2024-01-19 18:12:30,17664.34,3,22,2
8323,2025-03-24 14:37:27,4018.18,5,9,2
8324,2025-03-10 04:08:17,12087.05,4,18,2
8325,2023-12-05 04:45:01,11610.37,5,4,2
8326,2023-11-30 04:40:24,8147.22,5,19,2
8327,2025-02-26 13:00:19,1753.98,2,1,2
8328,2023-11-28 21:55:40,9143.73,1,20,2
8329,2024-01-04 00:17:51,14349.58,5,19,90
8330,2024-05-16 11:48:32,16034.60,5,19,2
8331,2024-05-17 09:59:10,5535.95,4,23,2
8332,2023-11-13 09:25:09,2015.74,1,10,8
8333,2024-06-26 15:36:48,19019.65,3,2,2
8334,2024-06-07 15:54:32,12127.83,3,12,2
8335,2023-08-02 15:55:53,14145.05,3,2,2
8336,2023-07-16 00:25:59,3236.68,3,2,4
8337,2023-11-05 01:19:42,8491.21,1,5,2
8338,2024-09-08 19:40:16,6948.80,3,12,3
8339,2024-11-16 02:34:54,8111.14,1,20,2
8340,2023-12-31 04:30:54,14690.44,1,5,3
8341,2024-04-06 17:12:46,5058.39,3,12,2
8342,2023-08-24 19:34:32,3574.40,5,4,2
8343,2024-03-25 07:30:00,14503.31,3,7,8
8344,2024-06-19 14:36:29,6087.89,3,17,3
8345,2023-07-17 07:59:27,6781.78,1,25,2
8346,2024-11-20 09:02:43,11102.13,1,15,2
8347,2024-05-18 15:16:40,13512.46,2,1,6
8348,2025-04-27 00:58:13,14275.45,1,25,5
8349,2024-07-24 12:03:36,7956.75,2,21,2
8350,2023-07-16 02:55:45,11613.98,3,17,3
8351,2023-10-14 17:33:50,6023.02,3,2,2
8352,2024-05-08 11:59:59,15044.60,1,20,4
8353,2025-02-18 21:11:03,12832.82,4,18,2
8354,2024-01-01 12:38:05,4951.77,1,20,2
8355,2023-07-28 23:58:58,12263.83,5,14,7
8356,2023-08-03 09:26:37,1925.56,3,7,2
8357,2025-02-20 04:48:25,10271.27,2,1,3
8358,2025-03-17 20:23:20,8687.19,4,3,3
8359,2023-10-31 20:47:08,1507.27,5,9,6
8360,2025-01-08 12:23:41,14255.65,5,4,7
8361,2024-12-01 18:42:55,14123.13,2,6,6
8362,2024-03-26 12:43:58,11666.31,3,2,2
8363,2023-12-15 04:12:04,4930.66,1,10,2
8364,2025-01-03 00:24:23,8850.01,5,4,3
8365,2025-04-30 16:52:26,13210.59,1,10,2
8366,2024-04-21 13:34:51,14434.31,5,24,3
8367,2025-01-10 21:28:58,13527.44,1,5,2
8368,2024-08-27 06:30:26,6628.31,2,1,2
8369,2024-01-22 09:12:46,507.90,1,10,5
8370,2025-03-31 17:39:52,9974.21,2,11,2
8371,2023-10-22 15:42:36,18456.13,5,19,7
8372,2025-04-22 02:07:35,14115.15,1,15,2
8373,2023-12-02 20:12:06,6506.18,1,25,3
8374,2025-04-09 19:08:43,10990.97,5,9,2
8375,2025-03-08 05:24:02,15800.08,1,25,10
8376,2024-11-23 18:55:54,1763.64,4,23,2
8377,2024-02-12 03:02:08,13581.48,2,6,2
8378,2024-01-03 14:41:53,13252.09,3,12,4
8379,2023-12-24 01:04:44,12483.57,2,21,7
8380,2025-03-25 14:14:35,9684.44,2,21,7
8381,2023-07-20 22:26:34,18235.55,1,20,3
8382,2025-03-21 00:09:28,6750.22,3,17,3
8383,2023-12-16 02:50:01,13756.35,1,10,2
8384,2023-06-21 19:50:03,5034.14,3,7,2
8385,2024-05-25 08:14:40,17482.36,4,23,2
8386,2024-02-21 23:43:27,16091.68,5,9,2
8387,2024-04-24 17:04:47,8198.50,5,4,2
8388,2024-06-08 19:43:27,454.18,5,4,3
8389,2024-06-06 06:32:32,12200.87,2,16,2
8390,2025-04-20 12:08:20,4651.88,3,2,2
8391,2024-08-25 12:45:48,18816.66,2,6,2
8392,2025-03-06 10:51:51,9636.42,5,9,3
8393,2023-11-14 15:56:20,5500.01,5,9,2
8394,2023-06-10 02:23:18,2422.84,3,17,5
8395,2025-03-07 12:04:38,7653.28,4,3,6
8396,2023-08-27 13:00:17,1131.74,5,24,5
8397,2024-09-19 04:48:53,7564.05,5,4,54
8398,2023-10-20 11:10:36,15645.69,5,14,2
8399,2025-02-13 04:45:06,9397.72,3,2,8
8400,2024-08-10 10:14:56,6265.44,3,17,2
8401,2024-03-19 14:40:37,5918.07,2,1,2
8402,2024-08-17 06:09:38,15001.16,5,4,2
8403,2024-04-18 17:04:57,14062.52,3,22,2
8404,2024-04-06 10:44:49,7249.72,5,14,2
8405,2023-06-27 06:09:55,17653.76,3,7,61
8406,2023-07-22 04:30:29,12961.22,2,16,2
8407,2024-02-29 23:12:24,15008.55,3,7,2
8408,2023-11-01 21:41:10,13664.76,3,2,16
8409,2024-11-29 17:10:59,9881.26,5,19,2
8410,2023-09-25 13:16:03,13503.08,4,18,2
8411,2024-08-07 02:13:38,8965.24,3,12,5
8412,2023-06-11 00:13:40,3488.25,5,24,2
8413,2024-01-17 01:05:50,5681.40,5,19,2
8414,2024-03-31 16:12:56,9727.61,1,20,3
8415,2023-06-14 14:50:57,17557.27,1,15,2
8416,2025-02-18 08:13:08,19110.27,2,1,3
8417,2023-07-12 16:21:32,3553.87,4,3,13
8418,2024-09-22 08:50:51,10256.44,3,7,2
8419,2025-05-13 03:45:42,12030.52,1,5,2
8420,2024-04-01 21:24:39,3008.48,2,21,2
8421,2024-08-19 09:29:30,9701.41,4,23,2
8422,2023-11-19 07:42:43,12559.44,5,4,4
8423,2024-06-16 11:21:01,8373.84,2,16,2
8424,2023-12-29 05:00:20,16502.70,2,11,4
8425,2023-10-25 03:25:12,13139.27,5,19,2
8426,2024-11-11 00:18:54,2499.27,3,22,3
8427,2024-04-29 12:47:21,18161.69,5,9,3
8428,2024-05-27 07:23:53,10858.00,5,24,10
8429,2025-02-09 04:08:35,9771.71,4,8,2
8430,2023-11-12 03:53:16,15302.30,3,2,3
8431,2023-10-19 07:06:27,3445.91,3,2,14
8432,2025-02-08 12:33:51,11148.82,5,9,3
8433,2024-10-09 22:21:17,7662.91,4,13,2
8434,2023-10-24 04:34:47,1823.02,4,23,12
8435,2024-01-20 03:28:39,12231.78,2,1,2
8436,2025-04-27 14:40:32,19112.82,5,14,3
8437,2024-11-14 13:06:40,11035.62,4,8,2
8438,2023-07-28 20:54:25,13345.88,5,9,2
8439,2024-01-22 18:51:19,7884.73,2,11,2
8440,2025-03-24 22:43:19,12481.48,1,15,2
8441,2023-11-15 09:03:25,4538.62,5,4,2
8442,2023-07-02 06:15:57,11167.61,2,6,2
8443,2024-09-30 16:22:48,1275.02,3,7,3
8444,2024-04-06 03:40:40,15318.33,4,23,3
8445,2024-08-11 01:32:05,21056.65,2,6,2
8446,2024-03-08 06:05:31,457.14,3,2,2
8447,2023-09-28 13:58:10,10866.64,4,18,3
8448,2025-04-04 18:24:25,19324.79,4,23,2
8449,2025-03-02 19:20:52,8958.72,1,5,50
8450,2025-01-05 08:11:03,13787.14,5,24,2
8451,2024-01-10 10:04:23,16427.85,5,14,2
8452,2024-11-24 19:35:03,7560.58,2,6,2
8453,2025-05-05 04:15:14,6654.90,5,19,2
8454,2023-10-22 23:18:11,1428.76,1,15,2
8455,2023-12-01 12:05:39,13754.79,4,18,3
8456,2023-06-16 10:28:45,4731.75,4,18,2
8457,2025-04-01 01:09:14,3217.39,5,4,7
8458,2024-08-28 09:48:49,15679.51,5,24,8
8459,2023-12-09 16:35:38,5510.99,5,14,7
8460,2023-07-01 15:17:48,2572.94,1,5,2
8461,2024-07-29 00:19:58,6159.19,4,18,5
8462,2023-10-18 10:25:44,5280.90,2,6,37
8463,2024-09-07 20:50:51,6003.84,3,7,2
8464,2023-08-14 01:48:11,3967.47,3,12,2
8465,2023-09-04 08:12:47,3025.96,5,4,3
8466,2024-04-29 10:03:14,9322.34,2,16,2
8467,2024-08-31 18:36:50,9530.43,5,14,2
8468,2023-09-24 23:31:44,1780.75,1,10,2
8469,2024-03-23 16:04:30,9474.30,4,8,3
8470,2025-05-20 16:31:16,6024.26,4,3,2
8471,2023-08-20 13:48:45,14226.44,4,18,2
8472,2024-01-02 06:24:36,60.75,4,8,3
8473,2025-04-12 17:38:24,4440.27,5,19,2
8474,2024-09-16 09:46:14,9044.63,5,24,33
8475,2024-03-05 14:32:00,13661.31,2,21,2
8476,2025-04-22 14:59:34,18038.68,2,16,2
8477,2024-03-13 20:19:34,10961.30,1,10,6
8478,2025-01-04 11:00:49,1889.41,5,19,16
8479,2023-07-25 04:13:40,2355.70,2,1,2
8480,2024-02-29 19:29:13,4950.52,1,5,2
8481,2023-09-07 07:49:11,14621.67,3,17,2
8482,2024-09-28 21:23:31,21659.91,1,20,2
8483,2024-02-22 11:01:42,3966.78,5,9,2
8484,2024-09-24 01:21:13,6656.85,4,18,3
8485,2025-02-09 01:05:17,3458.80,3,22,29
8486,2025-04-21 05:06:37,2275.18,4,3,5
8487,2023-10-12 20:43:12,13597.77,1,25,3
8488,2024-09-11 08:49:20,834.20,1,20,2
8489,2024-08-27 10:21:31,10477.06,5,24,2
8490,2023-10-22 09:34:06,4251.20,3,17,2
8491,2025-03-05 09:02:35,9877.58,4,23,2
8492,2025-03-14 01:29:54,2934.77,1,10,2
8493,2024-02-14 09:43:13,4514.43,1,5,3
8494,2024-12-30 00:42:23,15455.47,1,5,4
8495,2024-11-30 12:20:01,12048.12,5,9,2
8496,2024-05-08 13:19:30,22123.49,2,1,4
8497,2023-11-22 02:17:30,7579.34,4,8,2
8498,2024-08-30 08:05:48,17585.85,1,15,2
8499,2024-12-24 02:14:39,18781.60,2,11,6
8500,2025-01-14 19:56:36,6760.72,4,8,2
8501,2024-05-22 21:05:18,11871.54,4,3,2
8502,2024-01-18 10:00:29,8310.75,2,1,2
8503,2024-07-05 12:15:28,19356.45,2,1,8
8504,2023-09-22 22:53:05,15827.04,5,4,2
8505,2024-08-25 09:09:27,8332.56,4,8,2
8506,2024-09-21 21:06:57,1158.94,5,9,2
8507,2024-08-14 10:09:31,4607.20,2,21,7
8508,2023-11-21 16:02:28,511.98,2,1,2
8509,2023-06-02 00:47:23,3648.29,5,19,2
8510,2024-01-27 01:49:20,18762.38,5,19,2
8511,2024-12-29 00:41:38,21130.11,1,10,2
8512,2023-06-03 22:50:44,9240.73,3,22,2
8513,2024-07-23 12:46:49,1125.92,2,11,2
8514,2025-05-17 23:17:47,15906.91,5,9,2
8515,2024-03-11 12:05:45,8028.60,4,13,3
8516,2023-07-26 01:02:25,4905.26,5,9,2
8517,2025-03-26 18:36:13,7096.23,5,4,2
8518,2023-11-01 03:38:34,6037.11,5,14,35
8519,2025-01-05 20:39:34,11078.70,3,22,8
8520,2024-01-06 14:00:20,7524.52,2,16,2
8521,2023-09-28 13:47:19,4894.38,1,20,2
8522,2025-01-16 15:13:16,9701.99,4,3,2
8523,2024-10-05 05:09:19,1929.08,4,13,2
8524,2025-02-02 14:58:41,12826.59,2,16,2
8525,2023-11-14 01:57:55,232.80,2,11,3
8526,2024-05-08 04:51:43,4532.23,2,1,2
8527,2024-10-05 09:14:14,886.02,2,16,2
8528,2024-08-22 13:05:27,10232.76,3,12,2
8529,2024-10-26 14:09:07,6745.46,4,23,4
8530,2025-02-02 13:09:26,3598.23,4,13,2
8531,2025-04-28 22:48:49,9043.44,5,9,9
8532,2024-03-04 01:59:11,7399.86,5,19,3
8533,2023-11-04 18:19:02,920.95,2,16,2
8534,2024-08-30 19:18:42,5443.92,2,11,3
8535,2024-01-27 07:33:25,2635.86,5,19,7
8536,2023-10-03 12:58:27,10682.77,4,8,2
8537,2025-04-19 11:53:17,3828.75,3,2,2
8538,2024-05-29 15:40:32,15868.00,1,25,2
8539,2023-08-01 11:54:45,7202.34,1,15,2
8540,2024-08-06 10:46:09,12048.58,4,13,2
8541,2023-05-28 22:08:07,8582.38,5,14,3
8542,2023-10-10 09:11:44,879.33,1,20,6
8543,2023-08-15 02:21:56,19155.25,4,18,2
8544,2024-10-27 07:37:16,10423.75,3,17,4
8545,2024-09-30 10:52:57,10180.74,2,16,2
8546,2023-07-30 20:04:33,7752.89,4,23,9
8547,2023-10-02 14:37:47,797.30,3,2,2
8548,2024-06-19 11:55:00,13446.43,2,11,5
8549,2024-03-21 23:39:08,1267.26,1,10,3
8550,2024-07-31 02:16:36,7590.51,1,10,2
8551,2025-04-25 05:50:33,3134.96,2,16,2
8552,2024-12-24 15:38:29,11586.69,1,20,2
8553,2024-04-08 19:30:42,4926.49,2,21,6
8554,2025-01-15 21:38:29,10377.01,1,15,7
8555,2025-02-12 04:08:50,11832.70,5,9,24
8556,2023-10-26 08:35:26,10583.93,5,24,2
8557,2023-11-27 23:47:48,4734.79,3,7,5
8558,2024-10-01 20:33:40,6807.38,1,15,66
8559,2024-01-03 00:16:20,15005.89,1,25,21
8560,2025-04-24 11:47:22,15305.73,4,3,2
8561,2024-06-17 16:55:22,17538.61,3,7,2
8562,2023-09-23 15:24:53,5557.70,5,14,2
8563,2024-05-21 02:54:05,6247.35,4,13,2
8564,2024-02-08 13:14:49,6110.76,3,2,2
8565,2024-04-04 20:33:02,2694.27,5,9,2
8566,2025-03-31 03:04:24,15891.79,4,13,2
8567,2023-10-20 08:06:04,11508.81,1,25,3
8568,2024-03-31 18:18:57,12551.30,1,5,2
8569,2023-12-25 08:12:39,8016.92,3,17,2
8570,2024-08-22 22:58:50,6338.40,4,3,2
8571,2025-03-16 07:25:06,51.86,1,5,3
8572,2024-12-24 18:41:31,12445.58,2,11,2
8573,2024-08-05 01:46:00,4578.92,2,16,3
8574,2024-03-23 10:54:46,5732.62,2,6,2
8575,2023-12-12 19:27:30,10284.75,1,25,10
8576,2025-01-02 23:56:12,7570.32,2,1,2
8577,2023-12-06 21:15:29,7288.40,2,11,4
8578,2025-04-29 01:12:18,12394.27,1,10,2
8579,2023-12-09 05:34:40,3500.51,2,16,2
8580,2024-08-29 19:08:58,19408.29,5,24,3
8581,2025-04-02 18:29:33,13928.16,4,8,16
8582,2024-07-22 23:59:18,2176.82,5,24,4
8583,2023-11-02 04:59:05,17407.78,3,7,2
8584,2023-07-27 21:01:03,12250.74,1,10,3
8585,2024-07-06 14:49:32,5476.73,5,9,2
8586,2025-05-21 14:43:31,25384.80,1,5,2
8587,2025-05-07 05:48:31,9746.42,1,10,2
8588,2023-11-20 09:44:35,6010.18,3,22,2
8589,2025-05-04 00:17:36,14304.40,2,21,2
8590,2024-11-14 10:36:32,6933.77,4,13,2
8591,2025-02-01 00:50:54,12824.51,5,9,14
8592,2025-01-11 14:45:05,3542.32,2,11,8
8593,2025-04-08 21:01:30,213.46,4,3,3
8594,2025-01-22 16:18:07,982.06,5,14,31
8595,2025-02-20 20:30:48,1912.53,3,7,9
8596,2024-03-31 07:14:22,7741.89,3,22,2
8597,2025-02-18 04:01:44,9655.64,1,10,2
8598,2024-08-27 03:20:04,6512.01,4,23,5
8599,2024-02-29 07:58:57,7806.69,5,14,2
8600,2024-10-17 21:51:23,2822.39,2,11,2
8601,2024-09-09 20:28:41,6809.46,2,21,6
8602,2024-06-06 09:17:48,7280.14,1,20,3
8603,2024-08-15 16:34:03,10684.51,5,19,2
8604,2024-11-13 13:04:36,10351.45,1,10,2
8605,2025-01-14 05:30:55,9890.49,4,8,13
8606,2025-05-07 05:37:01,9859.92,1,25,3
8607,2023-11-17 10:15:20,7698.86,2,16,2
8608,2023-06-23 18:00:51,12178.93,4,23,2
8609,2024-08-14 08:55:09,862.58,5,24,2
8610,2024-12-06 20:14:29,12923.76,5,19,8
8611,2025-03-31 09:10:34,4521.56,4,13,3
8612,2024-04-03 04:14:19,7511.35,3,2,2
8613,2023-06-10 15:36:55,18636.77,3,12,2
8614,2024-09-10 14:24:25,1316.87,1,5,15
8615,2025-02-16 15:45:11,19915.70,4,8,17
8616,2024-11-13 16:45:54,7471.57,5,19,2
8617,2024-03-13 18:46:39,11773.25,1,10,5
8618,2024-08-04 01:06:49,1897.02,5,9,9
8619,2024-06-09 03:19:09,19068.26,5,14,13
8620,2023-12-07 06:13:05,19701.04,4,3,9
8621,2023-10-10 07:05:12,14426.07,4,3,2
8622,2024-01-17 17:47:09,3514.52,5,14,2
8623,2023-06-09 09:02:55,13090.89,3,2,6
8624,2024-11-27 18:31:18,1992.57,5,14,2
8625,2023-10-21 12:33:00,10137.51,2,11,6
8626,2024-02-01 12:22:02,15193.85,4,23,3
8627,2023-08-10 02:30:35,12792.45,4,23,2
8628,2024-02-02 01:32:53,7384.89,4,18,4
8629,2023-11-06 14:49:55,9094.63,3,7,2
8630,2023-08-06 04:26:19,7911.87,5,14,3
8631,2024-06-20 09:21:00,10858.09,1,10,2
8632,2025-04-07 12:05:48,13654.16,2,1,2
8633,2024-06-03 05:23:51,7813.88,2,1,2
8634,2024-08-27 01:20:02,5786.85,3,7,3
8635,2025-05-07 10:57:55,19643.15,5,4,3
8636,2023-06-22 12:45:05,14879.89,1,15,2
8637,2024-05-08 02:04:43,661.45,3,2,2
8638,2025-05-05 07:25:46,14436.67,2,6,2
8639,2025-03-19 18:40:19,14209.55,2,21,4
8640,2024-04-10 08:19:15,4201.11,1,10,144
8641,2023-06-02 20:44:46,8573.56,5,4,2
8642,2024-12-11 22:58:32,12821.68,3,7,2
8643,2024-09-27 02:30:04,14489.50,4,18,7
8644,2023-07-21 19:12:27,10897.41,2,6,19
8645,2025-01-16 02:55:30,3724.54,4,13,14
8646,2023-12-23 22:04:25,5698.82,5,19,4
8647,2024-03-10 12:03:58,670.63,3,2,3
8648,2025-04-05 04:59:06,1083.08,1,25,2
8649,2024-01-20 20:26:21,6054.37,4,18,2
8650,2025-04-16 13:15:35,2115.23,2,21,2
8651,2024-10-15 17:19:32,9790.72,2,21,2
8652,2025-01-06 09:42:31,12256.61,3,22,2
8653,2023-09-17 13:29:36,4028.52,3,2,12
8654,2025-01-28 09:04:39,6250.32,4,8,6
8655,2024-05-15 13:16:08,5386.32,4,8,4
8656,2024-07-13 19:09:53,8126.39,5,19,4
8657,2023-09-02 00:29:06,16979.41,3,2,5
8658,2025-01-05 08:44:58,1994.68,5,9,2
8659,2023-11-30 13:20:09,16893.92,4,3,6
8660,2023-10-25 20:56:33,13811.64,2,1,2
8661,2024-07-29 12:35:02,6259.18,4,3,5
8662,2023-07-07 02:53:19,12763.86,3,12,5
8663,2024-11-10 04:34:46,6651.67,3,2,2
8664,2024-01-09 16:41:30,4273.47,3,7,19
8665,2025-01-28 18:34:40,11198.53,2,11,2
8666,2024-08-01 16:19:17,16187.94,3,17,3
8667,2024-01-01 21:13:48,8854.67,3,7,6
8668,2023-09-02 23:58:53,15032.81,3,12,2
8669,2024-01-05 19:55:42,8696.24,4,13,3
8670,2024-03-17 17:47:36,3873.87,4,3,2
8671,2025-03-20 10:41:26,1530.42,5,4,2
8672,2025-02-19 04:38:48,5402.70,5,9,3
8673,2024-03-26 13:37:03,8015.68,2,21,2
8674,2023-10-06 13:40:39,15933.84,4,3,2
8675,2025-05-14 16:46:52,9310.88,5,9,2
8676,2025-03-09 18:17:43,20229.49,3,17,2
8677,2025-04-05 19:50:56,9658.01,1,10,2
8678,2023-09-10 10:03:16,6363.81,2,16,3
8679,2024-05-31 20:25:26,2166.16,3,17,5
8680,2024-04-07 21:41:26,2836.15,4,3,4
8681,2024-06-06 17:10:20,6984.92,4,18,2
8682,2023-09-11 08:34:07,15101.85,5,9,24
8683,2023-06-17 15:40:19,8831.87,3,17,3
8684,2023-11-11 11:43:20,3046.32,5,14,3
8685,2024-10-18 08:09:49,16983.50,3,7,3
8686,2023-09-05 17:34:32,6057.00,3,22,7
8687,2023-09-09 09:45:54,15282.39,5,4,2
8688,2024-03-17 13:33:57,15198.38,1,5,2
8689,2023-06-02 21:51:25,20969.59,3,2,3
8690,2023-11-01 22:52:54,3069.23,4,8,3
8691,2024-07-20 03:06:56,9293.81,1,25,2
8692,2023-07-18 15:13:39,10410.42,2,11,2
8693,2025-02-12 05:57:04,4203.08,5,19,2
8694,2023-11-28 09:08:17,12860.90,3,7,2
8695,2024-07-07 13:50:47,15244.98,2,11,2
8696,2024-04-14 02:17:09,18182.51,1,5,2
8697,2024-12-05 21:24:19,14604.96,1,25,2
8698,2024-09-25 13:49:01,9564.49,4,18,2
8699,2024-08-28 15:32:55,1990.34,5,4,2
8700,2024-01-27 01:00:37,1729.16,4,13,4
8701,2025-05-02 21:14:22,231.98,4,18,2
8702,2023-11-20 22:56:08,11092.50,1,5,12
8703,2024-06-15 11:06:03,1164.00,4,8,5
8704,2024-09-21 03:46:06,8227.77,2,16,2
8705,2023-12-11 19:56:40,14289.88,1,20,4
8706,2024-04-19 04:26:01,3370.56,2,1,2
8707,2024-04-24 11:01:45,14177.38,1,20,2
8708,2025-02-11 22:16:32,12026.61,3,17,3
8709,2025-02-18 00:57:20,8526.23,1,15,2
8710,2023-10-24 04:49:06,3170.68,2,1,12
8711,2025-04-12 19:57:06,14307.13,3,12,3
8712,2023-10-24 22:36:15,925.70,4,18,2
8713,2025-03-18 12:03:21,12326.20,4,18,2
8714,2024-05-17 19:55:30,9882.53,2,21,2
8715,2023-11-04 11:47:22,11919.14,1,20,2
8716,2023-08-20 03:51:49,11532.52,2,6,2
8717,2024-10-22 20:21:55,3932.69,3,12,2
8718,2023-07-21 06:24:52,6551.53,4,18,20
8719,2024-11-08 09:29:35,4379.89,3,12,2
8720,2023-11-21 14:58:13,13948.92,2,16,4
8721,2025-04-03 16:47:37,1422.03,5,14,2
8722,2024-11-06 00:38:25,6852.48,2,1,5
8723,2025-01-10 03:56:07,15045.19,4,3,2
8724,2023-07-03 13:29:29,13423.69,1,5,3
8725,2023-05-23 16:29:47,1781.62,1,10,2
8726,2023-07-23 09:53:11,157.08,3,22,39
8727,2023-12-17 17:07:28,7120.02,4,18,2
8728,2025-05-07 23:35:52,16228.56,4,8,3
8729,2025-04-20 10:13:33,9527.57,1,10,315
8730,2024-10-01 02:30:11,258.40,1,25,2
8731,2025-01-31 12:05:49,2919.00,2,6,4
8732,2023-06-22 16:44:07,3369.84,2,1,3
8733,2023-11-13 06:40:51,6712.85,5,19,2
8734,2023-09-02 08:03:42,14283.97,5,24,2
8735,2024-03-16 04:50:09,18534.90,3,7,2
8736,2023-12-08 12:57:57,3267.76,2,6,2
8737,2025-01-07 17:29:54,10812.72,4,23,2
8738,2025-04-14 08:42:45,8285.27,3,12,2
8739,2023-06-02 21:43:29,3247.10,2,11,2
8740,2025-04-15 01:36:29,9970.60,3,7,3
8741,2024-09-13 01:41:16,11166.29,3,2,2
8742,2024-10-06 15:12:26,11671.90,4,3,2
8743,2025-01-08 15:30:00,9982.40,5,9,2
8744,2023-07-15 12:11:02,12532.88,1,5,6
8745,2024-05-28 18:14:08,18077.07,2,11,4
8746,2023-06-12 18:01:06,21269.95,2,16,2
8747,2023-08-16 09:54:29,12342.92,4,8,2
8748,2024-11-13 13:20:14,1739.49,1,20,2
8749,2024-12-30 10:38:38,6220.48,3,12,2
8750,2023-09-29 21:21:57,14654.70,1,10,3
8751,2024-06-07 02:02:11,3968.97,2,6,2
8752,2024-03-14 02:01:00,8661.73,4,8,2
8753,2023-11-03 15:20:26,6236.33,3,2,2
8754,2024-09-12 15:41:35,12921.59,4,3,2
8755,2023-08-30 06:57:02,4499.71,1,20,2
8756,2025-01-20 23:34:36,7988.77,4,23,4
8757,2023-12-09 14:47:56,16592.42,5,24,4
8758,2023-11-16 16:38:14,2794.34,4,8,2
8759,2024-04-25 08:12:13,1583.08,4,18,7
8760,2023-07-15 03:07:39,12569.59,4,13,2
8761,2023-12-31 16:59:41,4437.16,2,16,2
8762,2025-02-24 02:29:47,8018.63,1,25,17
8763,2023-09-03 23:05:47,9754.20,4,23,2
8764,2024-11-09 14:27:16,1267.26,5,4,5
8765,2024-09-16 11:13:07,1462.16,5,9,2
8766,2024-02-11 23:10:07,12896.48,1,20,2
8767,2024-08-17 10:56:19,10745.09,3,2,2
8768,2023-12-28 12:19:56,1758.66,2,6,2
8769,2023-07-14 16:58:04,12178.70,4,8,2
8770,2023-12-02 04:47:37,3221.59,1,25,2
8771,2023-12-30 00:22:04,7372.07,2,1,2
8772,2024-02-10 19:59:08,4171.73,2,21,3
8773,2024-06-16 18:07:23,14332.77,5,19,3
8774,2025-02-22 02:31:47,4594.50,1,10,3
8775,2025-02-25 11:53:24,7003.39,4,18,2
8776,2025-01-03 16:04:19,1977.68,4,3,2
8777,2023-11-20 17:39:11,10930.17,3,7,2
8778,2024-12-01 12:39:34,2653.20,4,13,4
8779,2023-06-28 17:59:33,16027.84,3,2,2
8780,2025-01-24 11:42:47,3954.47,3,2,24
8781,2023-06-28 01:41:14,18040.34,1,5,2
8782,2024-02-13 22:10:49,13612.45,4,8,6
8783,2023-11-06 09:20:02,6480.33,4,8,2
8784,2024-04-24 19:20:28,17564.94,3,2,2
8785,2023-08-13 04:55:42,8265.20,2,11,2
8786,2024-06-23 19:01:05,11215.87,1,5,2
8787,2024-09-26 04:58:48,6296.39,4,13,2
8788,2024-07-06 21:13:11,15497.52,5,14,5
8789,2024-04-13 19:38:41,7146.16,1,25,2
8790,2023-10-03 02:47:10,11507.63,5,9,2
8791,2024-09-25 18:16:18,514.36,3,17,4
8792,2023-09-26 12:30:20,13774.01,2,6,2
8793,2024-09-23 10:14:51,1725.16,4,18,2
8794,2024-01-31 06:00:04,7443.64,4,3,3
8795,2023-08-19 04:37:47,12927.87,1,10,4
8796,2023-06-13 05:48:51,36.45,4,18,2
8797,2025-02-22 03:55:12,9966.26,3,17,2
8798,2025-01-03 06:33:40,8377.32,5,14,3
8799,2025-01-09 12:22:23,5772.51,2,16,2
8800,2024-07-17 11:38:52,2789.25,5,24,7
8801,2023-07-20 04:27:51,4910.71,5,4,2
8802,2024-09-18 08:51:23,9020.60,1,15,17
8803,2024-08-01 01:52:52,6789.58,1,25,2
8804,2023-12-23 03:05:06,18837.58,4,13,4
8805,2024-06-27 02:09:07,13156.20,3,12,2
8806,2023-07-08 17:10:26,7430.36,2,11,3
8807,2025-01-21 20:34:10,9474.02,4,13,2
8808,2024-08-07 03:59:06,2450.82,1,25,2
8809,2024-08-11 09:03:58,9637.75,3,12,4
8810,2025-04-18 01:51:54,3026.18,1,20,2
8811,2024-12-15 18:31:08,146.48,1,10,3
8812,2024-07-09 19:04:00,3083.33,1,15,2
8813,2023-10-01 05:15:44,8904.76,2,16,2
8814,2025-05-18 16:49:23,21520.43,5,24,2
8815,2025-05-18 10:06:50,9744.66,3,22,3
8816,2025-01-05 21:27:34,5924.43,1,15,7
8817,2023-08-18 08:40:04,13101.75,4,23,3
8818,2023-11-21 06:28:12,5930.87,2,16,4
8819,2025-04-24 13:51:19,19058.12,1,20,6
8820,2023-10-14 11:44:28,8940.14,4,18,3
8821,2023-07-04 06:32:42,11430.70,4,23,3
8822,2024-05-30 07:14:13,1699.01,4,3,2
8823,2025-04-23 01:51:31,1609.60,5,9,2
8824,2024-09-26 20:39:59,4684.03,5,19,16
8825,2024-05-15 19:36:42,6411.22,3,22,11
8826,2024-04-17 20:05:44,17008.43,5,24,2
8827,2024-06-09 15:36:57,13741.65,3,7,2
8828,2025-02-01 08:51:21,5253.14,4,23,2
8829,2025-05-17 07:09:56,5777.74,2,16,5
8830,2023-12-11 00:48:49,7382.84,5,4,2
8831,2024-10-21 17:49:50,11722.55,2,21,2
8832,2024-03-12 14:35:00,13704.64,2,16,2
8833,2025-04-03 14:38:41,2959.70,4,23,3
8834,2025-01-31 08:05:08,21011.81,1,5,2
8835,2024-04-19 21:25:56,8900.12,3,17,2
8836,2024-04-25 09:20:36,5243.06,5,24,2
8837,2023-12-25 10:04:08,5860.21,5,9,2
8838,2023-12-02 19:19:41,2675.70,3,2,4
8839,2025-05-02 13:00:01,14622.22,4,8,2
8840,2024-04-24 06:08:24,5866.88,5,9,11
8841,2024-11-09 14:38:15,11088.73,2,21,8
8842,2023-10-02 06:44:44,6829.71,3,12,2
8843,2023-11-03 14:10:12,2635.42,4,13,4
8844,2024-12-06 20:46:29,4963.62,5,19,2
8845,2025-05-15 11:42:26,5529.89,3,7,3
8846,2024-10-06 01:34:52,1374.60,4,8,4
8847,2024-12-10 01:51:18,1928.44,1,15,5
8848,2023-06-09 08:49:30,5242.50,4,23,2
8849,2025-02-20 22:46:00,4991.59,2,21,2
8850,2025-02-24 12:08:36,6812.13,5,19,4
8851,2024-06-25 09:09:54,11117.14,2,16,2
8852,2024-06-19 12:10:17,10509.66,3,17,3
8853,2023-07-10 23:37:21,2857.52,1,20,2
8854,2024-02-12 22:04:25,15265.73,3,22,2
8855,2023-05-31 22:29:17,12411.98,3,22,2
8856,2024-03-24 12:17:52,19056.81,3,2,2
8857,2024-09-14 20:26:46,8969.57,2,6,3
8858,2023-07-29 17:32:13,7820.26,1,10,4
8859,2024-03-28 08:03:10,5235.54,5,14,2
8860,2023-08-28 21:57:31,10436.67,5,14,2
8861,2023-08-16 20:54:37,10234.61,3,17,2
8862,2024-04-19 14:32:22,4277.82,4,8,6
8863,2025-01-05 15:18:43,1127.52,2,16,6
8864,2023-05-23 09:54:15,2366.92,1,20,3
8865,2024-05-13 14:30:39,18005.72,1,20,2
8866,2024-09-29 18:22:27,7066.04,4,18,2
8867,2024-01-02 17:20:03,2690.09,3,2,3
8868,2024-07-30 22:37:38,13650.67,3,12,2
8869,2024-08-08 00:53:16,13003.41,2,6,2
8870,2023-08-23 04:13:05,4884.56,3,17,2
8871,2024-11-03 05:03:16,3989.36,3,7,2
8872,2025-01-16 20:59:43,1673.33,2,21,3
8873,2024-05-26 00:02:42,1863.04,1,10,2
8874,2024-09-30 23:35:52,7218.29,5,4,2
8875,2023-09-13 00:53:27,1641.96,5,24,2
8876,2023-05-24 10:02:29,4566.67,2,21,2
8877,2023-11-20 02:22:24,18639.66,2,1,3
8878,2024-04-02 09:10:42,12593.51,5,19,2
8879,2024-03-09 22:21:53,6452.71,1,25,4
8880,2024-01-22 16:53:00,48.60,5,4,8
8881,2025-05-13 06:30:23,11105.18,1,5,3
8882,2024-04-01 02:10:36,13605.14,1,20,3
8883,2023-06-19 11:41:29,22509.84,3,7,3
8884,2024-01-24 04:02:00,5776.71,3,12,2
8885,2023-07-20 20:37:24,6650.29,1,10,2
8886,2024-05-28 00:11:31,426.36,5,4,7
8887,2024-02-14 12:39:53,12684.32,1,25,4
8888,2024-12-12 09:13:52,16486.13,5,19,2
8889,2024-08-22 08:25:37,11544.35,2,16,2
8890,2024-01-10 11:19:06,4239.42,4,23,3
8891,2024-10-29 06:32:05,5806.06,1,25,2
8892,2023-07-11 15:13:06,2211.83,3,12,2
8893,2025-04-15 02:54:19,3806.14,3,2,3
8894,2023-10-24 22:31:26,6392.56,3,22,2
8895,2025-04-05 16:11:16,9309.69,2,6,3
8896,2023-10-13 02:06:57,15229.44,1,10,2
8897,2024-04-05 09:36:20,5148.80,3,12,2
8898,2024-11-16 23:28:31,6558.34,3,17,3
8899,2024-05-17 20:20:58,4484.54,5,14,3
8900,2024-11-04 04:12:55,5105.53,5,24,3
8901,2023-10-21 06:31:53,5411.42,3,22,3
8902,2024-06-29 08:25:09,17352.68,5,19,4
8903,2025-01-20 18:38:06,15255.22,2,21,2
8904,2025-04-13 03:50:08,2168.45,2,6,2
8905,2024-07-14 17:36:17,14854.14,4,13,2
8906,2024-09-13 23:15:38,17005.68,5,24,2
8907,2024-04-13 18:39:13,3710.80,5,14,5
8908,2025-05-07 04:14:24,8029.03,1,5,2
8909,2025-01-31 07:04:40,12567.68,1,5,2
8910,2024-09-19 22:42:54,11237.41,4,13,2
8911,2024-01-09 13:41:05,14862.61,4,3,7
8912,2024-03-31 07:35:15,12120.81,4,8,3
8913,2024-08-05 12:13:37,1326.38,2,11,4
8914,2024-08-09 18:44:37,2042.18,4,23,2
8915,2024-05-17 08:42:49,7787.63,5,19,2
8916,2024-06-10 12:18:35,4177.81,3,12,9
8917,2024-05-24 03:24:34,7202.56,1,20,2
8918,2024-05-13 07:03:59,385.54,4,3,2
8919,2025-04-29 22:19:48,5978.27,1,15,7
8920,2025-04-10 06:20:42,5372.38,4,8,2
8921,2024-03-12 21:19:53,15439.98,2,6,3
8922,2023-08-19 16:49:53,8075.13,2,21,5
8923,2024-09-06 09:04:51,3923.72,5,9,2
8924,2024-04-04 14:58:28,18930.36,2,11,2
8925,2023-08-16 10:30:33,6002.40,4,18,2
8926,2023-07-13 09:23:08,11253.14,3,22,2
8927,2024-02-05 08:23:17,2112.10,2,1,2
8928,2024-07-23 12:18:10,9806.93,2,16,2
8929,2024-03-03 11:04:40,9036.30,3,2,4
8930,2024-11-19 05:04:31,3831.81,5,19,2
8931,2023-12-08 11:38:20,10043.24,4,3,2
8932,2024-11-24 12:35:54,9685.44,5,4,5
8933,2023-10-13 07:19:19,4340.00,5,9,3
8934,2024-09-15 16:37:07,16031.35,2,6,2
8935,2024-11-08 22:18:28,12688.91,1,15,2
8936,2024-01-11 17:23:50,11668.49,3,22,3
8937,2024-11-10 01:40:06,2804.82,5,14,2
8938,2023-10-15 16:49:10,6969.56,4,8,2
8939,2024-02-13 03:58:16,10721.05,3,17,2
8940,2023-06-30 16:16:06,4884.08,2,6,2
8941,2024-03-25 00:29:40,3426.62,1,5,12
8942,2024-06-09 13:57:05,15663.33,2,21,11
8943,2023-07-13 10:00:50,20305.72,1,5,2
8944,2024-04-26 17:01:20,15073.08,4,18,5
8945,2024-05-13 02:25:42,8542.02,2,6,7
8946,2024-07-13 07:24:55,751.36,5,19,5
8947,2024-12-19 15:59:15,11787.77,1,5,2
8948,2025-04-17 21:06:21,11192.34,4,13,2
8949,2023-10-26 09:49:08,4153.57,3,22,3
8950,2024-04-16 23:24:27,11828.97,5,24,2
8951,2024-09-11 07:39:02,9034.51,1,20,2
8952,2024-06-15 22:10:27,5822.26,1,10,4
8953,2023-10-24 07:30:34,15578.37,1,20,2
8954,2023-09-14 12:09:32,5462.61,1,20,3
8955,2025-05-14 07:11:27,10576.52,3,7,2
8956,2023-09-30 11:14:23,360.92,5,14,2
8957,2024-02-17 06:18:58,11047.95,4,23,2
8958,2024-07-09 11:28:01,10308.92,4,18,2
8959,2023-07-20 09:05:02,14965.33,4,3,2
8960,2025-02-12 05:26:34,12004.10,1,25,2
8961,2024-02-14 19:39:26,9906.79,1,25,2
8962,2024-05-14 15:08:57,3967.07,5,14,2
8963,2024-06-19 21:23:19,2045.64,2,11,5
8964,2025-05-15 22:32:56,3782.45,2,6,2
8965,2023-07-22 23:22:16,3392.01,3,22,2
8966,2025-03-15 12:31:32,5781.17,3,17,23
8967,2024-08-08 01:17:21,502.77,1,15,3
8968,2024-06-19 04:00:23,12763.88,1,15,2
8969,2023-09-02 05:07:44,5988.39,1,10,2
8970,2024-06-15 22:12:08,8929.10,1,5,4
8971,2024-10-23 01:37:26,4751.11,1,10,2
8972,2024-06-02 06:34:30,2862.15,5,4,2
8973,2025-05-01 00:59:25,8415.08,4,23,2
8974,2024-01-08 11:05:02,12350.48,4,13,4
8975,2023-07-25 16:26:00,6491.19,2,11,3
8976,2023-09-10 15:39:44,15658.73,5,14,4
8977,2025-03-20 03:04:00,9694.41,4,13,4
8978,2023-12-23 16:36:46,9815.45,5,9,2
8979,2023-10-12 10:22:14,3155.58,2,6,11
8980,2024-11-24 20:05:42,878.62,3,7,2
8981,2025-04-09 01:06:17,10137.94,4,18,4
8982,2024-11-30 12:23:43,8655.28,3,22,3
8983,2023-12-13 13:04:31,10224.03,2,1,2
8984,2025-02-12 21:18:00,1086.91,2,16,2
8985,2023-11-09 08:25:58,6519.60,2,16,2
8986,2024-05-29 07:09:08,6406.88,3,17,2
8987,2024-03-07 03:21:41,9350.60,1,10,2
8988,2024-08-16 11:50:44,4149.46,3,17,2
8989,2024-02-14 15:05:35,18036.24,5,24,3
8990,2024-04-27 11:59:00,7695.38,4,8,2
8991,2024-04-01 10:16:21,9889.88,3,2,2
8992,2023-06-30 07:49:02,6405.59,3,22,2
8993,2024-09-28 04:34:08,2995.08,5,24,2
8994,2025-02-18 14:56:19,13842.26,4,13,3
8995,2024-08-12 07:28:44,6116.68,3,17,4
8996,2023-10-10 00:24:09,5126.71,5,9,2
8997,2025-05-01 06:22:54,6960.99,1,25,2
8998,2024-06-19 11:01:41,9379.16,3,2,4
8999,2024-02-27 03:38:13,6969.83,1,25,2
9000,2023-05-30 14:47:02,4393.10,1,15,2
9001,2025-02-08 13:25:02,12659.56,5,14,2
9002,2024-03-04 21:07:59,20687.18,3,22,2
9003,2024-02-19 05:28:22,9728.24,5,4,2
9004,2023-06-15 03:56:59,2466.26,3,7,2
9005,2024-12-19 03:35:58,454.18,2,1,3
9006,2024-10-14 23:02:52,4981.17,4,13,2
9007,2024-07-02 23:14:24,6541.74,2,16,3
9008,2025-05-07 05:10:05,16638.50,5,24,3
9009,2023-07-23 18:11:02,202.84,1,25,3
9010,2023-09-13 22:02:35,6912.20,2,21,2
9011,2024-10-23 13:50:41,16354.96,4,18,3
9012,2023-09-12 20:42:55,1568.85,2,11,2
9013,2025-03-23 14:55:34,10403.45,2,11,2
9014,2024-06-21 02:27:44,16520.30,2,6,27
9015,2024-05-05 12:33:27,5721.39,1,20,3
9016,2025-05-21 00:58:39,2798.60,2,1,2
9017,2023-07-29 20:03:24,3843.30,3,22,3
9018,2023-12-09 16:26:32,7374.89,3,7,8
9019,2024-07-03 06:11:08,6814.07,1,20,21
9020,2025-04-29 04:56:56,9366.66,1,10,3
9021,2025-01-28 07:51:33,9221.90,2,11,2
9022,2024-11-13 09:15:24,1207.20,4,8,2
9023,2024-10-01 18:55:36,13797.63,3,2,3
9024,2023-10-10 18:53:12,425.64,5,9,8
9025,2025-03-15 16:01:14,457.14,3,12,4
9026,2025-01-24 07:55:28,500.52,4,13,2
9027,2024-05-28 09:44:06,10105.10,4,8,2
9028,2023-10-30 19:35:49,7643.89,2,1,3
9029,2025-04-28 17:20:06,15364.93,1,25,6
9030,2023-08-24 13:22:03,6274.10,5,4,4
9031,2024-12-02 11:00:20,2143.14,1,5,5
9032,2024-08-09 22:40:11,16306.54,2,1,2
9033,2024-12-05 21:27:16,15115.50,2,1,2
9034,2023-06-06 00:43:33,12327.53,3,7,4
9035,2023-11-05 11:12:21,11255.45,3,22,2
9036,2024-11-29 15:55:53,2820.95,4,3,2
9037,2024-12-04 06:37:56,8231.30,3,12,2
9038,2024-05-16 13:16:50,8354.11,2,16,5
9039,2024-01-01 05:50:35,2613.51,4,23,2
9040,2025-03-15 21:08:06,14806.98,1,15,2
9041,2023-12-24 22:19:50,7046.52,5,4,5
9042,2023-05-28 21:18:05,10054.75,5,14,4
9043,2025-04-09 22:43:49,4914.99,4,18,3
9044,2024-06-21 22:49:17,23342.30,4,8,3
9045,2024-06-15 08:04:40,8008.19,5,9,2
9046,2023-08-06 07:44:48,6443.83,1,25,2
9047,2025-01-02 20:57:51,9825.57,1,10,2
9048,2025-04-28 11:45:14,752.12,1,20,2
9049,2024-08-30 12:11:05,17545.11,4,8,2
9050,2023-06-26 03:40:04,10136.37,2,16,22
9051,2024-11-14 16:58:57,12662.99,5,19,2
9052,2025-02-03 13:51:54,18576.61,5,4,3
9053,2025-04-05 21:04:01,13762.45,5,4,2
9054,2025-03-14 23:23:06,4425.28,3,22,12
9055,2024-06-14 12:55:09,1787.49,2,1,2
9056,2023-06-21 05:10:29,3816.20,2,21,3
9057,2024-09-02 17:24:07,2818.62,1,25,2
9058,2023-06-28 13:00:47,1908.10,2,6,2
9059,2024-02-11 11:26:12,963.40,4,23,5
9060,2023-10-05 10:31:43,5133.68,2,1,5
9061,2023-09-07 03:39:08,12730.53,3,22,2
9062,2024-04-25 14:13:13,13662.63,4,8,3
9063,2023-08-28 16:15:56,8590.62,1,15,3
9064,2023-06-19 17:23:00,2613.51,4,3,2
9065,2024-09-21 14:38:24,5912.12,2,6,5
9066,2025-04-22 09:40:39,6055.42,5,19,26
9067,2024-10-20 12:20:43,1526.51,3,2,4
9068,2024-09-26 18:14:14,6277.69,1,15,2
9069,2025-02-19 03:38:34,13274.07,3,2,2
9070,2023-12-15 15:51:17,6679.69,4,23,3
9071,2024-02-28 04:43:53,816.94,5,9,2
9072,2024-06-21 09:35:19,8184.99,3,22,3
9073,2025-04-07 22:14:34,8805.65,2,6,2
9074,2023-07-24 11:47:54,7024.27,5,19,4
9075,2023-12-12 13:27:16,5149.84,1,10,4
9076,2023-05-23 23:07:26,5257.33,2,6,4
9077,2023-08-15 03:05:21,19343.84,1,5,2
9078,2024-01-16 00:33:12,15217.61,3,17,10
9079,2024-02-12 08:38:49,9309.24,2,16,6
9080,2024-05-24 10:52:30,4652.01,4,23,2
9081,2024-08-25 09:17:03,6323.30,5,19,3
9082,2024-07-17 07:54:26,12100.81,3,17,2
9083,2023-09-06 05:27:26,5701.80,1,5,2
9084,2024-06-19 23:46:48,12545.05,5,9,2
9085,2024-11-30 04:58:06,2708.40,3,22,2
9086,2024-12-22 23:24:20,9599.95,5,9,4
9087,2024-03-27 13:18:02,3323.45,5,4,13
9088,2025-04-13 05:55:45,10412.38,3,12,2
9089,2025-02-09 20:33:24,2503.72,4,13,2
9090,2024-07-07 12:41:19,8515.32,1,10,8
9091,2025-03-21 16:11:28,11973.72,5,19,2
9092,2024-08-01 16:04:18,16377.02,2,16,7
9093,2024-11-23 09:56:13,8813.78,5,14,3
9094,2023-08-04 07:39:50,16535.25,2,11,2
9095,2024-02-25 23:03:53,13352.62,3,2,2
9096,2025-03-17 07:03:17,7249.63,4,8,2
9097,2025-05-15 07:14:07,2664.74,5,9,2
9098,2023-06-10 17:55:14,4134.95,3,7,2
9099,2023-09-18 14:27:55,14268.77,4,18,3
9100,2025-01-06 11:20:52,5096.08,3,22,4
9101,2023-10-02 08:04:37,12558.91,1,15,2
9102,2025-03-09 10:38:22,2682.52,1,20,2
9103,2023-08-05 01:24:25,14401.75,3,12,2
9104,2025-02-22 11:30:23,9027.01,3,22,2
9105,2023-09-24 05:48:18,1020.28,1,15,3
9106,2025-02-10 02:13:31,11500.25,5,14,2
9107,2024-05-08 00:53:09,6481.13,1,10,2
9108,2023-11-11 08:11:48,6869.67,1,20,10
9109,2024-08-24 17:10:45,1624.62,4,8,7
9110,2023-12-14 23:08:59,5520.05,4,3,5
9111,2024-01-30 07:46:15,2410.30,2,21,2
9112,2024-05-12 02:14:15,12337.04,4,3,3
9113,2024-03-19 00:33:39,2234.51,1,10,7
9114,2024-07-06 17:41:08,8275.34,1,20,2
9115,2024-04-30 12:57:08,2985.51,2,21,2
9116,2025-01-19 00:08:15,5080.90,1,10,2
9117,2023-08-05 07:59:00,11558.50,4,13,3
9118,2024-04-01 20:22:28,7779.09,1,15,2
9119,2024-09-05 02:32:32,12275.98,2,16,36
9120,2023-07-25 12:51:33,11981.69,2,6,2
9121,2023-07-16 19:46:45,7844.47,2,11,5
9122,2024-01-25 20:53:46,3273.38,4,13,3
9123,2023-12-10 23:26:21,5793.59,3,12,26
9124,2023-07-25 23:54:49,7334.90,1,5,383
9125,2023-10-25 03:47:53,2676.48,3,7,4
9126,2024-08-29 09:10:42,8651.90,2,1,2
9127,2024-07-02 09:57:32,9984.19,5,14,2
9128,2025-03-02 13:53:33,162.37,3,7,2
9129,2023-06-01 08:43:32,3681.45,2,1,2
9130,2023-07-22 08:01:23,9797.08,3,22,2
9131,2025-03-29 17:18:59,15404.52,3,12,2
9132,2025-05-20 18:46:42,14670.37,4,13,2
9133,2024-11-14 20:33:59,11550.33,1,5,2
9134,2024-03-26 16:38:45,3172.48,2,6,2
9135,2024-05-29 00:08:36,273.60,1,15,8
9136,2024-04-11 09:49:06,10071.14,2,16,15
9137,2023-06-12 10:04:07,16054.74,3,7,2
9138,2024-02-25 02:08:13,848.74,1,10,9
9139,2024-01-05 01:10:41,2546.18,1,15,2
9140,2025-02-20 06:52:43,2298.86,2,16,2
9141,2023-08-28 14:06:48,14761.46,5,4,2
9142,2025-04-05 00:45:42,8703.25,3,2,2
9143,2024-07-10 18:01:04,5322.89,2,1,2
9144,2025-01-06 19:28:34,5208.01,1,25,3
9145,2024-05-26 05:17:41,15906.49,3,2,2
9146,2024-10-01 06:25:15,9530.21,3,2,2
9147,2024-02-20 17:18:18,3784.16,4,8,3
9148,2024-05-02 03:14:29,441.48,3,22,2
9149,2025-04-07 14:43:28,8088.39,2,1,3
9150,2023-06-02 07:07:46,2862.15,1,5,2
9151,2023-09-16 14:53:58,9797.02,5,4,2
9152,2024-03-05 18:42:24,10268.00,4,23,2
9153,2024-01-17 19:41:16,12380.26,1,15,2
9154,2023-11-12 19:57:33,1777.51,5,24,2
9155,2023-12-10 19:30:26,10263.98,4,18,2
9156,2023-09-29 18:34:43,16028.69,1,20,8
9157,2025-02-21 19:07:59,13462.31,2,16,3
9158,2024-07-03 18:33:32,24027.65,3,7,2
9159,2025-01-07 12:44:51,3538.09,1,10,2
9160,2024-05-23 00:32:00,14365.01,3,12,2
9161,2023-11-13 17:31:07,17012.39,2,11,5
9162,2023-06-01 13:43:08,1020.28,3,12,6
9163,2025-03-15 02:18:12,15401.82,3,12,5
9164,2024-11-23 19:34:53,11050.72,2,11,8
9165,2024-04-08 16:01:20,202.40,4,3,17
9166,2024-08-08 09:39:37,5751.28,1,15,3
9167,2023-09-28 18:02:47,14058.25,3,2,2
9168,2025-01-17 18:25:30,7809.16,1,20,5
9169,2025-01-07 09:03:04,15335.43,3,17,2
9170,2023-10-01 02:29:38,2357.95,3,12,2
9171,2023-10-01 17:59:52,676.90,4,23,4
9172,2025-04-28 20:32:51,232.80,2,6,2
9173,2024-02-29 01:31:17,6216.40,3,17,2
9174,2024-08-17 16:54:33,422.42,2,21,4
9175,2024-11-18 11:09:15,14221.30,3,22,3
9176,2024-06-20 02:12:48,4553.44,4,18,9
9177,2023-12-02 09:00:04,13428.88,2,21,7
9178,2024-05-18 00:38:41,13896.30,1,15,2
9179,2024-03-19 07:07:09,15517.41,5,4,2
9180,2024-10-19 06:10:15,7766.15,3,7,2
9181,2024-07-30 22:38:32,2325.68,5,19,2
9182,2025-02-23 13:14:29,4241.48,3,17,2
9183,2025-04-11 22:51:29,4770.25,2,16,2
9184,2024-12-03 07:47:46,531.47,2,1,2
9185,2024-01-02 07:03:05,12123.93,2,11,7
9186,2024-07-09 23:18:09,15875.61,4,13,2
9187,2024-05-25 12:21:00,11035.74,1,25,2
9188,2024-05-24 02:50:17,7635.55,3,17,68
9189,2024-09-19 00:37:03,19640.53,1,25,4
9190,2023-10-08 00:28:18,15387.79,5,24,3
9191,2024-07-16 14:29:36,5869.11,1,5,2
9192,2023-12-12 15:21:50,7478.65,3,2,2
9193,2024-05-12 16:30:00,6079.55,1,5,3
9194,2024-06-24 15:17:26,14275.49,1,5,3
9195,2024-12-18 17:43:54,14909.43,5,14,2
9196,2023-11-17 03:00:16,5460.54,2,1,6
9197,2023-06-26 23:21:31,3484.68,5,9,2
9198,2024-07-16 13:58:46,853.84,5,24,10
9199,2023-10-28 03:42:20,7094.35,4,3,2
9200,2023-11-17 19:14:13,8467.26,3,22,2
9201,2024-06-09 18:14:14,19139.63,3,2,2
9202,2025-03-29 11:00:29,2774.30,1,20,2
9203,2025-02-06 04:08:04,3356.89,2,11,2
9204,2024-03-03 17:14:07,3595.01,4,8,2
9205,2023-07-24 09:32:14,9935.98,3,7,4
9206,2023-06-06 18:26:31,14832.64,5,14,2
9207,2025-03-22 17:02:15,13190.05,3,22,82
9208,2025-03-11 19:20:34,2546.20,2,6,4
9209,2024-05-26 17:28:24,14543.91,5,19,3
9210,2023-11-10 09:31:08,6172.96,5,14,9
9211,2024-08-19 06:25:40,12401.31,4,18,2
9212,2024-11-17 14:25:56,8039.83,4,3,2
9213,2024-02-11 00:06:37,15835.91,5,9,2
9214,2024-09-30 21:13:33,18597.02,1,25,2
9215,2024-12-10 18:37:57,11545.63,2,6,2
9216,2025-04-17 13:45:20,793.12,3,17,2
9217,2024-05-19 00:36:38,20926.23,4,13,3
9218,2025-01-26 10:18:24,13240.22,2,1,17
9219,2024-11-22 18:42:19,11681.45,5,9,2
9220,2025-03-13 14:42:01,2282.72,2,6,2
9221,2024-10-02 12:20:24,11982.44,2,21,2
9222,2024-06-18 01:08:15,10187.72,2,6,10
9223,2024-10-16 07:59:03,10090.30,1,5,2
9224,2024-04-01 23:38:34,17128.14,3,17,3
9225,2024-02-12 07:15:31,7640.57,1,25,2
9226,2025-02-18 00:08:13,8496.93,3,12,3
9227,2023-06-23 22:09:33,16577.98,5,14,2
9228,2024-11-04 05:19:00,3379.54,1,5,5
9229,2025-03-31 01:35:43,11377.42,1,5,21
9230,2025-02-16 05:08:35,3299.27,5,4,3
9231,2023-09-09 09:32:03,4039.96,3,12,2
9232,2024-05-20 14:54:24,16782.96,2,16,3
9233,2023-08-08 20:50:10,14960.35,4,3,2
9234,2023-10-02 22:59:00,13801.89,4,23,3
9235,2024-04-14 13:26:33,11983.89,1,15,2
9236,2024-01-16 02:29:38,4384.95,5,24,3
9237,2023-06-25 00:08:17,12652.05,5,24,2
9238,2023-12-11 06:23:33,9384.92,3,12,2
9239,2025-01-23 21:50:13,6173.35,5,4,2
9240,2025-02-17 05:20:18,15216.99,5,4,3
9241,2024-12-08 13:30:30,14059.86,5,19,2
9242,2025-04-30 11:54:27,8063.44,1,25,11
9243,2024-09-26 10:43:54,16549.22,3,22,2
9244,2023-06-07 05:39:48,12989.94,1,20,2
9245,2023-11-07 22:31:55,6121.43,5,9,2
9246,2024-10-18 19:47:15,12763.58,1,25,5
9247,2024-10-11 19:39:04,11989.16,2,16,2
9248,2023-08-28 15:45:05,8523.81,4,3,6
9249,2024-03-15 18:34:45,2722.98,5,9,28
9250,2023-07-20 19:48:06,14509.59,1,5,2
9251,2024-04-05 14:36:23,1974.14,3,17,6
9252,2023-05-31 22:33:03,1117.60,3,12,2
9253,2024-07-25 21:58:23,14493.78,4,13,4
9254,2024-05-21 14:33:00,8141.43,4,8,4
9255,2025-02-06 19:08:03,11183.96,3,17,5
9256,2024-12-13 17:50:30,5067.18,4,23,4
9257,2025-03-19 15:30:17,9855.34,4,13,4
9258,2024-10-01 05:30:16,11655.78,3,7,2
9259,2024-07-18 17:23:49,4608.53,5,14,21
9260,2023-06-27 01:55:38,5783.95,5,24,2
9261,2023-10-02 05:32:41,4798.38,5,4,2
9262,2025-01-09 13:03:10,1990.34,5,4,2
9263,2025-01-08 06:49:05,18872.86,5,4,2
9264,2025-04-15 04:22:50,6175.82,3,7,2
9265,2023-09-10 04:36:16,10886.85,3,2,2
9266,2025-01-26 07:24:26,7138.38,2,21,2
9267,2024-11-23 09:16:12,12251.90,4,18,2
9268,2024-03-01 07:15:37,16486.33,2,16,2
9269,2024-05-19 06:05:48,14288.32,3,22,2
9270,2024-08-24 16:08:30,16200.41,3,7,4
9271,2025-02-07 04:21:04,18401.37,3,12,3
9272,2024-11-25 22:32:56,703.98,1,10,2
9273,2024-12-23 11:36:27,12999.73,4,23,3
9274,2024-02-04 17:43:33,19006.56,2,16,2
9275,2025-01-26 22:56:20,4972.66,4,8,12
9276,2024-04-01 17:50:38,2078.51,5,24,8
9277,2023-08-12 07:58:07,6551.21,1,20,2
9278,2024-08-27 10:47:28,7191.47,2,1,17
9279,2023-10-29 17:38:04,12711.47,4,23,3
9280,2024-01-28 07:40:31,8804.26,5,19,2
9281,2024-05-09 05:40:32,3742.76,5,24,4
9282,2024-08-26 04:54:01,9811.58,5,14,2
9283,2024-06-04 01:00:28,13689.82,5,19,2
9284,2024-10-06 07:34:11,3002.53,5,19,6
9285,2024-04-24 09:06:24,7373.43,3,22,2
9286,2024-02-11 22:33:21,6856.84,5,9,2
9287,2024-06-30 18:52:17,5727.30,1,25,2
9288,2024-04-02 10:50:46,6237.97,3,22,3
9289,2023-06-25 06:11:43,16702.57,4,18,2
9290,2025-03-25 09:48:17,3836.99,1,20,2
9291,2024-08-09 15:01:41,23222.26,3,12,2
9292,2025-01-19 21:38:14,4240.10,3,7,2
9293,2025-04-21 11:53:12,5963.39,2,1,3
9294,2024-01-15 08:16:34,9798.29,3,12,2
9295,2025-02-03 17:12:14,7885.39,3,7,2
9296,2023-12-12 06:47:47,18282.47,3,17,2
9297,2023-09-03 10:28:58,12346.53,3,22,2
9298,2024-03-29 09:12:58,742.84,5,14,3
9299,2025-02-02 16:43:34,16857.79,5,19,4
9300,2023-12-22 11:38:00,7043.24,1,5,2
9301,2023-11-20 05:24:59,16115.09,3,2,3
9302,2024-11-20 14:42:34,15647.84,3,7,3
9303,2024-03-30 18:13:09,10274.60,1,10,5
9304,2025-04-27 16:26:51,6365.00,3,17,3
9305,2023-07-22 06:56:11,5026.60,5,19,8
9306,2024-05-16 00:16:15,270.69,2,21,3
9307,2023-06-30 01:11:04,7179.87,3,22,2
9308,2023-08-27 02:14:42,11241.41,3,17,2
9309,2023-11-20 13:52:35,8058.77,3,12,2
9310,2023-05-31 19:03:22,2600.52,1,20,3
9311,2023-06-29 07:15:35,11547.91,2,1,4
9312,2023-11-14 22:01:23,637.51,2,6,2
9313,2024-09-21 06:52:44,5451.89,1,5,4
9314,2024-12-01 16:24:30,15837.36,1,15,2
9315,2024-03-23 11:26:22,1405.51,1,25,2
9316,2023-08-19 19:59:06,7117.64,1,20,2
9317,2024-05-31 10:29:38,2091.49,1,10,4
9318,2024-06-16 12:48:49,11846.46,5,24,38
9319,2024-04-03 13:07:44,10865.88,3,2,3
9320,2024-03-06 02:42:31,5723.93,4,13,2
9321,2023-12-16 20:35:45,8596.02,1,25,4
9322,2025-03-08 13:30:00,9884.16,4,3,2
9323,2024-12-05 12:59:58,1014.20,3,7,2
9324,2023-07-03 09:42:19,20901.11,1,20,7
9325,2023-11-13 21:47:38,8693.23,1,15,2
9326,2024-09-11 02:38:50,18411.44,5,14,2
9327,2025-01-10 16:33:31,2444.36,2,1,2
9328,2025-05-14 08:24:12,8925.01,4,3,2
9329,2023-06-19 01:03:16,5720.90,3,22,8
9330,2024-02-29 03:08:47,15761.14,3,7,6
9331,2023-10-13 12:36:45,6551.11,1,25,2
9332,2024-11-17 10:53:37,3714.20,5,9,2
9333,2025-02-18 20:08:54,9671.61,4,23,2
9334,2023-07-17 14:26:09,1705.78,2,16,2
9335,2025-03-09 02:09:33,6063.34,5,9,2
9336,2023-12-30 07:23:53,10408.59,1,20,2
9337,2024-11-01 19:58:17,9023.22,1,25,5
9338,2024-01-14 08:53:58,11934.21,3,17,3
9339,2024-11-29 23:25:09,9158.85,2,16,2
9340,2024-08-21 00:14:34,13409.62,1,5,2
9341,2024-09-04 22:20:40,10053.60,4,18,2
9342,2024-11-10 14:41:52,12327.20,3,7,2
9343,2025-04-16 02:17:26,19360.57,1,5,2
9344,2024-05-08 16:56:13,10375.73,2,1,3
9345,2024-08-17 23:57:24,3424.16,1,5,3
9346,2025-02-19 02:41:13,12256.16,4,13,2
9347,2024-05-24 17:17:49,8519.56,1,5,2
9348,2023-11-14 14:46:46,6641.40,2,6,2
9349,2025-03-22 15:20:21,12504.44,1,15,2
9350,2023-12-20 08:24:18,10019.48,2,11,4
9351,2023-07-13 06:03:57,14279.89,3,7,3
9352,2024-01-13 12:52:53,15922.43,4,18,2
9353,2025-05-09 22:59:10,6470.63,2,16,4
9354,2024-03-17 09:56:50,18167.97,4,3,3
9355,2023-08-03 14:19:41,5863.06,4,3,2
9356,2025-03-11 08:09:47,10841.58,2,6,9
9357,2024-07-02 20:53:35,6516.07,5,9,2
9358,2025-03-23 06:44:59,4009.50,5,24,2
9359,2023-09-14 08:55:35,8652.18,3,7,2
9360,2024-08-10 15:51:44,8434.28,5,24,3
9361,2024-06-08 09:43:45,9253.99,1,20,2
9362,2023-06-06 11:52:59,11309.32,3,22,13
9363,2025-03-21 21:21:11,10780.27,5,24,2
9364,2023-11-30 01:55:52,10248.03,4,13,2
9365,2023-12-14 11:59:07,12270.33,5,19,2
9366,2024-03-26 14:35:58,10900.42,1,25,2
9367,2024-11-16 11:45:56,7598.39,4,13,2
9368,2024-11-14 21:11:31,18820.41,3,17,2
9369,2023-06-19 11:00:42,21598.95,3,17,5
9370,2024-04-19 20:44:44,1477.26,4,8,2
9371,2025-02-10 00:16:06,14953.11,2,21,3
9372,2024-05-07 02:43:57,2093.43,3,7,12
9373,2024-10-26 07:58:17,579.95,5,14,3
9374,2025-05-16 21:49:30,1201.83,4,23,2
9375,2025-03-15 18:50:15,6332.51,3,22,2
9376,2024-06-02 08:41:34,806.02,5,24,2
9377,2023-11-23 14:51:09,14586.50,2,16,2
9378,2024-10-13 15:13:23,13377.70,3,22,2
9379,2023-12-13 16:10:28,4237.91,4,18,2
9380,2024-01-19 03:23:50,1594.60,1,15,3
9381,2024-02-18 00:53:36,6881.89,5,24,2
9382,2025-05-14 12:08:57,3925.12,3,2,2
9383,2025-01-08 04:22:44,3871.00,2,16,5
9384,2024-01-07 23:24:36,7301.73,4,18,2
9385,2023-07-10 20:10:05,14289.30,3,2,2
9386,2025-01-14 22:54:13,15561.67,4,13,2
9387,2023-10-04 23:53:41,3612.11,5,19,3
9388,2024-02-01 16:53:28,1731.27,3,12,9
9389,2023-10-12 14:39:36,9916.05,4,23,7
9390,2023-12-11 18:15:21,9620.74,4,3,2
9391,2024-12-17 09:46:03,3655.27,2,16,4
9392,2023-12-28 22:28:35,6000.78,3,7,2
9393,2024-05-18 07:47:53,9097.46,5,19,2
9394,2023-08-04 23:57:30,6487.59,1,5,3
9395,2024-11-23 05:30:05,11160.26,5,4,2
9396,2024-08-14 02:28:38,4564.72,5,9,2
9397,2024-12-11 10:21:05,3054.48,5,9,2
9398,2024-09-25 05:47:25,8370.12,5,14,2
9399,2025-04-30 03:37:42,3843.87,3,2,5
9400,2024-09-13 00:08:46,7518.12,1,5,6
9401,2024-04-12 16:31:45,14898.62,5,19,2
9402,2024-09-10 04:13:14,10260.70,1,15,4
9403,2025-01-21 00:52:12,6940.44,2,16,2
9404,2024-11-16 11:46:32,16785.60,5,19,3
9405,2024-05-13 03:56:45,3740.77,3,12,5
9406,2025-01-09 17:50:10,15764.47,4,23,3
9407,2024-03-02 12:11:19,13099.65,3,12,5
9408,2024-03-08 00:28:06,17084.40,2,21,4
9409,2023-07-29 15:12:58,13051.14,4,23,2
9410,2024-11-26 01:01:22,7050.40,4,13,2
9411,2024-06-15 23:36:36,9660.94,1,5,2
9412,2023-07-02 10:35:15,6386.60,4,18,2
9413,2025-05-04 03:26:04,4959.80,2,11,5
9414,2024-08-01 20:00:07,9370.01,2,1,2
9415,2024-03-14 09:48:46,21354.33,1,10,5
9416,2024-11-10 18:01:57,3662.52,1,15,4
9417,2024-04-27 23:04:52,1520.00,4,8,2
9418,2025-03-24 03:22:44,8723.15,4,13,2
9419,2024-01-17 01:34:33,14716.68,5,24,2
9420,2025-02-16 22:30:16,5538.96,3,7,2
9421,2023-07-19 18:06:40,6408.68,4,13,3
9422,2024-01-14 10:46:37,9628.87,4,18,3
9423,2024-03-07 03:23:40,2643.98,1,15,2
9424,2023-09-20 03:01:51,2732.04,1,5,2
9425,2023-09-14 13:15:48,11679.47,5,9,2
9426,2024-06-13 20:19:18,9449.29,1,15,2
9427,2024-01-25 16:42:02,5293.38,1,15,2
9428,2025-05-05 23:58:02,8551.99,2,16,3
9429,2023-12-26 20:53:55,8234.09,4,23,2
9430,2023-10-16 15:48:50,9320.30,3,7,2
9431,2024-12-31 16:05:15,6829.23,2,16,3
9432,2023-08-31 06:12:14,4376.77,3,22,2
9433,2024-07-20 02:17:48,9592.37,3,12,2
9434,2025-05-01 00:36:53,4636.78,3,17,2
9435,2023-09-19 02:20:35,3850.91,1,20,2
9436,2025-02-15 05:12:32,10227.85,4,18,2
9437,2024-01-23 06:39:22,306.18,5,14,2
9438,2024-04-22 20:04:42,8305.96,2,6,2
9439,2024-10-10 12:49:00,670.63,4,18,6
9440,2025-02-25 07:51:29,8299.32,4,23,11
9441,2023-11-29 14:49:18,6865.84,1,25,2
9442,2023-08-25 21:10:43,8082.58,2,21,2
9443,2024-04-26 23:46:06,15063.80,3,2,2
9444,2024-07-04 07:04:22,4492.05,1,20,2
9445,2023-05-31 19:45:06,2275.26,3,2,2
9446,2023-06-30 12:09:20,16583.19,5,14,2
9447,2023-10-26 11:30:23,1462.16,4,8,5
9448,2024-02-05 07:55:59,4143.19,3,7,3
9449,2024-08-28 07:06:41,3621.27,5,14,2
9450,2023-08-08 10:04:37,3026.64,2,16,4
9451,2023-11-20 05:10:24,2718.00,5,24,2
9452,2025-01-02 16:28:36,5055.52,1,15,2
9453,2024-12-04 18:00:36,2906.35,2,6,2
9454,2024-05-01 01:55:57,2582.95,2,1,2
9455,2023-06-28 14:55:08,8751.63,5,14,5
9456,2024-01-26 18:22:50,6699.24,2,16,2
9457,2024-12-15 07:34:11,13595.47,2,6,4
9458,2023-10-14 11:43:49,8524.26,3,2,2
9459,2023-12-23 14:24:05,4852.15,3,2,2
9460,2024-06-28 12:51:38,12699.00,4,8,4
9461,2024-01-17 04:45:03,10214.85,3,12,2
9462,2023-10-03 12:51:49,11344.83,4,8,2
9463,2025-03-22 03:09:03,3774.73,4,3,2
9464,2024-03-27 20:38:13,3942.12,3,12,2
9465,2024-09-20 09:20:54,4988.62,3,12,5
9466,2025-01-02 20:29:51,16298.66,3,22,2
9467,2024-08-16 10:18:12,20910.05,3,7,30
9468,2024-08-15 00:08:25,14186.70,1,25,3
9469,2024-10-28 18:46:38,4146.41,1,25,2
9470,2025-01-15 14:03:50,16855.17,2,16,2
9471,2024-12-07 22:48:52,8829.72,5,24,4
9472,2025-04-09 04:45:57,15946.05,1,5,3
9473,2023-08-16 14:49:27,16745.51,1,20,2
9474,2024-08-13 14:15:40,7022.10,1,10,2
9475,2024-03-26 14:19:47,7761.31,5,19,3
9476,2024-09-10 20:45:31,8224.99,2,6,2
9477,2024-11-19 11:07:54,4328.61,4,13,2
9478,2023-07-16 19:27:25,6891.53,3,17,3
9479,2023-11-11 07:59:04,902.46,1,25,9
9480,2024-06-05 16:01:59,12342.50,4,13,4
9481,2023-06-24 03:08:22,12928.04,3,2,2
9482,2023-07-24 03:06:54,12522.65,3,22,2
9483,2023-12-04 14:38:52,8241.84,5,19,3
9484,2023-06-16 14:50:38,15280.42,5,14,5
9485,2025-01-02 09:06:08,9269.15,4,18,20
9486,2023-11-09 01:17:08,12043.19,4,3,3
9487,2025-03-23 20:29:39,16300.19,2,1,2
9488,2024-11-07 21:51:21,13470.53,1,5,7
9489,2024-11-12 11:19:39,5883.48,4,3,4
9490,2024-11-13 04:48:03,18566.40,2,1,2
9491,2024-08-18 22:52:29,6447.29,5,4,2
9492,2025-04-23 17:07:31,14986.88,5,4,2
9493,2025-01-10 07:11:48,11319.81,1,10,2
9494,2024-02-05 05:09:13,14517.62,3,12,4
9495,2024-03-10 06:40:43,5704.79,3,17,5
9496,2024-10-10 04:51:33,2739.26,4,18,2
9497,2023-08-16 05:16:43,17430.97,4,8,4
9498,2025-03-21 16:34:25,655.08,1,25,2
9499,2024-10-26 10:16:15,16209.36,2,6,21
9500,2023-05-31 22:16:22,8898.89,5,19,3
9501,2023-06-27 01:18:01,4084.70,1,5,4
9502,2024-02-22 06:13:17,327.54,5,14,5
9503,2024-11-22 10:43:49,4463.89,1,15,2
9504,2024-07-21 19:17:24,18221.62,3,17,2
9505,2024-07-06 06:22:53,2208.76,1,20,2
9506,2024-03-11 16:48:31,14529.89,5,4,7
9507,2025-02-07 00:05:25,15979.39,3,17,2
9508,2024-02-05 14:07:04,9494.65,2,16,2
9509,2024-07-13 01:58:26,500.78,2,6,2
9510,2024-08-22 09:54:46,12655.95,5,4,2
9511,2024-11-17 09:28:19,9039.12,2,16,2
9512,2024-09-14 01:38:49,7691.49,4,3,5
9513,2024-10-01 06:18:08,11774.51,4,3,3
9514,2024-10-01 21:14:32,6864.82,2,16,3
9515,2023-09-26 00:43:28,18317.50,5,4,2
9516,2023-10-08 12:04:41,6109.11,4,3,17
9517,2023-12-17 02:31:12,9162.42,3,2,2
9518,2023-07-27 08:59:27,13777.66,3,12,5
9519,2023-07-20 16:20:05,894.08,4,13,6
9520,2024-03-02 21:33:40,18473.93,5,14,4
9521,2023-10-03 07:02:22,7851.23,4,13,4
9522,2025-02-20 15:31:59,2234.07,2,6,3
9523,2023-11-30 08:15:07,11832.25,2,6,2
9524,2023-08-20 14:39:40,8504.10,5,14,2
9525,2024-09-24 01:39:29,3830.90,4,3,7
9526,2023-10-23 09:21:30,10389.54,3,2,2
9527,2024-07-13 14:24:46,4014.03,3,17,4
9528,2023-07-15 13:08:49,13662.07,3,2,2
9529,2023-06-30 04:13:23,7304.86,5,19,2
9530,2024-07-14 13:51:58,15678.75,1,20,2
9531,2023-07-15 09:56:41,15566.81,4,23,3
9532,2025-01-01 12:09:46,6408.86,1,25,3
9533,2024-05-08 20:10:47,2746.21,4,13,16
9534,2024-10-11 04:25:39,10158.22,5,19,2
9535,2023-06-18 17:34:41,3607.45,1,20,2
9536,2024-01-21 04:37:06,4935.35,2,1,2
9537,2024-09-11 00:02:55,7205.61,3,7,3
9538,2025-01-22 18:52:13,12996.12,3,12,2
9539,2025-03-28 01:37:46,9122.71,2,11,3
9540,2024-09-08 16:43:42,1938.55,4,3,2
9541,2024-10-15 18:24:10,735.80,2,16,2
9542,2024-07-28 09:41:01,3774.88,4,13,2
9543,2024-01-04 00:32:59,7024.52,5,24,2
9544,2025-02-16 21:46:54,16271.96,1,15,2
9545,2023-11-02 14:11:52,2924.32,5,9,2
9546,2025-03-10 21:49:03,10593.82,3,2,3
9547,2023-06-03 22:53:42,4003.25,1,10,2
9548,2024-02-15 15:43:34,5808.51,2,11,6
9549,2023-11-15 12:18:42,2916.09,4,23,2
9550,2024-03-12 07:39:58,5507.25,1,25,2
9551,2024-01-26 18:52:12,10448.28,4,18,3
9552,2024-06-13 04:31:57,16725.87,1,20,2
9553,2024-10-20 17:01:11,11550.29,2,21,11
9554,2023-07-17 12:35:41,13693.42,1,5,31
9555,2023-07-27 01:21:01,15916.39,2,1,11
9556,2024-01-06 14:27:18,8846.57,4,13,2
9557,2023-09-06 20:40:41,7370.98,5,24,2
9558,2025-05-07 23:30:38,11239.37,2,1,2
9559,2023-07-10 20:03:50,3294.70,1,25,46
9560,2025-03-01 08:54:27,4787.15,3,17,2
9561,2023-12-02 04:06:07,9265.27,1,25,4
9562,2025-02-19 21:47:02,13726.82,3,7,2
9563,2023-10-21 10:42:15,9286.74,1,5,3
9564,2025-05-03 16:05:31,2852.36,2,21,2
9565,2023-07-12 06:55:54,2996.38,5,14,2
9566,2024-12-08 01:30:44,14639.75,2,21,3
9567,2023-10-26 12:33:53,17716.08,3,12,2
9568,2025-02-07 16:12:50,8280.33,5,24,30
9569,2025-02-15 08:37:26,9744.62,3,7,2
9570,2025-05-16 16:06:42,7620.13,2,6,20
9571,2025-02-19 17:40:18,15986.49,2,11,8
9572,2025-01-25 07:08:03,4064.94,5,4,13
9573,2024-10-27 07:52:13,12717.91,4,13,3
9574,2024-04-29 08:49:44,3409.40,1,20,2
9575,2024-06-24 17:54:42,2613.51,5,19,2
9576,2025-01-23 08:43:42,3635.35,2,6,2
9577,2024-11-03 16:02:44,2145.88,5,4,4
9578,2023-09-29 03:51:22,12916.87,2,21,84
9579,2024-02-15 16:43:33,9667.84,4,8,2
9580,2025-02-26 09:50:29,19617.86,1,5,2
9581,2023-08-14 00:13:08,9789.69,4,8,2
9582,2024-12-29 04:25:00,11735.57,2,11,2
9583,2023-05-26 17:18:32,5137.62,1,15,4
9584,2025-04-03 12:46:26,12481.99,5,19,3
9585,2023-07-30 23:36:38,17387.29,2,6,3
9586,2023-12-26 17:47:14,7481.45,4,23,2
9587,2023-11-20 15:34:26,5664.98,4,23,2
9588,2023-12-04 21:11:44,7529.22,4,13,3
9589,2025-02-27 14:36:49,1742.16,4,8,2
9590,2024-04-28 11:06:40,11520.05,3,22,4
9591,2024-08-15 09:51:21,12008.52,4,18,2
9592,2023-09-10 13:18:14,15320.72,3,12,3
9593,2024-11-21 20:47:41,8943.08,1,20,2
9594,2024-07-24 19:57:11,510.14,2,21,5
9595,2023-06-14 05:06:54,15659.93,2,16,2
9596,2024-01-06 16:39:57,4081.63,2,1,2
9597,2023-12-26 16:20:34,9326.60,2,21,2
9598,2023-09-10 12:01:35,6030.86,4,3,2
9599,2024-04-15 05:58:23,1548.40,5,19,2
9600,2024-12-26 10:46:38,5246.49,5,14,2
9601,2023-09-20 10:59:11,1575.47,5,9,4
9602,2024-09-03 20:28:10,17671.49,3,7,2
9603,2024-05-21 20:18:06,7799.04,4,18,6
9604,2024-03-09 02:04:59,5014.73,5,14,2
9605,2023-10-02 13:25:35,10374.59,4,18,2
9606,2023-08-20 17:20:00,7958.06,2,16,2
9607,2024-12-09 01:42:47,11813.75,2,1,2
9608,2024-01-23 13:47:10,15342.73,5,14,2
9609,2024-02-06 23:56:23,7681.91,1,15,2
9610,2025-04-14 11:45:48,12248.40,5,19,3
9611,2024-06-09 14:21:17,10184.15,1,10,7
9612,2024-05-01 13:25:28,5083.94,4,23,13
9613,2024-11-03 14:45:37,12631.00,4,18,2
9614,2024-10-23 19:44:08,3788.69,5,24,2
9615,2024-03-19 10:12:49,7292.92,5,24,5
9616,2023-08-18 05:46:08,1514.00,4,8,5
9617,2025-05-13 04:55:02,4387.44,4,13,2
9618,2024-02-20 06:18:14,4777.89,2,16,2
9619,2025-03-02 08:15:02,14789.97,3,12,2
9620,2024-05-19 20:26:19,3409.36,4,3,3
9621,2025-01-04 17:15:17,6876.73,3,17,2
9622,2024-01-27 07:23:31,6357.95,3,22,2
9623,2023-11-08 04:39:36,14393.11,2,6,3
9624,2023-09-20 02:37:56,11677.06,4,13,2
9625,2023-11-03 06:07:51,6002.44,4,13,2
9626,2023-06-21 05:48:22,4433.36,3,12,2
9627,2024-01-04 11:48:52,10617.02,5,14,2
9628,2023-08-08 03:47:25,15520.55,4,8,2
9629,2023-09-08 15:30:31,24086.32,2,6,11
9630,2024-06-08 02:53:09,5050.42,2,1,5
9631,2023-10-20 03:16:42,4124.24,1,15,2
9632,2024-06-12 05:08:46,8958.05,3,7,2
9633,2023-09-13 19:09:11,10565.95,2,11,2
9634,2024-12-16 14:41:08,4141.72,1,5,7
9635,2024-11-20 06:34:09,1683.16,1,10,3
9636,2024-05-24 10:28:37,3882.04,4,8,6
9637,2024-12-18 20:51:23,14173.77,2,11,2
9638,2025-01-28 13:11:03,7618.44,1,5,2
9639,2024-05-15 23:35:03,4506.40,3,2,4
9640,2024-03-08 13:38:47,13467.20,3,7,2
9641,2024-07-24 21:00:09,5099.32,5,14,6
9642,2023-09-10 07:27:18,18202.57,1,15,2
9643,2023-09-09 17:04:20,5805.92,2,6,2
9644,2025-01-02 13:32:05,2422.56,4,3,4
9645,2023-10-28 09:32:22,3491.65,5,9,9
9646,2025-04-03 02:38:05,17541.84,2,21,2
9647,2023-06-15 04:37:15,8816.23,5,4,9
9648,2024-05-23 02:17:58,5751.30,4,23,2
9649,2023-08-19 14:10:04,14841.49,2,16,2
9650,2024-12-24 09:22:10,10489.15,4,18,2
9651,2023-11-10 11:10:10,3125.31,4,18,2
9652,2023-10-16 00:07:23,826.55,1,15,2
9653,2023-06-01 17:00:12,7276.98,2,11,2
9654,2025-05-12 20:13:24,14692.43,2,1,4
9655,2023-08-02 10:09:47,1724.38,5,4,13
9656,2024-03-16 19:54:33,17057.94,2,1,66
9657,2024-01-06 13:19:29,12294.63,1,5,4
9658,2023-12-14 19:33:03,10259.30,3,7,6
9659,2025-02-26 16:54:44,15464.46,5,4,2
9660,2024-08-11 05:49:13,12020.16,1,15,3
9661,2024-09-25 16:08:48,7647.19,2,6,2
9662,2024-04-18 14:02:42,7197.09,1,5,2
9663,2024-07-12 00:11:00,3754.83,3,12,2
9664,2024-05-05 09:31:22,22539.49,2,16,3
9665,2024-05-25 07:10:32,13258.25,1,15,2
9666,2023-06-15 17:48:10,1747.26,1,15,14
9667,2024-10-02 20:33:16,12681.15,3,7,2
9668,2025-01-19 09:13:37,8195.09,4,23,3
9669,2024-05-25 00:01:17,5543.66,2,11,2
9670,2024-06-17 20:07:18,9348.48,1,10,2
9671,2025-02-22 15:56:24,8073.29,5,9,2
9672,2024-03-20 11:04:53,15621.07,5,4,2
9673,2023-06-09 11:31:21,5166.50,4,8,2
9674,2025-03-02 19:23:18,6766.93,2,21,2
9675,2024-04-24 16:41:16,12996.87,4,18,2
9676,2023-09-26 04:35:38,7958.63,5,14,10
9677,2024-12-06 23:17:40,13488.15,2,11,58
9678,2024-07-24 05:01:22,15281.30,2,1,7
9679,2024-12-17 10:05:47,17326.08,4,18,2
9680,2024-08-30 12:06:44,7184.95,5,24,2
9681,2024-04-12 19:52:01,1195.95,4,3,3
9682,2025-05-09 06:12:53,10779.04,1,20,2
9683,2024-04-23 03:35:04,5150.95,5,9,2
9684,2024-08-18 23:47:06,14441.50,2,11,2
9685,2023-07-19 13:44:03,2166.16,4,13,30
9686,2023-11-15 06:40:24,7651.71,5,14,4
9687,2025-04-16 08:57:38,317.18,3,22,2
9688,2025-02-16 08:33:19,13897.96,5,14,49
9689,2025-03-20 19:36:24,7733.12,4,8,2
9690,2023-09-22 14:32:52,7938.27,2,6,3
9691,2025-02-11 09:44:13,6714.53,1,15,2
9692,2024-12-01 17:29:28,2936.29,1,10,5
9693,2024-08-15 20:50:18,5824.34,2,16,3
9694,2025-04-15 14:34:06,9724.72,1,5,2
9695,2025-04-12 23:19:28,6131.26,5,9,10
9696,2024-08-09 21:25:40,7920.90,2,1,3
9697,2025-03-20 04:25:21,9063.35,3,7,2
9698,2024-08-21 23:49:32,7633.12,2,11,3
9699,2023-11-16 05:42:09,2992.02,5,19,2
9700,2025-03-14 18:02:29,4791.57,1,25,2
9701,2025-02-17 12:36:24,5223.56,2,11,3
9702,2024-06-29 09:28:58,8620.93,3,17,2
9703,2024-10-09 00:59:32,2163.62,1,10,2
9704,2023-07-27 06:40:22,11428.71,4,23,4
9705,2024-11-22 01:41:43,11542.18,2,21,2
9706,2024-03-01 11:42:40,3118.78,5,9,3
9707,2024-03-25 19:25:13,5511.37,3,12,2
9708,2023-08-01 11:51:00,3727.25,2,11,2
9709,2025-03-30 18:55:49,3544.08,5,24,2
9710,2025-02-05 11:25:00,15111.54,2,16,2
9711,2023-09-09 10:29:12,1367.75,5,19,2
9712,2023-10-29 15:20:25,7907.64,1,20,2
9713,2024-10-11 01:32:46,14830.33,5,24,3
9714,2024-06-09 09:43:17,12905.52,1,20,2
9715,2023-07-01 05:39:42,4346.12,4,13,21
9716,2024-10-06 20:17:55,5057.34,5,19,2
9717,2025-04-18 00:59:15,11281.21,3,22,2
9718,2023-05-30 19:25:08,7928.99,2,1,2
9719,2024-11-22 06:01:10,9779.71,2,1,5
9720,2025-01-07 05:11:10,6177.65,3,22,2
9721,2025-04-23 20:59:32,10206.73,4,3,10
9722,2024-03-03 16:12:24,4020.48,4,18,2
9723,2024-06-21 21:28:14,1086.55,5,24,2
9724,2024-12-21 00:19:26,14669.77,4,3,5
9725,2024-07-23 21:17:03,440.91,3,2,2
9726,2024-05-14 19:22:54,15772.46,2,11,3
9727,2024-12-31 02:43:25,13901.70,4,8,2
9728,2023-06-07 21:54:05,14366.25,3,7,2
9729,2024-07-02 18:24:39,6092.56,4,8,3
9730,2023-07-05 02:57:58,14815.40,4,18,2
9731,2024-05-02 10:22:22,16280.09,3,22,8
9732,2024-05-04 22:01:24,14055.82,4,18,3
9733,2023-10-27 23:15:50,6516.56,5,19,2
9734,2024-12-03 09:04:17,17671.21,5,24,2
9735,2024-10-21 09:18:14,11528.48,3,22,2
9736,2024-08-23 17:18:52,649.68,3,2,2
9737,2025-02-12 06:40:03,7026.47,1,10,4
9738,2025-05-21 03:57:28,2440.35,2,16,10
9739,2025-03-05 11:19:18,14559.65,4,3,8
9740,2023-10-28 02:46:23,3844.80,3,12,17
9741,2024-06-04 01:22:14,10011.77,5,24,2
9742,2024-08-10 22:38:21,11848.58,5,24,2
9743,2024-03-02 13:27:02,7006.03,3,17,2
9744,2025-04-07 07:28:55,9802.48,2,1,2
9745,2023-12-07 21:23:03,10312.39,4,23,5
9746,2024-03-14 23:36:21,11821.31,1,10,2
9747,2024-10-30 01:58:37,3774.81,1,15,3
9748,2023-07-08 15:21:47,1164.00,1,25,2
9749,2024-09-28 04:46:51,13758.73,5,9,2
9750,2023-08-10 09:09:42,10983.58,2,21,2
9751,2024-04-15 22:43:47,3105.81,2,16,2
9752,2023-10-01 23:59:42,10360.06,3,7,10
9753,2024-01-27 09:22:02,6169.94,1,15,2
9754,2024-01-20 02:52:08,17037.73,1,10,2
9755,2024-07-06 02:50:30,5598.01,4,18,3
9756,2023-07-31 15:08:53,3111.93,3,17,2
9757,2024-05-31 20:46:30,7504.39,4,8,2
9758,2024-05-19 06:25:20,11122.42,1,20,2
9759,2023-09-09 02:12:13,7235.55,5,24,7
9760,2024-01-20 12:18:56,14532.42,4,13,11
9761,2024-02-27 16:21:49,4544.74,5,4,2
9762,2024-06-02 22:07:59,12034.81,1,5,2
9763,2025-01-15 05:18:05,18680.49,4,3,2
9764,2024-05-31 08:11:13,15455.10,1,20,2
9765,2025-03-24 10:05:48,4284.48,4,23,178
9766,2024-11-15 17:44:32,3527.38,1,25,2
9767,2024-11-07 23:25:37,21507.99,4,23,8
9768,2023-12-28 23:00:12,9100.64,2,1,9
9769,2024-07-01 22:30:03,4308.08,5,19,2
9770,2024-09-01 16:14:51,3098.35,1,15,3
9771,2024-10-26 00:03:57,1827.14,4,8,4
9772,2023-09-24 07:27:54,2304.30,2,11,4
9773,2023-06-11 13:58:01,9958.95,3,17,2
9774,2024-05-12 18:41:07,13486.18,5,4,4
9775,2024-08-12 20:35:18,2759.29,3,7,2
9776,2024-09-05 04:47:14,13599.64,2,1,3
9777,2023-12-22 00:18:08,5148.84,4,3,2
9778,2023-12-20 10:17:47,14609.68,1,25,2
9779,2023-12-08 04:31:56,7477.62,1,25,2
9780,2024-10-27 12:05:31,8757.35,5,14,2
9781,2024-11-28 10:16:51,7246.14,4,18,2
9782,2024-05-04 20:20:39,16994.97,4,8,2
9783,2024-03-09 22:35:27,116.31,4,8,2
9784,2023-07-17 04:26:13,2462.68,1,25,2
9785,2024-01-04 22:41:39,19618.36,2,21,3
9786,2024-11-19 06:22:09,10200.13,4,18,2
9787,2025-01-16 05:26:07,15054.21,5,4,2
9788,2025-03-24 04:57:30,24810.44,1,15,2
9789,2023-07-17 12:39:08,14137.34,1,25,2
9790,2025-05-08 01:12:11,7625.30,4,18,2
9791,2024-05-15 11:17:05,21626.67,4,18,2
9792,2024-03-15 07:52:16,4610.68,5,9,2
9793,2024-11-27 11:45:07,7840.85,1,25,2
9794,2024-08-13 19:50:11,14767.11,5,9,2
9795,2023-07-25 07:50:40,8991.50,4,13,2
9796,2023-05-28 18:48:54,10969.75,5,9,6
9797,2025-03-29 07:30:55,3924.26,5,14,11
9798,2023-10-22 23:59:02,10882.30,2,21,2
9799,2024-08-30 07:03:45,13827.42,1,20,2
9800,2024-09-18 21:37:34,3040.04,3,12,6
9801,2024-04-22 07:39:28,21804.39,3,17,3
9802,2025-02-27 17:12:15,13352.10,5,24,2
9803,2025-03-24 10:06:12,6857.82,4,18,2
9804,2025-04-21 17:27:55,22138.93,2,11,2
9805,2023-10-16 20:06:11,3016.37,2,16,2
9806,2024-10-02 11:43:17,3929.92,3,2,3
9807,2024-02-19 14:54:20,9636.64,2,1,5
9808,2025-01-04 00:27:12,19078.45,2,1,2
9809,2024-01-01 06:01:39,745.63,5,4,2
9810,2025-04-17 04:02:55,6130.50,2,1,2
9811,2023-06-23 22:02:19,11354.82,2,11,5
9812,2023-09-02 13:56:35,9353.64,4,13,4
9813,2023-07-24 10:38:27,12777.55,3,17,2
9814,2023-07-21 19:30:28,14707.92,5,14,4
9815,2024-12-25 01:02:02,14493.98,1,5,3
9816,2024-06-06 13:27:00,3252.16,1,15,2
9817,2025-05-07 18:02:52,8725.01,4,13,2
9818,2024-04-04 19:45:20,1594.41,5,19,2
9819,2023-09-16 14:31:20,12341.78,4,18,3
9820,2023-12-25 13:24:40,3809.42,3,22,6
9821,2024-05-16 18:11:29,2484.11,3,17,4
9822,2025-04-15 00:50:37,6319.71,5,14,2
9823,2024-09-18 07:18:06,6256.74,1,5,3
9824,2024-03-04 13:24:59,4836.17,2,1,2
9825,2024-04-19 07:26:12,13552.43,3,12,2
9826,2025-02-16 23:30:13,5004.11,3,2,3
9827,2024-02-16 06:02:04,7573.99,5,24,3
9828,2023-12-26 20:38:49,16031.49,2,16,2
9829,2023-12-17 18:58:30,4954.75,3,12,2
9830,2025-03-26 10:48:18,698.40,3,22,3
9831,2024-02-03 07:06:27,2742.20,2,16,2
9832,2024-09-01 05:39:08,10764.88,4,8,4
9833,2024-07-10 13:11:54,4175.54,2,16,2
9834,2023-07-06 15:14:28,2891.42,5,4,3
9835,2025-05-04 13:57:42,10331.92,5,4,2
9836,2024-05-29 16:28:58,7646.90,3,22,2
9837,2023-11-05 06:04:50,13975.43,4,23,2
9838,2024-07-16 02:17:56,3405.59,2,16,2
9839,2025-01-29 14:46:12,19751.05,3,7,2
9840,2025-03-04 04:18:04,3853.44,4,23,3
9841,2024-05-06 14:15:28,4777.86,1,20,2
9842,2025-02-23 04:14:16,13774.80,5,4,2
9843,2024-10-16 05:58:44,5501.38,2,21,2
9844,2023-12-20 18:27:18,12172.41,4,3,2
9845,2025-03-19 12:29:41,13825.11,2,21,3
9846,2024-10-12 21:57:02,8533.59,2,16,3
9847,2025-03-07 01:41:01,16811.93,3,22,3
9848,2023-12-02 18:00:40,9984.25,3,12,3
9849,2024-03-22 01:56:13,6940.83,3,22,2
9850,2023-08-23 00:37:35,14593.27,1,25,9
9851,2024-01-29 13:24:48,9582.96,5,24,2
9852,2024-07-26 19:09:03,6122.54,2,11,4
9853,2023-07-26 05:33:53,9574.41,4,13,2
9854,2024-11-03 14:09:57,4206.02,2,16,2
9855,2025-01-25 19:12:14,2802.18,1,20,2
9856,2024-09-19 01:59:11,11552.78,2,16,2
9857,2023-11-27 06:56:56,15439.53,1,10,4
9858,2023-08-19 09:03:07,9796.16,2,16,2
9859,2024-08-31 19:55:49,3209.33,1,10,2
9860,2024-10-08 22:47:31,3068.04,2,11,2
9861,2023-12-11 19:39:58,6732.80,5,19,2
9862,2023-08-18 04:15:35,19417.96,1,25,2
9863,2024-10-08 00:18:10,2408.46,4,8,2
9864,2024-01-29 13:13:02,20582.95,1,5,2
9865,2023-08-13 07:20:51,11402.91,3,7,2
9866,2024-07-14 01:27:12,2767.50,1,5,4
9867,2024-05-19 14:09:28,14897.65,5,24,2
9868,2024-04-13 18:42:40,14178.18,2,21,51
9869,2023-07-17 09:08:27,11751.49,1,15,3
9870,2024-04-16 04:37:10,10006.29,2,1,2
9871,2025-03-02 00:31:57,20956.39,2,16,2
9872,2023-11-18 22:06:17,1742.96,3,7,2
9873,2024-06-04 05:17:37,2236.85,5,24,9
9874,2024-08-12 17:54:21,11126.69,1,15,2
9875,2025-05-21 16:51:14,9042.96,5,24,2
9876,2024-11-05 11:37:24,4964.90,3,22,2
9877,2023-10-28 03:50:07,146.48,2,21,2
9878,2023-09-09 01:10:21,13091.88,1,10,22
9879,2025-04-04 05:13:38,11760.70,3,2,2
9880,2024-07-24 11:57:38,4400.84,1,25,24
9881,2024-06-29 19:52:32,7815.12,3,22,2
9882,2024-01-18 02:52:32,5899.09,5,24,2
9883,2024-03-23 23:57:21,8950.51,4,13,2
9884,2024-04-23 05:35:41,15219.83,4,18,2
9885,2023-11-09 03:06:01,3763.62,2,16,2
9886,2024-11-08 00:53:55,9572.27,3,22,2
9887,2023-10-07 11:56:22,10969.51,5,4,2
9888,2025-05-09 23:51:23,2947.35,1,15,2
9889,2024-08-14 18:17:18,465.80,2,1,2
9890,2024-12-17 21:16:44,7879.29,3,17,3
9891,2023-10-03 14:10:26,14703.64,2,21,2
9892,2024-01-23 03:03:12,8819.42,2,21,3
9893,2024-07-26 03:40:52,14329.14,4,3,4
9894,2025-04-28 22:49:15,4232.44,2,21,3
9895,2024-12-19 11:25:08,5566.50,4,3,2
9896,2025-02-02 12:08:07,10675.92,3,22,2
9897,2024-11-12 16:15:54,15495.41,2,21,18
9898,2024-12-28 23:02:36,5496.21,4,8,31
9899,2024-02-20 13:48:27,7673.79,5,4,2
9900,2025-01-31 22:27:30,14002.75,5,24,3
9901,2023-11-24 12:17:47,2707.70,4,3,2
9902,2025-02-15 04:08:39,10267.71,1,5,4
9903,2023-05-25 04:46:53,8635.98,5,14,7
9904,2023-11-20 10:59:22,2450.82,4,8,2
9905,2024-06-08 01:21:37,4741.62,5,14,49
9906,2024-09-30 17:25:50,11391.21,2,6,2
9907,2024-10-28 01:32:46,10188.54,1,5,2
9908,2025-02-10 02:21:33,1531.84,2,6,2
9909,2025-02-12 16:16:36,6617.41,3,17,2
9910,2024-01-17 03:02:37,6718.95,1,5,2
9911,2024-03-03 10:11:22,12324.26,5,9,3
9912,2025-04-02 18:20:00,15246.56,5,4,2
9913,2024-11-12 01:10:30,1112.70,2,1,2
9914,2024-01-26 07:22:22,2949.99,3,2,6
9915,2024-08-28 01:37:30,12572.90,5,14,2
9916,2024-09-20 04:31:09,1207.20,4,13,4
9917,2023-07-29 03:01:06,8804.04,2,6,2
9918,2025-04-22 13:42:23,9849.16,5,4,2
9919,2023-10-12 09:24:39,8393.86,4,3,2
9920,2024-07-29 21:04:21,9827.27,1,5,2
9921,2023-07-02 17:12:47,3655.40,3,22,3
9922,2023-06-09 12:12:26,3498.25,2,11,2
9923,2024-02-12 02:13:26,12685.56,1,15,2
9924,2023-09-03 04:43:51,10731.82,4,18,2
9925,2023-11-21 02:50:53,4124.52,2,21,2
9926,2024-10-24 03:57:09,11140.41,1,25,2
9927,2024-01-14 12:38:55,16744.00,3,22,3
9928,2025-05-21 06:11:02,14107.26,2,6,5
9929,2024-09-29 06:28:32,13373.64,3,12,2
9930,2023-12-17 07:36:52,360.92,5,9,2
9931,2025-02-21 19:19:25,6560.21,5,9,4
9932,2025-01-11 18:19:39,5925.90,1,10,2
9933,2024-07-05 12:55:16,15748.16,4,8,3
9934,2025-03-09 18:17:25,6315.74,1,5,2
9935,2024-02-02 18:12:49,5650.60,4,23,5
9936,2023-05-26 23:05:56,6400.23,4,13,3
9937,2023-06-26 16:43:53,3779.46,4,13,16
9938,2023-09-08 22:10:31,13761.22,1,15,5
9939,2023-09-30 02:28:55,10613.53,1,15,3
9940,2023-09-05 07:35:10,6210.60,2,1,3
9941,2025-05-01 03:11:21,17077.47,4,3,2
9942,2023-09-29 08:10:24,2786.52,3,17,8
9943,2024-08-12 16:12:52,7452.61,4,13,2
9944,2024-03-15 06:10:02,4950.95,2,11,2
9945,2024-09-02 10:21:00,7192.94,5,4,2
9946,2025-01-15 00:47:46,10548.05,4,13,2
9947,2024-04-25 08:44:56,17961.56,3,2,3
9948,2024-08-08 23:09:00,5309.81,4,23,2
9949,2024-05-19 09:32:07,17362.85,2,1,27
9950,2023-09-02 11:54:38,4471.56,5,9,3
9951,2024-03-13 21:25:11,5473.64,5,14,2
9952,2024-01-17 20:15:34,3279.30,5,19,5
9953,2024-01-09 14:12:44,10003.13,2,1,2
9954,2024-05-10 14:35:21,4835.69,5,19,2
9955,2023-07-01 01:38:04,3453.04,4,23,2
9956,2024-02-13 03:53:10,21312.18,5,24,4
9957,2024-12-05 02:03:06,1929.08,4,18,3
9958,2023-12-31 02:02:55,7220.19,5,9,2
9959,2025-03-26 14:40:41,12585.03,5,14,2
9960,2024-02-25 21:15:57,4169.13,1,15,2
9961,2024-07-04 12:41:35,7085.28,3,22,2
9962,2024-10-09 16:01:19,4124.91,3,12,2
9963,2024-05-01 13:24:45,9375.47,5,24,2
9964,2024-12-29 08:37:25,7080.18,2,6,5
9965,2023-10-30 23:01:55,5788.67,2,11,2
9966,2025-01-06 03:53:55,8162.13,1,25,2
9967,2024-08-20 00:01:23,12417.12,5,19,2
9968,2024-06-21 07:50:18,2860.41,5,19,2
9969,2023-10-17 04:18:51,6409.21,3,7,2
9970,2025-03-26 05:46:23,1138.28,3,2,3
9971,2024-10-05 00:13:47,1683.44,2,6,21
9972,2025-05-07 03:23:06,21206.16,3,22,3
9973,2024-06-01 03:22:09,12595.53,2,11,2
9974,2024-08-20 10:22:11,366.00,5,4,11
9975,2024-02-24 22:59:37,4355.78,2,21,2
9976,2024-07-20 09:23:28,14668.35,5,19,4
9977,2024-10-07 15:01:11,6517.07,1,10,2
9978,2025-01-05 02:15:21,5299.52,3,17,2
9979,2024-02-02 16:37:57,11096.86,3,22,2
9980,2023-11-10 18:35:33,15106.69,2,1,2
9981,2024-10-24 14:03:03,10220.86,4,18,2
9982,2024-06-10 09:47:46,5149.72,4,23,3
9983,2024-03-06 08:00:58,1684.92,2,16,2
9984,2023-10-28 14:26:48,8595.08,1,5,2
9985,2023-08-21 08:53:22,10066.30,3,17,2
9986,2024-08-21 20:20:06,6479.30,4,3,5
9987,2024-05-17 22:46:10,7966.87,1,25,3
9988,2025-03-12 22:35:49,16686.10,2,1,2
9989,2025-01-31 11:50:37,5861.59,5,19,3
9990,2024-09-05 12:02:23,1535.94,3,22,8
9991,2023-09-15 13:53:47,8912.17,4,18,3
9992,2023-09-01 04:26:51,6991.45,1,5,2
9993,2024-04-07 12:24:15,16128.00,2,1,4
9994,2024-05-30 20:07:58,8340.38,2,1,4
9995,2025-04-07 02:45:44,3343.77,4,3,2
9996,2024-04-20 18:05:32,5276.48,2,1,2
9997,2024-11-06 08:09:05,14103.26,3,12,3
9998,2024-07-05 02:37:03,7949.32,1,15,2
9999,2025-01-28 04:22:46,9595.28,2,11,3
10000,2024-12-30 16:58:25,12701.34,5,4,2
10001,2024-08-02 19:00:03,1179.98,1,20,4
10002,2023-12-23 17:11:37,9001.16,1,25,4
10003,2025-02-04 04:02:05,11273.42,5,4,2
10004,2023-06-17 08:47:11,5554.65,5,19,3
10005,2023-12-09 13:40:27,844.84,4,23,2
10006,2023-07-09 16:14:50,3953.98,2,21,3
10007,2023-06-28 08:28:10,1652.30,4,13,5
10008,2023-12-15 20:29:53,9084.55,2,21,5
10009,2025-02-17 01:23:52,10855.56,2,16,4
10010,2024-12-15 06:29:34,1428.76,3,12,20
10011,2024-03-05 15:33:38,12007.13,4,3,4
10012,2024-08-20 06:34:50,13545.73,1,15,2
10013,2023-09-05 03:16:58,4556.98,3,7,5
10014,2024-12-31 06:09:20,18744.48,1,25,2
10015,2025-02-09 15:14:57,2550.70,5,9,4
10016,2023-08-23 13:23:25,13181.16,5,14,3
10017,2024-05-28 17:04:00,7430.19,4,23,6
10018,2024-03-19 01:44:14,9386.01,3,22,3
10019,2023-11-06 11:55:48,8946.89,4,8,2
10020,2024-11-25 01:21:09,3040.04,1,5,2
10021,2023-07-15 11:38:12,1725.16,2,11,7
10022,2024-11-25 05:47:10,8703.53,1,20,2
10023,2024-10-24 07:15:52,2418.06,5,9,3
10024,2025-04-25 21:53:19,8651.21,2,21,2
10025,2023-06-29 17:46:14,6972.01,5,9,2
10026,2024-07-30 20:56:20,13343.94,5,9,2
10027,2023-06-18 11:16:31,445.08,1,15,3
10028,2024-11-13 03:03:26,6883.91,4,23,2
10029,2025-05-01 08:14:40,2756.70,4,13,2
10030,2025-03-17 18:51:44,12889.67,1,25,2
10031,2023-12-29 19:20:42,11729.54,5,9,6
10032,2024-10-30 00:33:00,11157.35,2,1,2
10033,2025-01-10 01:59:24,2388.20,2,21,2
10034,2024-09-07 22:04:00,5188.27,5,9,5
10035,2023-05-24 05:29:51,12878.79,4,8,6
10036,2024-06-28 10:56:37,16427.29,4,23,5
10037,2024-08-16 07:45:50,12898.32,1,10,3
10038,2025-03-10 07:27:19,12551.16,2,21,18
10039,2024-05-19 11:57:02,10992.77,5,19,3
10040,2024-01-10 18:07:27,1757.24,3,22,2
10041,2024-10-09 09:08:09,10888.39,3,22,4
10042,2024-10-10 12:45:02,8159.91,3,7,3
10043,2023-05-24 20:08:55,11726.92,5,4,2
10044,2024-01-06 01:22:34,7136.81,3,22,2
10045,2023-06-16 14:31:58,12436.06,3,2,2
10046,2024-11-25 17:43:45,2956.14,3,12,2
10047,2023-06-30 10:39:02,9029.29,3,7,2
10048,2024-08-12 00:59:34,15346.53,1,20,2
10049,2024-11-24 22:59:23,9759.16,1,5,2
10050,2024-04-07 03:44:07,4528.49,4,23,2
10051,2024-09-05 15:20:56,14138.45,5,19,2
10052,2023-11-29 13:31:28,4843.01,2,6,5
10053,2024-01-07 08:58:09,13585.88,3,22,2
10054,2024-06-10 08:07:44,19783.96,2,1,3
10055,2025-03-22 05:12:33,4610.21,1,25,3
10056,2024-01-29 19:39:08,13727.88,2,1,2
10057,2025-02-01 17:58:08,1413.14,2,1,4
10058,2024-11-01 04:58:14,5259.38,1,15,2
10059,2024-05-09 12:46:43,5781.84,2,11,2
10060,2024-11-14 01:04:42,19063.59,1,10,3
10061,2025-04-27 01:08:44,3986.51,2,21,3
10062,2023-10-24 11:28:36,15160.89,5,19,2
10063,2023-10-21 12:42:40,8022.91,5,14,7
10064,2024-04-28 14:47:16,7299.09,4,8,11
10065,2024-05-26 08:03:41,426.80,1,25,3
10066,2023-12-06 16:50:39,10611.51,5,19,12
10067,2024-11-24 11:52:37,7208.21,2,21,2
10068,2024-10-19 10:30:09,4988.80,1,25,2
10069,2024-11-04 20:10:55,14758.76,5,19,2
10070,2025-04-04 12:02:46,13971.85,4,3,3
10071,2024-04-18 05:34:35,8466.81,4,18,2
10072,2025-04-04 15:42:35,13235.57,2,6,2
10073,2025-02-28 05:39:03,16931.83,3,12,2
10074,2024-05-17 03:52:32,5023.00,1,10,3
10075,2024-10-17 16:00:13,8930.22,3,12,2
10076,2023-11-24 03:00:05,15035.66,2,16,23
10077,2023-11-21 22:50:57,14900.86,1,10,2
10078,2024-04-21 06:23:31,20478.40,1,10,2
10079,2024-01-31 19:17:19,9627.12,4,23,2
10080,2025-03-28 23:27:18,10058.55,4,13,2
10081,2024-10-21 09:00:10,11985.33,5,9,2
10082,2023-07-16 18:52:29,10516.99,3,2,6
10083,2024-12-26 10:21:33,9061.42,5,14,2
10084,2024-05-15 10:13:03,13548.82,3,2,2
10085,2023-10-02 14:00:56,3932.19,2,11,2
10086,2024-07-10 21:37:17,3366.45,4,18,2
10087,2025-04-16 06:33:20,15986.62,1,10,2
10088,2023-09-19 22:05:29,3655.40,3,12,2
10089,2025-04-10 08:21:02,1627.66,5,24,2
10090,2023-06-21 01:37:51,10558.64,3,2,2
10091,2024-03-04 01:29:13,4740.65,2,11,2
10092,2024-09-14 13:08:31,19450.39,1,20,2
10093,2023-06-16 02:02:09,4690.86,1,20,2
10094,2023-11-16 07:12:12,3333.19,3,7,16
10095,2025-04-19 06:34:51,9139.55,2,11,2
10096,2024-08-18 18:12:42,9933.43,1,15,3
10097,2023-11-14 09:30:23,6133.18,4,13,2
10098,2025-01-26 04:24:53,766.46,3,7,2
10099,2023-12-11 19:07:29,8931.54,5,24,7
10100,2023-06-02 19:43:25,10548.45,2,1,2
10101,2024-09-11 13:24:57,7475.43,2,21,8
10102,2024-06-03 00:57:43,4596.36,3,2,2
10103,2024-11-16 11:06:36,7267.36,4,13,60
10104,2025-03-11 02:06:44,8837.21,3,7,2
10105,2025-03-15 16:49:12,3148.14,2,6,2
10106,2023-08-07 15:23:01,12874.69,2,6,2
10107,2023-10-30 19:28:47,8013.08,3,7,2
10108,2024-06-04 09:06:13,15614.02,2,11,3
10109,2025-02-19 13:06:23,7783.08,1,15,2
10110,2024-05-23 15:34:27,7740.12,5,19,2
10111,2025-05-09 18:54:34,7597.83,5,24,2
10112,2024-11-09 23:52:39,2638.40,4,23,2
10113,2024-01-02 22:02:56,12729.48,1,15,2
10114,2025-01-25 00:21:52,11545.39,2,1,3
10115,2024-01-02 18:21:50,10207.22,3,17,2
10116,2024-07-03 20:21:54,9555.66,4,3,3
10117,2023-12-11 01:56:45,12282.01,4,18,10
10118,2023-11-29 09:53:54,15318.47,5,14,2
10119,2024-08-11 18:03:47,10950.60,1,10,3
10120,2025-04-24 05:48:39,496.84,5,24,3
10121,2023-08-19 09:28:51,8608.62,3,7,3
10122,2025-02-11 12:45:17,7890.33,4,13,2
10123,2024-05-31 01:53:09,7244.37,3,22,2
10124,2024-01-21 02:11:45,1870.10,1,25,2
10125,2023-11-14 12:11:58,10039.41,4,3,2
10126,2025-01-13 14:27:11,2271.15,3,7,2
10127,2024-10-03 21:14:56,9750.79,2,16,2
10128,2024-06-25 12:00:36,5500.14,3,12,16
10129,2023-09-05 19:14:41,7085.97,3,22,2
10130,2024-05-29 01:38:17,15021.55,1,15,2
10131,2023-07-24 02:27:30,6612.78,5,19,2
10132,2023-07-18 16:54:42,3496.49,4,23,2
10133,2025-02-05 08:54:49,8313.56,1,15,2
10134,2023-10-05 18:54:57,11353.95,1,10,2
10135,2023-07-08 13:25:32,7294.25,1,20,2
10136,2024-10-16 13:50:43,9386.34,2,6,4
10137,2023-06-27 09:16:50,14393.89,4,8,3
10138,2025-01-04 10:19:10,7956.00,3,12,2
10139,2025-04-22 14:22:08,10889.17,4,3,2
10140,2024-05-12 10:30:51,8456.07,1,5,3
10141,2024-05-07 01:39:47,16320.68,5,24,102
10142,2023-07-26 17:30:13,11121.53,1,25,2
10143,2025-05-18 09:37:09,11572.74,2,21,2
10144,2025-01-24 17:50:29,6231.21,2,21,3
10145,2024-05-04 22:52:01,5969.42,2,6,2
10146,2023-07-28 14:15:42,16650.65,4,13,2
10147,2023-07-03 15:23:07,232.62,3,22,3
10148,2023-11-15 15:04:22,10136.47,3,7,2
10149,2024-06-06 17:02:23,6181.33,3,12,2
10150,2023-09-12 03:52:31,447.04,3,12,2
10151,2024-09-22 12:33:33,1737.90,4,13,7
10152,2024-06-16 01:13:24,199.02,4,3,2
10153,2023-12-05 19:35:33,3028.00,2,11,2
10154,2024-05-05 11:16:34,14049.93,5,4,2
10155,2023-08-02 07:20:12,7231.61,5,24,2
10156,2024-09-19 03:33:57,12437.19,5,14,4
10157,2025-03-24 13:38:34,1149.69,4,3,4
10158,2023-09-08 06:07:27,20815.26,5,9,6
10159,2023-07-26 10:04:54,2897.35,5,14,3
10160,2025-01-20 17:49:58,101.20,5,19,2
10161,2025-03-13 17:10:44,11515.00,4,8,3
10162,2023-10-25 18:43:31,2635.86,1,15,2
10163,2024-09-25 00:16:58,6265.90,3,2,2
10164,2023-11-19 04:59:19,12141.61,3,7,3
10165,2024-04-04 21:27:59,12707.59,3,22,2
10166,2023-10-15 00:26:29,1801.12,4,8,2
10167,2024-02-07 01:12:15,5714.10,2,1,15
10168,2024-12-10 11:50:02,2751.65,2,21,25
10169,2023-11-30 20:39:54,12783.94,1,20,3
10170,2024-09-21 18:50:57,487.11,4,23,2
10171,2024-08-09 12:22:17,2708.21,2,21,7
10172,2024-07-26 14:00:55,4655.38,4,23,3
10173,2024-06-15 05:56:12,5222.71,1,10,2
10174,2024-05-30 15:47:55,9413.12,4,3,2
10175,2024-02-24 06:23:05,3353.15,5,4,4
10176,2025-02-27 03:43:54,13179.00,3,22,2
10177,2024-05-09 12:13:34,19919.50,5,14,3
10178,2025-02-02 16:35:11,10599.07,2,6,2
10179,2024-06-19 05:20:44,11730.62,5,19,2
10180,2025-04-21 17:07:30,5674.07,2,21,2
10181,2024-02-12 20:19:56,4099.33,4,23,2
10182,2024-08-09 10:00:13,6423.13,2,1,2
10183,2024-12-17 10:50:35,12627.99,4,18,2
10184,2023-08-31 05:43:33,4405.93,1,20,2
10185,2024-11-19 09:14:28,8614.82,3,12,2
10186,2025-03-31 14:54:20,4899.87,4,8,3
10187,2024-06-09 23:14:15,12260.13,3,12,2
10188,2024-11-27 19:25:23,6226.53,3,22,4
10189,2024-12-20 05:44:15,4322.96,1,10,4
10190,2025-03-20 16:19:47,5656.09,4,3,3
10191,2024-10-23 07:05:28,15788.67,3,7,3
10192,2025-02-16 15:14:44,15840.20,5,4,2
10193,2025-05-19 04:53:49,4026.33,3,22,2
10194,2023-09-10 21:12:54,3041.01,4,23,2
10195,2024-01-29 09:28:12,18705.37,1,20,2
10196,2024-03-18 00:26:50,17434.18,1,5,4
10197,2024-03-28 11:51:32,11794.44,2,6,4
10198,2023-08-22 13:43:47,2860.86,2,16,3
10199,2024-07-13 20:28:22,13047.60,5,14,2
10200,2025-02-05 21:43:38,4764.15,3,2,2
10201,2023-06-04 12:28:25,5037.41,2,6,2
10202,2025-04-30 14:20:33,6123.10,1,10,3
10203,2023-06-10 11:50:05,3384.90,3,22,2
10204,2023-12-31 18:49:29,14844.88,2,21,2
10205,2025-05-21 15:39:49,8650.07,1,5,3
10206,2023-08-01 18:29:09,13387.60,5,24,3
10207,2023-09-10 10:15:06,2521.38,5,24,2
10208,2024-08-31 19:34:51,1082.56,3,12,2
10209,2025-04-19 23:43:23,16169.01,3,7,4
10210,2023-12-16 16:10:50,4770.02,4,13,2
10211,2023-08-12 00:57:28,8545.60,4,13,2
10212,2024-07-03 19:12:41,2109.93,4,13,8
10213,2024-04-11 10:16:11,9823.35,2,1,2
10214,2024-04-07 11:44:35,6543.02,2,1,3
10215,2025-01-27 13:16:50,4434.59,4,23,2
10216,2025-02-07 09:09:30,7441.70,5,24,6
10217,2023-10-04 12:41:07,6446.32,5,4,2
10218,2024-07-13 19:14:44,7839.98,5,24,2
10219,2024-05-16 00:01:45,16624.53,1,10,3
10220,2024-03-30 19:28:24,830.26,5,24,2
10221,2024-10-16 15:53:57,7258.43,1,20,2
10222,2024-11-10 23:33:45,4888.12,3,17,2
10223,2024-11-03 05:08:33,11821.76,1,5,2
10224,2023-06-12 05:55:44,6529.41,4,8,54
10225,2024-04-13 06:29:49,2636.86,1,25,3
10226,2025-01-14 19:42:10,3127.65,2,21,4
10227,2025-05-07 23:25:56,6862.80,1,5,2
10228,2023-12-10 05:35:34,7555.23,1,20,5
10229,2024-10-23 06:21:36,17940.39,2,11,2
10230,2024-08-08 06:43:46,9576.34,5,14,4
10231,2023-06-05 17:53:02,9155.82,5,24,2
10232,2023-11-22 03:39:08,12831.49,4,8,2
10233,2023-11-14 02:03:40,383.23,2,1,3
10234,2024-12-29 14:44:08,19164.29,1,10,2
10235,2025-05-12 00:02:52,3422.55,5,19,2
10236,2024-11-20 07:57:54,11310.21,3,17,261
10237,2024-02-17 07:00:53,2166.72,3,12,2
10238,2023-11-08 05:34:54,11138.02,4,18,3
10239,2023-10-14 11:38:45,7382.83,2,1,2
10240,2023-09-29 19:01:15,13351.79,2,21,4
10241,2024-04-05 18:42:22,10342.93,2,11,4
10242,2024-02-17 18:08:11,15765.29,2,16,64
10243,2024-07-21 14:21:27,11025.76,3,22,2
10244,2024-11-26 07:36:03,999.76,2,16,2
10245,2024-04-14 11:54:16,5259.77,1,25,2
10246,2023-09-02 00:48:52,7138.63,2,11,3
10247,2023-10-04 05:22:05,3647.52,4,13,2
10248,2023-10-31 20:00:31,4380.12,3,2,2
10249,2025-01-30 12:18:01,7011.12,4,18,2
10250,2025-05-02 22:05:37,6605.59,2,16,2
10251,2023-08-27 20:56:07,12137.80,4,23,2
10252,2025-05-16 07:51:09,13785.21,1,10,2
10253,2025-02-20 03:20:32,15837.32,2,6,2
10254,2025-05-03 07:45:15,6250.07,1,20,2
10255,2023-05-27 04:02:28,7494.13,1,10,2
10256,2024-02-22 12:16:30,1687.28,1,20,2
10257,2024-03-17 13:10:44,8792.46,2,11,3
10258,2023-10-23 17:12:05,3051.77,4,23,2
10259,2024-04-05 20:28:42,10451.19,4,8,2
10260,2023-12-11 01:03:52,335.18,3,22,2
10261,2024-03-30 06:14:49,14172.90,2,11,2
10262,2024-12-05 04:19:57,18801.03,5,24,2
10263,2023-06-27 07:13:00,8485.87,5,19,2
10264,2025-05-16 14:24:01,12619.87,5,4,7
10265,2024-09-24 18:17:35,11086.06,3,22,9
10266,2024-03-09 00:45:41,13673.21,5,14,2
10267,2023-11-02 10:08:28,3943.35,5,14,3
10268,2024-03-08 21:16:26,2393.72,2,21,3
10269,2024-07-20 19:17:53,5840.61,4,3,3
10270,2024-07-13 12:24:02,3791.07,5,14,2
10271,2023-10-30 08:29:36,8079.70,4,13,4
10272,2024-07-02 06:15:08,10764.21,5,9,3
10273,2025-01-11 03:40:35,6781.21,5,14,12
10274,2024-01-16 13:44:47,36.62,2,11,2
10275,2024-03-20 04:58:51,6683.67,5,9,2
10276,2023-06-30 03:48:36,8157.77,4,3,3
10277,2024-06-06 00:13:43,1095.07,5,24,2
10278,2023-12-30 19:18:30,12823.27,2,1,2
10279,2024-06-13 21:21:19,13705.83,4,13,11
10280,2025-01-09 22:34:35,17408.02,4,18,4
10281,2024-11-17 01:10:07,10129.13,4,23,2
10282,2024-02-15 19:51:11,22618.10,3,17,9
10283,2024-06-15 19:49:43,7724.51,5,24,2
10284,2024-10-13 21:45:07,3386.69,2,16,3
10285,2024-06-11 19:28:32,7829.66,5,19,2
10286,2024-12-17 19:20:29,2706.40,5,14,2
10287,2025-03-08 15:09:12,6306.26,2,6,2
10288,2025-02-07 23:01:06,3960.36,3,12,3
10289,2024-12-26 07:11:39,7288.59,2,21,5
10290,2025-02-19 03:22:07,8204.79,1,10,2
10291,2024-12-11 09:40:14,507.90,1,25,3
10292,2024-06-17 11:32:24,9822.13,2,21,2
10293,2024-12-09 09:24:30,9224.42,3,2,2
10294,2023-07-24 10:37:01,7517.21,3,7,2
10295,2024-02-17 07:51:47,10225.40,4,18,3
10296,2024-01-12 06:25:31,670.36,4,23,2
10297,2023-12-26 07:51:04,1699.83,4,13,22
10298,2024-05-28 21:08:15,1009.66,2,16,17
10299,2025-03-19 11:33:13,5578.90,2,1,3
10300,2025-04-01 00:38:30,15354.29,1,25,2
10301,2025-03-14 17:46:02,1489.74,5,9,4
10302,2024-09-20 21:29:57,7280.91,4,13,3
10303,2023-09-13 02:10:33,8507.26,4,13,2
10304,2025-05-01 04:43:26,7464.54,1,10,7
10305,2025-04-08 03:58:22,9086.65,5,4,2
10306,2025-02-27 20:37:37,12107.36,5,9,22
10307,2023-07-30 22:09:14,7079.66,3,12,6
10308,2024-09-05 14:33:39,5519.48,1,25,70
10309,2025-03-10 11:33:24,928.74,1,10,2
10310,2024-07-03 13:30:21,9044.60,4,13,8
10311,2024-07-02 05:49:26,5291.07,5,19,3
10312,2023-12-16 17:21:01,15887.09,5,9,2
10313,2024-05-21 17:20:10,3067.23,1,20,2
10314,2024-05-30 21:44:34,1266.40,3,22,2
10315,2023-06-19 00:02:46,1955.65,5,4,2
10316,2025-03-04 20:21:09,20733.48,1,10,3
10317,2023-09-02 18:14:47,16458.67,5,14,2
10318,2023-11-18 00:12:35,9567.44,1,20,12
10319,2025-05-01 19:47:13,15035.75,3,12,3
10320,2024-05-17 16:34:46,1725.16,4,8,2
10321,2024-03-13 03:10:51,9288.17,2,16,2
10322,2023-09-14 18:16:48,417.05,5,24,2
10323,2024-08-13 18:51:43,1902.30,3,17,3
10324,2024-08-04 14:12:56,5617.42,3,22,2
10325,2024-02-18 21:33:42,4528.94,2,6,13
10326,2023-06-19 12:13:34,2964.01,1,5,2
10327,2024-11-30 21:09:21,10068.07,5,24,2
10328,2024-11-03 00:12:20,7930.01,1,20,3
10329,2024-03-18 21:27:33,14627.27,2,16,2
10330,2024-01-02 13:16:23,16710.97,2,11,2
10331,2023-11-04 04:29:43,15248.73,5,4,2
10332,2024-07-12 16:21:37,3390.66,4,8,2
10333,2024-12-13 10:14:01,4597.88,2,1,2
10334,2025-03-01 09:51:39,6831.28,2,6,2
10335,2023-11-11 09:04:25,12150.55,3,17,2
10336,2024-05-04 03:52:24,8420.68,5,24,3
10337,2024-04-25 14:21:59,5687.73,3,22,4
10338,2023-09-30 04:24:33,931.20,1,25,2
10339,2024-01-09 15:52:51,908.46,1,5,2
10340,2023-07-03 11:05:06,4030.85,5,14,4
10341,2023-06-08 11:03:29,6630.80,3,17,24
10342,2024-03-17 01:04:28,2491.59,5,19,2
10343,2024-12-13 10:32:09,17924.60,5,4,2
10344,2024-06-13 23:32:47,5210.63,1,5,2
10345,2024-05-08 07:48:21,14667.22,1,10,7
10346,2024-03-02 11:18:33,5606.27,1,5,5
10347,2024-10-22 23:20:06,6917.04,2,21,2
10348,2024-08-29 00:15:21,3102.36,4,13,2
10349,2024-05-18 03:31:09,1989.02,1,10,2
10350,2025-03-02 20:28:28,7003.75,5,14,4
10351,2024-08-27 03:54:00,11367.62,1,20,2
10352,2023-12-03 18:19:16,9353.73,1,15,2
10353,2024-05-09 12:59:18,12546.20,2,11,3
10354,2024-06-16 22:46:38,4583.54,2,1,3
10355,2024-02-09 19:21:31,15289.22,5,4,2
10356,2024-05-24 21:54:11,5522.66,2,11,4
10357,2024-08-19 15:34:08,11523.33,4,13,2
10358,2023-08-01 20:28:46,1533.03,4,3,2
10359,2024-11-13 01:33:07,1366.60,2,6,2
10360,2024-01-03 03:58:24,7454.61,2,6,2
10361,2024-01-28 07:31:31,17913.11,4,18,2
10362,2024-10-12 06:27:42,9677.36,4,23,2
10363,2023-11-20 09:24:03,3477.91,3,12,5
10364,2024-07-12 10:39:44,3514.09,2,6,5
10365,2023-05-23 10:44:41,17046.15,1,5,2
10366,2025-05-12 16:42:05,13772.28,3,7,18
10367,2024-09-30 04:46:56,17386.22,2,1,3
10368,2023-12-10 12:36:22,8609.98,3,17,2
10369,2024-01-06 12:36:53,2898.59,5,9,2
10370,2025-04-16 03:17:52,3994.89,3,7,2
10371,2023-06-28 03:28:56,4283.81,2,1,2
10372,2025-02-24 19:49:16,14625.96,1,20,2
10373,2025-03-31 14:03:42,9207.62,1,15,2
10374,2024-07-03 00:37:37,1368.00,1,15,2
10375,2023-07-17 21:32:33,3825.53,5,19,2
10376,2024-03-04 16:57:12,12090.32,5,19,3
10377,2023-08-31 03:32:26,8246.70,4,18,2
10378,2024-09-26 09:10:34,11142.88,3,12,4
10379,2024-06-06 13:11:03,2853.50,3,2,3
10380,2024-02-25 08:58:01,7110.27,4,3,2
10381,2023-10-08 05:08:09,3713.51,1,10,2
10382,2024-09-23 05:35:09,17276.74,5,14,2
10383,2025-01-06 23:01:05,1624.62,3,7,2
10384,2024-11-03 07:00:46,4106.71,4,8,2
10385,2025-03-23 18:37:07,22121.69,3,12,2
10386,2025-04-12 17:16:05,15588.57,4,13,3
10387,2023-05-28 00:10:24,2947.94,2,21,2
10388,2024-02-17 15:35:53,10188.10,1,5,2
10389,2024-01-09 22:17:52,13891.52,2,16,2
10390,2024-07-29 12:10:34,10527.93,5,24,2
10391,2024-01-18 17:58:26,402.40,4,3,5
10392,2023-08-28 23:23:21,7508.85,3,7,2
10393,2023-12-12 03:02:46,7746.10,5,4,6
10394,2023-09-23 03:26:09,2635.86,5,14,2
10395,2024-09-15 23:04:57,1244.27,4,18,3
10396,2023-12-27 15:00:20,5352.93,4,18,10
10397,2024-11-12 21:52:23,598.43,4,3,4
10398,2024-01-27 01:17:03,4799.25,2,16,2
10399,2023-10-11 07:22:12,12773.00,3,17,6
10400,2024-10-29 06:17:16,1837.54,1,25,3
10401,2025-02-02 06:33:47,14687.54,1,25,2
10402,2023-07-11 09:27:29,7340.30,4,23,2
10403,2023-06-17 10:02:48,13316.73,2,11,2
10404,2023-06-26 10:50:51,11303.39,1,20,2
10405,2024-11-23 10:52:33,13510.55,5,9,3
10406,2023-05-24 17:00:25,5608.95,1,15,2
10407,2023-06-02 04:50:23,1014.20,4,18,2
10408,2024-04-11 04:05:54,8510.98,5,19,2
10409,2024-09-04 07:49:50,14828.70,4,18,2
10410,2024-04-05 11:24:04,5077.42,2,16,2
10411,2024-10-13 08:22:15,5566.62,3,17,2
10412,2023-05-25 12:34:54,4733.45,2,6,2
10413,2024-09-26 01:50:05,6021.03,2,11,2
10414,2023-08-20 06:10:50,8366.76,2,16,4
10415,2025-01-06 18:17:01,5367.39,4,18,2
10416,2023-12-08 14:12:24,2027.56,5,14,3
10417,2023-07-15 05:01:16,7280.84,5,24,2
10418,2024-06-15 01:08:56,2443.72,3,17,2
10419,2025-03-17 21:22:41,8443.02,1,20,2
10420,2024-08-08 16:44:33,1832.79,4,18,2
10421,2023-07-03 06:25:51,12311.29,5,9,68
10422,2024-12-02 16:33:38,10368.19,5,9,2
10423,2024-12-02 06:24:38,14488.53,4,23,2
10424,2023-09-13 00:54:00,17100.17,4,23,4
10425,2023-05-30 00:21:36,10749.39,5,14,2
10426,2024-06-09 18:15:10,18167.36,2,11,2
10427,2024-02-06 05:33:04,10202.19,4,8,3
10428,2023-08-14 22:54:22,14164.03,5,24,3
10429,2024-01-15 02:31:15,9861.01,4,3,2
10430,2024-08-16 19:03:44,11929.68,4,8,2
10431,2024-05-04 21:08:27,10223.26,2,6,2
10432,2024-09-29 20:37:11,9587.82,2,11,3
10433,2023-11-05 12:10:44,9733.47,1,10,3
10434,2024-07-11 04:41:59,6828.21,1,25,2
10435,2025-03-20 03:00:28,274.50,3,12,4
10436,2023-12-08 10:19:36,2887.68,2,11,2
10437,2024-03-28 02:16:51,4637.00,3,2,2
10438,2023-11-27 13:44:04,2707.70,1,25,2
10439,2023-10-30 00:56:33,13222.59,5,19,6
10440,2024-04-28 03:08:47,3991.28,1,10,3
10441,2023-07-22 18:28:38,751.17,3,7,2
10442,2023-08-20 08:06:01,14794.77,1,15,10
10443,2024-09-09 06:12:37,13947.84,5,19,16
10444,2023-10-14 16:34:12,10697.30,1,25,2
10445,2023-10-05 00:13:14,1457.14,3,12,2
10446,2024-09-07 14:54:55,9476.88,5,24,2
10447,2024-06-05 17:47:43,21318.29,5,24,2
10448,2025-02-13 11:53:39,7111.64,3,22,5
10449,2025-04-24 16:00:31,4447.20,1,10,2
10450,2025-01-04 06:40:10,10356.97,5,24,2
10451,2024-05-11 21:25:08,13751.75,5,4,2
10452,2024-08-13 18:55:09,3539.62,3,22,2
10453,2025-01-23 05:37:51,7684.68,1,5,37
10454,2023-10-16 23:08:16,2740.71,3,22,2
10455,2023-08-12 04:15:51,14980.13,1,25,2
10456,2025-04-12 00:20:40,11353.08,2,21,2
10457,2024-03-11 17:10:33,7577.85,5,14,2
10458,2024-03-11 11:29:18,10829.49,5,4,4
10459,2025-02-03 16:13:59,8538.78,2,1,2
10460,2023-11-04 15:40:36,6082.26,5,24,2
10461,2023-10-30 08:39:52,1322.90,2,6,2
10462,2025-01-17 11:09:07,12266.92,4,8,8
10463,2023-11-12 17:31:07,4373.00,1,15,2
10464,2025-02-08 08:19:54,3139.94,5,19,2
10465,2024-04-04 13:28:03,17144.39,2,1,2
10466,2025-01-18 14:43:10,9193.35,3,17,2
10467,2023-11-01 05:45:20,11142.13,2,16,2
10468,2023-10-24 10:31:24,8621.17,5,4,2
10469,2023-12-30 03:03:15,9235.54,3,17,3
10470,2024-12-08 22:08:33,12306.69,4,13,2
10471,2024-06-18 18:21:30,10882.39,1,15,2
10472,2024-07-31 10:50:15,10622.89,2,16,9
10473,2023-11-26 15:27:21,10337.97,3,7,2
10474,2024-08-31 21:29:49,3277.77,3,22,3
10475,2023-10-08 09:55:38,16830.63,3,2,3
10476,2023-06-13 07:42:13,5723.66,3,7,27
10477,2023-12-03 09:02:34,4061.27,3,12,3
10478,2024-01-16 21:38:21,10034.52,3,22,4
10479,2023-09-16 08:40:38,1786.18,4,3,2
10480,2024-02-14 23:28:45,17340.44,5,14,2
10481,2024-11-18 22:56:51,10968.52,3,22,3
10482,2023-08-29 07:22:22,2249.38,3,12,2
10483,2024-12-26 14:22:12,17663.79,4,13,2
10484,2025-03-24 04:00:16,1725.16,2,16,3
10485,2023-09-19 23:38:39,6145.41,5,9,2
10486,2023-12-22 12:45:42,5732.56,2,16,8
10487,2024-07-30 10:32:29,931.20,1,10,2
10488,2024-01-24 18:15:48,1763.64,1,15,2
10489,2023-10-24 19:20:40,8574.06,1,5,2
10490,2023-10-12 01:30:30,7760.70,2,16,2
10491,2025-04-04 01:04:24,2819.99,1,5,3
10492,2024-03-16 03:00:46,18026.53,2,21,4
10493,2025-05-13 11:33:07,1878.55,1,20,3
10494,2024-02-07 06:48:07,11713.45,4,18,3
10495,2023-11-08 18:29:00,3482.97,4,13,3
10496,2025-04-07 03:18:15,11510.06,4,18,2
10497,2025-03-13 00:46:47,856.04,5,4,2
10498,2025-01-13 14:18:46,6521.63,3,22,5
10499,2023-12-24 16:07:31,7319.14,2,6,2
10500,2023-07-16 18:12:10,9159.18,4,23,2
10501,2023-08-03 16:47:45,9055.60,2,6,2
10502,2024-04-13 20:36:59,5969.84,2,11,4
10503,2024-10-04 10:00:13,5940.99,3,2,5
10504,2024-06-28 01:52:43,15451.18,2,21,2
10505,2024-05-09 09:20:23,7494.22,4,13,2
10506,2024-06-03 22:32:53,2775.62,3,17,2
10507,2025-02-17 09:33:21,10573.42,2,11,2
10508,2023-05-25 23:20:37,14596.03,2,1,3
10509,2023-12-07 15:56:44,4775.23,3,7,2
10510,2024-10-04 08:15:46,8195.34,1,5,2
10511,2024-03-28 09:18:57,15563.87,1,15,2
10512,2024-12-31 04:08:40,5117.93,2,6,2
10513,2024-09-03 16:17:32,4113.51,5,24,2
10514,2023-05-29 01:14:20,11079.30,5,4,2
10515,2023-11-21 10:28:35,6824.55,3,2,2
10516,2024-06-15 04:18:14,10365.85,4,18,4
10517,2024-10-31 12:05:29,7231.73,2,21,9
10518,2023-11-30 03:08:32,12575.76,1,5,2
10519,2024-02-01 00:05:40,11272.89,1,25,2
10520,2024-11-18 03:47:05,11648.02,3,12,2
10521,2025-04-22 01:21:45,6089.02,1,10,3
10522,2024-12-26 04:06:26,547.20,4,3,2
10523,2024-12-31 14:45:48,9633.27,3,2,2
10524,2024-01-24 13:07:46,4737.18,4,18,2
10525,2023-07-14 19:08:44,7083.95,5,9,2
10526,2024-02-16 03:14:34,16743.86,1,25,2
10527,2024-07-28 06:31:51,9389.03,1,20,7
10528,2023-09-04 08:22:37,16955.82,1,10,2
10529,2023-11-17 20:34:57,12912.87,5,19,2
10530,2024-04-07 23:49:51,9733.33,1,5,5
10531,2023-07-29 05:19:44,6810.57,4,13,2
10532,2024-12-14 11:16:39,3508.95,2,11,2
10533,2025-01-19 16:54:34,9242.98,3,2,2
10534,2024-07-01 16:51:57,8556.77,3,17,2
10535,2024-04-28 20:36:46,2022.85,1,25,2
10536,2024-08-15 10:21:48,1684.92,5,9,17
10537,2024-05-19 15:18:48,2189.83,4,8,7
10538,2024-11-30 04:37:45,6311.82,3,17,2
10539,2024-06-06 10:48:57,4030.10,3,7,2
10540,2023-06-27 10:59:09,4386.36,1,15,2
10541,2023-07-09 20:58:31,10339.88,1,5,2
10542,2023-08-19 13:45:21,9999.25,3,22,6
10543,2023-11-17 18:05:18,4678.49,5,19,2
10544,2024-01-09 01:36:41,14337.07,2,16,2
10545,2024-07-25 06:06:54,8607.96,3,12,3
10546,2024-09-02 00:00:34,1733.14,1,20,4
10547,2024-11-04 06:17:03,11519.67,3,22,2
10548,2025-04-17 14:09:55,5742.12,4,8,2
10549,2023-07-29 12:28:54,5693.04,2,11,2
10550,2024-12-30 11:15:46,1912.53,5,24,2
10551,2025-05-04 10:02:56,12868.30,1,5,3
10552,2025-01-27 00:38:10,1625.04,4,8,2
10553,2024-10-03 01:39:14,8435.78,1,5,7
10554,2023-07-19 09:00:45,14438.43,2,11,29
10555,2024-03-30 08:03:52,8123.89,4,3,2
10556,2024-06-03 02:35:52,7820.16,4,13,4
10557,2024-10-31 21:00:40,7934.51,1,20,4
10558,2023-11-05 18:12:38,366.00,4,13,6
10559,2024-03-27 09:12:54,6223.56,3,22,2
10560,2025-01-17 23:10:29,4594.50,1,10,3
10561,2025-05-17 23:27:46,15985.62,4,18,2
10562,2025-03-02 11:33:16,16751.85,3,7,2
10563,2024-09-21 04:45:40,1044.92,2,6,2
10564,2023-09-21 16:41:15,10202.24,2,6,2
10565,2023-09-13 03:38:34,11778.39,4,8,2
10566,2025-05-01 07:23:48,9671.93,2,16,2
10567,2024-07-30 22:58:23,10941.95,5,24,2
10568,2023-12-05 13:36:44,14084.77,2,6,2
10569,2024-01-31 20:46:56,8730.72,3,7,3
10570,2024-07-12 02:55:39,1474.66,2,11,2
10571,2023-10-06 06:02:39,6001.30,5,9,2
10572,2024-05-19 08:04:20,1728.96,1,15,2
10573,2023-07-20 21:16:35,3658.90,3,22,2
10574,2024-01-25 10:08:21,11019.00,4,8,2
10575,2024-09-18 09:56:17,14547.58,1,15,3
10576,2024-08-17 06:23:48,11756.98,4,8,2
10577,2024-04-28 22:24:13,13178.03,2,16,2
10578,2025-02-11 01:01:02,6573.50,2,16,3
10579,2024-11-27 12:12:34,14277.86,2,1,2
10580,2023-10-28 22:16:07,3176.01,4,8,38
10581,2023-06-14 15:16:39,1576.66,3,17,16
10582,2023-08-14 23:14:35,6836.61,4,8,5
10583,2024-09-02 15:28:36,15072.19,2,21,2
10584,2024-07-29 18:49:41,8471.48,4,8,2
10585,2025-03-04 07:49:28,5785.75,2,6,6
10586,2023-08-15 15:16:27,8737.62,3,7,2
10587,2025-01-15 16:18:16,8990.00,5,24,2
10588,2025-02-04 02:07:47,8365.03,4,18,2
10589,2024-11-04 08:31:07,6998.65,3,17,2
10590,2024-10-30 10:14:05,5379.86,5,4,9
10591,2024-06-05 03:19:54,109.86,3,17,6
10592,2025-02-09 05:24:32,10910.80,4,8,3
10593,2024-12-04 12:41:39,23322.63,5,9,4
10594,2024-06-12 01:26:14,758.10,5,19,2
10595,2025-01-18 18:13:48,16213.81,5,4,2
10596,2024-05-16 18:11:29,3789.99,2,16,2
10597,2024-03-06 17:09:57,7504.31,4,23,6
10598,2023-11-23 11:04:11,12266.65,3,12,8
10599,2024-10-03 02:03:55,202.84,4,8,2
10600,2023-12-15 11:59:22,6390.96,4,18,2
10601,2025-01-27 05:50:00,13037.14,3,2,4
10602,2023-07-09 05:40:13,16700.21,1,15,2
10603,2023-08-24 04:47:38,9074.13,1,25,6
10604,2025-02-14 03:30:54,13335.51,5,4,3
10605,2024-05-25 10:42:50,17260.26,3,22,3
10606,2023-05-24 08:41:32,12826.95,1,10,196
10607,2024-01-12 04:58:37,10198.21,4,8,2
10608,2024-02-24 11:17:56,3409.40,2,16,7
10609,2024-12-03 10:22:07,5490.75,1,10,4
10610,2024-08-28 10:46:48,8260.51,2,1,5
10611,2024-04-15 09:30:15,16718.95,2,16,2
10612,2023-11-23 19:30:07,10953.39,4,23,4
10613,2024-04-22 06:01:20,3709.88,4,8,3
10614,2024-07-10 08:30:14,4789.53,3,22,2
10615,2024-02-23 06:29:58,8070.18,3,12,2
10616,2024-10-10 01:01:06,2570.23,2,16,2
10617,2024-08-18 04:30:06,2658.06,2,11,15
10618,2025-01-05 17:15:39,10694.71,1,15,2
10619,2023-12-13 13:13:57,3980.68,5,9,5
10620,2023-09-17 14:35:25,1967.48,3,22,4
10621,2024-09-21 08:11:05,2811.33,3,7,7
10622,2024-11-28 16:31:50,14337.00,5,19,18
10623,2023-07-22 01:34:18,4420.01,1,15,3
10624,2023-12-24 13:32:56,12441.74,2,11,37
10625,2024-06-28 09:18:58,5858.40,3,2,2
10626,2024-10-18 23:46:46,7202.83,2,1,2
10627,2024-09-13 01:30:20,8877.43,4,23,3
10628,2024-11-01 08:02:40,4781.97,3,2,2
10629,2024-06-30 15:29:57,13126.06,2,1,11
10630,2024-04-30 12:27:36,10357.30,3,12,2
10631,2025-04-02 10:21:47,2788.95,3,17,2
10632,2023-08-24 06:12:16,3351.65,5,24,2
10633,2025-02-03 09:53:12,13406.07,1,5,4
10634,2023-08-17 22:43:46,167.59,1,15,5
10635,2024-06-14 20:04:46,3476.73,1,15,3
10636,2024-11-27 19:47:03,6005.10,3,7,3
10637,2023-11-05 10:15:53,2415.10,1,20,3
10638,2023-10-23 12:26:50,13938.69,1,20,2
10639,2024-12-26 02:14:44,3503.13,2,16,2
10640,2023-08-01 03:37:47,15498.09,3,17,2
10641,2025-03-03 08:00:58,6865.97,3,2,76
10642,2024-04-27 21:47:08,9592.42,3,2,3
10643,2024-08-27 19:07:22,9355.76,1,5,2
10644,2024-02-05 10:04:23,3424.49,3,12,2
10645,2024-10-19 23:29:01,11634.54,5,14,2
10646,2024-09-09 18:28:01,12653.47,3,22,2
10647,2024-12-27 12:24:59,2139.15,2,1,7
10648,2024-05-11 21:05:10,14260.09,4,3,3
10649,2024-01-08 00:02:01,6326.29,5,4,2
10650,2024-12-24 18:09:16,11945.59,4,13,3
10651,2023-08-31 03:14:50,6987.74,5,9,2
10652,2023-07-22 17:56:53,9623.08,2,1,3
10653,2024-10-16 05:16:09,2813.24,5,9,2
10654,2024-11-10 10:29:32,12921.68,3,7,2
10655,2024-11-14 19:46:12,1885.20,5,14,3
10656,2023-08-11 15:32:51,922.94,2,11,2
10657,2025-04-25 10:10:12,4002.89,5,9,2
10658,2023-08-22 19:04:56,947.54,3,17,2
10659,2023-05-26 15:54:26,11189.06,1,5,4
10660,2024-08-15 07:05:48,16020.37,1,20,2
10661,2023-10-04 06:28:20,12374.76,2,6,3
10662,2024-01-13 01:12:03,6168.26,5,14,2
10663,2023-12-03 23:09:26,5756.02,5,9,2
10664,2025-01-25 14:08:15,4945.00,4,3,4
10665,2024-11-16 23:52:02,14008.50,4,8,2
10666,2024-08-18 22:11:52,11729.46,1,10,2
10667,2024-05-22 07:21:47,8733.95,1,20,2
10668,2025-04-27 08:02:11,13957.97,5,4,2
10669,2024-11-27 04:09:25,8995.96,3,12,2
10670,2024-11-03 17:00:32,4558.52,3,2,2
10671,2024-10-24 18:55:41,15531.43,4,23,2
10672,2024-01-15 20:11:03,6556.71,4,13,2
10673,2025-03-25 09:14:33,12894.00,5,14,2
10674,2023-06-14 15:34:15,1431.78,2,11,2
10675,2024-10-10 00:20:24,4801.24,5,24,2
10676,2023-06-02 01:59:38,8437.59,3,22,2
10677,2024-07-14 03:54:40,1844.64,1,25,88
10678,2023-05-28 12:52:11,4986.25,3,12,7
10679,2024-01-09 04:45:05,3816.20,1,25,2
10680,2024-01-29 00:05:53,7306.86,4,13,2
10681,2025-03-17 00:32:50,4396.02,4,3,2
10682,2025-04-18 07:46:50,12835.18,1,5,2
10683,2025-05-13 21:19:12,11764.25,2,1,2
10684,2024-01-29 02:06:18,16918.53,1,5,2
10685,2023-08-02 13:48:29,1104.46,4,18,2
10686,2025-03-12 01:27:02,16855.05,3,22,2
10687,2023-06-30 13:31:47,21934.22,5,4,2
10688,2023-11-19 05:42:05,5618.36,1,15,4
10689,2025-02-02 21:44:50,2100.74,4,3,3
10690,2024-06-03 05:41:59,4800.25,4,18,3
10691,2025-01-15 10:02:46,202.40,5,14,2
10692,2024-02-28 08:12:10,10742.89,3,17,2
10693,2023-08-13 04:27:23,9280.44,2,6,2
10694,2023-09-18 01:56:36,1814.88,1,20,2
10695,2024-04-14 20:05:32,1536.76,3,7,3
10696,2023-08-21 03:20:55,7255.04,1,20,2
10697,2023-11-14 21:06:01,16341.14,5,14,2
10698,2024-01-15 15:45:52,11079.13,1,5,2
10699,2023-12-07 06:08:35,5973.71,3,2,2
10700,2025-05-13 00:19:23,1125.19,1,10,2
10701,2024-09-07 01:20:49,6500.70,2,21,2
10702,2024-04-11 04:03:30,8193.60,2,11,3
10703,2025-03-11 02:30:27,15473.74,3,17,2
10704,2024-11-19 21:53:22,12009.33,3,12,2
10705,2024-07-18 02:12:43,151.80,5,19,3
10706,2024-12-28 12:14:30,6385.98,3,22,2
10707,2024-09-14 14:47:57,2517.00,3,2,2
10708,2023-11-22 14:12:27,3550.41,4,3,48
10709,2024-09-07 10:53:10,7017.46,5,14,2
10710,2025-03-06 05:12:25,562.96,4,3,21
10711,2023-08-18 02:31:31,1366.60,2,16,2
10712,2023-12-31 15:04:51,1569.91,3,7,45
10713,2023-07-31 13:53:20,12877.69,3,17,4
10714,2023-05-29 03:02:58,15240.33,4,18,2
10715,2023-12-12 01:34:12,9964.68,1,25,2
10716,2025-04-12 05:51:08,12227.68,2,1,4
10717,2023-10-01 01:48:32,14069.54,5,24,2
10718,2024-03-04 20:32:33,10435.31,2,16,6
10719,2023-11-08 08:50:16,6486.72,3,12,2
10720,2024-07-17 01:37:21,4040.18,5,19,2
10721,2025-05-03 02:58:23,1832.79,5,19,2
10722,2024-08-09 04:48:56,5569.30,2,11,2
10723,2023-06-05 13:36:47,4672.57,4,8,2
10724,2025-05-19 08:28:42,3606.40,1,25,3
10725,2025-03-10 08:45:25,3191.94,2,11,2
10726,2024-09-09 15:55:22,11333.44,2,1,3
10727,2025-02-07 10:39:47,4431.36,5,19,2
10728,2025-04-25 06:07:40,1864.18,4,3,2
10729,2025-01-26 14:22:22,10009.49,5,9,2
10730,2024-07-25 14:11:25,17447.64,5,24,2
10731,2024-08-02 13:53:28,5053.43,2,1,3
10732,2025-05-01 04:51:42,19488.37,2,6,3
10733,2024-11-08 17:12:45,5949.25,1,20,2
10734,2023-06-02 05:58:13,4373.44,2,11,2
10735,2024-01-25 10:38:24,9840.72,5,19,2
10736,2024-10-07 10:33:02,4406.30,2,1,6
10737,2023-12-31 05:44:49,15807.14,2,1,2
10738,2024-01-21 02:41:43,1508.16,5,4,3
10739,2023-07-18 11:14:53,3958.28,1,15,4
10740,2023-06-13 23:50:44,10313.64,5,9,2
10741,2023-06-29 05:47:02,11704.21,5,4,2
10742,2025-03-08 05:31:46,4788.42,2,11,2
10743,2023-09-17 15:50:49,9421.24,2,16,2
10744,2023-07-02 18:37:25,14319.32,4,18,38
10745,2024-12-29 01:55:33,5682.32,5,24,2
10746,2024-02-27 07:19:54,14705.05,2,21,2
10747,2024-05-12 20:53:12,3275.65,2,16,5
10748,2024-10-03 00:27:35,3919.08,5,14,3
10749,2023-12-25 00:16:42,3332.34,5,19,4
10750,2024-12-21 04:06:27,6780.03,2,1,2
10751,2024-10-11 06:54:06,6538.48,4,8,14
10752,2024-08-16 08:23:01,4150.36,1,20,2
10753,2023-11-28 10:44:06,12058.63,4,13,2
10754,2025-04-20 23:55:19,3735.37,4,13,2
10755,2025-05-20 15:11:04,10820.31,1,5,2
10756,2024-01-23 16:54:48,3541.38,1,10,4
10757,2023-12-26 18:37:17,12609.56,2,21,3
10758,2024-03-11 02:25:13,12718.54,1,20,3
10759,2025-02-25 13:27:31,7876.46,1,15,4
10760,2024-02-18 02:36:08,17067.45,2,21,4
10761,2025-02-12 16:31:32,12702.07,4,18,3
10762,2024-05-21 05:46:53,5137.55,1,10,7
10763,2023-10-08 20:16:31,11888.21,5,4,2
10764,2023-07-15 07:42:05,7279.03,3,2,3
10765,2024-01-26 00:06:58,6360.52,5,19,13
10766,2023-05-23 16:20:44,11354.13,2,21,2
10767,2023-12-04 15:26:29,2964.11,5,4,5
10768,2024-02-24 15:40:38,10844.75,5,24,3
10769,2025-03-03 01:29:11,9228.15,1,25,2
10770,2025-02-02 00:57:59,18307.72,2,1,5
10771,2024-05-19 02:14:04,9560.22,2,1,2
10772,2024-07-31 18:59:06,8298.60,5,4,5
10773,2025-02-19 11:17:21,12765.76,4,8,2
10774,2023-11-09 10:46:52,4790.98,5,9,2
10775,2024-04-04 16:53:32,5069.79,5,9,5
10776,2024-05-30 15:00:30,13559.86,4,18,3
10777,2023-05-30 22:21:31,15328.16,3,2,2
10778,2025-04-05 13:13:43,3115.07,4,23,3
10779,2023-11-20 16:19:38,4901.32,1,10,6
10780,2024-02-28 18:03:23,12522.28,5,19,2
10781,2024-04-25 18:39:41,12558.67,4,18,2
10782,2024-01-25 00:28:15,12196.15,5,9,2
10783,2024-08-07 08:33:31,2264.65,3,7,2
10784,2025-04-28 10:01:16,16758.74,1,10,2
10785,2025-01-05 03:28:47,6688.44,1,10,2
10786,2024-12-05 13:34:23,12824.20,4,23,2
10787,2024-06-07 21:14:16,6186.32,5,9,2
10788,2023-11-24 10:16:29,13247.74,5,9,43
10789,2025-03-14 23:39:43,10811.25,4,3,3
10790,2025-05-12 02:44:45,14002.59,1,25,2
10791,2024-09-09 04:12:50,9129.63,5,9,3
10792,2025-03-06 23:37:49,17864.37,3,17,2
10793,2023-07-05 22:43:11,1366.60,4,8,2
10794,2025-02-01 09:23:43,2143.14,2,21,2
10795,2024-03-12 12:45:12,3468.51,5,9,2
10796,2025-04-29 04:38:01,5728.94,3,12,2
10797,2023-07-27 09:12:24,6494.18,1,10,5
10798,2024-11-26 06:56:10,4485.76,4,13,16
10799,2023-09-02 05:55:31,6071.18,5,9,2
10800,2024-04-20 03:31:59,12470.66,3,17,2
10801,2024-01-15 12:15:52,6975.97,5,24,2
10802,2025-03-10 18:33:01,11338.07,5,4,2
10803,2023-06-01 02:07:22,5562.77,1,20,5
10804,2024-11-22 05:02:32,13533.80,2,11,3
10805,2024-06-12 20:17:10,3663.47,5,9,3
10806,2023-11-17 05:03:25,2658.06,5,9,4
10807,2024-10-08 15:26:03,467.62,5,9,2
10808,2023-07-09 16:24:56,7705.67,1,15,2
10809,2025-05-19 14:30:02,9710.16,3,17,2
10810,2024-06-18 15:53:22,9855.10,1,15,2
10811,2024-06-09 23:01:09,5927.02,5,4,2
10812,2024-06-26 03:39:44,12229.25,4,18,2
10813,2024-11-14 18:09:46,1423.07,1,25,65
10814,2023-12-13 17:49:39,17746.19,2,1,3
10815,2023-08-30 12:17:12,1153.73,1,10,2
10816,2024-02-11 22:23:57,6280.18,3,17,2
10817,2024-11-12 11:43:48,5362.10,3,12,8
10818,2025-05-21 06:25:18,21213.62,3,22,2
10819,2024-02-17 05:19:11,15830.52,1,25,2
10820,2024-01-07 13:39:44,4676.09,4,18,3
10821,2025-02-04 23:19:02,202.46,2,11,2
10822,2023-10-31 08:18:55,12825.21,4,3,7
10823,2024-06-06 16:15:10,16012.71,2,1,2
10824,2023-12-10 01:25:07,9206.80,1,10,11
10825,2025-03-12 18:59:42,14110.80,5,9,2
10826,2024-06-22 23:28:34,2531.19,5,14,2
10827,2024-12-12 20:26:54,232.90,2,11,15
10828,2023-06-19 01:22:10,7889.87,3,22,3
10829,2024-05-05 20:50:50,16214.43,2,1,2
10830,2024-05-31 01:52:28,1923.55,3,2,19
10831,2023-10-22 15:43:29,10202.51,5,4,2
10832,2024-02-21 03:48:51,9980.07,2,1,2
10833,2024-12-18 13:59:34,531.47,3,2,2
10834,2024-07-18 22:51:26,8487.28,3,22,5
10835,2024-07-08 05:24:39,1082.56,4,3,2
10836,2024-03-10 06:45:14,612.28,1,20,7
10837,2024-04-11 20:16:36,4885.62,5,14,2
10838,2023-07-03 15:07:17,12931.35,3,17,2
10839,2024-10-18 08:52:44,14261.31,5,24,2
10840,2024-05-06 23:31:10,17535.63,5,19,2
10841,2024-08-07 17:39:34,7843.05,5,24,49
10842,2025-04-13 02:10:14,4176.94,1,15,2
10843,2024-03-29 23:41:33,9539.95,5,19,3
10844,2024-12-09 11:22:09,15392.88,5,24,2
10845,2023-06-10 13:43:55,11282.68,3,17,2
10846,2023-11-27 14:57:31,4820.98,4,13,28
10847,2023-10-13 21:28:13,9995.49,4,8,2
10848,2025-04-05 06:06:35,3498.25,3,12,4
10849,2023-09-22 03:01:52,109.86,2,16,2
10850,2024-12-27 13:04:30,19478.54,2,16,3
10851,2025-04-28 02:23:28,7020.28,4,3,2
10852,2023-05-26 18:43:30,18095.59,5,14,2
10853,2024-07-02 15:43:12,15837.27,3,12,3
10854,2024-12-30 02:47:02,7712.09,5,19,3
10855,2023-06-16 06:57:56,2118.24,5,19,3
10856,2025-01-25 15:12:56,4907.42,1,20,490
10857,2024-08-02 07:09:11,6450.46,4,13,2
10858,2024-06-22 10:16:11,853.84,2,1,2
10859,2025-04-18 00:29:59,4353.93,4,3,2
10860,2024-06-26 10:17:32,13691.58,2,16,2
10861,2024-03-02 23:11:50,12655.86,1,25,2
10862,2024-03-07 23:54:20,4321.48,4,3,6
10863,2023-09-14 13:00:06,3439.18,2,6,2
10864,2024-06-16 22:26:26,2450.82,3,12,2
10865,2024-09-10 22:36:29,10981.81,5,9,2
10866,2024-08-07 12:57:53,7979.49,4,3,2
10867,2024-09-07 13:29:37,4506.35,2,21,6
10868,2025-04-15 12:29:19,19241.81,5,9,3
10869,2023-06-03 06:26:37,605.71,4,23,11
10870,2024-06-30 22:48:58,825.52,1,15,2
10871,2024-02-13 13:32:41,24368.49,3,12,3
10872,2024-12-23 17:48:13,3537.94,1,25,2
10873,2023-10-01 10:29:33,542.80,5,14,2
10874,2023-10-17 04:58:44,9205.15,5,24,16
10875,2023-08-13 20:01:10,13323.54,4,3,4
10876,2023-06-28 15:28:29,11157.91,1,15,2
10877,2024-03-17 08:29:43,4397.98,5,14,2
10878,2025-05-12 10:23:59,3421.63,3,2,2
10879,2024-11-29 01:30:34,12927.68,4,18,42
10880,2023-06-04 02:14:24,6225.04,5,19,2
10881,2025-04-20 21:56:46,2916.09,2,16,2
10882,2023-09-12 07:23:40,7637.16,1,15,2
10883,2023-05-26 02:52:16,11282.01,4,3,2
10884,2023-07-30 13:43:51,3279.10,4,18,4
10885,2025-01-30 13:27:24,3385.31,3,22,2
10886,2023-05-29 00:10:22,15839.37,5,19,2
10887,2025-03-10 11:51:50,2932.29,4,18,3
10888,2024-11-20 13:35:21,9729.32,5,4,24
10889,2023-08-01 07:57:43,8485.13,5,9,2
10890,2023-11-20 17:40:59,13739.76,3,12,3
10891,2024-01-11 08:19:49,13121.25,4,8,2
10892,2024-05-13 03:11:56,7031.03,3,2,2
10893,2024-03-10 01:24:18,6693.78,4,3,2
10894,2025-02-21 05:16:07,6636.67,2,16,2
10895,2024-07-10 08:45:51,6206.27,4,18,7
10896,2023-10-21 19:58:38,19676.95,4,13,3
10897,2025-04-06 13:17:32,3973.59,5,24,2
10898,2024-02-22 17:21:56,7841.43,1,10,2
10899,2024-08-07 17:16:16,17457.37,4,13,2
10900,2025-01-18 08:31:06,14856.33,2,21,2
10901,2023-08-21 14:03:59,8155.76,2,1,12
10902,2024-09-17 12:55:52,13169.57,3,7,2
10903,2025-02-15 07:54:03,8954.04,4,23,3
10904,2025-04-22 06:26:00,14197.44,4,13,2
10905,2023-10-21 01:24:19,11750.40,4,3,2
10906,2024-06-17 01:50:37,11815.75,4,8,2
10907,2023-10-30 20:01:52,9439.34,2,11,2
10908,2024-06-26 19:14:09,11942.79,2,21,2
10909,2023-08-02 05:18:13,5196.12,4,3,2
10910,2024-11-10 02:50:49,5066.95,1,15,12
10911,2024-12-18 20:28:55,8380.83,4,23,3
10912,2024-07-11 16:35:59,12060.88,4,23,6
10913,2024-08-16 19:44:15,6234.89,5,9,5
10914,2024-09-24 08:29:29,10887.03,5,19,2
10915,2024-04-16 18:51:50,11155.95,3,22,4
10916,2024-06-25 19:41:15,788.15,1,20,2
10917,2025-03-13 08:39:31,12252.00,5,24,2
10918,2023-06-24 16:24:28,12727.31,4,3,2
10919,2023-07-25 20:49:13,21639.14,1,25,5
10920,2024-09-13 09:18:42,8231.24,5,9,3
10921,2024-02-01 12:18:14,3228.06,1,25,2
10922,2024-02-04 10:18:11,13801.80,2,21,5
10923,2023-10-02 14:44:55,10026.75,3,22,54
10924,2024-04-10 18:17:46,3149.86,1,10,12
10925,2025-03-23 21:28:03,12.15,2,21,5
10926,2024-08-11 07:21:55,11523.49,3,17,4
10927,2024-10-04 08:31:36,3698.37,1,10,2
10928,2023-09-24 12:46:01,10374.21,1,20,8
10929,2023-08-27 08:12:19,12355.87,4,18,11
10930,2024-04-30 02:35:26,9092.78,4,8,10
10931,2025-04-15 05:20:53,681.27,2,6,2
10932,2024-02-04 10:40:36,7338.92,1,20,2
10933,2025-03-11 16:25:15,8217.02,1,10,13
10934,2024-12-19 23:29:51,3680.53,4,23,16
10935,2025-05-20 19:38:34,9116.10,1,20,6
10936,2024-04-23 14:17:18,2740.71,3,2,3
10937,2025-04-21 02:22:28,10152.02,2,21,2
10938,2024-11-01 07:25:19,11664.98,4,8,4
10939,2024-05-26 12:03:11,6153.83,3,22,3
10940,2023-08-28 03:50:11,5501.33,3,2,2
10941,2025-05-18 20:02:12,1085.60,5,4,4
10942,2023-09-20 00:57:44,12700.43,3,2,5
10943,2025-02-08 00:58:07,5035.04,5,9,6
10944,2024-10-31 04:47:02,2002.23,2,21,6
10945,2023-12-16 15:12:27,12793.12,5,19,2
10946,2024-01-22 14:07:51,9125.55,4,3,2
10947,2025-02-01 23:59:09,5258.28,5,9,2
10948,2024-09-06 06:58:55,7731.43,5,4,3
10949,2024-11-25 12:42:51,15009.62,3,12,3
10950,2023-08-18 01:54:16,4372.13,1,10,2
10951,2025-04-25 11:58:29,12331.67,1,15,2
10952,2023-07-24 12:27:36,533.50,4,13,2
10953,2024-11-29 03:53:24,5923.33,2,16,2
10954,2025-03-10 23:00:15,25583.52,5,4,4
10955,2024-08-11 21:45:43,4483.14,4,3,2
10956,2023-08-19 23:05:23,15069.85,3,7,4
10957,2024-11-03 09:26:38,16719.67,1,5,9
10958,2024-05-27 08:52:46,18033.84,3,2,89
10959,2024-03-25 13:59:19,13501.74,1,5,3
10960,2023-05-28 14:53:49,10207.33,2,16,2
10961,2024-10-23 05:39:20,4931.20,5,4,2
10962,2023-09-18 05:27:10,2491.49,2,16,2
10963,2024-10-05 01:19:24,5598.00,1,5,31
10964,2025-04-26 14:22:09,8574.17,1,15,4
10965,2024-08-16 05:02:40,6968.72,3,22,5
10966,2024-06-12 15:12:37,20509.10,3,12,2
10967,2023-06-02 17:45:45,12403.55,3,12,2
10968,2024-05-24 23:11:07,5159.79,4,3,3
10969,2025-04-27 07:37:39,15624.74,5,24,133
10970,2024-12-10 15:32:22,13410.67,1,15,2
10971,2023-08-19 03:24:44,213.46,1,15,3
10972,2024-07-15 04:42:53,3675.60,3,2,7
10973,2024-09-18 04:04:00,11386.00,1,20,2
10974,2024-10-06 05:14:50,5090.85,4,18,2
10975,2024-12-04 15:30:05,3770.88,4,23,2
10976,2024-04-18 08:26:25,12040.76,2,21,2
10977,2024-05-10 07:42:59,6173.59,2,21,3
10978,2024-01-29 03:48:28,9046.28,3,12,2
10979,2023-06-21 05:14:21,12097.80,2,21,2
10980,2024-12-12 04:45:45,5934.49,3,17,2
10981,2023-10-28 19:53:17,5999.56,1,20,3
10982,2024-10-15 21:17:48,2487.29,4,18,2
10983,2025-02-21 13:41:42,21682.98,1,15,2
10984,2024-10-23 13:07:31,17334.73,2,6,2
10985,2023-06-23 20:29:01,11420.92,3,7,2
10986,2024-05-16 09:07:52,6706.37,5,19,6
10987,2025-02-09 16:20:21,12177.31,4,23,2
10988,2023-08-23 13:55:30,628.32,1,10,3
10989,2024-01-23 17:28:36,2707.84,1,10,3
10990,2024-07-25 13:44:23,10292.59,3,22,2
10991,2024-01-28 21:31:58,1356.64,5,9,3
10992,2024-11-24 11:51:17,7470.96,4,8,2
10993,2025-03-07 23:20:24,6312.50,5,14,2
10994,2023-12-24 21:33:00,5489.69,2,11,2
10995,2024-09-18 14:32:32,2827.98,3,12,2
10996,2025-05-18 00:50:21,10617.22,3,7,2
10997,2024-04-01 09:32:51,2921.16,5,4,2
10998,2024-02-06 19:29:33,1136.82,1,5,4
10999,2024-02-03 02:19:14,17361.04,5,14,5
11000,2024-03-06 10:04:15,14558.13,4,18,3
11001,2023-08-01 02:13:14,11644.58,3,2,2
11002,2025-05-19 23:20:51,14226.34,1,5,2
11003,2025-03-09 05:38:41,10723.95,1,20,3
11004,2025-02-19 08:55:46,5982.26,4,18,2
11005,2024-11-03 22:02:06,13477.91,5,9,2
11006,2023-11-07 20:45:41,17439.33,2,11,2
11007,2024-05-19 04:48:34,5497.16,5,19,3
11008,2024-09-23 19:22:55,1908.10,3,7,4
11009,2023-08-29 23:09:13,8043.49,5,19,3
11010,2023-08-24 04:00:37,10401.03,4,13,2
11011,2025-03-08 21:27:26,14814.82,4,8,2
11012,2024-07-17 20:42:45,593.66,5,4,4
11013,2024-12-05 15:29:06,9110.75,4,23,2
11014,2023-12-22 08:57:29,1553.15,3,17,2
11015,2024-02-24 23:11:03,11172.96,1,15,2
11016,2023-11-13 06:37:11,12001.04,3,2,158
11017,2024-11-10 08:41:31,14720.53,3,12,181
11018,2023-06-22 06:37:52,3381.46,5,9,2
11019,2023-11-07 11:54:32,15675.56,1,25,2
11020,2024-10-11 15:44:29,10411.12,5,9,3
11021,2024-01-21 12:54:05,10420.11,2,11,5
11022,2023-07-23 00:01:46,5308.32,3,12,6
11023,2024-08-14 00:38:57,17896.42,4,23,3
11024,2025-03-19 14:58:34,23478.45,1,5,2
11025,2023-06-13 18:41:55,17788.17,3,7,2
11026,2025-03-31 20:07:48,6715.56,3,17,12
11027,2024-02-28 19:33:25,3171.60,2,21,6
11028,2024-10-14 10:40:12,13374.36,1,20,2
11029,2023-09-28 06:08:56,1994.68,5,14,170
11030,2023-12-14 19:05:12,9259.92,2,21,2
11031,2025-02-20 03:45:34,10423.82,2,6,5
11032,2023-11-08 12:15:50,3952.25,3,12,2
11033,2023-07-14 12:38:22,3852.52,4,18,2
11034,2024-11-04 22:13:35,487.11,4,23,13
11035,2024-06-23 06:53:31,5902.62,5,4,4
11036,2024-03-26 10:14:05,15731.78,1,20,2
11037,2023-08-20 11:02:06,1852.61,5,14,2
11038,2023-11-05 12:35:43,8506.21,4,3,2
11039,2024-01-13 17:33:58,10277.71,5,14,2
11040,2024-04-28 11:51:51,12339.55,5,19,2
11041,2023-12-10 15:12:53,1993.25,1,5,5
11042,2023-09-19 14:57:46,12372.12,4,18,2
11043,2025-04-17 06:35:13,4388.15,3,2,4
11044,2023-09-25 23:31:00,17266.42,5,24,2
11045,2025-02-01 09:24:27,12962.24,4,3,2
11046,2023-07-30 19:00:59,1207.20,5,24,3
11047,2024-06-15 06:58:05,12836.86,3,2,3
11048,2024-05-27 17:30:21,7121.07,1,25,2
11049,2023-07-02 17:36:35,13494.46,2,16,3
11050,2025-03-14 21:44:52,4774.43,3,12,3
11051,2024-06-23 02:02:42,202.40,2,1,2
11052,2024-08-01 01:15:12,8614.39,2,21,3
11053,2024-05-03 14:22:48,8505.70,4,23,2
11054,2024-07-06 06:00:25,4496.24,1,20,2
11055,2024-09-09 15:06:19,10918.69,2,21,2
11056,2023-11-17 21:34:57,4580.16,2,6,2
11057,2025-02-13 21:46:36,10088.49,1,15,2
11058,2024-03-21 20:42:52,1220.64,3,7,4
11059,2023-05-25 10:56:46,12672.02,5,9,2
11060,2024-04-30 04:39:20,8158.22,5,4,2
11061,2025-01-23 06:55:42,6892.24,5,4,2
11062,2023-05-30 19:01:49,20853.27,4,13,3
11063,2023-07-13 09:38:56,13295.82,4,3,3
11064,2023-10-19 10:30:17,9216.92,3,2,6
11065,2024-12-05 01:19:47,7097.26,4,23,2
11066,2023-07-24 08:15:30,8215.05,1,5,3
11067,2024-04-22 16:40:53,13118.00,2,16,2
11068,2023-07-21 13:35:01,13816.00,2,1,2
11069,2024-09-02 10:12:53,685.71,2,16,7
11070,2024-09-29 09:57:15,6145.74,4,18,3
11071,2024-09-13 02:56:08,11590.66,1,20,2
11072,2023-09-17 07:21:09,18634.46,3,22,2
11073,2024-06-25 02:14:33,12346.68,1,5,2
11074,2023-12-18 18:39:03,222.54,5,14,2
11075,2024-01-03 04:45:01,5823.92,4,23,2
11076,2023-11-12 11:31:35,3194.86,2,6,3
11077,2024-08-29 07:50:15,4808.90,1,10,2
11078,2024-02-04 16:35:58,4843.60,1,20,2
11079,2023-07-01 04:38:25,11995.83,5,4,3
11080,2024-02-02 20:00:42,4392.52,1,10,2
11081,2024-10-19 12:54:42,1208.02,4,8,3
11082,2024-09-01 12:07:47,7574.82,5,19,2
11083,2024-03-12 11:38:31,10319.86,1,15,2
11084,2025-05-21 04:51:24,4026.17,2,11,2
11085,2024-10-23 09:00:57,4722.34,3,12,2
11086,2024-04-09 17:20:22,8317.04,3,22,5
11087,2025-02-22 03:50:38,5833.59,2,21,3
11088,2024-07-11 14:09:03,7916.12,3,7,3
11089,2024-03-07 20:07:53,2679.29,3,22,2
11090,2025-04-10 03:54:35,8694.69,4,18,2
11091,2024-02-14 10:31:43,15504.84,3,17,2
11092,2023-09-02 22:36:49,9224.81,3,22,2
11093,2024-04-27 15:46:59,3536.15,1,15,3
11094,2024-03-16 15:39:48,2605.39,4,3,3
11095,2024-06-27 06:29:42,3689.88,4,18,2
11096,2025-03-18 18:36:25,11163.05,5,4,2
11097,2023-09-10 06:01:09,10154.73,2,21,2
11098,2024-10-29 06:12:46,3818.63,5,9,8
11099,2024-11-16 17:12:22,3740.37,5,4,12
11100,2025-02-26 09:46:10,3976.95,5,4,3
11101,2024-05-23 21:09:06,15832.72,3,17,2
11102,2025-02-12 16:19:39,808.33,4,18,2
11103,2024-04-12 04:33:05,1059.89,3,7,14
11104,2023-12-03 10:21:08,6774.56,1,15,2
11105,2023-07-01 17:06:21,9839.89,3,22,2
11106,2025-01-05 00:44:19,6221.51,5,24,2
11107,2024-01-22 22:34:19,12517.14,1,15,2
11108,2024-07-30 05:57:39,7903.24,5,14,6
11109,2024-12-10 07:51:21,8486.31,1,15,7
11110,2024-06-14 04:53:27,3986.28,2,6,2
11111,2024-09-23 12:47:25,21527.37,4,13,2
11112,2025-04-11 09:46:10,12128.54,1,15,2
11113,2024-11-21 11:27:32,3739.72,4,18,2
11114,2024-07-10 03:47:50,11695.55,2,21,2
11115,2024-06-22 04:55:16,7302.62,3,17,3
11116,2024-11-15 14:46:10,11206.81,4,18,2
11117,2025-04-07 20:27:42,12189.15,1,15,3
11118,2023-12-04 21:33:09,14135.19,1,10,2
11119,2024-02-09 00:44:01,9731.12,2,6,4
11120,2023-09-13 18:59:46,11229.95,2,6,2
11121,2024-07-01 14:13:30,17235.53,5,9,2
11122,2024-09-05 19:03:02,1929.08,2,1,2
11123,2023-10-08 20:56:59,8147.07,5,4,2
11124,2023-11-28 23:54:54,2917.66,2,16,2
11125,2024-05-25 16:34:25,3349.41,1,25,3
11126,2023-08-13 20:20:27,1042.22,3,17,4
11127,2024-12-17 02:20:26,5453.71,5,19,6
11128,2023-10-15 13:47:31,18054.79,4,23,2
11129,2024-03-13 11:10:14,3845.27,4,23,2
11130,2024-07-05 12:29:51,3522.78,1,20,3
11131,2024-07-28 03:59:03,10913.48,4,13,2
11132,2024-06-13 21:17:13,12136.60,4,8,2
11133,2024-12-24 23:15:35,8287.13,4,8,2
11134,2024-01-16 16:13:34,7341.49,5,4,5
11135,2023-08-02 07:25:52,866.24,2,1,2
11136,2024-06-20 12:32:24,8660.67,4,18,2
11137,2024-11-10 15:04:48,2789.72,1,15,2
11138,2023-12-16 22:49:56,12966.21,2,11,7
11139,2023-10-21 23:29:50,10450.79,4,13,2
11140,2024-10-20 23:28:14,16927.30,4,18,2
11141,2023-09-29 14:36:42,8067.27,1,15,3
11142,2025-03-06 12:54:31,10061.64,5,24,3
11143,2023-08-24 17:45:22,7000.00,2,1,5
11144,2023-07-05 04:21:26,10898.25,5,4,15
11145,2024-06-05 11:22:18,7317.27,1,20,2
11146,2023-09-20 21:36:43,13987.24,3,17,2
11147,2023-08-29 19:55:46,3020.05,1,20,2
11148,2024-04-04 07:47:14,12514.90,2,21,3
11149,2024-05-05 15:53:06,9597.01,4,18,5
11150,2024-03-03 20:31:11,1974.68,5,14,7
11151,2024-06-08 03:42:17,12322.09,4,3,2
11152,2023-11-15 23:37:37,8179.94,3,17,2
11153,2024-07-29 09:13:37,8208.25,1,25,3
11154,2023-09-03 03:56:14,19751.66,3,2,2
11155,2023-10-02 15:19:16,11685.82,5,14,3
11156,2023-09-14 15:00:40,890.16,3,2,9
11157,2023-11-27 19:39:05,6791.97,3,7,3
11158,2025-03-24 17:17:30,12291.94,3,7,2
11159,2024-02-04 17:55:26,2149.06,3,17,2
11160,2025-02-15 06:59:47,25292.27,2,16,37
11161,2023-11-03 22:11:28,11851.60,5,4,2
11162,2024-08-06 03:21:48,5937.15,3,7,2
11163,2025-03-23 11:12:16,16170.90,2,21,5
11164,2023-08-22 03:08:34,4895.33,5,9,2
11165,2023-09-07 08:25:49,6252.77,5,4,2
11166,2024-08-17 08:46:57,9979.97,1,10,2
11167,2024-02-17 12:22:10,13156.91,2,11,20
11168,2023-09-29 22:25:11,8625.95,3,2,2
11169,2024-07-11 15:32:49,5070.56,5,19,2
11170,2024-09-25 01:25:07,1848.93,2,21,2
11171,2024-12-01 04:03:28,8175.53,2,1,2
11172,2023-10-06 07:59:29,6560.98,1,20,2
11173,2024-02-20 12:20:51,10529.66,4,13,2
11174,2023-09-08 22:30:04,6531.98,2,11,19
11175,2024-04-28 06:21:11,5883.53,1,5,3
11176,2025-03-22 05:19:58,4212.30,5,9,5
11177,2024-07-04 20:27:37,13731.50,4,3,2
11178,2024-01-14 10:17:54,16866.33,2,11,2
11179,2024-11-10 10:03:41,811.85,3,22,4
11180,2025-02-23 21:07:59,14986.88,2,6,2
11181,2023-10-03 09:35:02,7389.68,4,3,13
11182,2024-01-26 13:35:55,16657.36,1,20,3
11183,2024-08-01 08:16:29,15286.14,1,20,2
11184,2024-04-12 19:14:49,7501.96,3,12,2
11185,2025-03-14 08:10:44,1681.79,1,10,2
11186,2024-08-12 06:55:28,8387.58,5,4,3
11187,2024-06-12 12:41:06,10846.63,1,25,2
11188,2024-06-12 19:43:44,16744.14,2,1,3
11189,2023-07-27 08:45:00,4256.03,5,24,2
11190,2024-07-04 14:18:20,6559.69,3,2,2
11191,2024-07-26 02:28:29,6753.58,4,23,2
11192,2024-12-27 08:35:52,12048.41,5,14,2
11193,2024-12-31 11:02:11,10602.52,3,2,2
11194,2024-06-15 13:38:05,9060.29,2,21,17
11195,2023-11-10 21:04:40,7104.97,5,19,2
11196,2024-04-09 00:53:22,4819.03,5,19,2
11197,2023-10-21 12:21:48,8286.81,5,14,2
11198,2024-08-30 14:16:14,1773.96,2,1,2
11199,2024-09-09 07:17:36,6402.80,4,18,697
11200,2024-03-04 06:32:09,13946.41,4,18,2
11201,2024-10-15 15:22:02,5195.39,2,21,2
11202,2025-02-25 18:01:17,2857.52,4,23,2
11203,2023-07-27 09:38:55,10291.14,3,22,2
11204,2023-09-14 10:13:26,6491.64,1,10,2
11205,2024-09-22 15:20:01,7715.18,1,5,3
11206,2024-04-21 14:09:33,11591.14,5,9,2
11207,2024-01-26 09:02:20,8125.54,3,7,4
11208,2024-10-16 23:11:50,13605.46,3,7,2
11209,2024-10-23 19:27:55,13322.00,5,9,2
11210,2024-10-17 12:30:37,13138.78,4,3,2
11211,2023-11-12 00:30:05,2518.55,4,3,92
11212,2023-09-10 12:44:08,17309.98,1,25,2
11213,2024-01-06 11:04:01,3992.58,1,15,2
11214,2024-04-27 13:32:11,8705.74,5,24,13
11215,2023-10-15 18:57:58,9756.93,3,7,5
11216,2024-01-13 22:36:01,4491.84,5,9,6
11217,2024-06-13 08:31:30,16269.76,2,21,2
11218,2025-04-11 18:32:08,3491.24,3,17,2
11219,2024-12-12 05:21:54,6048.30,3,2,9
11220,2024-12-03 15:42:02,873.07,4,8,2
11221,2023-09-25 05:08:18,814.20,4,13,7
11222,2024-05-12 14:23:27,8952.60,5,4,2
11223,2024-05-10 21:32:49,7413.60,1,20,22
11224,2023-09-11 12:48:49,2762.90,1,25,4
11225,2025-01-14 02:48:40,10240.19,1,15,2
11226,2023-10-23 17:13:41,7855.96,1,15,2
11227,2025-02-01 19:00:52,19615.97,3,7,2
11228,2024-01-17 21:03:21,4888.07,3,12,2
11229,2024-03-14 06:00:10,10298.98,4,23,9
11230,2024-10-22 09:50:33,13589.05,1,25,4
11231,2024-12-05 11:55:19,954.05,2,21,2
11232,2024-06-30 12:05:41,14219.40,2,6,2
11233,2023-10-29 14:48:21,10981.46,1,25,2
11234,2025-04-09 02:49:19,15922.95,5,4,4
11235,2023-07-03 03:40:39,13261.88,1,10,2
11236,2025-01-15 11:54:28,12484.63,3,12,3
11237,2023-07-05 08:48:13,7560.13,1,5,2
11238,2024-03-20 15:17:19,14152.58,1,15,3
11239,2023-05-26 22:11:29,360.92,4,13,2
11240,2024-05-08 07:58:15,8072.53,3,7,2
11241,2023-12-17 16:03:23,14064.05,2,16,2
11242,2023-12-04 14:56:31,11263.90,4,8,2
11243,2023-09-12 07:34:24,8116.77,1,10,4
11244,2025-04-02 02:04:57,7231.33,2,11,2
11245,2023-11-03 11:47:35,7021.85,2,6,2
11246,2025-05-05 15:16:35,14079.33,3,2,2
11247,2024-09-30 04:08:36,14013.84,2,6,3
11248,2024-06-30 11:25:57,8072.90,5,24,2
11249,2024-08-07 16:44:23,8141.86,3,12,2
11250,2024-04-21 03:45:14,5370.21,5,19,2
11251,2024-09-04 14:21:17,13381.41,2,1,2
11252,2024-01-23 07:21:51,15517.05,3,7,7
11253,2025-02-24 15:35:55,4864.14,5,14,3
11254,2025-01-10 08:40:53,16792.19,1,20,13
11255,2024-04-18 06:27:54,4188.50,4,23,4
11256,2024-09-10 12:37:12,7055.00,2,1,2
11257,2023-10-22 00:22:12,8779.90,2,21,2
11258,2024-02-05 18:48:08,11379.99,2,1,2
11259,2023-06-20 05:41:13,15507.08,1,5,2
11260,2023-10-05 22:34:40,9947.20,4,18,2
11261,2024-01-21 19:49:00,3945.26,2,6,11
11262,2024-05-11 08:49:09,15344.34,4,3,3
11263,2024-12-26 11:32:45,3888.12,5,9,2
11264,2023-08-29 17:25:52,6881.22,4,13,3
11265,2024-08-16 18:16:39,10301.94,4,18,2
11266,2023-08-13 11:58:38,14512.88,2,6,3
11267,2024-04-08 07:31:49,12485.93,4,3,3
11268,2025-03-23 10:33:38,3127.42,4,13,5
11269,2024-05-07 13:35:01,5061.36,4,13,5
11270,2024-06-22 20:23:07,11443.50,2,16,2
11271,2023-08-22 04:00:15,2269.47,2,21,2
11272,2024-10-17 23:01:47,11235.99,4,18,2
11273,2024-05-17 19:53:56,11723.27,3,7,3
11274,2024-05-05 00:12:09,4577.68,1,20,3
11275,2024-10-10 22:15:06,7655.36,5,24,5
11276,2024-08-26 09:21:38,4103.52,5,19,2
11277,2023-11-04 10:40:52,11969.04,3,17,2
11278,2023-10-28 11:44:21,10670.79,3,22,2
11279,2023-11-04 21:13:35,19674.24,2,1,4
11280,2023-06-08 21:02:47,11342.86,3,12,3
11281,2025-01-11 03:31:54,7326.99,1,20,11
11282,2025-02-01 00:15:54,16756.08,4,3,2
11283,2024-09-17 19:20:45,14626.12,4,8,2
11284,2024-11-22 00:59:50,667.36,4,23,2
11285,2023-11-30 20:50:12,18540.47,1,15,3
11286,2024-09-05 14:49:52,7350.52,4,8,2
11287,2024-04-24 11:24:34,9501.97,2,6,2
11288,2024-09-14 14:36:45,2661.61,4,23,2
11289,2024-09-06 08:09:47,6948.13,2,1,3
11290,2023-06-08 01:25:14,3745.16,2,11,2
11291,2024-05-06 14:27:54,3525.18,5,14,4
11292,2024-03-08 19:08:41,6191.22,2,21,2
11293,2025-03-08 23:22:36,6277.64,2,1,2
11294,2025-05-21 10:48:36,13397.06,3,17,2
11295,2025-05-12 01:21:14,19207.13,2,21,2
11296,2023-12-29 10:33:05,8597.54,1,20,2
11297,2024-04-24 13:17:37,12674.59,2,6,5
11298,2024-06-01 05:27:53,14181.83,5,14,3
11299,2023-08-15 04:54:57,11257.72,2,11,2
11300,2024-03-01 02:41:35,101.23,1,20,2
11301,2023-10-01 14:15:28,5355.12,2,11,2
11302,2023-09-29 18:46:30,3153.02,1,20,36
11303,2024-09-02 12:31:22,4195.55,1,10,10
11304,2023-08-29 21:43:14,1381.51,1,25,2
11305,2024-09-09 23:08:19,5162.65,4,3,3
11306,2024-02-02 22:52:17,10786.82,4,18,2
11307,2024-04-04 14:08:51,16333.52,4,3,2
11308,2024-02-22 07:31:27,12698.14,3,22,2
11309,2024-08-09 19:10:58,2990.26,2,16,2
11310,2025-01-31 01:33:58,14515.20,4,13,2
11311,2025-04-08 00:49:30,10137.91,5,9,2
11312,2023-08-20 14:21:44,15037.29,4,3,2
11313,2024-07-30 15:42:04,2192.51,3,2,2
11314,2023-11-28 09:18:38,7217.07,2,6,3
11315,2024-09-14 16:56:17,4924.35,3,7,2
11316,2024-01-06 09:16:11,1222.18,3,7,2
11317,2024-12-02 09:35:13,3984.60,2,1,23
11318,2024-09-14 11:41:37,9539.01,1,15,9
11319,2024-02-29 23:08:09,8167.83,5,24,16
11320,2023-09-08 11:57:49,806.02,4,23,2
11321,2023-06-08 11:22:36,7710.90,1,5,2
11322,2025-04-10 16:53:19,6385.39,3,7,2
11323,2023-10-09 03:51:14,25.93,5,24,2
11324,2024-04-08 08:33:44,3751.36,4,8,3
11325,2025-01-13 10:46:49,1437.44,5,19,4
11326,2024-09-13 14:56:20,13118.80,2,21,5
11327,2023-10-01 23:27:00,15489.39,2,21,4
11328,2023-10-31 04:14:01,17400.59,5,9,4
11329,2024-03-05 15:06:10,4901.11,3,7,2
11330,2023-06-22 19:59:16,13547.06,4,13,2
11331,2024-07-24 09:14:45,2480.58,2,11,2
11332,2023-06-03 08:50:45,22109.38,4,13,3
11333,2023-09-26 05:03:48,4753.63,3,22,2
11334,2023-11-24 18:17:25,8086.32,1,5,3
11335,2025-05-10 13:56:30,9227.04,3,22,2
11336,2023-07-13 14:49:41,11423.68,4,18,4
11337,2024-08-23 06:09:31,5858.12,5,9,43
11338,2025-03-11 05:50:33,13500.97,1,10,3
11339,2024-06-22 01:24:13,4334.09,1,25,2
11340,2023-06-02 22:54:05,383.23,5,9,2
11341,2024-03-16 05:04:32,17125.38,1,20,186
11342,2024-07-11 07:50:20,1738.01,5,14,2
11343,2024-06-01 01:53:33,11746.01,4,18,4
11344,2023-06-02 05:11:06,4791.19,4,13,2
11345,2023-08-22 20:53:41,2964.70,5,19,26
11346,2023-10-11 03:19:24,3544.08,3,22,2
11347,2024-02-05 18:21:40,11837.56,2,11,2
11348,2024-12-28 13:06:53,19320.06,3,22,12
11349,2025-03-31 08:52:56,12012.13,1,20,3
11350,2024-08-22 03:49:44,9416.80,5,9,2
11351,2023-05-31 13:01:44,8276.04,4,3,2
11352,2023-10-23 17:48:00,7125.78,1,10,2
11353,2024-12-08 09:06:56,7121.21,2,16,2
11354,2024-03-19 11:59:06,7931.17,3,17,2
11355,2023-11-01 08:04:51,3629.30,4,23,3
11356,2024-05-19 04:16:24,5396.80,2,6,2
11357,2025-02-02 23:22:17,15118.65,4,23,3
11358,2024-11-30 15:59:28,12290.51,3,12,2
11359,2023-11-05 11:09:48,1251.95,4,8,2
11360,2024-07-21 04:52:14,17776.56,1,5,2
11361,2023-11-28 14:30:28,4808.19,4,8,25
11362,2024-10-02 05:22:50,5479.10,5,4,3
11363,2023-12-18 15:12:42,13826.82,1,20,2
11364,2023-07-02 18:55:26,11437.80,3,22,2
11365,2024-07-17 02:06:26,19589.33,5,14,5
11366,2023-11-23 21:27:12,12548.93,2,21,2
11367,2025-02-25 07:47:19,3259.36,1,10,2
11368,2023-08-30 11:19:03,9362.11,3,22,2
11369,2024-11-13 07:14:47,9399.78,1,20,3
11370,2023-11-01 21:01:54,2080.14,5,9,2
11371,2025-04-11 11:13:02,3271.16,5,19,2
11372,2023-11-26 15:12:37,9124.85,1,5,2
11373,2024-05-27 00:48:11,510.14,3,17,2
11374,2023-06-02 18:32:23,8233.09,3,2,2
11375,2025-01-07 11:36:49,222.54,1,5,2
11376,2025-01-06 01:32:35,2872.48,1,15,2
11377,2023-11-06 20:02:53,13319.49,5,9,2
11378,2023-10-13 04:31:47,5403.33,5,9,4
11379,2023-09-26 04:27:13,6704.58,4,8,12
11380,2023-11-04 17:27:24,12590.01,2,16,2
11381,2024-03-10 14:28:58,3561.34,1,5,2
11382,2024-10-04 01:20:37,4020.10,5,19,2
11383,2023-11-04 08:52:47,1111.53,5,24,2
11384,2024-07-24 00:46:32,15228.26,5,24,4
11385,2024-01-14 21:02:21,5031.17,3,17,2
11386,2025-04-01 00:18:20,7913.32,4,13,3
11387,2023-12-26 14:05:12,3851.52,2,11,2
11388,2024-05-02 08:05:28,4921.77,2,6,2
11389,2025-03-05 18:55:10,16910.73,5,19,2
11390,2023-06-13 12:54:23,19166.46,4,13,6
11391,2024-11-15 05:28:20,614.26,3,2,4
11392,2024-06-27 02:31:16,16463.66,2,11,2
11393,2023-08-07 05:12:46,6052.35,3,12,3
11394,2024-05-21 17:18:32,1125.92,4,18,3
11395,2025-02-17 09:31:14,2806.02,4,23,2
11396,2025-04-27 01:27:28,16181.59,5,24,3
11397,2025-03-09 10:26:45,19217.16,3,7,7
11398,2024-12-14 11:36:45,8258.53,5,4,2
11399,2023-11-29 00:03:36,2112.10,1,25,3
11400,2024-11-10 03:39:06,5618.94,2,6,2
11401,2023-09-01 06:30:30,13462.50,3,17,6
11402,2023-09-22 21:09:15,5296.96,3,2,2
11403,2024-04-01 13:43:27,2982.02,3,7,2
11404,2025-02-21 22:54:28,15675.28,3,12,2
11405,2024-07-03 08:13:33,5842.51,1,10,6
11406,2023-12-26 13:36:50,11842.93,1,5,2
11407,2025-02-12 00:22:11,15809.64,3,17,2
11408,2024-04-11 02:31:53,2198.64,4,8,2
11409,2023-07-01 13:11:04,4578.80,3,22,2
11410,2024-02-25 19:57:30,17562.78,1,10,8
11411,2023-10-30 12:15:33,7438.53,4,3,2
11412,2025-05-04 04:16:18,7423.41,1,10,2
11413,2023-06-24 09:51:44,10509.84,1,20,2
11414,2023-08-07 05:23:55,5803.22,4,23,6
11415,2024-02-06 14:53:34,270.69,4,13,3
11416,2024-07-18 04:55:44,12875.24,4,18,2
11417,2024-07-22 12:04:33,6542.66,4,8,2
11418,2024-01-17 21:33:27,661.45,3,12,2
11419,2024-03-24 03:34:26,13196.53,3,12,3
11420,2023-10-06 07:39:32,876.99,5,19,2
11421,2024-01-13 00:05:57,7710.19,3,22,3
11422,2024-08-16 19:21:15,16453.43,1,15,2
11423,2023-12-05 23:53:32,16184.15,4,13,3
11424,2024-12-07 11:58:31,9966.53,2,21,3
11425,2024-09-02 17:42:55,6145.95,1,15,3
11426,2025-01-13 04:01:59,14796.34,2,16,2
11427,2025-02-10 01:50:37,6321.26,4,8,5
11428,2023-09-22 13:08:04,13493.33,2,11,2
11429,2023-12-30 08:49:23,4613.88,1,25,2
11430,2024-03-13 08:56:09,15175.15,3,7,2
11431,2025-01-14 02:20:43,982.62,3,22,2
11432,2023-12-10 08:38:06,12721.37,3,2,2
11433,2024-01-31 22:59:49,7559.87,3,2,2
11434,2024-03-23 19:09:28,6366.22,2,6,2
11435,2024-02-03 00:32:01,13549.85,1,10,2
11436,2024-08-28 14:55:47,604.01,4,23,2
11437,2023-09-08 03:04:27,8213.39,3,7,4
11438,2024-09-19 07:01:56,11843.64,5,19,2
11439,2025-01-16 21:42:59,1504.16,1,5,5
11440,2024-03-04 04:04:39,146.48,3,17,2
11441,2024-08-23 15:51:45,12544.65,1,20,2
11442,2023-10-18 01:37:59,21204.56,2,11,2
11443,2024-07-10 05:18:28,8425.42,2,16,2
11444,2024-12-04 01:27:33,3502.83,2,1,4
11445,2023-07-24 06:31:00,1816.54,2,21,2
11446,2025-04-30 08:45:59,17448.37,2,11,2
11447,2025-01-04 07:36:44,756.49,4,23,2
11448,2025-05-03 00:47:48,17413.89,3,12,3
11449,2025-02-02 19:25:54,1085.60,5,9,3
11450,2024-07-07 02:12:07,3149.13,5,9,2
11451,2023-08-07 04:18:36,11782.66,3,17,2
11452,2024-05-27 06:30:13,5555.44,2,16,2
11453,2025-03-16 09:24:20,4872.03,2,6,2
11454,2024-11-01 07:23:57,3200.52,3,7,2
11455,2023-08-27 06:28:34,4976.14,4,3,2
11456,2024-03-26 21:59:30,4975.85,4,18,8
11457,2024-04-15 13:52:47,14450.80,5,9,2
11458,2024-02-08 20:53:24,15725.85,2,21,2
11459,2024-10-01 16:37:46,8469.10,2,21,2
11460,2024-08-15 04:12:42,3859.52,5,24,2
11461,2024-09-08 16:04:19,4726.58,4,3,2
11462,2024-02-16 00:45:10,11345.29,3,2,2
11463,2024-07-03 00:44:01,19013.46,3,22,2
11464,2024-02-23 19:45:16,931.20,2,11,2
11465,2023-06-10 07:31:01,11877.93,3,22,2
11466,2023-07-19 22:30:44,7411.68,5,14,2
11467,2023-09-25 16:59:24,9413.75,4,3,2
11468,2023-06-13 08:26:44,3374.56,3,7,2
11469,2024-02-06 07:04:38,13697.65,5,9,5
11470,2023-11-25 14:38:11,12938.45,5,4,3
11471,2023-12-05 16:22:42,4501.12,4,23,3
11472,2023-09-03 05:57:54,7502.01,3,7,4
11473,2024-08-25 17:16:06,7764.61,3,12,2
11474,2024-06-20 15:42:59,1614.86,3,2,7
11475,2023-12-07 23:33:50,13064.24,1,5,50
11476,2024-04-21 23:29:03,6488.01,2,21,2
11477,2024-04-18 06:57:32,5884.20,1,10,15
11478,2024-10-10 19:52:00,10436.83,1,20,2
11479,2024-03-27 21:23:57,7000.13,4,23,2
11480,2024-03-05 21:34:16,1879.84,4,8,12
11481,2023-10-14 04:10:58,4888.14,3,22,5
11482,2024-03-04 15:42:42,1840.85,4,8,2
11483,2025-05-21 01:52:17,12190.62,5,19,4
11484,2023-11-06 03:44:23,16890.59,1,15,2
11485,2024-06-18 17:34:14,6772.69,1,25,4
11486,2025-03-21 16:44:39,15931.54,4,13,2
11487,2024-03-11 00:19:19,13674.15,2,21,2
11488,2024-05-09 10:31:33,15002.14,4,23,3
11489,2025-02-17 12:42:11,1316.51,5,19,5
11490,2025-02-23 15:58:34,5373.48,5,14,3
11491,2024-12-28 04:51:22,687.48,2,11,2
11492,2024-09-01 17:12:13,6101.53,4,18,3
11493,2023-07-04 10:03:12,12122.37,1,15,2
11494,2023-10-24 07:24:18,19067.15,4,8,2
11495,2025-05-19 08:16:53,9507.74,1,5,3
11496,2023-10-14 13:40:33,13110.35,5,19,2
11497,2024-06-28 21:06:22,15199.26,5,14,11
11498,2024-06-18 22:19:52,6150.89,2,6,2
11499,2023-07-28 14:19:30,7332.64,1,5,3
11500,2024-05-25 09:52:43,3353.86,5,9,5
11501,2025-02-14 13:06:52,10061.18,2,11,2
11502,2024-01-10 07:15:20,12299.41,1,20,2
11503,2024-10-11 19:22:44,12480.73,4,18,2
11504,2024-09-12 00:41:20,16888.39,5,9,2
11505,2023-12-08 01:09:58,13060.05,4,13,8
11506,2023-10-13 06:37:28,11058.15,4,13,6
11507,2024-02-17 11:51:32,3960.90,1,5,2
11508,2024-01-31 15:57:07,1867.42,3,22,4
11509,2024-04-19 10:31:19,5521.92,4,8,3
11510,2023-07-03 22:35:55,5059.38,1,10,2
11511,2023-08-03 14:27:45,954.05,2,16,2
11512,2025-03-26 10:08:29,4388.85,2,16,2
11513,2024-04-07 14:09:31,13647.23,4,8,2
11514,2023-07-02 20:08:08,7008.87,3,17,9
11515,2024-01-12 01:46:14,1503.34,5,4,2
11516,2023-06-22 07:55:52,258.40,3,22,12
11517,2024-08-23 09:31:31,6572.00,2,6,2
11518,2023-08-24 20:20:34,12376.28,5,24,2
11519,2023-11-13 08:07:23,1432.76,4,8,2
11520,2024-09-16 05:47:33,13460.60,3,7,2
11521,2023-12-08 00:02:40,10514.07,5,9,2
11522,2023-06-09 14:11:35,3444.14,1,25,4
11523,2023-08-22 18:16:10,3482.82,1,5,3
11524,2024-12-21 07:54:58,7082.62,3,7,2
11525,2024-02-11 04:37:43,5976.07,2,6,2
11526,2025-03-08 13:01:28,12726.78,3,22,2
11527,2024-03-19 13:19:10,5436.06,5,9,4
11528,2024-09-23 22:58:32,17988.05,4,3,2
11529,2024-07-06 19:58:22,16898.70,1,5,2
11530,2023-08-22 03:08:03,516.80,1,10,2
11531,2023-08-09 15:34:57,13569.00,3,2,2
11532,2023-10-24 16:35:59,4537.59,5,14,4
11533,2023-10-03 06:25:00,6515.51,4,23,2
11534,2024-10-24 00:18:32,4715.80,4,8,2
11535,2023-09-08 09:42:52,3518.12,3,22,3
11536,2025-02-02 14:27:44,8420.26,4,23,6
11537,2024-07-29 22:33:51,4799.45,3,2,2
11538,2024-11-23 10:57:15,19458.03,4,8,3
11539,2024-07-08 16:57:00,3962.51,1,20,2
11540,2024-06-16 16:33:33,2987.29,2,21,22
11541,2023-10-29 03:55:25,8734.76,4,3,5
11542,2024-01-01 23:55:16,3728.64,1,15,2
11543,2024-10-07 20:04:01,16950.61,4,3,2
11544,2023-10-08 20:33:57,8747.56,5,24,2
11545,2023-12-08 04:20:18,8911.21,5,4,2
11546,2023-12-28 09:21:18,16695.36,4,23,2
11547,2024-03-12 18:47:15,2980.52,5,9,2
11548,2024-11-26 03:33:44,15781.92,2,11,2
11549,2025-01-07 22:17:52,9024.11,3,22,8
11550,2024-10-22 06:31:29,17214.15,2,1,2
11551,2024-11-14 01:50:35,5392.24,4,13,2
11552,2023-05-26 13:29:05,1879.98,5,9,3
11553,2025-02-26 10:10:26,17562.60,3,2,2
11554,2024-09-29 03:20:04,4081.63,3,2,2
11555,2025-05-20 21:36:35,12554.48,3,12,2
11556,2025-04-14 08:16:30,10831.85,1,20,2
11557,2023-12-13 01:13:57,13132.49,2,1,2
11558,2024-11-23 06:53:13,14934.15,2,1,7
11559,2023-07-21 21:24:12,4550.40,4,13,3
11560,2023-08-19 08:12:01,10932.85,1,20,2
11561,2024-07-06 02:47:39,18199.30,2,21,4
11562,2025-02-23 21:57:39,541.28,1,10,2
11563,2025-01-13 13:43:59,21584.77,2,11,4
11564,2024-03-28 10:06:53,4749.60,5,4,3
11565,2023-12-16 05:13:28,7234.34,4,3,2
11566,2024-06-29 21:37:37,1447.39,2,21,2
11567,2025-01-23 17:44:33,12631.65,5,9,2
11568,2023-07-28 22:25:05,12177.93,2,11,2
11569,2025-03-25 22:51:22,12184.24,3,12,2
11570,2023-10-08 20:11:55,6673.39,1,15,3
11571,2025-03-16 22:58:56,1534.02,3,12,2
11572,2024-08-10 13:50:01,13418.42,1,5,2
11573,2024-06-11 03:18:17,5211.75,5,9,2
11574,2025-05-04 06:24:30,141.80,3,17,5
11575,2023-07-06 20:27:31,7167.04,4,18,2
11576,2023-11-21 15:32:52,12414.79,4,8,2
11577,2024-11-25 00:38:07,4373.32,4,8,2
11578,2025-03-19 10:27:49,6491.83,4,3,2
11579,2024-03-08 03:42:11,9184.74,1,20,2
11580,2024-01-19 11:45:25,6718.31,4,13,2
11581,2025-02-18 09:12:41,10186.52,3,22,2
11582,2023-10-11 09:45:18,3523.36,2,16,2
11583,2023-10-16 06:31:02,4606.31,5,24,7
11584,2023-09-13 05:50:58,8773.99,3,7,7
11585,2023-08-05 16:26:19,4307.70,5,9,2
11586,2024-06-18 19:34:49,8345.41,3,2,2
11587,2024-06-27 05:11:03,14179.15,4,13,7
11588,2024-12-04 14:41:51,7601.42,4,23,2
11589,2024-08-19 16:14:18,15715.19,5,24,2
11590,2024-09-12 07:33:39,10876.19,3,7,11
11591,2023-08-21 20:34:12,8520.46,2,6,2
11592,2023-05-23 06:35:14,5278.12,2,16,5
11593,2024-11-26 20:30:58,12792.53,3,2,3
11594,2023-11-26 11:53:39,3372.86,1,10,2
11595,2023-11-03 11:56:54,6905.18,2,6,126
11596,2024-08-24 04:45:49,14832.45,1,5,3
11597,2024-11-13 17:01:09,3964.04,3,17,3
11598,2023-12-12 07:37:37,13878.30,3,2,2
11599,2023-06-06 09:57:43,4009.51,3,2,2
11600,2024-04-16 08:22:18,17055.27,5,9,2
11601,2024-11-20 20:34:24,1366.60,2,6,2
11602,2025-04-02 02:33:51,13681.57,1,5,2
11603,2023-08-15 14:35:29,5646.61,2,6,2
11604,2025-02-15 22:10:06,2935.66,5,19,2
11605,2024-08-14 22:01:11,222.54,2,11,2
11606,2024-08-07 08:57:00,465.24,2,16,2
11607,2024-02-09 04:33:21,6064.11,2,16,2
11608,2025-04-27 21:11:27,16522.85,5,14,3
11609,2024-02-21 18:52:40,6816.03,3,2,2
11610,2024-07-07 13:28:55,2332.28,1,5,2
11611,2024-09-16 21:08:14,3516.55,2,1,3
11612,2024-05-21 09:45:21,12900.60,1,5,2
11613,2025-02-13 18:36:45,1562.57,2,1,2
11614,2024-12-17 22:05:29,3149.47,2,1,2
11615,2024-10-02 14:47:45,5956.28,4,13,5
11616,2025-01-16 19:12:29,3054.65,3,7,40
11617,2024-07-17 07:07:01,14250.52,2,21,5
11618,2023-06-05 11:56:08,2029.98,5,9,8
11619,2023-10-17 19:39:24,387.60,3,2,2
11620,2025-03-02 19:42:27,4261.23,5,14,2
11621,2023-08-06 08:06:36,4114.21,2,16,3
11622,2024-07-12 17:49:59,1721.37,3,7,2
11623,2024-07-07 21:19:08,12641.21,3,12,2
11624,2025-03-26 04:06:20,5839.87,2,16,2
11625,2024-06-11 19:54:21,13344.20,1,25,3
11626,2023-11-25 19:23:26,8244.56,4,8,2
11627,2024-03-04 01:51:12,20840.83,1,15,2
11628,2023-12-04 20:05:37,9401.76,2,1,10
11629,2023-06-04 12:34:53,3123.70,2,16,5
11630,2024-12-27 14:53:27,9533.72,4,3,2
11631,2023-08-06 19:58:45,6518.71,1,15,2
11632,2023-10-10 04:49:13,4694.32,5,14,4
11633,2025-02-22 01:32:08,14504.73,4,23,3
11634,2025-05-06 15:27:13,4900.83,1,10,3
11635,2023-11-20 21:55:54,5202.99,2,6,2
11636,2024-07-03 00:04:02,11526.41,1,5,2
11637,2023-08-20 18:49:52,13647.39,3,7,2
11638,2025-04-02 09:16:50,10795.58,5,19,2
11639,2024-09-14 04:52:00,11017.88,3,2,3
11640,2023-10-21 02:59:22,542.80,2,11,6
11641,2024-10-17 12:59:31,3970.76,1,25,3
11642,2025-03-06 18:23:28,506.15,3,22,3
11643,2023-12-23 18:39:16,11799.55,1,25,2
11644,2023-12-30 22:13:00,6384.77,2,16,2
11645,2024-02-11 09:11:50,2798.60,2,6,2
11646,2025-02-08 02:00:04,1282.46,4,23,2
11647,2024-03-15 11:55:59,10899.86,3,2,2
11648,2023-07-18 09:20:15,8838.86,4,3,3
11649,2024-12-27 14:21:41,7226.65,4,8,4
11650,2024-10-18 00:07:54,11812.61,2,21,4
11651,2024-12-17 13:08:20,14949.79,1,25,2
11652,2023-10-03 19:39:05,8175.73,5,19,2
11653,2024-05-04 05:41:24,9965.55,4,13,19
11654,2023-06-05 04:18:59,7628.40,5,19,2
11655,2024-02-03 18:20:49,5917.59,3,12,3
11656,2024-10-20 02:25:53,1678.63,1,15,2
11657,2024-01-11 13:45:49,11847.96,4,18,3
11658,2024-01-22 19:40:23,5328.58,3,22,2
11659,2024-04-25 17:12:25,5723.76,2,1,2
11660,2024-08-17 02:15:15,699.37,3,12,2
11661,2023-12-21 10:05:17,18685.62,4,3,3
11662,2023-08-25 04:22:35,2550.04,1,25,2
11663,2025-04-06 17:50:00,3714.05,5,9,2
11664,2023-10-27 09:00:27,14610.03,4,18,3
11665,2025-02-02 15:51:32,4626.03,2,1,7
11666,2025-04-25 03:56:29,10685.77,2,21,2
11667,2024-07-16 11:04:15,12541.90,5,19,2
11668,2025-05-20 13:35:03,13491.76,5,14,3
11669,2024-09-04 01:32:37,9312.90,3,2,22
11670,2024-07-10 17:10:25,10042.35,3,2,2
11671,2024-11-02 18:32:57,13310.17,3,22,3
11672,2024-11-08 21:33:56,7482.86,4,18,2
11673,2024-04-18 06:35:42,21007.84,2,16,2
11674,2024-05-06 00:15:49,1783.44,5,4,2
11675,2024-04-09 01:09:33,3907.84,2,6,2
11676,2023-10-23 11:16:40,19327.88,3,7,114
11677,2023-12-05 15:26:16,13802.38,2,1,2
11678,2024-01-02 20:47:53,10905.21,3,7,3
11679,2024-02-23 14:59:28,12693.07,1,15,4
11680,2024-03-21 07:16:18,9582.56,1,5,2
11681,2024-10-04 03:03:36,11929.14,5,9,2
11682,2025-02-26 15:02:26,5491.28,2,6,9
11683,2024-10-19 22:39:58,7941.17,3,7,2
11684,2023-11-27 18:12:31,223.52,3,2,2
11685,2023-09-07 02:05:24,17478.67,3,2,2
11686,2024-09-22 04:46:18,10576.41,3,12,2
11687,2024-04-12 06:31:31,243.26,4,3,2
11688,2024-03-22 05:16:12,11349.22,5,19,12
11689,2023-10-03 06:28:22,10591.13,1,20,2
11690,2023-06-08 22:05:51,1242.15,2,21,7
11691,2023-08-10 11:41:27,15176.05,5,19,2
11692,2024-03-08 14:26:50,10333.49,1,20,2
11693,2023-08-14 12:00:41,12735.49,3,12,2
11694,2024-06-27 03:08:22,6731.76,2,6,6
11695,2025-01-01 20:47:07,1317.46,3,7,2
11696,2024-07-16 15:12:33,3442.35,5,4,2
11697,2023-07-13 20:49:04,2440.97,3,2,2
11698,2024-07-19 23:50:28,83.41,2,16,2
11699,2025-03-04 05:07:21,13751.12,2,11,2
11700,2023-06-15 08:28:57,7335.81,2,21,2
11701,2024-04-20 11:14:00,15634.57,1,20,2
11702,2025-05-19 11:25:19,12643.31,2,1,4
11703,2023-09-29 22:10:21,1761.06,5,24,20
11704,2023-06-03 09:47:55,7651.39,1,20,2
11705,2025-04-14 19:30:51,12096.49,3,22,2
11706,2023-09-19 17:36:32,10682.89,3,12,3
11707,2024-06-04 01:48:32,12537.88,3,22,2
11708,2024-05-22 02:27:54,10060.28,5,4,2
11709,2023-10-08 15:05:43,8423.41,4,18,3
11710,2023-10-08 21:42:38,11184.12,1,5,2
11711,2024-06-29 12:07:13,13623.76,4,13,2
11712,2024-07-19 01:26:13,6134.97,3,17,10
11713,2025-01-22 22:46:15,914.28,5,4,2
11714,2025-02-15 06:14:56,18740.15,4,18,6
11715,2023-12-27 01:15:23,11965.08,5,24,3
11716,2023-09-04 01:58:16,17252.12,1,10,2
11717,2023-12-29 12:17:55,20132.09,1,25,2
11718,2024-12-12 19:46:12,13817.27,1,20,3
11719,2024-09-16 14:02:09,6666.40,5,9,2
11720,2023-07-08 13:58:58,6042.63,1,20,2
11721,2024-09-27 06:03:13,5388.18,3,7,5
11722,2023-12-06 11:50:21,6251.68,2,6,2
11723,2024-04-27 23:55:22,10618.68,3,22,3
11724,2025-01-10 20:51:41,10341.21,4,13,13
11725,2024-05-23 00:51:10,7387.48,4,3,3
11726,2024-05-12 14:09:56,12568.96,1,10,2
11727,2023-11-24 22:20:44,16727.56,3,7,2
11728,2024-06-05 12:01:54,25736.65,4,23,2
11729,2023-07-03 13:35:17,15773.29,5,14,3
11730,2024-03-07 10:36:10,12089.51,1,5,2
11731,2023-12-21 00:34:51,7262.23,2,11,2
11732,2025-04-10 06:29:11,6049.06,2,16,2
11733,2024-04-10 10:09:44,2089.74,5,24,2
11734,2024-12-29 22:19:35,11281.98,4,13,2
11735,2024-11-04 03:16:38,12799.93,5,19,21
11736,2023-07-22 17:59:32,14932.58,1,15,2
11737,2024-03-08 02:47:44,13290.82,4,8,2
11738,2023-11-09 05:50:00,10393.73,5,4,2
11739,2023-08-15 12:59:49,12807.27,4,13,4
11740,2023-09-05 02:53:27,10717.99,2,6,2
11741,2023-12-09 03:12:05,9161.78,1,25,2
11742,2024-01-28 06:58:56,14109.48,2,1,3
11743,2025-04-10 22:03:45,2476.79,3,7,5
11744,2025-04-30 17:15:56,3791.22,5,24,2
11745,2024-06-15 19:21:52,10962.58,1,5,3
11746,2024-03-07 06:30:34,10782.40,1,25,2
11747,2024-01-04 10:26:04,6431.22,3,22,2
11748,2024-04-15 20:19:02,17347.03,5,19,19
11749,2023-05-26 04:17:14,3424.16,2,21,2
11750,2024-08-23 05:07:08,4336.32,3,7,6
11751,2023-10-18 18:33:33,12235.07,2,16,2
11752,2024-10-29 09:00:58,919.70,5,9,3
11753,2024-10-03 07:50:00,11920.51,2,1,3
11754,2024-12-31 06:04:35,4496.08,2,6,3
11755,2024-11-09 14:01:25,3903.81,4,23,2
11756,2025-03-11 02:22:45,1712.08,4,8,2
11757,2025-02-18 09:08:28,7628.41,5,9,7
11758,2023-11-18 22:31:13,9803.30,2,6,3
11759,2023-12-10 23:19:32,14216.89,5,4,2
11760,2024-05-02 07:19:35,15666.24,3,17,3
11761,2024-03-30 07:10:13,2551.33,2,11,2
11762,2024-06-18 09:35:48,7553.57,3,17,2
11763,2024-09-15 19:35:43,8951.39,1,15,3
11764,2024-12-24 02:53:48,1383.14,4,18,2
11765,2023-12-02 04:24:39,12569.48,2,1,3
11766,2025-02-16 13:47:28,5770.41,4,18,3
11767,2024-09-22 17:36:06,3307.25,1,15,3
11768,2025-03-08 19:09:10,8269.21,1,25,2
11769,2025-01-11 11:38:35,4350.38,2,21,2
11770,2024-12-07 16:12:43,2891.65,5,14,2
11771,2024-04-24 21:13:37,1513.57,4,8,3
11772,2024-03-30 08:28:17,842.46,5,19,2
11773,2024-08-23 05:48:38,11942.64,5,4,2
11774,2023-10-27 22:00:26,243.26,5,4,3
11775,2024-02-27 00:50:12,3990.95,1,15,2
11776,2023-08-22 12:27:59,183.00,2,6,2
11777,2023-06-12 13:14:24,1832.79,3,17,2
11778,2024-06-17 17:13:26,15202.90,3,12,2
11779,2024-07-10 01:07:23,5948.89,1,25,3
11780,2025-05-19 07:54:51,19516.76,2,1,6
11781,2025-04-09 18:32:50,1548.40,4,18,6
11782,2024-01-31 03:09:59,10766.09,4,23,3
11783,2024-11-06 22:00:11,5687.44,4,13,10
11784,2023-10-05 17:07:33,10297.21,2,1,3
11785,2024-07-08 09:21:49,12660.86,5,14,2
11786,2025-02-14 19:21:34,447.04,4,18,2
11787,2024-06-12 11:38:27,10311.38,4,23,4
11788,2023-12-03 13:01:39,6488.59,3,7,6
11789,2025-04-10 13:58:37,8467.48,3,7,7
11790,2023-12-12 16:29:43,10970.20,1,15,4
11791,2025-01-26 08:42:42,6253.31,4,3,7
11792,2024-12-08 15:11:00,2563.01,1,25,5
11793,2023-08-01 11:39:45,9164.70,4,13,3
11794,2024-06-10 16:24:12,13216.93,3,22,3
11795,2025-01-17 11:54:52,6644.77,1,15,2
11796,2023-09-27 11:43:12,8024.07,5,4,2
11797,2024-05-02 13:30:52,6293.62,5,14,9
11798,2025-03-30 22:49:59,15013.63,1,25,3
11799,2024-09-06 11:36:03,19346.42,2,11,2
11800,2023-11-12 15:53:36,8479.84,5,24,2
11801,2024-05-02 06:56:26,9175.13,1,15,2
11802,2024-11-02 13:25:59,12925.59,5,19,5
11803,2023-09-08 12:36:07,4860.15,5,24,71
11804,2023-08-19 07:18:46,6273.80,1,5,3
11805,2024-07-08 04:06:04,9216.43,4,8,24
11806,2025-04-14 13:16:00,18586.51,1,15,3
11807,2024-07-30 16:57:01,10787.25,1,15,2
11808,2023-09-19 08:54:50,2424.18,1,20,3
11809,2023-09-03 14:41:15,3323.76,2,21,2
11810,2024-07-07 16:53:42,1993.25,5,24,2
11811,2024-01-31 07:17:53,2340.78,5,14,2
11812,2025-04-01 03:47:39,8968.97,2,16,2
11813,2023-10-07 12:38:02,2415.51,1,5,3
11814,2024-08-10 06:58:22,15753.59,3,12,2
11815,2024-12-16 23:12:51,2416.04,5,9,7
11816,2024-09-30 04:52:13,6301.16,2,21,2
11817,2023-05-25 22:03:31,10414.93,1,5,2
11818,2024-11-06 19:25:34,9454.26,1,25,6
11819,2025-03-01 00:20:06,8650.00,1,20,4
11820,2025-05-10 13:50:51,12262.58,3,17,4
11821,2024-05-28 03:55:49,10396.46,5,4,2
11822,2024-01-07 20:54:45,17203.66,3,2,2
11823,2023-06-18 01:48:49,2645.38,3,7,2
11824,2025-02-20 13:04:55,13642.59,5,14,2
11825,2025-02-06 20:26:35,14064.97,4,18,4
11826,2023-10-31 04:28:15,4193.40,3,7,2
11827,2023-08-06 11:37:22,10114.96,1,25,5
11828,2024-03-22 16:45:14,16619.38,1,5,2
11829,2023-08-22 09:19:26,9640.57,3,22,2
11830,2025-03-19 02:34:11,13372.47,3,12,2
11831,2024-02-22 22:45:57,6840.10,5,9,2
11832,2024-09-30 15:23:17,19456.99,1,25,2
11833,2024-02-16 16:14:56,4182.67,5,19,3
11834,2025-05-02 05:08:21,7577.28,3,17,2
11835,2025-01-11 21:00:52,4459.24,5,9,3
11836,2024-04-27 16:53:12,13318.48,1,25,389
11837,2024-10-06 17:37:36,4363.69,4,8,2
11838,2025-04-21 17:09:17,7452.21,2,6,2
11839,2025-03-25 04:55:12,3420.36,5,19,2
11840,2024-01-15 11:52:31,9690.94,1,20,5
11841,2024-05-08 12:49:36,11619.65,2,1,2
11842,2023-10-09 23:46:18,8623.57,3,22,2
11843,2024-06-28 08:43:46,11807.29,3,17,3
11844,2023-05-31 19:12:43,4704.23,5,19,12
11845,2025-03-19 15:07:47,8429.98,4,13,2
11846,2024-01-04 12:41:07,1948.65,2,11,2
11847,2024-02-09 02:37:08,5921.20,3,2,3
11848,2024-08-10 22:42:39,16663.25,1,10,3
11849,2024-07-16 09:51:51,10411.94,3,2,2
11850,2024-12-30 06:41:23,3499.63,5,24,2
11851,2024-05-19 12:38:34,8330.04,2,21,3
11852,2024-11-22 23:09:50,844.44,5,19,3
11853,2024-08-05 14:20:23,417.05,1,15,2
11854,2023-09-12 12:32:53,10148.76,5,4,2
11855,2024-04-26 07:57:42,12217.06,5,14,2
11856,2024-02-15 02:40:54,9405.75,1,15,11
11857,2023-08-26 22:59:01,12974.41,4,8,4
11858,2024-07-30 13:27:16,4759.20,5,4,2
11859,2025-01-20 07:54:38,9198.95,4,3,2
11860,2024-07-23 12:44:53,19812.72,3,22,2
11861,2024-03-25 03:36:18,11276.51,2,11,2
11862,2024-04-29 06:33:16,6895.01,3,7,2
11863,2025-02-27 17:40:14,3154.22,1,10,2
11864,2025-02-15 00:27:54,21423.99,3,12,2
11865,2023-11-07 00:54:23,11483.94,2,21,5
11866,2025-03-17 13:15:25,9509.74,1,25,2
11867,2023-10-15 05:49:41,11377.64,1,15,3
11868,2023-09-24 02:12:43,13680.36,4,13,2
11869,2025-03-24 13:52:26,4550.18,5,19,3
11870,2023-11-15 14:49:27,2373.15,3,7,2
11871,2023-11-12 05:49:34,5743.91,3,2,2
11872,2025-02-11 08:35:09,4768.62,3,2,4
11873,2023-05-26 03:39:52,9219.30,3,12,12
11874,2025-03-21 17:02:23,11031.69,1,10,2
11875,2023-11-26 23:33:19,1221.86,4,18,3
11876,2025-01-18 15:24:01,9467.25,5,14,2
11877,2025-01-08 13:41:11,8766.90,1,5,2
11878,2024-03-21 22:48:46,8833.48,1,10,3
11879,2025-03-26 17:07:43,8608.43,5,24,2
11880,2023-10-09 16:16:07,8504.26,1,25,2
11881,2023-10-07 14:50:07,10270.40,5,24,2
11882,2023-11-01 14:31:13,10643.23,3,17,2
11883,2024-12-24 00:35:24,9593.63,1,25,3
11884,2025-04-05 13:18:23,10466.98,3,7,4
11885,2025-01-22 15:03:57,4104.97,3,17,3
11886,2024-03-01 18:09:47,3709.96,4,18,2
11887,2024-10-13 01:48:32,7594.44,1,25,2
11888,2023-07-10 18:48:52,15603.57,1,10,5
11889,2024-11-24 16:23:46,8830.80,4,8,12
11890,2024-04-18 11:55:07,7631.64,4,3,9
11891,2024-07-27 16:36:11,8650.44,5,9,2
11892,2023-07-07 19:43:30,9312.79,5,19,3
11893,2025-05-09 13:30:10,6741.78,1,5,4
11894,2025-01-10 18:52:23,9092.09,4,8,2
11895,2024-09-25 13:52:35,13646.60,2,21,2
11896,2023-10-14 15:02:52,4817.74,3,17,2
11897,2023-08-01 00:11:39,146.48,3,2,2
11898,2025-04-23 13:13:32,7591.38,1,10,3
11899,2024-11-12 19:36:28,11926.15,4,23,4
11900,2025-01-01 13:50:46,2985.14,3,2,2
11901,2023-05-27 08:57:41,2166.72,2,6,2
11902,2025-03-13 12:09:35,4592.12,4,13,2
11903,2024-02-13 04:24:43,6657.18,2,16,2
11904,2024-01-29 19:49:53,4320.72,2,11,2
11905,2024-12-12 17:05:21,18808.54,2,11,2
11906,2023-09-01 01:03:13,3593.22,3,7,2
11907,2024-03-19 04:57:32,1625.04,1,25,16
11908,2024-03-15 08:32:13,3832.78,3,2,2
11909,2024-05-28 15:27:18,12207.79,2,11,3
11910,2024-08-02 05:54:56,14105.05,4,8,4
11911,2025-03-25 19:58:07,2379.36,4,18,2
11912,2024-01-19 06:17:06,4021.66,1,25,3
11913,2025-04-22 23:18:05,8673.69,1,10,2
11914,2024-07-24 01:25:05,6904.64,4,3,4
11915,2024-11-08 17:08:21,18751.52,2,6,2
11916,2023-08-21 10:14:27,4872.82,1,25,3
11917,2023-06-10 00:13:32,467.92,5,14,2
11918,2025-05-03 22:42:13,17346.48,4,23,3
11919,2024-10-28 22:36:49,9748.25,4,13,2
11920,2023-06-05 08:55:50,12261.50,5,24,3
11921,2024-09-11 06:57:38,3598.68,2,21,10
11922,2025-02-01 18:40:51,2444.36,1,15,2
11923,2024-01-12 22:13:27,7678.66,1,15,2
11924,2024-06-05 16:50:48,2309.06,5,14,2
11925,2024-12-12 23:28:59,13591.63,4,3,2
11926,2023-09-03 15:06:11,10024.53,3,17,2
11927,2024-01-29 00:39:03,6506.25,1,15,2
11928,2024-02-15 07:51:48,3068.04,5,9,2
11929,2023-10-19 15:01:23,6042.42,4,13,2
11930,2024-05-30 21:30:48,7468.90,1,15,486
11931,2024-12-28 01:35:09,3760.98,4,8,2
11932,2025-03-03 16:12:21,12647.12,4,8,2
11933,2024-09-23 17:00:53,9137.77,1,25,2
11934,2023-11-12 01:06:48,2620.54,5,19,2
11935,2023-09-07 16:34:56,9325.25,4,13,2
11936,2024-05-15 20:29:57,2914.44,4,13,2
11937,2025-04-19 03:41:04,12142.14,2,21,3
11938,2024-06-08 19:52:17,4384.95,4,8,2
11939,2023-08-25 08:43:34,9810.01,1,5,2
11940,2023-06-09 14:34:20,2627.05,2,16,2
11941,2025-03-01 08:39:15,17820.91,5,4,3
11942,2023-11-11 18:17:57,3814.32,3,2,3
11943,2024-09-06 00:38:16,5183.20,5,14,2
11944,2024-12-22 05:19:38,6404.05,2,1,5
11945,2025-04-10 20:54:25,15009.67,1,5,2
11946,2024-06-27 00:08:25,11232.57,4,18,4
11947,2023-07-05 10:13:30,8482.57,4,3,2
11948,2024-01-30 21:54:40,16404.38,1,5,4
11949,2023-07-02 14:57:35,9943.46,1,25,2
11950,2024-03-24 02:34:47,21695.78,4,8,3
11951,2023-09-07 23:13:49,5636.37,4,13,3
11952,2024-07-10 18:38:37,6393.29,2,1,2
11953,2024-03-31 01:32:53,8059.06,4,18,2
11954,2024-09-29 08:18:02,5035.42,4,8,2
11955,2024-05-14 14:50:31,13232.39,2,16,2
11956,2024-07-28 22:22:54,14761.64,4,8,3
11957,2023-10-11 23:47:07,16536.27,5,4,2
11958,2023-12-28 15:02:59,2326.34,5,9,5
11959,2025-01-20 05:22:48,7066.70,5,4,3
11960,2024-04-10 22:19:27,7725.02,4,13,2
11961,2023-06-15 07:36:51,13057.73,5,9,2
11962,2024-08-09 20:50:33,15665.03,3,12,2
11963,2024-08-03 21:41:10,12700.25,4,18,2
11964,2024-01-23 17:01:10,17129.53,5,14,2
11965,2024-09-14 23:38:28,1164.00,2,6,2
11966,2024-04-10 13:45:40,3369.84,4,13,3
11967,2024-05-08 02:25:43,4551.08,1,10,2
11968,2023-10-03 21:18:28,11286.29,4,8,2
11969,2023-08-06 03:42:17,5195.26,3,12,7
11970,2024-01-04 23:28:52,13410.73,1,25,2
11971,2025-04-24 10:28:02,8586.23,3,22,10
11972,2025-04-15 22:39:07,8333.74,2,21,2
11973,2024-07-27 11:01:04,3600.34,2,16,2
11974,2025-01-01 08:16:59,12421.03,4,3,2
11975,2023-08-16 01:45:39,1105.05,1,10,20
11976,2023-10-19 01:11:37,13783.83,2,6,2
11977,2024-06-24 12:40:39,5890.65,2,11,8
11978,2024-09-13 14:39:22,15084.78,1,5,8
11979,2024-06-12 09:02:53,15053.01,1,10,2
11980,2024-01-21 23:03:33,5439.62,2,1,2
11981,2024-11-21 14:52:17,11674.93,3,12,2
11982,2025-02-06 13:53:46,9218.59,5,4,2
11983,2023-09-22 09:03:46,8345.00,1,10,4
11984,2025-04-17 17:30:42,4090.00,5,24,2
11985,2025-02-08 05:43:44,11312.41,3,12,7
11986,2023-09-28 16:28:51,15629.84,3,2,2
11987,2024-05-22 03:27:59,4599.35,1,25,2
11988,2024-10-13 21:08:14,6775.83,2,6,2
11989,2023-06-24 09:49:31,2736.04,1,5,2
11990,2024-05-02 18:59:54,3702.36,1,25,6
11991,2024-06-08 15:41:26,14332.96,1,20,2
11992,2025-03-14 16:17:18,4392.27,5,14,7
11993,2024-06-15 21:01:53,15540.23,1,25,2
11994,2024-09-23 11:37:29,12836.32,2,1,3
11995,2025-02-26 11:12:40,16131.39,2,21,9
11996,2023-11-11 23:57:31,18732.23,1,10,2
11997,2024-01-05 17:50:13,11657.00,2,21,2
11998,2024-02-24 22:42:45,9685.59,2,1,2
11999,2025-01-25 08:50:15,9832.24,2,11,2
12000,2024-11-21 15:52:06,8272.56,3,17,4
12001,2023-06-15 05:46:54,7511.25,3,22,2
12002,2023-07-13 18:36:20,10293.97,5,9,2
12003,2024-12-11 20:27:42,12440.55,2,21,2
12004,2024-04-12 10:23:12,4817.55,3,17,2
12005,2024-05-07 18:43:44,6153.09,4,13,2
12006,2023-10-07 05:05:49,15924.17,1,25,2
12007,2024-01-25 23:47:29,6077.35,2,1,3
12008,2024-01-20 15:00:11,433.12,4,3,2
12009,2024-10-16 02:39:56,8451.94,2,16,3
12010,2024-11-15 02:29:58,6815.09,1,20,2
12011,2025-05-07 05:00:27,3424.16,5,4,2
12012,2025-02-22 17:38:19,2449.78,2,16,3
12013,2024-06-01 03:25:50,6630.16,2,1,3
12014,2023-06-18 01:38:58,1062.94,2,21,2
12015,2024-07-01 07:58:11,10996.24,3,7,2
12016,2024-03-29 11:38:17,5603.00,1,20,8
12017,2023-12-04 03:59:25,18270.61,5,9,2
12018,2025-01-25 17:28:14,8105.78,4,13,2
12019,2024-10-01 07:41:39,20597.03,2,16,2
12020,2024-10-29 21:06:58,17270.71,2,1,2
12021,2024-09-01 12:56:53,8303.39,2,16,2
12022,2025-03-23 20:32:33,14779.18,2,1,2
12023,2023-07-13 19:52:40,16210.38,3,12,2
12024,2024-08-27 11:16:01,12233.02,1,5,2
12025,2023-06-11 15:09:16,9305.60,4,8,2
12026,2023-10-17 18:18:15,7550.58,2,1,2
12027,2023-06-12 03:02:56,2034.96,3,2,2
12028,2023-07-15 10:36:45,12973.68,1,15,2
12029,2024-03-19 10:40:46,8333.69,4,23,3
12030,2023-08-24 15:13:28,11423.58,1,5,2
12031,2023-11-20 23:52:42,8856.65,4,18,2
12032,2024-11-19 12:50:02,5234.37,5,19,3
12033,2025-04-29 19:17:26,3852.69,2,21,3
12034,2025-04-06 22:10:20,5323.56,4,8,2
12035,2024-09-09 18:01:55,13627.23,2,21,3
12036,2024-07-15 16:52:41,4680.49,4,23,4
12037,2023-10-03 03:41:00,6923.16,5,19,2
12038,2025-02-10 09:56:05,8115.25,1,20,3
12039,2024-11-13 06:08:42,8418.61,5,14,2
12040,2024-11-19 15:48:34,13996.49,3,12,2
12041,2024-09-25 02:08:30,1262.61,1,15,2
12042,2024-12-10 05:11:53,8533.24,4,23,2
12043,2023-08-26 00:31:15,10468.31,3,7,2
12044,2025-02-04 18:51:01,9179.00,4,18,8
12045,2023-10-29 21:20:12,4753.84,5,9,2
12046,2024-08-01 19:01:46,2450.82,4,3,2
12047,2025-04-02 19:19:09,8049.65,5,19,6
12048,2024-07-18 17:03:45,5236.62,2,1,2
12049,2024-05-06 10:09:23,6463.11,5,24,2
12050,2024-12-12 18:17:47,9161.82,2,6,2
12051,2024-08-06 08:00:00,17174.57,1,10,2
12052,2024-05-15 00:33:14,11700.40,5,24,2
12053,2025-04-24 09:26:00,5425.02,5,24,3
12054,2023-06-12 14:53:34,3193.36,5,4,2
12055,2024-11-20 17:18:32,7662.57,4,23,8
12056,2025-02-08 22:34:27,10748.76,5,24,2
12057,2025-03-16 09:00:36,13683.72,2,6,6
12058,2024-06-16 09:44:05,4962.90,5,9,3
12059,2025-01-09 02:38:08,13369.17,1,20,2
12060,2024-10-09 07:33:34,11296.42,3,7,2
12061,2023-11-07 00:11:34,9410.26,1,5,2
12062,2023-09-21 22:22:37,5681.55,2,11,3
12063,2024-07-28 02:37:08,5890.15,3,7,2
12064,2025-05-21 21:42:34,598.43,3,12,2
12065,2024-11-10 15:14:47,3733.01,2,21,2
12066,2025-05-20 14:48:56,6250.81,3,12,2
12067,2023-08-11 11:44:37,6359.09,3,17,7
12068,2023-08-22 05:12:33,3445.92,2,6,3
12069,2023-12-16 11:24:38,146.48,3,17,3
12070,2024-11-11 00:56:20,21261.62,2,6,3
12071,2023-05-27 11:58:41,8516.38,2,21,2
12072,2025-01-20 15:17:52,18260.06,5,19,2
12073,2024-09-26 13:08:24,9426.89,5,19,2
12074,2023-06-09 13:52:27,14543.45,4,13,3
12075,2023-07-07 16:00:14,7482.21,2,11,2
12076,2024-05-08 06:51:34,13444.30,4,13,9
12077,2023-06-11 02:39:58,17548.10,2,16,3
12078,2023-12-08 01:27:05,894.85,1,25,2
12079,2024-03-14 08:55:17,8565.13,5,24,4
12080,2024-06-12 21:43:52,8418.44,1,15,2
12081,2024-05-12 03:33:47,10818.96,4,18,2
12082,2024-06-16 07:28:44,15001.46,4,18,2
12083,2024-09-02 21:09:32,13920.89,3,12,2
12084,2024-05-22 23:15:15,5753.11,1,5,2
12085,2023-09-30 07:10:04,8430.52,5,24,3
12086,2023-12-21 10:14:21,11343.07,3,17,2
12087,2024-02-14 06:41:03,861.48,3,2,2
12088,2025-04-20 06:24:18,1837.80,5,4,3
12089,2024-07-02 17:05:21,2162.60,3,7,2
12090,2024-04-07 22:13:40,9548.09,3,22,2
12091,2024-09-14 09:07:10,3659.83,5,14,2
12092,2023-07-05 23:23:13,6079.63,2,1,2
12093,2023-07-09 00:10:40,1149.69,5,14,2
12094,2025-05-15 21:52:07,6639.97,4,3,10
12095,2024-08-17 17:00:25,15807.17,3,7,3
12096,2023-06-13 00:36:15,5424.77,5,9,2
12097,2024-05-09 15:55:57,12346.76,1,10,2
12098,2024-08-30 19:10:52,7362.97,2,21,2
12099,2025-03-31 22:47:52,19158.95,2,16,3
12100,2025-05-17 20:43:25,17749.57,4,13,3
12101,2023-12-20 21:36:47,3532.47,5,19,2
12102,2024-03-07 19:44:22,12258.13,5,24,2
12103,2024-06-21 07:02:54,1923.55,4,18,2
12104,2024-04-07 12:01:55,5142.75,1,10,2
12105,2024-06-28 11:40:46,10346.51,3,7,2
12106,2023-08-22 18:01:03,11250.00,1,10,2
12107,2023-08-22 12:13:05,3696.87,3,17,2
12108,2023-06-22 08:54:25,4245.71,4,13,3
12109,2024-08-03 11:51:39,820.49,2,11,2
12110,2024-04-01 01:25:31,5497.40,5,9,2
12111,2024-10-10 23:54:27,8001.13,3,2,2
12112,2024-10-30 12:02:56,6028.44,4,13,2
12113,2024-04-29 11:18:59,6079.66,5,19,3
12114,2024-03-02 04:30:41,1383.26,3,2,2
12115,2024-10-01 01:24:45,1376.17,4,13,2
12116,2025-05-20 20:53:03,13269.81,4,3,2
12117,2025-02-14 18:39:03,5434.19,1,25,2
12118,2024-06-28 12:15:29,10500.85,2,6,2
12119,2024-11-28 08:34:57,6479.44,1,5,2
12120,2024-10-11 05:12:57,10688.37,2,21,2
12121,2025-02-16 06:25:03,12552.72,1,10,2
12122,2024-01-21 01:35:59,11290.76,1,5,3
12123,2024-12-07 18:00:47,11537.63,1,20,3
12124,2025-01-23 22:21:10,10183.67,2,21,2
12125,2023-07-26 21:28:25,3195.14,5,14,2
12126,2024-02-10 13:44:11,756.49,1,15,5
12127,2024-09-13 23:55:21,5685.25,5,24,2
12128,2023-11-29 12:20:41,6801.41,3,12,2
12129,2024-11-25 03:10:08,2213.80,4,3,2
12130,2024-08-20 15:28:19,8488.69,2,21,4
12131,2023-12-24 00:53:47,60.75,2,16,2
12132,2025-02-10 11:41:33,6788.07,5,9,4
12133,2023-07-18 00:00:03,5523.25,1,10,4
12134,2024-01-16 06:14:24,10876.72,5,19,2
12135,2023-12-20 02:16:25,4928.40,3,2,2
12136,2024-11-09 16:11:59,4046.83,2,1,2
12137,2024-09-30 19:32:04,11589.53,2,1,4
12138,2025-03-28 22:08:08,18013.24,1,25,2
12139,2025-03-11 07:11:00,9037.33,2,1,2
12140,2023-08-12 10:36:21,12699.34,1,5,2
12141,2024-05-27 07:49:32,17313.61,1,20,2
12142,2024-03-30 23:54:34,997.34,4,13,2
12143,2023-06-16 02:34:50,8987.63,5,19,3
12144,2024-06-07 01:28:00,12824.50,3,17,2
12145,2024-11-27 10:30:12,1020.28,3,2,3
12146,2024-08-30 05:00:28,6994.44,1,15,3
12147,2024-10-16 07:47:34,18059.97,2,21,2
12148,2024-01-02 14:05:31,10004.28,4,13,2
12149,2023-12-27 07:53:42,253.00,4,8,3
12150,2024-06-01 00:43:59,8202.24,5,24,6
12151,2023-11-20 07:39:56,5502.44,3,12,2
12152,2025-01-05 14:06:37,6457.90,1,20,2
12153,2025-02-13 22:01:00,579.95,3,7,2
12154,2024-12-06 21:33:37,10832.52,3,7,5
12155,2024-10-19 09:58:05,5788.57,2,1,3
12156,2024-12-01 05:24:49,335.18,5,24,3
12157,2024-08-11 08:24:43,7905.18,5,9,2
12158,2025-05-03 01:11:06,4430.10,5,14,3
12159,2025-01-15 05:41:57,21426.30,2,16,2
12160,2024-07-30 18:35:35,14779.87,1,15,2
12161,2025-01-29 06:02:43,9550.65,4,18,5
12162,2024-12-17 03:56:55,1578.32,3,2,4
12163,2023-11-13 11:07:53,11135.59,1,25,2
12164,2024-11-10 11:24:56,8448.08,3,17,10
12165,2023-12-09 12:02:51,5383.04,3,17,2
12166,2025-03-02 07:17:42,11183.19,3,7,2
12167,2023-09-29 03:38:36,8378.71,3,17,2
12168,2024-04-05 10:46:03,5623.97,1,10,2
12169,2024-06-10 02:19:50,4977.42,4,18,2
12170,2024-03-17 14:47:41,21847.51,2,21,2
12171,2023-07-21 17:07:26,9050.47,5,14,6
12172,2024-04-21 17:17:59,14520.27,5,24,4
12173,2023-12-22 14:57:27,4488.78,3,22,11
12174,2025-04-13 21:21:10,12465.03,1,20,2
12175,2023-07-01 12:18:21,1074.95,1,20,2
12176,2025-01-30 11:04:25,9183.26,3,12,2
12177,2024-10-06 17:52:46,18099.85,1,5,3
12178,2025-02-09 19:32:00,7403.28,2,6,2
12179,2024-07-02 08:43:45,14615.18,1,10,2
12180,2024-12-09 08:47:05,21362.53,5,14,138
12181,2024-04-16 14:53:16,908.36,1,15,3
12182,2024-05-13 08:33:26,3265.10,5,19,2
12183,2023-09-12 09:10:22,15092.86,3,7,2
12184,2024-07-15 02:49:28,19381.90,2,16,2
12185,2024-08-04 20:50:48,8526.92,4,18,2
12186,2024-10-19 07:37:59,8136.85,1,5,2
12187,2023-07-04 06:22:49,16793.87,3,2,122
12188,2023-10-09 07:54:48,4709.19,2,11,2
12189,2024-03-26 03:55:42,7154.59,3,2,5
12190,2024-01-07 13:12:32,7327.10,5,24,2
12191,2023-11-27 03:49:14,487.11,1,5,2
12192,2025-01-08 17:40:48,3586.00,3,7,2
12193,2023-11-13 02:55:10,12555.86,1,20,3
12194,2025-04-16 17:03:45,2888.88,2,21,3
12195,2024-09-11 02:01:22,13656.82,2,16,3
12196,2025-04-27 23:05:48,10639.76,1,10,2
12197,2024-04-08 21:20:23,15715.70,1,5,2
12198,2023-12-28 20:06:07,15750.33,3,12,2
12199,2024-06-03 11:05:13,11360.94,3,22,2
12200,2024-05-03 12:07:55,15278.90,4,18,2
12201,2024-02-12 12:43:35,3589.26,4,8,3
12202,2023-07-16 15:00:08,2499.45,1,15,2
12203,2024-01-14 03:35:14,6381.33,4,3,2
12204,2024-04-02 21:27:18,7300.29,3,2,5
12205,2025-04-30 13:04:15,1546.54,1,5,2
12206,2023-12-27 00:55:04,14758.42,1,10,2
12207,2025-02-24 19:47:29,6560.52,1,20,2
12208,2023-07-18 22:14:51,6048.50,1,20,2
12209,2023-11-19 23:18:36,6739.27,1,10,2
12210,2024-03-06 22:17:06,3908.30,5,9,2
12211,2024-10-02 09:43:50,5935.14,5,9,2
12212,2024-05-21 15:08:23,7284.04,3,12,2
12213,2023-08-31 18:33:05,11584.23,1,25,2
12214,2023-12-19 19:03:38,16422.89,2,11,3
12215,2024-08-23 21:57:30,129.65,5,14,2
12216,2025-03-30 07:38:01,17624.20,4,18,2
12217,2023-12-29 10:08:55,13666.73,2,11,2
12218,2023-07-29 03:51:07,9133.17,4,8,13
12219,2023-09-11 17:09:49,10163.11,2,11,2
12220,2024-04-26 18:58:42,9188.34,5,19,2
12221,2024-11-10 22:10:41,5343.69,1,15,2
12222,2024-03-28 04:08:05,12721.44,3,17,7
12223,2025-03-14 23:38:57,3091.98,4,23,2
12224,2024-11-30 13:27:00,19629.19,2,11,3
12225,2024-12-07 22:38:28,1625.04,5,4,3
12226,2024-10-12 21:06:32,18994.43,5,24,3
12227,2023-08-27 19:03:53,4026.72,4,23,2
12228,2024-03-07 00:08:49,15971.75,3,7,7
12229,2023-06-25 10:16:57,4884.80,4,23,2
12230,2024-06-06 13:01:28,5967.20,2,11,2
12231,2024-05-26 15:18:17,1385.52,1,5,2
12232,2025-04-13 07:25:04,12094.61,4,23,3
12233,2024-05-17 05:30:44,3068.04,4,3,444
12234,2024-08-30 05:19:55,1832.79,3,2,4
12235,2023-09-25 12:03:51,15583.75,4,18,2
12236,2023-09-23 10:32:28,4313.63,3,12,3
12237,2024-04-30 10:29:49,2522.38,4,8,2
12238,2024-06-29 19:21:50,9167.97,4,18,3
12239,2024-03-10 17:02:34,12650.53,2,16,5
12240,2024-12-07 07:55:27,14799.98,3,17,2
12241,2024-02-09 22:29:03,11311.59,5,24,180
12242,2025-02-11 23:43:20,8938.51,5,19,2
12243,2023-06-23 10:11:42,3567.40,3,12,4
12244,2023-06-17 02:37:31,10290.16,1,15,2
12245,2024-07-30 16:08:46,830.26,1,5,4
12246,2024-03-06 15:48:41,6718.53,3,17,4
12247,2025-05-09 11:02:12,10470.58,5,14,2
12248,2024-03-04 00:10:29,15663.48,1,25,6
12249,2024-10-19 01:53:37,11527.43,1,25,15
12250,2025-04-05 17:52:05,1816.92,3,12,5
12251,2025-02-23 05:33:43,4457.53,1,25,121
12252,2024-04-21 13:37:59,9457.49,4,18,2
12253,2024-04-19 10:43:57,4120.38,2,11,17
12254,2024-08-15 18:42:32,12352.49,4,3,3
12255,2023-10-07 23:09:08,13901.83,4,23,5
12256,2023-11-24 06:16:32,1067.30,2,21,2
12257,2024-03-24 06:36:55,11709.87,1,5,2
12258,2025-03-22 22:41:16,11342.76,2,16,2
12259,2023-12-30 07:01:22,9561.27,4,18,3
12260,2025-01-08 14:16:43,3398.80,1,20,2
12261,2023-11-04 03:14:36,1684.92,4,18,2
12262,2023-12-10 03:44:52,10414.67,2,6,4
12263,2024-04-07 11:39:07,16236.77,1,5,12
12264,2023-07-05 06:35:37,11084.79,3,7,5
12265,2024-12-09 13:41:33,3525.13,1,15,11
12266,2023-10-04 08:54:23,17337.71,4,23,4
12267,2023-10-28 17:21:23,16017.27,4,8,2
12268,2024-10-13 08:31:49,14614.25,1,20,2
12269,2024-12-16 20:50:33,6722.91,2,21,7
12270,2024-08-19 09:58:58,14471.50,5,14,20
12271,2025-02-10 23:16:38,12587.66,2,11,2
12272,2024-12-10 21:15:23,18268.02,2,21,2
12273,2025-02-16 14:47:09,10441.20,5,19,2
12274,2025-02-02 08:20:38,8012.39,2,6,2
12275,2024-06-26 00:10:06,4595.34,4,18,2
12276,2024-08-26 19:04:47,9322.94,2,11,2
12277,2024-08-19 09:05:24,17718.24,5,24,3
12278,2024-06-07 04:59:51,7558.38,4,13,4
12279,2024-05-01 19:54:04,4171.65,3,7,2
12280,2025-01-21 02:45:47,7595.34,4,8,2
12281,2024-10-23 19:21:25,10507.68,4,3,2
12282,2024-11-02 00:50:19,2082.94,3,22,2
12283,2024-11-22 19:07:06,14283.36,4,3,4
12284,2024-04-18 00:39:49,4569.13,1,10,3
12285,2023-09-05 03:01:14,7236.04,3,7,2
12286,2023-09-16 19:14:03,611.09,5,14,2
12287,2023-07-18 16:56:27,8897.50,2,21,2
12288,2024-03-07 00:56:47,4545.52,5,4,2
12289,2024-06-10 06:28:44,11100.37,4,23,2
12290,2024-10-23 07:00:36,17593.90,5,24,2
12291,2024-05-05 14:16:35,4086.55,3,17,2
12292,2024-09-29 19:04:16,4901.27,2,16,4
12293,2025-04-12 20:34:29,3187.00,5,14,2
12294,2025-03-26 13:35:59,1156.66,1,5,2
12295,2024-03-12 20:23:42,5682.05,1,10,2
12296,2025-05-13 18:36:34,10744.91,1,25,2
12297,2024-07-18 06:26:07,9866.15,1,25,4
12298,2024-09-17 22:29:22,11662.93,3,17,2
12299,2023-06-21 07:28:53,12183.95,4,13,2
12300,2023-11-11 16:50:03,9295.03,5,19,2
12301,2024-02-01 03:05:57,1584.12,3,7,2
12302,2023-11-24 04:59:00,10713.45,3,22,2
12303,2025-04-18 16:39:42,10215.62,5,4,5
12304,2023-06-27 10:49:51,4159.23,5,24,11
12305,2023-07-19 22:07:48,2680.78,1,15,2
12306,2025-03-10 13:38:59,1990.34,5,4,2
12307,2024-11-23 02:26:15,4702.27,3,12,2
12308,2024-05-10 09:32:02,8350.87,1,15,3
12309,2024-12-17 01:12:12,13498.12,3,12,5
12310,2024-04-01 05:49:02,4170.33,5,19,6
12311,2025-01-21 11:46:15,15703.23,1,10,2
12312,2025-01-31 02:40:39,6651.41,5,24,2
12313,2024-01-10 09:33:27,7291.18,5,19,2
12314,2023-06-16 04:55:50,3626.62,3,2,4
12315,2024-01-07 11:44:26,14641.80,3,22,3
12316,2025-02-14 18:10:32,13030.17,4,3,5
12317,2024-10-04 05:34:03,19152.48,3,22,3
12318,2023-05-24 07:23:48,942.15,3,2,3
12319,2024-09-13 16:51:10,4396.65,5,24,4
12320,2023-12-03 23:50:12,13854.58,4,18,2
12321,2023-12-03 21:16:05,9732.60,1,5,2
12322,2023-05-24 12:36:23,13891.24,2,16,2
12323,2023-07-13 23:09:30,1685.47,2,1,2
12324,2024-01-03 13:54:49,8586.03,2,11,2
12325,2023-07-13 09:15:00,2370.63,3,17,7
12326,2024-12-01 17:22:08,1282.46,1,25,11
12327,2024-06-30 12:49:49,1711.71,2,11,2
12328,2023-08-28 20:40:04,5717.14,4,18,16
12329,2024-05-01 04:15:32,12202.46,4,13,2
12330,2023-12-05 22:03:00,9028.29,4,23,2
12331,2024-05-07 23:10:37,8393.96,3,17,2
12332,2024-11-07 00:20:25,4293.34,5,24,2
12333,2024-08-25 21:54:21,13945.91,5,4,2
12334,2024-08-01 23:14:29,1275.02,2,11,2
12335,2025-05-06 13:00:54,4154.15,4,13,3
12336,2025-04-12 19:34:51,11247.07,3,2,2
12337,2025-03-29 15:15:56,6968.64,4,3,2
12338,2024-07-08 21:57:18,9112.59,3,22,2
12339,2024-05-30 09:52:03,7638.78,5,24,2
12340,2023-11-04 18:59:08,2271.00,1,10,2
12341,2025-05-02 12:05:41,604.99,2,11,2
12342,2024-09-19 21:39:27,8305.65,3,17,2
12343,2025-05-19 14:14:10,9245.47,4,18,2
12344,2024-03-24 19:07:21,202.40,2,21,2
12345,2023-10-23 02:22:09,11602.47,2,6,3
12346,2023-06-13 22:34:11,16946.48,3,7,2
12347,2025-02-22 04:45:33,2916.09,5,4,2
12348,2024-11-01 02:05:59,13843.09,5,4,2
12349,2024-05-24 10:09:40,15701.97,4,18,2
12350,2024-12-06 22:54:52,11135.57,3,22,4
12351,2024-03-19 08:17:38,7854.26,1,5,2
12352,2024-11-09 00:27:27,2226.75,3,12,3
12353,2024-04-16 16:54:07,14678.23,5,9,29
12354,2024-09-09 18:44:39,2848.64,5,14,3
12355,2024-06-30 11:11:09,3877.84,5,14,6
12356,2024-09-04 00:25:26,16082.20,2,1,4
12357,2025-01-20 01:06:36,19568.76,5,24,2
12358,2023-11-29 03:21:54,12050.70,1,15,2
12359,2024-09-25 05:48:00,8097.27,1,10,2
12360,2024-07-24 20:55:10,12302.90,5,19,3
12361,2024-01-05 04:11:02,4574.03,4,8,21
12362,2025-04-18 02:50:14,1683.86,5,9,2
12363,2025-04-19 08:25:48,1362.69,2,16,5
12364,2025-01-03 22:44:21,10985.00,1,5,2
12365,2024-08-06 21:12:46,6138.92,1,5,2
12366,2024-06-14 02:41:02,9326.42,5,9,3
12367,2025-03-30 07:27:52,9575.49,4,3,71
12368,2024-05-13 20:38:31,20930.65,2,11,35
12369,2025-03-19 09:33:18,15505.72,2,6,2
12370,2023-09-12 07:17:05,1083.08,5,9,2
12371,2024-05-30 23:04:09,8281.78,3,22,3
12372,2023-08-11 12:31:50,6362.16,1,25,2
12373,2024-02-03 14:31:27,15866.65,1,20,2
12374,2025-01-09 03:39:36,6570.43,2,16,2
12375,2025-05-18 13:37:17,12076.20,5,4,2
12376,2025-02-19 17:04:34,1110.82,2,16,6
12377,2023-06-24 13:47:12,10086.39,1,10,3
12378,2024-01-13 06:49:45,7096.32,5,9,4
12379,2024-07-08 12:54:01,8529.91,5,4,6
12380,2023-10-11 18:29:42,3747.02,5,14,2
12381,2025-04-22 18:07:49,7237.40,2,16,2
12382,2024-10-15 20:14:37,6903.89,5,4,2
12383,2023-09-09 02:11:46,3794.80,3,17,2
12384,2024-04-22 11:23:26,7916.69,1,5,3
12385,2023-12-19 10:06:14,4412.46,3,12,2
12386,2023-06-10 01:44:10,9939.31,5,24,5
12387,2024-11-19 11:30:44,10145.99,5,24,3
12388,2024-08-07 07:32:16,5862.10,3,12,4
12389,2024-09-05 20:18:33,10233.59,5,4,11
12390,2024-01-12 14:14:49,14534.99,2,16,2
12391,2025-01-23 01:30:58,11108.17,3,12,4
12392,2024-03-02 14:52:43,5077.49,5,19,2
12393,2024-01-25 00:14:24,3624.38,1,15,2
12394,2024-03-26 08:01:44,8412.53,4,23,5
12395,2023-11-30 07:35:09,13825.05,2,16,2
12396,2025-02-10 18:27:16,2581.02,1,20,2
12397,2025-01-22 22:38:00,3521.89,5,19,2
12398,2024-03-21 10:57:12,3159.30,5,9,4
12399,2023-09-28 17:56:37,4595.19,4,13,3
12400,2025-04-27 03:50:35,16392.12,2,6,2
12401,2023-07-11 09:02:18,4647.86,3,22,2
12402,2024-10-10 11:54:13,10387.44,1,25,2
12403,2024-09-13 04:48:36,1055.86,2,1,4
12404,2024-04-05 00:57:13,13610.72,4,3,5
12405,2024-03-11 03:25:27,3611.55,5,14,6
12406,2024-04-09 15:12:52,4336.38,1,5,2
12407,2024-04-18 11:46:29,4770.25,3,22,17
12408,2023-05-30 21:26:09,2207.54,1,10,13
12409,2024-08-01 20:55:51,4604.64,5,19,14
12410,2025-01-03 09:18:07,10753.34,3,7,2
12411,2025-04-29 13:42:05,4326.68,4,13,4
12412,2025-02-23 03:08:28,7846.90,5,4,5
12413,2025-04-14 17:04:10,6967.28,3,2,3
12414,2023-11-18 06:04:09,17131.24,4,18,2
12415,2024-05-22 03:47:54,10986.70,4,8,7
12416,2025-02-03 03:12:57,6853.78,3,7,2
12417,2024-11-17 13:46:19,9763.64,4,8,2
12418,2023-07-13 19:19:02,12769.41,3,2,2
12419,2024-05-28 10:24:30,1082.56,2,1,22
12420,2025-04-10 19:58:37,6644.61,5,19,6
12421,2023-10-13 10:34:16,6880.24,2,11,2
12422,2023-06-19 14:48:12,7924.28,1,20,2
12423,2024-01-21 15:27:11,5821.24,5,9,2
12424,2025-03-18 10:32:33,3682.06,3,2,3
12425,2023-12-27 05:42:05,12055.78,1,5,2
12426,2024-04-28 01:58:51,1214.93,3,17,2
12427,2023-10-17 17:01:29,5894.23,2,11,3
12428,2024-07-22 17:43:55,3100.84,1,20,2
12429,2024-01-18 12:05:33,18561.71,4,13,5
12430,2025-04-06 10:13:12,1341.26,1,10,2
12431,2024-10-05 22:10:21,5876.11,5,24,3
12432,2025-01-17 21:31:36,3224.08,5,9,12
12433,2023-05-30 20:32:01,13575.07,5,4,8
12434,2023-11-13 13:21:16,1057.48,2,16,2
12435,2024-09-02 11:20:02,9036.55,2,1,6
12436,2024-04-28 02:09:49,5407.89,5,4,2
12437,2024-08-21 05:52:45,10600.40,4,8,3
12438,2024-11-14 02:57:59,13000.19,4,3,2
12439,2024-12-23 23:10:06,4148.49,4,8,2
12440,2024-03-11 02:25:58,9016.91,1,10,4
12441,2024-10-30 15:15:05,10367.93,4,8,5
12442,2024-03-13 20:30:19,5427.91,1,25,2
12443,2024-05-20 06:31:09,7349.74,4,8,8
12444,2024-01-10 20:19:29,8717.26,3,7,4
12445,2025-04-24 15:00:43,2295.60,4,23,6
12446,2023-08-03 19:45:41,12831.91,2,16,3
12447,2023-07-23 21:01:54,1891.37,1,10,4
12448,2024-12-16 09:26:15,3081.66,5,9,2
12449,2025-03-13 06:41:17,2628.84,2,11,24
12450,2023-12-09 04:14:04,15335.58,5,4,10
12451,2024-06-18 12:03:01,2271.15,2,16,2
12452,2024-09-16 01:23:52,6125.18,1,15,2
12453,2023-08-24 11:09:59,8740.97,4,18,4
12454,2024-09-29 03:11:32,4103.49,5,14,3
12455,2023-07-17 12:55:58,7987.62,5,14,2
12456,2024-09-05 12:34:16,12920.40,3,7,2
12457,2024-09-29 17:05:16,3332.12,5,14,3
12458,2024-04-19 01:51:25,3748.23,3,17,2
12459,2024-05-22 19:27:42,13565.67,3,12,2
12460,2024-04-23 05:47:13,9524.68,5,19,8
12461,2023-10-25 05:31:24,16073.99,4,3,2
12462,2025-02-06 01:22:23,324.74,3,17,2
12463,2023-10-15 17:08:38,8449.08,1,10,2
12464,2023-06-07 00:17:29,2897.35,2,16,2
12465,2024-01-13 09:58:43,6711.89,5,9,2
12466,2023-10-09 06:11:35,6447.43,1,25,2
12467,2024-12-13 08:49:03,14424.00,3,17,2
12468,2024-03-19 21:30:36,6568.88,3,12,6
12469,2023-08-19 13:15:05,232.80,2,21,2
12470,2023-06-29 04:01:04,2541.56,5,14,2
12471,2024-10-15 01:46:43,5595.65,4,18,2
12472,2024-06-04 23:25:33,12182.96,3,7,2
12473,2024-01-13 15:09:32,2758.53,4,13,2
12474,2024-04-17 10:57:25,7998.70,2,11,2
12475,2025-02-18 15:36:16,8589.70,2,11,6
12476,2025-02-18 10:37:54,18264.09,2,21,2
12477,2024-10-08 17:45:41,547.20,5,19,5
12478,2024-06-19 02:25:07,6689.90,3,22,2
12479,2024-04-13 13:45:43,7273.52,2,11,2
12480,2023-12-28 08:54:32,9190.19,4,18,2
12481,2024-01-09 17:35:24,4481.23,3,12,2
12482,2025-02-19 14:40:14,12631.02,3,17,2
12483,2023-10-19 01:29:50,5241.78,2,1,2
12484,2024-08-16 09:38:53,541.54,2,6,3
12485,2025-03-11 21:19:07,15431.90,2,11,2
12486,2023-07-06 17:04:46,3218.73,1,15,2
12487,2023-06-01 05:17:54,1067.30,3,2,2
12488,2023-07-15 23:35:38,13206.81,2,6,2
12489,2024-09-13 16:23:27,3892.34,5,4,3
12490,2024-03-15 03:50:37,2985.91,1,20,2
12491,2025-02-05 12:34:07,19083.61,5,24,2
12492,2025-03-01 04:20:12,6718.52,5,19,2
12493,2024-04-02 10:24:30,12769.75,1,10,3
12494,2023-06-11 11:17:12,3587.43,4,3,2
12495,2023-12-02 01:49:25,9492.22,4,13,3
12496,2025-03-09 22:53:07,742.84,2,1,2
12497,2023-10-13 03:48:30,11647.11,5,4,2
12498,2024-07-07 21:05:02,10324.70,2,11,2
12499,2024-05-06 23:48:18,19754.48,1,10,6
12500,2023-07-12 13:02:57,465.60,5,14,4
12501,2025-05-20 19:12:07,7897.22,3,2,2
12502,2024-09-02 23:30:51,3044.80,4,13,2
12503,2024-09-07 07:52:17,1603.87,1,10,2
12504,2024-11-18 11:12:42,7848.58,2,16,7
12505,2025-01-09 21:14:48,13905.30,5,19,8
12506,2024-02-15 18:22:35,18676.44,4,13,2
12507,2023-07-21 09:12:43,11706.89,2,1,2
12508,2024-07-15 22:01:38,16988.08,1,5,2
12509,2023-06-14 03:06:33,23680.03,5,14,2
12510,2024-07-09 23:31:43,3231.98,5,14,2
12511,2024-10-06 01:42:54,11839.39,3,22,2
12512,2024-04-03 10:20:17,3295.57,4,3,2
12513,2024-07-08 18:39:31,7571.85,1,15,3
12514,2024-10-23 02:22:24,4508.64,4,18,2
12515,2023-09-19 07:32:28,8389.33,5,14,8
12516,2024-05-15 19:42:20,8394.94,1,25,2
12517,2024-10-21 12:50:30,1861.41,3,22,3
12518,2024-06-23 12:14:48,14275.65,5,24,2
12519,2024-09-27 19:09:46,12952.49,2,21,2
12520,2023-06-22 17:34:54,2645.80,4,23,9
12521,2024-11-15 00:27:16,12870.29,4,18,2
12522,2024-10-01 16:33:36,6205.03,2,11,6
12523,2024-12-21 05:35:28,5633.71,2,6,4
12524,2024-06-26 01:39:22,13660.89,2,6,2
12525,2024-03-02 21:26:40,14910.87,3,2,2
12526,2023-07-31 06:47:01,11414.73,1,5,2
12527,2024-02-15 09:04:35,17435.82,4,23,2
12528,2024-02-25 16:24:03,4084.70,4,3,2
12529,2024-05-17 19:35:18,15545.78,3,17,2
12530,2023-08-30 02:05:51,11520.73,2,21,4
12531,2024-08-02 01:10:12,13251.70,1,25,2
12532,2024-12-18 00:00:10,6961.09,1,20,2
12533,2024-07-09 09:52:23,11591.27,3,22,2
12534,2024-05-21 08:39:57,13330.09,1,10,2
12535,2023-08-30 19:55:23,8282.04,4,3,3
12536,2024-02-20 23:43:35,6036.48,2,11,2
12537,2024-08-20 12:02:37,9903.88,3,22,2
12538,2025-04-03 13:02:18,4961.06,1,5,2
12539,2025-01-19 02:19:06,7299.58,5,19,3
12540,2024-02-11 01:35:24,17940.69,4,18,2
12541,2025-01-15 08:15:18,5108.55,3,12,2
12542,2024-07-09 14:34:00,6614.84,1,25,32
12543,2023-06-01 09:03:47,2709.84,2,1,2
12544,2024-09-20 23:59:40,20910.76,5,4,5
12545,2024-12-07 17:47:57,5235.08,2,21,2
12546,2024-06-15 01:00:12,12905.36,5,24,2
12547,2024-12-21 07:56:22,11784.41,5,14,2
12548,2025-04-28 15:53:09,10784.35,5,24,2
12549,2024-11-14 16:43:23,19577.57,4,8,5
12550,2024-10-03 02:29:39,16455.96,4,18,4
12551,2024-06-30 19:56:56,6547.43,5,14,2
12552,2024-11-15 09:11:54,9092.36,2,1,2
12553,2023-12-13 14:36:51,16040.14,1,10,5
12554,2024-04-10 03:48:26,8945.66,4,18,2
12555,2024-01-05 08:40:18,7757.35,4,18,3
12556,2023-12-31 16:33:49,12599.69,1,25,2
12557,2024-03-03 01:34:39,4900.83,3,2,2
12558,2025-02-12 08:12:08,4787.15,1,20,3
12559,2024-10-06 09:08:30,5648.12,2,16,2
12560,2025-01-05 04:49:40,7901.01,3,2,2
12561,2024-05-28 17:40:24,13459.18,2,11,4
12562,2023-12-09 22:49:42,2125.88,4,18,2
12563,2024-07-23 03:33:47,14082.72,2,16,2
12564,2023-08-29 13:15:01,4603.38,5,19,3
12565,2024-07-18 14:26:47,2370.86,2,21,5
12566,2024-08-02 06:25:07,6787.67,2,6,2
12567,2024-11-07 01:09:39,6818.60,3,7,27
12568,2024-08-05 16:49:11,2204.55,3,17,2
12569,2023-07-02 19:49:18,6211.99,1,5,3
12570,2023-05-24 08:44:02,5751.69,3,12,9
12571,2023-07-21 23:47:51,2918.49,4,18,6
12572,2024-07-28 01:04:18,837.95,4,18,2
12573,2024-11-28 09:11:32,7954.99,4,8,2
12574,2025-02-16 05:27:14,8466.08,4,8,2
12575,2024-01-17 04:33:54,541.54,2,21,2
12576,2025-05-21 01:46:58,3923.62,2,16,2
12577,2024-06-01 21:26:21,9083.67,3,22,2
12578,2024-05-10 03:44:48,10497.25,1,20,2
12579,2024-04-19 23:30:40,17457.31,2,1,2
12580,2024-11-13 05:36:41,12270.45,2,6,26
12581,2024-08-29 23:55:01,5121.18,4,13,3
12582,2024-01-11 11:58:03,14728.43,5,24,4
12583,2024-07-04 04:59:53,10072.07,3,22,2
12584,2023-06-23 07:37:31,5286.41,3,7,2
12585,2023-12-30 02:59:50,15102.80,3,7,15
12586,2025-04-05 15:41:38,9243.02,5,24,2
12587,2024-04-04 06:00:43,1923.69,2,6,2
12588,2025-03-18 00:04:43,10193.90,2,6,6
12589,2024-07-05 20:27:09,3073.69,2,1,2
12590,2023-12-12 18:22:09,5662.78,2,16,2
12591,2024-12-16 00:19:55,8721.26,4,3,5
12592,2023-09-22 06:10:22,7280.28,4,8,2
12593,2024-09-23 20:52:16,24378.90,5,14,2
12594,2023-10-29 05:11:42,18209.95,1,20,12
12595,2023-08-05 01:54:53,5061.41,1,20,2
12596,2023-08-23 02:02:56,8184.47,2,16,3
12597,2024-02-24 10:03:50,5293.02,4,13,2
12598,2024-04-05 11:25:57,2678.52,1,5,3
12599,2023-09-28 04:26:34,12080.54,2,1,9
12600,2024-07-25 04:13:50,20917.38,2,16,3
12601,2025-04-10 06:17:34,6272.81,4,3,3
12602,2024-11-29 22:24:13,10230.34,4,8,8
12603,2023-08-17 20:32:35,2935.82,4,18,4
12604,2024-10-16 08:43:08,7327.34,5,14,2
12605,2024-11-24 20:26:27,982.62,2,16,9
12606,2025-03-31 00:00:39,7811.23,4,23,2
12607,2023-12-04 05:38:22,15970.15,2,21,75
12608,2023-08-01 23:51:04,5245.48,4,8,4
12609,2024-03-12 06:39:58,14637.97,1,25,3
12610,2023-06-10 16:44:10,10448.67,3,12,2
12611,2024-04-03 11:06:18,338.60,2,1,2
12612,2024-02-11 10:20:55,3069.94,4,8,2
12613,2025-04-13 17:16:08,8223.34,5,24,2
12614,2025-03-13 21:23:36,5672.41,5,24,2
12615,2025-04-10 21:39:37,18005.00,3,22,2
12616,2023-07-14 03:47:57,21495.59,4,23,4
12617,2023-11-25 10:20:37,7809.46,3,17,20
12618,2025-05-17 11:22:09,698.70,1,10,2
12619,2024-08-29 22:27:36,8932.32,4,3,2
12620,2024-01-29 02:59:51,2004.82,1,20,2
12621,2025-03-20 07:03:55,8520.19,1,15,2
12622,2024-02-19 12:13:24,10172.77,5,19,2
12623,2023-12-05 06:11:42,5458.46,1,25,2
12624,2024-08-18 17:56:18,18414.51,4,13,5
12625,2024-05-01 02:43:21,8267.35,3,22,25
12626,2024-03-09 12:09:35,1738.41,1,10,2
12627,2025-03-11 02:19:18,10185.68,4,13,2
12628,2023-09-22 01:50:11,4687.12,5,9,2
12629,2024-07-01 20:52:49,13443.42,3,7,2
12630,2025-01-17 10:35:32,3357.57,4,18,4
12631,2023-11-02 17:34:29,4751.04,1,5,17
12632,2024-09-07 11:48:11,4606.24,2,16,2
12633,2025-01-05 14:11:52,7343.27,3,2,5
12634,2024-10-21 14:02:22,9779.62,4,8,2
12635,2024-09-11 09:11:37,12835.57,1,10,3
12636,2023-09-30 18:06:47,1563.14,4,8,64
12637,2024-03-04 08:16:30,2885.01,1,15,3
12638,2024-09-10 23:37:58,1242.68,5,4,2
12639,2025-03-28 23:05:33,15761.91,3,17,3
12640,2023-05-29 18:46:04,10765.53,5,24,2
12641,2024-10-22 17:58:57,2581.02,5,24,6
12642,2024-06-22 03:05:04,8557.80,3,12,3
12643,2023-12-19 12:25:41,13389.82,2,6,2
12644,2025-03-23 07:17:58,8155.73,5,19,2
12645,2023-09-07 23:39:14,12576.08,5,9,4
12646,2024-05-29 18:57:45,21131.23,4,8,4
12647,2024-05-20 06:16:24,3604.36,4,18,2
12648,2024-05-22 10:20:29,11482.35,1,15,2
12649,2024-10-25 10:25:13,9997.42,3,22,3
12650,2025-02-21 11:55:08,12429.50,4,13,2
12651,2023-11-07 13:11:06,5639.53,2,16,7
12652,2023-07-27 14:44:22,21071.57,5,9,2
12653,2025-02-07 02:28:40,2030.28,4,18,2
12654,2023-11-13 08:09:36,6860.10,3,2,2
12655,2024-04-15 14:32:22,14170.40,4,8,23
12656,2025-02-21 09:58:16,17648.20,3,2,5
12657,2023-10-04 00:27:57,8297.25,5,19,2
12658,2024-10-01 20:06:34,13383.52,4,13,2
12659,2023-07-09 06:27:29,19445.76,2,1,2
12660,2024-02-20 03:42:38,19524.33,4,18,2
12661,2024-08-11 23:25:49,2867.18,4,8,2
12662,2023-11-10 19:13:22,202.84,4,3,2
12663,2023-10-29 11:27:11,11491.14,5,14,9
12664,2024-04-01 01:49:01,9311.51,3,17,2
12665,2025-03-15 00:24:56,1363.76,2,11,2
12666,2024-06-03 12:11:39,11743.18,2,11,3
12667,2024-07-20 09:55:57,8544.29,2,11,2
12668,2023-06-30 08:56:53,7902.37,5,14,2
12669,2024-01-05 14:38:25,4041.21,4,13,2
12670,2025-04-01 00:00:27,11166.87,2,6,3
12671,2024-08-05 22:52:30,14055.53,2,21,2
12672,2024-09-09 15:36:12,4403.72,1,25,2
12673,2024-08-14 14:02:42,14856.03,4,18,4
12674,2024-10-05 11:01:01,10936.88,1,5,2
12675,2023-07-23 15:36:21,5055.33,1,20,16
12676,2024-09-09 22:07:35,4603.66,3,17,3
12677,2024-12-06 14:49:27,17672.09,2,1,4
12678,2025-01-15 18:29:32,5032.60,3,17,2
12679,2023-10-26 22:21:49,1895.39,3,2,238
12680,2025-01-31 01:18:58,15974.29,2,21,4
12681,2025-04-19 02:11:11,8420.76,2,1,2
12682,2025-02-16 22:37:03,5112.68,3,22,2
12683,2023-11-07 21:46:15,14648.18,5,9,2
12684,2024-01-22 18:11:16,2153.30,3,2,2
12685,2024-11-17 16:12:51,9637.48,3,7,3
12686,2023-07-19 02:51:47,7485.09,1,20,24
12687,2023-06-24 22:16:00,3507.30,5,4,7
12688,2024-05-31 18:12:21,16514.50,4,23,2
12689,2024-05-12 22:39:39,15115.93,1,20,4
12690,2024-09-02 20:31:30,15480.39,4,8,5
12691,2023-09-09 13:31:03,13994.25,2,6,12
12692,2024-02-28 11:16:14,11303.58,5,4,3
12693,2024-10-03 02:32:36,536.47,5,14,2
12694,2024-05-18 16:23:11,12352.78,2,11,2
12695,2024-07-17 05:29:59,8407.22,1,25,9
12696,2025-04-05 20:58:58,10297.53,1,20,5
12697,2024-07-07 21:12:43,4412.44,2,16,3
12698,2023-09-26 15:43:21,5378.01,2,11,3
12699,2025-02-21 23:44:51,7004.94,4,13,2
12700,2023-05-23 00:58:18,10417.83,1,5,2
12701,2024-11-13 00:38:42,11728.34,3,7,2
12702,2023-07-15 10:11:58,4155.48,5,14,4
12703,2024-04-09 13:38:05,14218.63,2,11,2
12704,2023-10-23 19:25:29,232.62,3,12,3
12705,2024-07-21 18:20:21,4898.08,2,11,3
12706,2025-02-06 17:54:46,17654.02,2,6,3
12707,2024-04-26 03:49:30,3211.36,5,4,2
12708,2023-05-25 08:56:27,1159.38,1,25,3
12709,2024-02-21 21:26:33,9560.44,3,7,2
12710,2023-12-24 06:13:11,16018.74,1,5,3
12711,2024-12-25 05:06:56,8041.66,4,23,2
12712,2023-08-29 02:48:54,11384.93,4,23,5
12713,2023-12-19 12:18:23,14320.11,2,21,2
12714,2023-12-18 14:54:57,972.03,1,5,7
12715,2023-09-07 22:56:59,16728.45,5,24,2
12716,2025-01-25 22:09:54,751.51,1,15,2
12717,2025-02-13 10:16:07,12774.74,1,10,2
12718,2024-11-19 13:00:20,2104.68,3,22,3
12719,2025-01-23 01:27:47,10288.85,3,2,4
12720,2023-06-17 14:21:47,11991.90,1,10,2
12721,2024-11-07 01:21:23,12633.07,3,2,3
12722,2023-06-22 00:18:01,6982.58,1,5,444
12723,2024-08-15 06:31:13,333.85,4,18,2
12724,2024-10-08 05:11:03,5820.27,3,7,33
12725,2024-07-01 21:47:28,10607.74,4,18,2
12726,2024-01-03 11:55:08,11667.52,2,1,2
12727,2024-06-07 05:12:24,14049.41,3,22,2
12728,2025-05-10 05:43:12,15496.35,1,5,6
12729,2023-08-08 15:54:16,4031.86,5,4,2
12730,2025-04-15 18:51:40,873.07,2,1,2
12731,2023-12-01 15:15:28,19717.27,1,25,3
12732,2024-09-30 15:25:59,6605.58,2,6,3
12733,2024-10-27 08:55:21,6456.59,2,16,2
12734,2023-11-03 23:29:30,9311.19,4,18,2
12735,2024-04-02 08:49:01,3416.98,3,2,4
12736,2024-10-22 19:05:21,10582.50,4,23,2
12737,2023-06-13 09:42:53,14040.63,3,17,2
12738,2024-11-11 10:54:37,11569.47,2,16,2
12739,2025-03-10 20:55:54,11167.11,3,17,5
12740,2023-06-01 20:56:54,5226.46,5,14,2
12741,2023-12-23 06:38:49,11215.31,3,7,2
12742,2024-07-26 09:47:44,3858.19,3,2,2
12743,2025-05-08 23:18:16,12055.71,3,22,2
12744,2024-03-29 05:19:18,2718.10,1,15,2
12745,2024-11-20 02:04:39,3749.85,1,20,2
12746,2024-05-24 02:28:32,871.17,4,18,2
12747,2023-10-21 15:12:21,8874.16,2,11,2
12748,2023-10-08 12:15:24,9791.32,2,16,5
12749,2023-08-05 23:49:13,15259.09,2,1,2
12750,2024-09-02 23:45:16,10760.57,1,5,5
12751,2025-04-27 07:08:47,1753.98,1,10,6
12752,2024-01-17 16:47:12,6155.69,1,25,3
12753,2025-04-28 13:37:20,12020.29,4,3,11
12754,2023-09-18 08:37:06,5109.96,5,4,7
12755,2023-08-19 18:12:05,9218.04,4,8,2
12756,2023-08-17 06:51:37,2816.44,5,24,2
12757,2024-09-13 23:09:22,10719.11,2,21,2
12758,2024-08-01 04:20:59,777.55,1,5,2
12759,2023-08-15 14:17:19,6279.34,2,11,2
12760,2025-04-15 23:27:26,5318.37,3,22,2
12761,2024-04-10 07:31:37,15456.98,5,9,2
12762,2023-11-14 14:59:15,15968.40,5,9,2
12763,2024-03-23 14:09:05,6418.47,5,4,2
12764,2024-08-18 05:22:03,7398.16,1,15,3
12765,2024-12-22 19:48:57,4594.47,4,18,4
12766,2025-02-07 16:27:19,10077.49,3,17,2
12767,2023-10-10 13:02:53,13839.51,5,14,2
12768,2023-08-24 16:24:44,3122.56,3,2,3
12769,2023-08-31 21:22:01,3682.95,4,3,2
12770,2023-07-11 18:55:02,7275.20,4,3,19
12771,2024-05-17 01:15:30,13450.76,1,10,2
12772,2023-10-05 12:54:24,20724.48,4,8,2
12773,2024-02-01 06:09:43,7871.45,2,6,2
12774,2023-11-17 05:34:26,6053.78,4,13,2
12775,2025-02-14 21:03:07,13819.20,2,1,2
12776,2024-03-13 07:37:02,6887.28,5,9,2
12777,2025-03-07 16:17:33,2317.88,3,7,2
12778,2024-10-31 03:07:05,19000.59,5,14,2
12779,2024-07-09 21:43:27,1643.37,5,9,2
12780,2024-07-29 12:17:43,13679.15,2,11,3
12781,2023-07-20 18:35:12,7183.11,5,19,4
12782,2024-09-26 09:18:39,7818.19,3,17,2
12783,2024-05-19 14:18:50,12097.41,3,17,2
12784,2023-06-26 20:58:14,7509.75,4,23,31
12785,2025-01-17 15:35:24,8500.76,2,11,2
12786,2024-04-13 06:59:54,23695.77,1,10,2
12787,2024-12-20 06:53:56,17719.27,4,18,3
12788,2024-09-19 00:50:37,4928.15,1,15,7
12789,2023-07-26 08:19:31,14533.40,3,12,48
12790,2024-12-11 07:24:49,14998.76,4,18,3
12791,2024-05-22 20:57:50,1609.52,3,7,2
12792,2024-11-08 19:13:20,3769.98,3,2,2
12793,2024-10-07 09:41:13,7579.79,1,5,58
12794,2025-05-20 14:44:40,2150.52,2,6,2
12795,2024-05-02 07:20:27,1692.78,2,1,3
12796,2024-03-04 10:11:12,2380.65,3,2,2
12797,2024-07-05 11:20:16,19855.80,3,17,2
12798,2025-01-01 14:48:27,8468.69,5,19,3
12799,2023-10-08 22:11:07,1756.97,3,17,70
12800,2024-11-27 14:13:35,9908.80,5,4,3
12801,2024-10-19 11:09:58,3407.48,2,11,4
12802,2023-07-20 09:45:24,12315.99,5,24,2
12803,2023-06-20 00:18:38,3118.18,4,18,2
12804,2025-03-28 23:10:51,15289.40,3,12,2
12805,2025-02-13 21:20:12,8756.60,2,16,2
12806,2023-08-24 02:43:25,16978.21,1,10,3
12807,2024-08-27 11:59:47,8532.21,2,11,2
12808,2024-05-05 03:56:17,3573.93,5,9,9
12809,2023-07-28 17:16:55,4076.58,3,7,4
12810,2024-05-19 18:47:57,12915.78,4,13,2
12811,2024-05-11 23:45:10,8351.27,2,16,3
12812,2024-08-18 00:11:15,73.24,3,7,2
12813,2024-06-15 23:23:01,19425.69,1,20,2
12814,2024-01-11 15:15:30,3602.38,3,7,2
12815,2024-02-16 09:20:38,8896.67,1,5,3
12816,2024-07-23 10:12:54,3068.70,2,21,2
12817,2023-10-06 10:15:52,1462.16,3,12,9
12818,2025-02-20 14:06:57,12196.46,5,19,2
12819,2025-02-16 19:21:28,12579.89,5,19,3
12820,2024-08-06 07:57:07,17567.03,4,8,2
12821,2023-06-12 11:56:13,3507.96,1,5,4
12822,2024-05-12 02:30:28,6539.39,2,6,2
12823,2023-10-10 13:52:03,11168.33,5,4,2
12824,2024-05-11 15:18:43,14189.55,3,12,2
12825,2024-10-21 01:57:22,8999.10,5,9,2
12826,2024-09-07 12:38:59,3668.28,1,5,5
12827,2024-10-08 09:22:50,10785.16,1,25,3
12828,2024-08-03 11:06:54,5729.76,5,9,2
12829,2024-04-18 09:50:57,8088.57,5,4,2
12830,2024-10-17 02:39:28,11075.48,2,11,3
12831,2024-07-26 22:34:07,11447.81,2,11,2
12832,2024-02-29 03:47:28,5291.28,1,25,2
12833,2025-01-12 17:36:41,18660.93,3,2,2
12834,2024-11-25 12:51:51,8721.66,2,21,4
12835,2024-08-29 18:52:45,1725.16,3,12,2
12836,2025-03-05 11:14:04,2166.16,2,6,2
12837,2024-05-21 03:37:50,9494.94,5,24,2
12838,2025-01-17 17:00:46,4776.35,5,14,2
12839,2023-06-18 22:45:54,518.23,3,22,11
12840,2025-02-20 16:21:01,17106.62,5,4,4
12841,2024-01-19 09:33:22,502.77,2,16,2
12842,2024-02-04 17:01:15,9116.74,1,5,16
12843,2023-05-25 16:50:54,3634.31,2,11,4
12844,2023-08-27 22:20:46,12130.82,2,6,2
12845,2024-08-10 02:38:46,8937.44,5,24,2
12846,2025-04-10 01:08:06,11638.85,2,21,2
12847,2023-09-13 04:00:41,13424.24,5,4,2
12848,2023-08-04 13:17:11,15229.49,3,2,2
12849,2024-12-10 04:58:19,11100.82,2,1,2
12850,2024-03-07 15:08:21,6911.53,1,20,2
12851,2025-04-27 07:37:33,20306.66,1,10,4
12852,2025-04-28 03:59:36,12392.10,2,6,2
12853,2024-01-08 05:28:29,3034.60,5,24,2
12854,2024-07-01 15:42:30,5981.14,2,1,4
12855,2024-04-16 04:48:02,17277.65,4,13,3
12856,2024-04-12 01:16:16,12783.65,3,17,8
12857,2023-08-17 22:49:33,3745.89,4,3,2
12858,2023-12-03 13:46:18,11927.13,3,2,2
12859,2025-01-05 03:21:12,15048.77,3,17,3
12860,2024-01-15 15:41:36,8182.78,3,22,2
12861,2024-08-27 13:49:52,1117.60,4,23,3
12862,2025-04-24 04:01:56,8116.52,3,12,3
12863,2023-06-20 19:19:27,7869.05,5,24,2
12864,2024-11-28 18:27:06,9428.90,2,11,2
12865,2025-02-11 14:16:43,3897.92,4,3,2
12866,2023-10-14 21:20:42,1950.92,5,9,2
12867,2024-05-22 00:14:50,9699.41,5,24,2
12868,2025-03-28 11:07:52,13713.18,1,20,2
12869,2023-06-03 22:00:12,13012.62,2,1,2
12870,2024-08-06 00:44:25,879.33,3,7,2
12871,2024-09-14 10:28:49,7156.03,3,22,2
12872,2025-01-28 09:29:36,8767.68,3,7,2
12873,2023-08-19 20:51:50,7030.31,1,25,2
12874,2024-02-18 20:13:48,15326.10,5,14,3
12875,2023-06-26 00:45:30,3989.36,2,16,2
12876,2023-10-19 05:57:47,16657.42,4,8,3
12877,2024-06-03 04:07:36,11861.47,5,4,2
12878,2023-10-11 09:41:34,2919.06,4,18,2
12879,2025-03-03 16:24:37,8527.28,3,17,2
12880,2023-12-28 16:19:33,10226.70,1,5,7
12881,2023-10-13 08:27:03,935.40,2,1,2
12882,2025-04-28 23:34:19,16245.50,5,14,3
12883,2024-11-12 07:40:59,9477.43,2,21,3
12884,2024-07-27 05:15:42,18089.60,2,11,5
12885,2024-02-11 11:33:14,4231.77,1,5,2
12886,2025-03-22 22:00:26,11104.90,2,6,13
12887,2024-11-07 00:30:06,13960.72,5,4,11
12888,2025-02-09 15:45:36,876.99,1,10,2
12889,2024-12-18 05:25:46,6418.61,2,6,2
12890,2024-11-08 06:41:29,5751.75,1,25,2
12891,2024-06-20 16:00:55,15853.92,5,14,2
12892,2023-12-04 07:59:09,3517.32,4,13,2
12893,2023-06-26 23:10:40,13178.52,1,25,4
12894,2023-09-29 00:39:15,2881.25,5,19,12
12895,2024-10-08 00:47:37,402.40,5,4,2
12896,2024-02-02 10:16:08,8414.41,4,3,2
12897,2023-10-30 13:59:30,3558.21,2,6,2
12898,2025-04-12 23:05:12,3108.06,2,1,2
12899,2024-10-26 20:59:15,4041.60,5,4,2
12900,2024-04-22 11:44:56,4885.46,4,23,9
12901,2024-12-29 02:01:07,2593.02,5,19,2
12902,2023-08-13 20:10:42,8430.60,5,14,5
12903,2023-12-13 06:09:34,15883.03,2,6,2
12904,2024-05-22 04:25:34,183.00,1,20,2
12905,2025-04-05 12:29:58,9576.31,1,5,2
12906,2025-05-02 21:33:11,10196.59,5,24,2
12907,2024-03-05 02:41:57,2142.28,2,6,2
12908,2023-06-05 04:10:21,16187.50,3,17,23
12909,2023-09-04 00:47:43,14105.69,3,17,7
12910,2025-03-22 23:52:12,9847.99,4,13,2
12911,2024-03-01 08:38:03,6484.53,5,9,385
12912,2023-09-04 17:41:10,15667.67,4,3,7
12913,2025-02-10 05:45:08,9384.89,2,21,2
12914,2024-03-09 13:59:56,11763.92,4,3,10
12915,2023-05-25 18:25:21,4996.39,3,17,2
12916,2023-06-20 05:11:04,6116.28,3,12,2
12917,2023-11-23 18:18:05,8238.22,5,19,2
12918,2023-12-17 02:11:06,4436.30,1,5,2
12919,2023-10-18 02:43:00,15600.14,5,19,6
12920,2024-04-03 13:56:52,15057.77,4,18,16
12921,2025-02-01 04:01:01,7235.49,3,7,2
12922,2023-09-29 22:40:48,5392.94,4,8,2
12923,2023-09-17 05:06:36,4722.14,1,25,2
12924,2025-03-25 01:12:36,13370.54,4,8,2
12925,2024-04-14 08:17:37,426.80,1,5,2
12926,2023-10-05 20:19:37,10741.66,1,5,2
12927,2023-07-17 10:04:53,15959.69,5,4,2
12928,2024-04-05 23:29:09,17956.64,1,25,2
12929,2024-04-11 13:59:51,19911.12,2,11,2
12930,2025-03-28 17:44:40,5473.84,5,24,2
12931,2023-12-25 08:29:16,15398.47,1,20,4
12932,2024-10-06 01:24:07,10975.80,5,14,2
12933,2024-04-06 09:01:28,11909.15,4,18,2
12934,2024-02-20 00:26:04,16999.99,5,24,4
12935,2024-07-30 09:29:02,13153.48,5,24,2
12936,2024-12-14 01:07:14,16158.31,5,14,11
12937,2024-10-25 21:30:26,10906.36,4,13,6
12938,2023-06-08 19:42:24,1274.68,3,17,2
12939,2025-02-02 11:02:21,1083.08,1,25,3
12940,2024-06-05 01:40:39,3601.05,1,5,2
12941,2024-08-15 14:37:41,3920.07,1,10,2
12942,2024-04-07 02:46:20,4953.24,1,5,4
12943,2023-08-15 23:01:34,12848.73,3,7,2
12944,2024-12-25 05:08:37,581.55,2,6,3
12945,2024-08-31 07:35:57,10195.60,3,22,3
12946,2024-09-03 12:37:05,16804.45,3,7,754
12947,2023-08-13 08:53:22,1949.25,3,7,2
12948,2025-03-22 21:49:21,10991.75,1,15,3
12949,2023-09-20 15:58:44,8794.73,3,17,2
12950,2023-12-19 23:15:33,5266.94,4,13,2
12951,2025-04-28 18:28:56,9886.53,3,2,2
12952,2023-12-22 18:37:47,3835.05,3,22,2
12953,2025-01-05 01:12:29,7120.66,5,19,2
12954,2023-12-27 12:17:28,3484.68,5,9,2
12955,2025-04-14 13:07:18,13243.59,3,17,8
12956,2023-12-22 13:09:37,2025.43,3,22,3
12957,2024-07-31 20:47:46,7387.64,4,3,2
12958,2024-04-18 14:22:58,4645.12,1,5,2
12959,2025-02-01 16:51:11,10403.30,1,5,6
12960,2024-03-30 06:39:19,10894.92,1,5,2
12961,2025-02-13 06:28:21,15613.20,3,2,4
12962,2025-05-20 06:47:54,15001.79,4,18,4
12963,2023-06-02 13:33:40,7515.44,4,3,2
12964,2024-09-27 06:54:34,10674.79,1,5,2
12965,2025-05-11 04:33:53,8134.74,5,19,2
12966,2023-10-07 03:04:00,8330.03,4,8,10
12967,2025-05-19 16:36:44,147.16,2,21,2
12968,2023-07-08 17:07:26,6792.00,5,19,2
12969,2024-08-15 10:05:45,9698.86,5,4,2
12970,2024-02-23 20:20:58,18401.93,3,12,2
12971,2024-07-04 12:12:10,4177.99,1,15,8
12972,2024-08-14 23:42:58,4390.61,2,11,10
12973,2024-05-29 11:24:21,8165.18,5,24,2
12974,2023-11-28 06:56:22,10863.26,3,2,2
12975,2024-02-29 05:55:58,2823.89,3,12,3
12976,2024-11-11 21:38:50,1222.18,1,20,2
12977,2024-02-02 14:15:58,19285.76,2,1,2
12978,2024-10-28 22:27:47,14039.07,1,15,2
12979,2024-12-27 03:51:26,4960.18,5,24,12
12980,2023-08-05 03:08:00,4911.39,4,18,2
12981,2024-05-07 01:55:45,7553.61,3,2,22
12982,2025-05-13 17:25:01,3610.94,1,20,7
12983,2024-10-13 00:15:12,7609.14,5,19,24
12984,2023-06-25 15:08:28,2766.03,2,16,38
12985,2023-08-20 12:13:01,16626.22,2,11,22
12986,2025-03-02 19:15:12,714.38,5,4,4
12987,2024-08-12 15:24:26,9557.71,5,14,2
12988,2023-10-05 09:10:39,4017.56,1,10,20
12989,2025-02-17 02:26:32,20259.38,3,7,2
12990,2024-07-01 04:34:13,10635.49,1,10,3
12991,2025-01-05 04:20:04,7178.18,3,12,2
12992,2023-11-18 05:29:30,14360.69,4,13,2
12993,2025-01-31 02:02:03,3445.92,3,2,2
12994,2024-01-16 06:49:23,6946.47,3,12,2
12995,2024-10-11 16:14:57,4784.81,2,1,3
12996,2024-08-15 08:44:03,3675.60,2,21,2
12997,2023-11-15 22:23:14,1216.30,3,7,2
12998,2024-07-26 17:42:40,9720.69,3,2,2
12999,2023-12-24 16:46:23,4421.25,4,8,2
13000,2023-06-29 11:19:03,10880.32,5,19,3
13001,2023-12-27 13:45:05,16673.26,3,2,13
13002,2024-02-12 10:53:19,4545.79,1,15,2
13003,2023-10-02 02:01:15,8829.48,2,6,2
13004,2025-03-30 21:53:41,885.64,2,16,2
13005,2023-09-23 19:27:56,24236.96,2,21,2
13006,2023-10-30 09:37:33,1564.16,3,2,6
13007,2023-08-19 14:08:38,15042.61,1,20,4
13008,2024-07-24 09:37:50,541.28,2,6,10
13009,2024-02-29 20:31:24,9126.05,1,15,2
13010,2025-04-02 04:12:41,1617.59,1,5,2
13011,2025-04-13 20:25:22,9376.35,1,5,2
13012,2025-04-16 14:19:38,1631.25,5,19,3
13013,2023-07-24 16:23:01,8335.16,1,5,9
13014,2024-04-02 14:11:59,2479.90,4,18,3
13015,2024-08-01 10:00:06,1001.89,1,25,3
13016,2024-04-24 02:49:20,2873.24,4,3,2
13017,2024-05-21 15:28:40,5319.12,3,7,2
13018,2024-12-20 21:42:45,4393.22,3,7,2
13019,2025-02-19 13:36:30,3749.37,1,25,2
13020,2023-12-06 14:05:12,17181.80,1,10,8
13021,2024-11-05 18:31:03,4222.72,3,2,2
13022,2024-09-23 19:44:51,5601.05,4,3,2
13023,2024-09-21 01:58:33,10832.17,2,6,2
13024,2024-10-04 12:38:08,10875.29,3,22,2
13025,2024-04-07 09:46:09,11765.56,2,6,2
13026,2024-07-25 18:05:59,861.48,5,4,5
13027,2023-10-01 16:05:38,2295.58,2,6,2
13028,2023-07-12 21:09:26,15102.05,1,10,2
13029,2024-02-04 16:54:57,3525.90,3,7,2
13030,2024-08-15 18:38:45,11880.91,3,7,2
13031,2024-05-12 10:02:10,6720.09,2,1,2
13032,2024-05-13 19:24:20,7744.44,4,8,2
13033,2023-10-31 05:08:00,11247.01,5,14,2
13034,2024-08-12 07:45:24,845.67,4,13,2
13035,2023-11-26 23:43:10,8343.24,5,14,2
13036,2024-11-13 16:11:01,5298.92,2,16,2
13037,2023-11-27 01:31:32,8370.74,2,16,2
13038,2024-07-15 07:25:50,8249.29,4,8,2
13039,2024-11-19 20:55:03,4358.08,5,4,2
13040,2025-05-21 22:22:56,16700.44,4,13,2
13041,2025-03-03 08:36:57,6135.61,5,24,2
13042,2023-12-05 08:53:38,5654.07,4,3,2
13043,2023-05-24 00:49:23,11263.19,3,2,2
13044,2024-04-17 03:01:50,7430.83,4,8,2
13045,2023-07-02 10:00:42,9706.76,4,13,2
13046,2024-01-25 01:06:24,454.23,5,24,2
13047,2023-10-30 04:34:09,8400.28,4,18,2
13048,2023-09-25 06:02:24,405.68,3,17,71
13049,2025-05-13 16:20:13,3391.60,2,11,3
13050,2024-09-05 17:22:52,2897.35,1,15,2
13051,2025-05-18 15:01:30,10778.08,2,16,39
13052,2024-08-10 00:42:33,2322.60,4,3,2
13053,2023-11-27 02:30:19,4975.85,1,20,2
13054,2024-02-01 15:51:52,5242.60,2,21,2
13055,2024-12-04 00:20:06,6711.86,5,4,2
13056,2023-09-06 15:07:00,14010.36,4,3,2
13057,2024-09-20 00:28:14,6100.30,1,15,2
13058,2024-11-27 05:26:36,5124.82,1,20,2
13059,2023-07-09 02:58:32,6924.74,2,21,2
13060,2023-11-22 11:17:07,3171.68,4,8,4
13061,2024-09-19 06:29:46,5441.23,5,4,2
13062,2024-11-14 03:03:43,4501.50,3,17,2
13063,2024-01-27 17:59:07,13172.30,2,16,4
13064,2024-02-11 00:20:47,8983.61,5,9,3
13065,2025-01-10 12:54:13,10602.72,4,3,5
13066,2024-03-24 13:47:21,16938.74,2,1,3
13067,2025-02-12 04:14:54,8869.07,3,22,2
13068,2024-01-22 01:19:15,1259.36,5,4,3
13069,2024-08-31 09:23:03,15463.95,1,10,4
13070,2025-05-01 09:06:49,5338.75,2,11,3
13071,2023-07-01 01:58:37,3206.15,4,3,3
13072,2023-08-23 14:32:02,6850.67,5,19,89
13073,2024-10-03 19:59:20,4840.45,3,12,4
13074,2025-04-29 01:39:45,2850.31,1,15,2
13075,2024-07-11 06:42:32,10976.48,5,4,2
13076,2024-05-15 05:53:13,7951.10,3,17,8
13077,2025-05-19 20:29:23,106.70,4,13,2
13078,2024-03-06 15:53:35,12187.05,5,19,2
13079,2023-07-24 19:47:34,10299.43,5,19,2
13080,2024-02-15 14:34:08,12506.34,5,4,3
13081,2024-12-22 05:14:07,13259.72,4,8,2
13082,2025-04-20 13:15:00,15075.81,1,10,2
13083,2025-02-23 09:56:28,4435.00,4,13,2
13084,2024-07-08 04:54:34,3878.47,1,5,2
13085,2024-06-12 21:24:25,7532.73,4,13,6
13086,2023-10-01 03:53:16,5467.37,2,1,3
13087,2023-06-11 07:47:12,12624.47,1,15,2
13088,2023-12-14 16:31:47,12235.24,5,4,2
13089,2024-06-19 18:31:10,6036.48,4,8,5
13090,2023-09-24 22:45:53,9630.50,1,5,5
13091,2025-03-26 13:22:25,14072.57,4,8,3
13092,2025-05-01 10:25:39,756.49,2,11,2
13093,2024-07-05 09:35:14,14940.77,5,14,3
13094,2024-01-06 12:28:22,6853.94,1,25,2
13095,2023-08-11 14:42:34,10351.12,3,2,2
13096,2023-07-20 22:54:32,6275.03,1,10,4
13097,2023-10-02 03:19:09,10153.43,1,25,2
13098,2024-05-09 01:05:21,6604.86,2,11,10
13099,2024-07-01 03:21:20,11884.97,4,8,3
13100,2024-12-30 01:37:32,12488.19,5,4,2
13101,2023-11-27 07:54:12,7765.64,4,3,2
13102,2024-11-09 03:00:09,2550.04,5,4,2
13103,2024-10-31 03:59:46,5417.99,4,18,14
13104,2025-05-18 01:38:38,814.20,5,14,2
13105,2025-01-01 13:08:33,5930.21,4,8,2
13106,2025-04-02 01:09:39,1196.86,4,18,3
13107,2024-04-12 04:33:34,15763.59,1,15,2
13108,2023-10-30 02:23:50,4464.73,1,5,2
13109,2023-12-22 17:23:30,2712.60,5,9,2
13110,2023-12-03 08:54:37,14386.00,5,9,2
13111,2024-04-21 19:07:49,18070.02,4,8,2
13112,2024-01-01 22:52:38,15976.20,4,23,6
13113,2024-05-23 05:24:31,3230.32,3,7,2
13114,2024-08-27 23:46:15,3930.57,5,4,5
13115,2024-05-12 06:32:36,15270.00,3,7,4
13116,2024-11-02 10:59:35,12152.60,2,1,2
13117,2024-04-06 21:55:28,13417.93,5,9,2
13118,2024-02-13 13:41:59,14205.29,4,8,2
13119,2024-12-19 17:14:58,11295.59,3,7,2
13120,2025-02-19 20:21:28,18918.68,4,8,2
13121,2024-02-16 13:00:53,13272.62,1,15,2
13122,2023-06-05 06:10:08,12437.50,5,9,3
13123,2024-06-16 17:01:10,5802.23,3,12,2
13124,2025-02-09 00:16:10,6732.94,3,17,4
13125,2023-06-05 07:07:44,9963.84,3,12,2
13126,2023-09-11 12:19:23,14201.02,4,13,18
13127,2025-03-15 23:18:37,6243.86,4,23,2
13128,2023-11-16 19:09:39,5475.46,3,22,2
13129,2023-12-28 19:40:56,8362.27,1,5,2
13130,2024-08-08 06:34:26,11035.59,3,17,2
13131,2024-01-10 06:48:18,4250.83,1,15,2
13132,2023-08-19 04:56:25,13169.23,3,22,2
13133,2025-02-08 00:24:12,10564.65,5,24,2
13134,2024-09-20 16:04:00,935.05,2,1,2
13135,2025-02-20 07:21:32,2733.66,1,20,4
13136,2024-11-23 19:19:06,7160.55,2,16,2
13137,2025-01-24 15:10:35,5670.00,4,23,2
13138,2023-12-23 05:53:01,3907.48,3,17,3
13139,2023-12-27 16:55:14,4737.56,5,19,2
13140,2024-10-18 18:49:28,16530.79,3,7,2
13141,2023-12-13 01:07:07,21463.71,2,16,2
13142,2024-05-21 21:01:48,3998.17,5,24,3
13143,2025-02-23 22:20:46,11659.67,1,10,3
13144,2023-10-14 13:19:55,3352.55,5,24,3
13145,2023-09-30 07:44:47,4147.93,5,14,2
13146,2023-10-29 11:24:34,4394.65,2,11,2
13147,2025-05-06 02:27:20,18366.74,2,16,2
13148,2023-10-03 21:56:46,11076.70,1,5,3
13149,2023-11-13 23:52:16,7711.15,3,2,5
13150,2024-04-10 18:33:26,17033.60,1,15,5
13151,2024-11-05 05:15:55,4612.99,1,10,10
13152,2023-12-18 04:40:00,2916.15,4,23,8
13153,2025-05-19 19:57:18,8160.25,4,8,2
13154,2023-08-19 02:10:11,6745.95,2,16,3
13155,2024-03-02 04:35:39,21783.18,1,25,2
13156,2024-11-06 07:42:46,14938.56,3,22,4
13157,2024-02-27 13:40:02,861.48,5,4,3
13158,2023-09-02 15:44:53,6992.23,5,9,4
13159,2024-02-04 13:50:05,8156.05,5,14,3
13160,2025-02-06 00:55:32,8228.75,3,12,2
13161,2023-10-05 10:19:55,506.15,1,10,2
13162,2024-03-09 02:24:43,13034.92,2,21,2
13163,2025-01-25 22:22:17,4649.11,3,22,2
13164,2023-08-03 22:20:08,11935.53,4,23,11
13165,2024-06-27 10:03:39,13349.06,4,8,3
13166,2023-08-08 05:25:05,6840.95,1,25,2
13167,2025-04-02 18:17:25,6295.71,4,13,2
13168,2024-10-31 05:07:59,2165.02,3,17,4
13169,2024-05-19 23:16:26,4747.94,5,24,7
13170,2023-10-25 11:38:28,20236.95,4,23,618
13171,2024-04-04 16:21:47,10107.77,5,14,2
13172,2025-03-31 14:41:59,14095.93,3,2,2
13173,2024-03-22 21:08:15,7561.25,3,7,2
13174,2023-09-12 06:59:50,8059.53,4,18,2
13175,2023-12-12 19:44:58,16381.30,4,8,2
13176,2023-06-04 20:22:46,5222.15,4,8,3
13177,2024-10-05 11:28:44,7845.21,1,10,6
13178,2024-06-16 02:27:22,5556.08,5,24,2
13179,2023-07-19 13:34:55,12144.58,3,17,2
13180,2023-07-21 04:30:13,5890.75,1,10,2
13181,2024-01-25 12:18:02,1363.76,2,16,4
13182,2023-06-23 20:52:39,5181.07,4,18,10
13183,2024-11-11 18:18:09,12676.00,1,25,7
13184,2024-02-04 22:14:11,1134.70,4,18,4
13185,2025-05-09 08:55:44,13716.51,2,11,3
13186,2024-02-11 13:14:33,3904.86,1,5,2
13187,2023-06-24 17:39:06,8583.47,2,11,2
13188,2025-01-25 13:53:49,15930.04,1,20,8
13189,2024-06-27 22:14:00,14553.88,3,17,2
13190,2024-01-07 06:13:21,7723.84,5,19,3
13191,2024-07-21 16:46:31,15027.52,1,25,2
13192,2024-10-09 13:26:13,8270.33,5,9,6
13193,2023-10-30 17:54:02,15494.41,4,13,2
13194,2024-02-11 12:27:06,13540.51,1,20,2
13195,2023-06-27 15:29:53,8598.65,5,9,2
13196,2024-11-30 15:11:35,6247.17,4,8,2
13197,2023-06-15 13:05:58,10378.93,3,7,2
13198,2023-08-05 19:10:58,2767.19,5,9,4
13199,2024-05-18 14:30:51,11494.54,5,9,2
13200,2024-04-26 23:16:00,417.05,1,15,3
13201,2025-03-23 17:57:02,13281.64,2,6,6
13202,2024-12-10 12:44:18,426.80,3,12,3
13203,2025-04-26 00:32:58,15737.58,3,12,2
13204,2024-12-09 00:52:52,1633.88,5,24,2
13205,2023-12-17 12:01:09,16838.80,4,13,3
13206,2025-01-07 12:34:32,14541.91,5,4,3
13207,2023-09-28 19:46:17,6501.70,2,16,2
13208,2024-07-15 20:53:06,12224.93,2,6,2
13209,2024-10-01 03:09:47,1896.42,1,10,2
13210,2023-12-30 01:39:27,5909.93,3,7,2
13211,2024-02-22 13:09:29,1914.86,5,4,3
13212,2024-10-13 11:31:08,2956.60,2,11,2
13213,2024-09-18 14:51:12,10173.20,4,8,2
13214,2024-11-18 02:29:12,12721.80,3,22,6
13215,2023-06-05 15:51:45,5543.89,5,14,2
13216,2024-11-25 08:22:18,101.23,4,8,2
13217,2023-09-12 15:05:52,162.37,2,21,2
13218,2024-12-25 07:30:07,13144.72,5,14,3
13219,2025-03-14 06:16:02,7353.36,1,20,2
13220,2024-07-17 21:58:29,6384.47,4,3,2
13221,2024-07-06 22:17:25,7753.89,1,15,2
13222,2024-06-04 01:12:41,2256.76,4,13,3
13223,2023-08-15 11:39:40,19429.72,1,5,30
13224,2024-12-31 13:59:26,10807.77,3,22,2
13225,2023-05-27 22:30:23,9801.31,1,20,6
13226,2025-04-12 20:07:01,16271.64,2,21,134
13227,2024-01-03 16:41:45,9272.53,2,16,2
13228,2024-07-26 20:49:02,7313.92,4,18,2
13229,2024-08-07 07:04:44,6258.56,3,12,2
13230,2024-03-11 07:40:00,8871.00,3,22,2
13231,2025-02-21 06:34:56,2588.84,2,11,3
13232,2024-02-09 10:53:03,4905.09,3,12,2
13233,2025-02-12 22:08:08,1815.36,1,10,2
13234,2024-11-08 04:42:13,5912.76,4,18,22
13235,2024-11-03 00:17:38,17912.31,1,10,2
13236,2023-07-08 18:58:24,2624.06,5,14,2
13237,2023-05-23 20:46:31,10452.62,1,25,2
13238,2025-01-31 17:56:32,4307.40,4,8,2
13239,2025-02-12 19:49:25,4343.06,3,7,3
13240,2023-09-20 10:00:03,3008.48,5,24,8
13241,2025-05-16 23:34:55,10479.91,3,7,2
13242,2024-10-25 02:40:20,7405.41,2,16,3
13243,2024-03-23 08:01:19,774.78,5,4,4
13244,2023-09-21 04:23:56,17113.50,1,5,2
13245,2024-09-13 07:04:37,5635.61,3,17,2
13246,2025-04-13 04:41:04,12439.93,2,1,2
13247,2024-06-17 07:19:58,6315.81,2,16,2
13248,2024-08-14 21:05:34,15176.31,1,15,2
13249,2024-11-16 10:02:34,8783.22,3,22,6
13250,2023-06-04 10:13:39,8179.06,3,2,2
13251,2024-06-04 07:39:07,1028.06,4,18,13
13252,2024-11-11 09:21:58,2525.63,2,11,9
13253,2024-08-19 18:18:05,6082.60,1,20,2
13254,2025-01-03 22:33:23,3787.32,1,20,11
13255,2023-07-20 22:19:14,1001.56,5,9,2
13256,2024-06-22 14:58:57,8411.52,3,17,2
13257,2023-09-01 05:42:32,24878.13,3,7,3
13258,2024-05-14 02:54:58,17212.02,5,24,2
13259,2024-10-24 05:28:41,3123.31,3,22,14
13260,2024-11-26 10:37:52,4699.52,1,5,2
13261,2024-02-12 20:14:13,12535.70,4,23,3
13262,2025-02-03 06:00:13,12489.76,4,18,3
13263,2025-01-23 12:13:14,12090.93,3,22,4
13264,2025-04-13 15:11:46,9305.67,3,2,2
13265,2023-12-10 11:38:21,3760.60,5,9,4
13266,2024-12-30 07:22:07,2862.15,1,15,2
13267,2024-06-10 23:43:03,7222.08,3,22,2
13268,2025-01-03 01:45:34,5611.15,3,22,3
13269,2024-06-23 22:12:56,11950.52,4,13,3
13270,2024-02-10 11:04:47,17638.90,2,1,2
13271,2024-01-19 17:33:37,4730.43,1,15,2
13272,2025-03-11 01:20:57,8936.13,2,21,2
13273,2024-01-01 10:38:02,3078.86,1,10,2
13274,2024-06-23 15:05:10,9692.95,4,3,3
13275,2024-10-27 04:57:15,1419.23,4,3,2
13276,2024-07-18 10:14:41,15767.69,5,14,4
13277,2023-06-15 01:42:46,2238.81,5,4,2
13278,2024-06-21 14:05:53,29008.16,5,19,2
13279,2024-11-19 02:16:20,5804.23,2,1,2
13280,2024-05-24 16:08:24,10181.51,5,9,2
13281,2024-01-29 22:51:31,12487.31,1,20,3
13282,2024-07-04 11:56:32,3299.12,1,10,3
13283,2024-05-02 08:49:37,1151.17,5,14,32
13284,2025-05-11 11:17:20,699.65,3,12,2
13285,2024-04-07 20:49:02,1261.55,2,6,3
13286,2023-12-11 10:51:47,20045.70,4,3,2
13287,2025-01-14 02:03:43,2857.52,4,18,2
13288,2023-11-03 20:32:00,12233.06,5,9,2
13289,2024-03-29 03:52:47,4836.37,5,24,2
13290,2024-08-22 10:51:15,3756.40,2,11,2
13291,2024-12-08 04:10:28,11507.08,5,19,4
13292,2024-05-14 07:06:31,2559.82,2,21,2
13293,2024-09-01 09:27:20,3744.74,4,8,3
13294,2023-05-26 17:24:41,3205.29,5,24,2
13295,2023-11-26 14:23:57,9189.93,1,10,2
13296,2025-02-02 04:22:16,1004.42,1,5,4
13297,2024-09-07 04:36:39,12331.44,5,4,2
13298,2024-12-07 20:40:08,11870.88,3,12,2
13299,2025-01-26 19:06:01,5756.82,4,23,2
13300,2025-03-21 12:58:59,1764.28,4,18,2
13301,2023-10-06 11:49:14,3699.90,5,9,2
13302,2024-08-12 22:54:59,6963.81,3,12,4
13303,2024-11-04 21:31:31,3514.48,4,23,7
13304,2024-10-31 22:45:16,9181.49,2,16,2
13305,2025-05-06 14:50:04,3235.41,5,24,3
13306,2024-05-20 18:00:31,5642.06,1,5,2
13307,2024-04-20 14:04:06,4921.38,5,19,2
13308,2024-09-25 12:10:24,6287.40,1,20,4
13309,2024-02-11 06:12:49,12920.10,2,11,2
13310,2024-05-14 18:08:45,3484.30,5,14,4
13311,2024-05-14 09:44:18,16774.68,5,14,5
13312,2023-12-07 11:55:22,14554.37,2,21,2
13313,2024-12-02 05:14:37,398.65,1,10,4
13314,2023-10-20 12:37:47,3354.52,2,21,2
13315,2024-03-01 12:23:18,3993.58,3,12,18
13316,2023-07-16 10:31:50,7064.12,1,15,2
13317,2024-05-28 17:57:27,12302.84,4,8,2
13318,2025-03-07 19:14:46,19062.46,5,9,2
13319,2024-11-25 03:25:12,3063.97,2,1,2
13320,2023-06-18 10:34:31,2248.32,4,13,3
13321,2023-08-16 14:13:54,2748.73,1,15,15
13322,2023-09-25 20:26:21,6467.86,2,11,2
13323,2024-05-02 18:53:20,9880.82,3,2,3
13324,2024-05-28 20:27:28,1609.41,2,21,4
13325,2025-02-16 07:33:53,3795.46,1,15,4
13326,2024-01-12 11:31:10,17876.65,4,13,4
13327,2023-07-07 14:07:24,1782.32,4,13,45
13328,2023-07-17 16:25:15,5726.89,2,6,58
13329,2023-11-14 01:57:32,2012.00,1,25,4
13330,2024-11-16 15:13:39,14139.23,1,25,6
13331,2023-05-30 07:33:38,6395.13,3,17,6
13332,2025-03-30 19:44:07,8187.24,5,9,2
13333,2024-08-28 14:16:48,12664.11,4,13,2
13334,2025-04-20 06:07:21,3713.72,2,1,2
13335,2024-06-25 15:32:16,15830.17,5,14,3
13336,2024-09-08 16:31:02,8716.80,1,20,2
13337,2024-12-08 00:55:08,14846.75,2,16,34
13338,2025-01-27 03:19:50,9207.46,4,18,3
13339,2024-09-29 23:30:49,15272.48,3,7,3
13340,2023-09-27 04:01:37,1627.43,5,14,2
13341,2025-05-07 16:32:02,14113.75,2,11,7
13342,2024-04-11 23:29:34,3854.62,4,3,3
13343,2024-06-26 22:11:22,3123.63,4,13,3
13344,2024-02-28 01:13:35,8196.63,3,7,2
13345,2023-09-23 00:38:47,7902.63,3,17,22
13346,2024-08-09 05:41:51,2645.80,1,5,2
13347,2024-09-06 22:29:08,7720.99,2,1,2
13348,2024-08-04 12:27:09,2234.07,5,14,12
13349,2025-04-18 21:39:13,380.30,4,18,2
13350,2024-08-06 17:38:12,11285.73,1,10,2
13351,2024-07-22 15:50:25,11893.66,1,10,3
13352,2024-09-06 11:14:03,6042.43,3,2,2
13353,2023-05-25 06:37:07,17951.94,4,13,5
13354,2024-01-12 02:58:10,5263.40,2,6,5
13355,2025-02-03 02:48:01,21627.25,1,5,2
13356,2024-09-04 13:56:10,5365.93,5,24,2
13357,2024-08-30 09:14:24,17346.79,1,20,4
13358,2025-01-19 09:56:33,13063.18,1,20,2
13359,2024-01-16 20:44:53,3416.50,5,24,2
13360,2024-08-27 11:42:09,3675.60,1,20,4
13361,2025-04-01 17:54:01,6797.84,1,20,7
13362,2025-03-12 15:28:57,7973.44,1,5,2
13363,2024-03-24 02:21:09,8631.00,3,7,4
13364,2023-12-10 09:01:22,21634.03,2,6,2
13365,2025-02-27 04:50:49,9342.82,2,21,2
13366,2023-07-05 01:36:44,16800.86,3,2,2
13367,2024-03-11 11:52:52,20733.77,2,21,3
13368,2024-06-24 09:39:42,8311.91,1,25,2
13369,2024-01-08 08:57:35,7787.92,2,11,3
13370,2023-11-23 23:29:13,16241.61,1,20,2
13371,2024-06-11 18:45:52,6345.63,1,15,2
13372,2023-11-24 15:18:59,10501.88,2,11,3
13373,2024-11-01 21:00:54,2709.80,4,3,2
13374,2023-12-10 06:22:19,19525.03,5,4,4
13375,2024-09-15 23:12:20,10706.80,1,20,8
13376,2023-12-04 07:09:12,1712.08,3,7,2
13377,2023-10-25 13:33:03,5680.06,1,25,3
13378,2024-12-08 03:57:21,12021.79,3,17,2
13379,2023-11-30 04:26:05,5580.84,1,20,3
13380,2024-12-16 20:14:11,4461.86,5,4,4
13381,2025-03-29 01:18:22,6597.97,4,8,3
13382,2024-01-29 20:10:45,11925.96,3,7,2
13383,2025-02-18 01:54:50,7843.41,4,13,2
13384,2023-12-31 00:02:28,4596.02,2,1,3
13385,2024-02-20 01:45:50,2584.44,2,1,2
13386,2023-06-02 18:10:41,9007.25,4,13,3
13387,2023-08-02 22:19:33,6615.83,5,9,2
13388,2024-10-05 14:40:42,2798.63,4,23,4
13389,2025-04-15 06:35:57,1140.84,1,25,3
13390,2023-09-27 22:55:57,5609.73,1,10,4
13391,2025-04-22 15:42:25,8538.10,5,24,2
13392,2024-07-01 10:35:51,8879.28,4,13,3
13393,2023-06-25 10:08:44,12930.50,1,5,4
13394,2023-09-27 05:54:06,12619.64,4,13,2
13395,2024-11-16 17:36:07,8393.04,2,21,2
13396,2023-06-12 09:01:12,3696.42,5,9,2
13397,2023-05-31 21:04:41,11504.98,5,14,2
13398,2023-11-16 07:40:08,13618.55,2,11,3
13399,2024-06-01 10:19:18,12480.68,2,6,2
13400,2023-10-09 05:23:05,7012.70,4,18,2
13401,2023-07-16 07:42:00,19232.25,3,12,35
13402,2024-01-24 08:20:50,5195.19,1,25,2
13403,2025-04-14 01:50:17,7121.52,3,22,2
13404,2025-05-12 10:36:47,1124.24,2,16,2
13405,2023-09-08 11:25:14,11439.62,4,8,5
13406,2024-07-27 05:36:19,5485.97,2,21,2
13407,2024-01-14 13:22:04,10171.36,2,11,2
13408,2024-06-07 03:25:12,2348.94,4,18,2
13409,2025-01-26 13:43:58,9415.13,5,19,5
13410,2024-10-01 18:19:50,6683.98,5,19,2
13411,2024-06-20 03:11:47,4726.03,2,21,2
13412,2024-02-01 08:40:26,739.34,5,14,12
13413,2023-05-25 10:53:25,16069.73,2,6,3
13414,2024-03-10 23:59:05,14367.33,4,23,26
13415,2024-01-31 20:41:10,1074.94,4,8,2
13416,2024-11-23 01:46:52,3879.08,1,20,2
13417,2024-10-26 07:26:56,5923.29,2,11,6
13418,2025-03-20 02:00:38,11889.17,2,1,2
13419,2024-09-26 08:34:22,5984.68,3,2,8
13420,2023-06-26 03:57:41,2886.58,5,14,4
13421,2024-07-06 19:00:46,8644.69,1,10,2
13422,2023-09-14 01:39:09,12288.63,5,24,2
13423,2024-07-13 10:25:00,1164.50,2,16,4
13424,2023-11-25 17:54:17,9184.68,4,8,2
13425,2023-06-09 12:26:21,6460.64,3,2,2
13426,2025-05-21 17:19:19,7033.96,2,21,2
13427,2024-08-01 12:15:57,6207.03,5,4,12
13428,2024-04-09 02:17:23,735.80,5,9,5
13429,2024-09-08 20:39:02,10056.03,5,4,2
13430,2023-08-26 15:52:16,9350.45,4,18,3
13431,2023-07-06 06:13:11,9758.85,2,11,3
13432,2024-10-04 16:17:01,2277.03,2,21,2
13433,2023-11-06 15:17:40,6284.19,4,18,3
13434,2023-11-03 10:43:49,16452.92,1,25,2
13435,2024-10-21 18:26:19,20747.55,4,23,3
13436,2023-10-15 07:25:50,13362.81,3,17,3
13437,2025-03-08 07:19:18,11892.75,1,10,2
13438,2023-12-31 10:23:24,8201.98,1,10,3
13439,2024-02-12 19:46:12,20905.31,4,8,2
13440,2023-06-11 02:17:27,7053.06,1,20,2
13441,2023-11-13 06:12:19,14527.49,1,5,2
13442,2025-01-12 12:11:30,11094.47,2,1,4
13443,2024-07-17 07:15:15,4612.70,5,9,2
13444,2024-03-17 08:17:44,7537.97,1,15,4
13445,2024-03-10 09:37:45,9802.07,1,15,2
13446,2024-10-17 14:31:49,11731.28,5,4,3
13447,2023-09-27 02:17:07,1373.21,4,3,2
13448,2025-04-21 15:52:24,2928.17,1,10,2
13449,2024-02-05 11:11:55,10207.62,4,13,3
13450,2023-09-02 17:48:04,3235.76,1,10,2
13451,2023-11-13 10:15:45,4476.05,4,23,2
13452,2024-04-15 00:32:31,16428.51,2,11,15
13453,2024-12-04 00:17:50,579.47,1,25,2
13454,2025-04-19 21:33:13,7789.08,3,22,2
13455,2024-02-29 01:49:43,11010.78,4,8,2
13456,2024-02-27 19:12:31,169.30,4,13,2
13457,2025-03-01 04:31:22,3996.32,3,2,3
13458,2024-02-08 19:18:08,9490.39,4,18,2
13459,2024-03-13 10:21:21,5670.20,3,17,2
13460,2023-12-10 16:45:59,1624.62,5,4,4
13461,2024-07-12 08:30:30,7675.49,4,23,5
13462,2023-09-29 10:51:20,5179.10,3,12,2
13463,2023-05-25 09:19:46,4205.64,5,4,2
13464,2024-07-26 13:08:26,12395.60,4,23,14
13465,2023-07-24 03:51:40,925.79,1,10,2
13466,2024-06-21 08:20:07,877.12,5,24,3
13467,2025-01-31 10:44:23,22609.40,5,4,2
13468,2024-05-02 12:43:46,6500.14,2,16,2
13469,2023-05-29 00:37:23,4743.45,4,18,3
13470,2023-07-21 15:42:09,17302.44,1,25,2
13471,2024-11-10 04:12:11,2674.21,1,15,2
13472,2024-04-28 08:33:19,11029.40,1,15,3
13473,2024-06-20 01:34:36,3132.69,4,3,2
13474,2023-07-17 17:10:35,9419.20,1,5,2
13475,2024-03-06 10:05:20,4749.37,4,18,2
13476,2024-06-15 02:20:55,19837.48,1,15,6
13477,2024-08-24 19:02:12,5307.95,2,6,2
13478,2023-07-17 14:53:45,4932.56,4,18,12
13479,2024-09-10 16:55:10,11787.37,1,20,2
13480,2023-11-30 15:32:39,3604.72,4,18,2
13481,2024-02-19 09:06:10,588.64,5,9,2
13482,2023-05-24 14:46:21,10912.90,2,6,2
13483,2025-01-21 04:18:20,20146.65,4,13,7
13484,2024-08-25 10:03:44,9917.43,4,8,2
13485,2023-06-02 02:22:00,6739.99,3,17,2
13486,2023-09-07 14:42:55,1869.18,2,21,2
13487,2025-05-03 08:01:59,17363.13,4,13,4
13488,2025-05-02 07:28:47,7574.47,5,14,2
13489,2025-05-06 23:17:13,850.82,3,7,2
13490,2024-06-18 14:22:30,5839.06,1,20,2
13491,2024-06-16 21:48:10,13635.94,4,18,2
13492,2024-07-01 05:15:28,6889.19,3,17,4
13493,2024-12-16 17:27:02,6706.35,5,9,3
13494,2024-07-10 18:08:42,1239.63,4,18,2
13495,2025-03-25 21:50:42,7593.99,4,13,2
13496,2023-10-10 00:36:38,7847.75,2,1,3
13497,2025-05-02 15:36:45,18745.67,3,12,5
13498,2024-03-16 19:22:38,7327.45,5,9,2
13499,2025-01-05 23:31:21,11847.22,5,14,2
13500,2024-01-27 02:18:24,9696.04,1,15,2
13501,2023-11-22 18:17:38,2260.43,5,14,2
13502,2025-04-25 09:53:56,13351.00,5,4,2
13503,2024-05-11 03:49:39,16000.55,3,7,2
13504,2024-10-27 20:35:19,3983.39,3,22,6
13505,2025-04-17 01:07:55,3694.18,5,14,2
13506,2024-10-15 05:53:30,7843.59,4,8,2
13507,2023-12-18 14:36:31,9976.01,4,23,2
13508,2024-02-08 03:44:00,6042.48,4,18,6
13509,2023-07-02 22:05:17,8773.60,3,7,3
13510,2024-12-31 16:08:36,10957.84,2,11,2
13511,2024-12-20 19:21:38,6542.52,3,12,4
13512,2023-11-09 14:50:24,5928.29,1,15,2
13513,2024-01-11 16:44:45,8122.86,1,25,2
13514,2024-02-26 10:51:43,11867.58,1,10,2
13515,2024-08-17 07:10:42,1228.35,3,17,2
13516,2025-04-05 10:05:54,17834.74,3,7,4
13517,2023-07-12 12:47:09,1921.63,4,13,10
13518,2023-06-07 11:31:37,1404.36,4,3,3
13519,2024-12-25 21:37:21,9273.58,3,17,2
13520,2024-11-06 01:58:11,15167.83,5,19,2
13521,2025-02-28 04:44:42,13659.18,1,20,2
13522,2024-02-23 02:11:06,9826.44,1,5,720
13523,2024-02-02 08:43:09,8205.46,1,15,2
13524,2025-04-09 18:19:20,10986.40,1,10,9
13525,2024-08-24 07:45:24,19438.26,1,5,3
13526,2025-01-04 15:19:32,12099.32,5,4,2
13527,2024-11-01 18:33:52,3521.13,2,11,2
13528,2023-06-02 08:07:23,14309.07,5,14,2
13529,2024-04-10 22:00:26,9633.38,5,9,2
13530,2024-08-21 07:45:58,10362.67,2,16,3
13531,2025-03-24 12:39:54,4506.29,1,10,2
13532,2024-10-28 00:10:13,8653.58,5,14,9
13533,2024-01-19 21:09:12,16780.82,5,19,2
13534,2024-08-11 18:19:56,10569.69,5,24,2
13535,2024-01-08 16:07:36,5439.88,1,5,4
13536,2023-09-06 23:35:49,10571.42,2,21,3
13537,2024-03-20 04:15:28,12381.81,3,12,3
13538,2023-06-27 17:14:34,10799.35,3,12,2
13539,2024-10-15 09:53:35,21632.03,1,5,2
13540,2023-09-08 11:38:38,4334.19,1,15,2
13541,2024-07-10 00:27:20,13421.17,4,23,46
13542,2024-08-22 05:50:55,3217.51,2,21,2
13543,2024-10-23 10:07:52,3220.72,3,12,2
13544,2024-03-28 03:10:56,1646.56,5,9,3
13545,2024-12-21 20:55:08,3366.88,2,21,3
13546,2023-11-28 06:31:44,1834.14,4,18,3
13547,2023-11-29 20:38:26,4295.98,3,22,2
13548,2025-01-21 18:40:08,8559.98,1,5,2
13549,2024-11-22 06:25:02,5404.80,4,13,2
13550,2024-08-08 00:35:40,11716.94,3,22,2
13551,2025-03-05 07:06:12,2740.71,1,10,2
13552,2025-04-25 10:29:30,12060.89,5,19,2
13553,2023-06-15 16:20:10,21737.18,3,7,9
13554,2024-07-24 22:53:08,17042.41,4,3,3
13555,2024-05-24 11:04:48,4982.51,3,22,21
13556,2025-03-08 08:37:08,9226.41,3,12,3
13557,2023-11-03 07:22:34,1368.00,5,19,2
13558,2023-06-23 13:34:10,11718.14,1,20,4
13559,2024-05-27 04:50:49,23096.50,5,19,2
13560,2024-05-29 19:42:33,14082.35,3,7,16
13561,2024-04-28 02:19:32,11969.58,2,1,5
13562,2025-02-20 05:51:06,271.40,1,25,2
13563,2024-11-23 18:30:57,13887.82,3,2,5
13564,2025-04-12 11:34:57,9816.35,3,22,3
13565,2024-06-23 00:00:19,6303.97,3,12,2
13566,2025-03-08 03:04:34,8252.57,2,16,3
13567,2024-08-21 05:09:17,9058.19,3,22,2
13568,2024-09-04 22:59:45,17138.26,3,2,3
13569,2024-10-04 03:41:19,10312.70,1,25,2
13570,2023-08-04 11:08:58,6724.67,5,19,9
13571,2023-12-27 18:52:15,9040.99,3,7,3
13572,2023-07-13 08:36:49,1112.70,3,2,3
13573,2024-12-19 11:19:52,471.24,4,8,2
13574,2025-01-19 18:38:10,2193.59,1,5,2
13575,2023-05-28 12:31:06,1401.39,5,24,2
13576,2024-06-25 13:25:13,5112.65,4,23,2
13577,2024-06-19 10:31:56,10509.37,3,12,4
13578,2025-05-10 03:43:49,6735.52,4,3,3
13579,2023-10-04 14:36:12,3627.64,4,23,15
13580,2024-01-18 13:22:21,631.64,1,5,2
13581,2023-10-13 10:58:08,14484.39,3,17,2
13582,2024-03-17 02:58:18,2996.74,1,5,2
13583,2023-12-29 16:04:18,3870.22,5,4,2
13584,2024-09-14 03:45:37,12273.83,5,9,3
13585,2024-11-30 03:23:10,4040.98,1,20,3
13586,2025-05-14 03:07:22,19975.01,1,20,2
13587,2023-08-10 00:53:24,2692.32,4,23,8
13588,2025-01-30 04:55:50,8438.93,4,8,3
13589,2025-03-01 14:08:40,12447.08,4,23,2
13590,2023-12-17 02:12:32,19914.10,2,11,5
13591,2023-10-26 12:21:41,8247.66,4,3,2
13592,2025-05-14 11:06:02,91.50,4,23,2
13593,2024-09-18 03:00:40,2971.36,5,24,2
13594,2024-04-08 11:52:23,8629.74,3,2,2
13595,2024-10-15 05:08:22,342.44,5,4,12
13596,2025-01-28 17:52:09,9702.53,5,14,7
13597,2023-08-17 22:54:03,5788.20,5,14,4
13598,2025-02-20 10:57:54,6291.95,5,24,4
13599,2025-03-14 11:15:02,13422.58,2,21,11
13600,2024-02-19 19:00:22,5590.79,1,10,2
13601,2023-06-24 19:34:12,2230.30,1,10,2
13602,2025-03-25 10:56:46,10338.53,4,3,2
13603,2024-06-13 11:23:50,17502.41,4,8,3
13604,2023-11-15 07:12:38,3655.66,3,7,3
13605,2025-04-15 05:02:30,15459.57,4,18,19
13606,2023-10-22 22:34:55,5466.30,1,20,3
13607,2024-02-08 04:12:41,24770.20,4,23,2
13608,2023-11-04 06:30:51,1504.24,4,23,2
13609,2023-05-29 10:23:55,9438.82,4,18,2
13610,2025-03-24 21:34:43,5811.00,1,10,2
13611,2023-08-30 22:27:44,338.60,1,10,2
13612,2025-01-31 19:33:30,13711.13,5,9,2
13613,2024-07-02 12:04:00,457.50,4,23,2
13614,2024-03-06 21:02:10,7363.10,3,17,2
13615,2023-12-24 00:29:36,5118.99,2,6,3
13616,2025-03-29 21:53:28,1892.54,3,12,71
13617,2024-06-29 11:34:28,10950.76,1,25,2
13618,2023-09-29 13:15:32,14013.20,1,5,2
13619,2024-04-28 05:32:24,12660.17,5,4,2
13620,2024-08-05 03:55:04,11483.97,3,12,2
13621,2025-03-07 11:13:06,3416.50,2,1,2
13622,2024-01-26 11:47:54,10460.11,2,21,3
13623,2024-01-13 14:36:28,18260.80,3,2,2
13624,2025-02-27 21:26:47,12322.90,1,15,2
13625,2023-10-19 12:20:40,13982.09,5,14,3
13626,2025-02-10 13:19:25,934.60,2,11,2
13627,2025-03-17 01:08:14,402.03,4,13,2
13628,2025-04-20 01:17:27,10719.65,3,2,2
13629,2024-02-17 02:27:53,8731.10,3,22,2
13630,2024-12-15 13:08:35,3734.77,4,13,2
13631,2024-04-19 13:33:18,1811.16,4,18,2
13632,2023-12-17 07:00:06,7294.07,1,20,6
13633,2023-07-30 11:58:47,9229.35,2,11,2
13634,2023-10-27 05:18:29,9956.41,5,4,2
13635,2023-09-04 08:39:31,2857.52,5,19,2
13636,2024-06-09 17:57:31,9194.86,2,1,2
13637,2023-07-02 23:02:43,5875.90,5,24,4
13638,2024-10-11 01:58:36,9639.21,3,12,4
13639,2024-08-17 23:14:00,4683.08,5,4,3
13640,2024-01-29 07:30:31,5282.08,3,2,2
13641,2025-03-01 17:00:25,8270.59,4,3,2
13642,2025-02-19 02:45:01,4190.41,1,15,2
13643,2024-04-20 13:40:06,7994.24,5,4,2
13644,2023-07-16 12:57:44,5573.27,2,11,13
13645,2024-11-07 20:36:59,11395.72,1,10,2
13646,2024-03-04 12:08:43,4338.64,4,18,2
13647,2023-12-03 00:22:32,16370.44,1,10,2
13648,2023-08-24 08:34:30,13560.69,3,2,3
13649,2024-11-04 22:38:34,8359.20,2,1,2
13650,2024-07-17 13:31:14,8456.79,5,9,6
13651,2025-01-06 23:58:29,16560.70,1,25,6
13652,2023-06-09 12:07:24,5556.47,5,4,3
13653,2023-11-05 13:56:06,2450.30,1,25,5
13654,2024-07-14 20:15:42,12200.71,5,14,4
13655,2024-10-13 12:54:13,12191.25,4,13,5
13656,2024-04-29 16:52:54,11222.72,2,16,2
13657,2024-03-06 13:49:35,3151.59,3,7,2
13658,2024-08-31 00:00:38,23688.75,4,13,2
13659,2024-08-16 02:27:43,14516.49,2,21,3
13660,2024-11-27 06:35:54,15917.76,5,4,2
13661,2024-07-30 03:21:55,4586.10,2,11,2
13662,2024-09-22 08:15:48,10978.87,1,20,2
13663,2024-12-30 02:11:44,866.24,4,8,2
13664,2024-07-23 19:18:40,8643.46,3,17,2
13665,2023-12-14 11:22:18,12355.28,3,12,3
13666,2025-05-03 10:24:13,7938.04,1,15,2
13667,2024-07-11 03:41:27,23674.50,4,18,2
13668,2024-08-02 04:28:40,7510.36,1,5,2
13669,2024-11-01 21:30:41,9747.43,5,9,2
13670,2024-11-05 08:48:59,51.86,2,11,2
13671,2024-03-07 00:42:02,11197.78,1,20,2
13672,2023-08-15 10:02:32,2682.52,2,11,3
13673,2023-09-04 16:28:45,8208.58,3,12,2
13674,2024-09-20 18:19:07,806.02,4,13,2
13675,2024-08-24 16:30:05,14943.76,5,9,2
13676,2024-10-20 03:16:34,6326.51,1,10,2
13677,2025-04-26 14:16:53,13836.19,4,3,3
13678,2023-06-09 21:48:41,2956.60,5,14,2
13679,2025-01-06 10:49:07,13405.10,4,13,3
13680,2023-07-15 19:39:26,14984.76,4,3,5
13681,2025-04-24 10:17:04,15032.58,1,20,2
13682,2024-10-02 01:52:29,4646.25,3,7,2
13683,2024-07-29 10:20:06,9872.74,2,6,5
13684,2025-01-11 18:39:57,7687.37,3,22,2
13685,2024-08-04 15:14:43,3242.60,2,11,2
13686,2023-08-28 12:40:44,14078.70,1,5,2
13687,2024-07-06 07:46:05,7605.10,4,23,88
13688,2024-02-21 14:08:12,1865.81,4,18,4
13689,2025-02-05 16:11:26,3179.67,3,12,2
13690,2023-10-23 22:48:22,8112.78,5,9,2
13691,2024-08-25 14:40:03,10421.70,2,21,2
13692,2023-05-23 03:41:04,4824.44,5,24,2
13693,2025-01-14 18:29:49,3995.23,2,11,2
13694,2024-06-22 11:15:57,8302.21,1,25,2
13695,2024-04-03 05:20:34,14477.70,4,18,16
13696,2024-01-20 07:35:44,3467.15,3,22,2
13697,2023-10-13 20:35:48,10516.95,3,22,2
13698,2024-10-12 08:46:14,6662.78,4,3,4
13699,2024-12-27 11:53:47,7740.59,3,22,2
13700,2023-09-03 08:59:35,4405.67,3,17,13
13701,2023-08-06 15:54:35,4058.80,4,3,16
13702,2023-11-09 17:47:21,6703.99,5,4,2
13703,2025-01-22 07:28:49,5196.73,1,20,162
13704,2025-02-28 10:20:47,10338.48,3,17,2
13705,2025-05-12 02:48:36,12841.67,2,1,2
13706,2023-10-11 00:12:01,742.84,5,19,3
13707,2025-02-01 08:14:29,13064.27,2,16,13
13708,2023-07-22 22:41:29,4475.61,5,9,7
13709,2024-01-27 22:40:58,11371.49,2,6,44
13710,2024-02-22 20:17:17,1150.36,5,24,4
13711,2025-05-15 20:21:11,12474.35,5,4,2
13712,2024-09-22 08:50:21,19120.61,3,2,2
13713,2024-08-29 10:49:47,16528.77,4,8,3
13714,2023-11-04 08:50:29,4628.14,1,25,2
13715,2024-06-27 07:03:01,10492.35,4,13,9
13716,2023-10-24 01:58:04,7654.31,3,7,3
13717,2024-05-10 22:32:53,2606.95,1,15,5
13718,2025-02-19 10:55:48,1916.15,3,7,18
13719,2024-09-06 08:09:36,11190.96,4,18,2
13720,2025-03-18 08:56:21,2040.56,4,8,2
13721,2025-02-05 01:54:57,15300.48,2,16,2
13722,2024-04-28 16:23:36,14842.56,4,13,2
13723,2024-01-28 11:37:09,2862.15,1,5,2
13724,2024-04-03 05:09:58,510.14,5,19,2
13725,2024-04-02 20:15:05,6597.89,4,3,2
13726,2025-01-22 16:24:04,21088.97,4,23,2
13727,2024-06-14 18:34:27,2271.15,1,5,4
13728,2023-07-15 05:12:20,10132.73,1,10,2
13729,2024-05-11 15:31:18,8745.60,2,1,3
13730,2023-09-20 22:08:01,7624.31,2,21,2
13731,2025-05-13 07:46:32,3768.05,2,21,4
13732,2025-04-13 01:14:36,16287.79,5,14,2
13733,2025-05-15 13:28:40,7678.51,4,8,3
13734,2024-03-26 10:59:07,13420.94,1,5,5
13735,2025-05-14 09:52:42,11486.85,3,12,2
13736,2023-07-31 01:30:27,5101.54,4,3,9
13737,2023-12-20 20:05:26,9067.18,2,16,6
13738,2023-11-15 19:27:46,1053.73,3,17,2
13739,2024-01-12 01:36:20,5510.22,2,11,2
13740,2024-09-18 08:17:24,8285.26,2,21,3
13741,2024-09-29 17:05:44,5670.59,5,14,2
13742,2023-12-02 20:32:34,13962.33,2,1,4
13743,2025-04-14 12:39:01,5466.89,4,8,2
13744,2024-10-31 20:54:05,183.10,3,12,10
13745,2024-05-24 15:17:12,4059.61,2,21,2
13746,2025-03-16 01:47:16,11544.26,3,7,2
13747,2023-08-31 14:51:25,11544.92,3,2,2
13748,2024-01-08 17:21:52,4383.63,3,7,2
13749,2025-03-03 21:36:04,4071.32,2,21,2
13750,2024-02-27 00:59:06,6894.66,4,13,2
13751,2024-03-27 01:09:19,5936.07,2,1,2
13752,2023-10-31 12:01:36,8187.40,2,16,2
13753,2024-08-10 02:56:17,13132.96,4,23,4
13754,2023-11-26 19:24:43,6130.06,4,8,15
13755,2025-04-02 10:30:33,12022.40,5,9,2
13756,2024-12-23 05:21:56,2874.81,5,4,3
13757,2023-06-03 13:04:11,9403.05,5,9,3
13758,2023-12-16 10:33:23,20392.44,4,8,2
13759,2025-01-28 06:25:01,8756.06,2,11,2
13760,2025-02-20 13:22:41,13182.29,1,20,4
13761,2024-04-29 12:17:11,10064.26,1,10,4
13762,2024-10-15 06:34:01,4122.02,2,6,2
13763,2024-12-20 12:58:24,9486.26,1,25,2
13764,2025-03-06 07:35:43,11382.10,3,2,2
13765,2024-02-21 06:50:11,2379.10,1,5,2
13766,2023-09-27 18:13:45,13166.75,3,12,2
13767,2024-12-04 19:14:01,15361.70,3,7,2
13768,2024-12-22 20:54:39,16084.25,4,23,2
13769,2023-07-03 03:48:13,7010.11,3,17,9
13770,2024-11-19 11:23:57,7892.27,5,9,3
13771,2023-12-28 01:28:48,5371.75,2,1,2
13772,2025-03-24 16:37:42,707.97,4,23,2
13773,2025-01-12 11:12:58,11826.49,4,3,2
13774,2023-07-05 18:48:06,3692.88,4,13,54
13775,2024-12-13 06:08:14,3571.90,2,1,2
13776,2025-04-21 19:29:51,2706.40,1,10,2
13777,2023-08-20 17:50:35,7836.23,3,12,2
13778,2024-04-08 02:35:22,23165.32,2,6,3
13779,2023-09-16 18:09:29,9167.29,4,8,2
13780,2023-06-10 05:00:42,502.77,1,10,2
13781,2023-09-27 06:58:02,17646.55,4,18,7
13782,2025-02-06 06:07:58,14666.40,2,16,2
13783,2025-02-06 02:33:30,3729.67,1,20,2
13784,2025-05-11 07:21:59,3816.98,3,17,2
13785,2024-03-12 11:41:25,10015.46,5,24,2
13786,2024-04-19 14:44:21,7351.12,3,17,15
13787,2025-01-13 10:18:39,5375.85,5,4,2
13788,2024-05-31 21:46:09,502.77,1,5,4
13789,2025-03-17 13:17:56,4802.51,2,1,11
13790,2023-06-26 17:41:11,2797.68,3,17,3
13791,2023-11-14 22:08:18,13048.96,4,18,3
13792,2023-06-04 05:41:17,7810.67,5,4,2
13793,2024-01-01 01:53:42,11329.94,3,17,2
13794,2025-04-14 19:23:31,13130.14,4,8,2
13795,2023-07-07 08:55:04,6842.14,3,12,10
13796,2023-11-21 03:18:48,9857.46,4,13,2
13797,2025-03-13 13:21:37,14335.27,3,7,4
13798,2023-06-05 02:27:48,21406.34,1,20,2
13799,2025-05-10 22:17:24,6395.95,3,17,3
13800,2025-01-27 23:31:57,3698.14,2,16,2
13801,2024-10-02 21:42:30,4643.00,2,11,113
13802,2024-12-12 12:38:54,11974.06,1,15,5
13803,2024-07-28 01:24:03,8661.18,3,17,2
13804,2023-05-26 15:50:55,14291.06,1,25,2
13805,2024-11-24 07:03:18,14235.25,4,23,2
13806,2024-07-29 22:55:09,7667.39,3,7,3
13807,2023-09-25 02:12:21,4024.04,3,12,2
13808,2024-12-09 23:07:06,18428.57,3,12,3
13809,2024-06-20 12:19:12,10981.52,2,21,3
13810,2025-03-27 20:59:02,8483.83,2,16,2
13811,2024-11-08 22:32:47,13965.89,1,20,2
13812,2024-06-27 10:17:51,15508.96,1,5,4
13813,2023-05-26 11:49:13,1030.97,5,24,2
13814,2024-06-17 15:28:41,2581.29,2,6,3
13815,2025-03-15 18:22:30,2586.83,4,8,173
13816,2024-11-15 23:39:45,14180.39,5,4,3
13817,2023-09-11 09:03:09,13341.83,3,7,3
13818,2025-03-09 07:23:11,3214.62,5,24,6
13819,2024-12-15 11:56:54,6973.11,5,14,7
13820,2023-12-25 09:10:26,4864.72,5,9,8
13821,2024-05-06 01:09:07,6703.84,3,17,4
13822,2023-10-04 14:23:36,27918.74,2,6,4
13823,2025-04-29 17:47:29,5188.22,1,20,2
13824,2025-01-15 16:20:20,10103.25,4,13,2
13825,2025-05-11 04:51:49,1738.41,5,4,4
13826,2024-06-27 23:57:29,13295.66,1,25,3
13827,2025-04-23 22:33:51,10464.98,5,4,2
13828,2024-04-10 18:00:16,5501.66,5,9,3
13829,2024-06-09 18:13:27,19195.20,3,12,2
13830,2024-06-27 13:19:48,6631.23,2,21,2
13831,2024-12-06 00:26:32,10243.52,4,23,2
13832,2025-01-20 02:04:52,14404.13,5,9,3
13833,2023-06-30 19:12:35,16509.40,3,12,6
13834,2024-02-05 09:00:38,17718.78,3,2,2
13835,2024-10-18 04:31:13,10576.94,5,24,2
13836,2024-09-14 13:02:05,8909.41,2,11,3
13837,2025-04-28 13:23:52,4456.24,3,2,2
13838,2023-06-10 18:54:10,14889.00,4,23,75
13839,2023-07-08 07:39:45,20745.60,4,8,3
13840,2024-01-03 19:40:10,4686.39,1,5,3
13841,2025-01-24 08:48:04,7016.01,1,20,2
13842,2025-01-12 03:07:26,797.30,4,18,2
13843,2025-01-26 21:05:14,12864.61,1,10,2
13844,2024-04-04 22:21:06,2972.57,3,7,2
13845,2024-10-11 16:11:49,8807.25,1,25,9
13846,2023-12-18 19:33:51,12139.32,4,3,2
13847,2023-11-23 07:48:30,2487.76,2,6,2
13848,2023-06-17 17:21:05,324.74,2,21,2
13849,2025-02-02 00:39:54,7059.19,5,4,2
13850,2023-12-17 01:42:31,1832.79,3,12,2
13851,2025-04-23 15:38:23,5795.19,2,16,4
13852,2024-11-10 03:23:14,12881.57,4,18,4
13853,2025-05-20 12:13:38,6068.44,4,18,5
13854,2024-10-09 06:53:01,15414.38,2,11,2
13855,2024-11-29 23:24:40,1916.15,1,20,2
13856,2025-02-05 17:37:10,12276.03,4,3,2
13857,2023-12-09 22:26:16,6697.07,5,24,2
13858,2024-09-18 14:25:31,1394.81,2,21,2
13859,2024-08-18 11:14:09,10070.42,2,16,2
13860,2024-01-06 11:24:24,4886.74,4,18,2
13861,2023-05-25 22:36:41,7885.30,5,9,2
13862,2024-07-29 23:57:35,12495.69,5,19,10
13863,2024-04-21 15:04:50,796.56,5,14,2
13864,2025-04-09 04:58:32,6841.45,2,11,11
13865,2023-06-10 07:22:49,10503.27,4,8,2
13866,2023-11-26 09:29:20,4779.36,3,12,3
13867,2025-01-06 18:28:07,1428.69,5,24,2
13868,2025-02-26 10:26:40,6393.44,2,21,2
13869,2023-10-23 05:26:02,878.62,4,3,8
13870,2024-12-13 21:01:35,1485.68,1,25,2
13871,2025-04-20 07:18:13,10853.74,1,25,3
13872,2024-03-07 23:10:04,3624.50,1,15,5
13873,2023-11-24 07:01:13,9957.51,3,17,5
13874,2024-11-01 03:53:33,17575.19,5,14,2
13875,2023-11-25 21:05:53,1532.92,4,13,2
13876,2023-08-26 00:27:40,5677.88,5,14,2
13877,2023-09-22 21:03:27,12768.56,1,15,2
13878,2023-11-10 08:18:21,20679.05,2,1,2
13879,2023-07-01 11:16:58,5171.68,3,7,5
13880,2023-06-03 10:47:51,2985.52,4,13,2
13881,2025-04-02 12:09:10,20473.69,1,20,2
13882,2024-07-21 21:12:23,1034.89,4,13,3
13883,2024-11-21 13:34:46,4332.12,1,25,2
13884,2023-10-02 17:48:48,7801.81,1,20,2
13885,2024-11-03 02:12:24,11429.32,2,1,4
13886,2024-04-13 21:18:57,7748.30,3,17,2
13887,2024-02-25 19:09:37,4455.09,4,13,3
13888,2023-05-29 20:10:26,964.66,3,12,2
13889,2024-01-01 05:18:51,4488.57,2,1,2
13890,2024-10-12 20:13:11,3657.74,5,4,2
13891,2024-07-29 18:22:26,4498.11,1,15,2
13892,2023-06-19 17:17:27,5840.08,2,6,20
13893,2024-03-07 21:47:23,7543.19,1,25,4
13894,2024-11-27 20:54:30,16789.19,2,21,2
13895,2023-10-05 20:42:32,11707.23,3,7,6
13896,2024-07-04 23:39:23,13958.86,2,6,2
13897,2024-09-11 07:41:08,6459.83,4,13,2
13898,2023-09-01 04:56:24,18890.97,1,20,101
13899,2023-12-25 09:24:57,7131.24,3,22,2
13900,2024-06-19 20:02:16,10256.47,1,5,2
13901,2024-07-11 10:34:31,6695.83,3,2,2
13902,2024-02-23 08:53:02,11161.60,1,25,2
13903,2024-10-24 06:10:07,6836.90,2,1,2
13904,2024-03-20 07:48:59,10627.31,1,15,3
13905,2023-09-04 21:15:53,11048.88,1,5,3
13906,2023-10-23 14:22:45,16563.76,1,25,2
13907,2023-10-03 08:57:09,10220.07,5,9,2
13908,2023-06-05 06:21:07,4730.16,1,5,3
13909,2024-03-14 06:42:49,1773.96,2,21,2
13910,2024-12-12 12:46:23,12897.50,1,20,56
13911,2025-04-26 00:00:35,5857.67,2,21,2
13912,2025-05-02 17:02:20,8356.63,5,24,2
13913,2024-05-19 12:20:39,2183.60,1,20,49
13914,2025-03-26 00:12:50,11593.08,2,21,6
13915,2025-01-24 04:08:28,14797.55,4,3,2
13916,2025-01-03 16:05:58,843.64,1,10,2
13917,2024-10-12 09:49:29,7651.08,3,22,2
13918,2024-03-24 10:54:58,9390.36,4,23,2
13919,2024-06-05 16:27:10,1195.95,3,22,2
13920,2024-02-10 14:25:26,6718.26,5,4,2
13921,2023-09-26 18:15:43,1424.11,3,7,2
13922,2024-08-16 20:55:40,15680.61,1,20,2
13923,2024-12-24 22:20:00,4048.19,5,14,3
13924,2024-02-21 07:31:21,7901.43,1,15,4
13925,2025-05-17 20:26:31,15012.20,4,13,6
13926,2024-02-21 22:09:04,14436.25,3,17,2
13927,2025-01-30 14:26:24,4770.25,3,22,2
13928,2025-02-24 03:32:23,18868.68,4,18,3
13929,2025-04-20 02:30:02,12251.92,1,25,2
13930,2024-03-22 08:41:55,9095.96,2,16,3
13931,2023-10-14 16:02:38,962.65,1,5,5
13932,2025-03-12 11:09:28,4306.63,1,20,2
13933,2025-01-25 16:51:12,11451.60,5,9,3
13934,2023-06-25 16:53:50,10028.68,3,2,2
13935,2025-01-25 14:05:04,20927.03,2,11,2
13936,2024-06-03 22:43:39,5429.98,3,2,2
13937,2024-08-23 17:29:04,18586.42,5,19,2
13938,2023-08-08 12:11:49,17396.20,5,24,2
13939,2023-06-03 15:43:34,1309.02,4,8,2
13940,2025-04-20 20:24:53,1997.18,3,7,2
13941,2023-12-31 20:08:19,8600.06,5,9,4
13942,2023-10-18 11:52:25,15189.68,5,24,2
13943,2024-12-01 08:11:56,12051.02,4,8,2
13944,2023-10-29 14:29:43,10894.29,4,8,2
13945,2023-12-30 17:56:27,5442.30,4,8,2
13946,2025-01-17 01:13:40,7791.50,1,20,2
13947,2023-10-29 19:10:23,4988.12,1,15,3
13948,2024-10-15 05:58:46,8652.59,4,3,2
13949,2024-09-16 06:45:36,6993.02,1,20,3
13950,2023-11-13 15:57:35,12544.29,3,22,2
13951,2023-09-26 07:13:22,12224.60,5,24,10
13952,2024-08-13 00:55:43,8519.72,5,14,2
13953,2023-10-24 20:01:54,3518.72,2,6,3
13954,2024-12-23 00:52:13,7585.19,5,24,2
13955,2025-02-09 13:46:33,2226.91,5,19,3
13956,2025-03-29 20:02:51,13340.46,5,9,2
13957,2024-10-13 10:33:04,8602.50,5,14,2
13958,2024-02-08 02:53:54,13193.10,2,6,2
13959,2024-01-24 15:16:36,7692.42,4,23,3
13960,2024-08-07 09:48:57,3076.56,4,18,4
13961,2023-06-09 18:14:38,11404.81,4,13,2
13962,2023-11-14 22:45:28,3374.56,5,24,6
13963,2023-08-04 04:26:01,2757.50,4,13,2
13964,2023-09-13 07:19:01,3858.16,1,10,19
13965,2024-09-07 23:43:47,16535.33,2,1,2
13966,2023-10-16 04:41:25,12213.92,2,21,2
13967,2024-04-07 12:21:48,6802.29,3,2,8
13968,2025-02-07 13:19:52,16576.53,4,18,6
13969,2024-03-22 03:07:11,8701.56,5,14,5
13970,2023-08-24 18:58:26,5491.33,2,6,3
13971,2023-12-28 02:52:42,6510.70,4,8,2
13972,2023-10-24 07:41:48,15698.49,5,14,26
13973,2024-12-01 03:59:08,8638.04,5,24,3
13974,2023-06-21 04:27:00,10048.21,5,24,70
13975,2024-09-22 13:00:57,6421.57,2,16,2
13976,2024-11-29 02:52:35,4955.47,3,17,2
13977,2024-02-13 00:45:17,11342.53,1,5,2
13978,2025-03-31 07:29:00,19049.54,2,6,2
13979,2024-05-12 20:43:26,17163.51,4,8,3
13980,2023-06-06 01:57:07,19217.76,4,18,2
13981,2024-07-31 07:22:59,3810.13,4,23,2
13982,2023-10-12 05:05:19,5340.36,1,20,2
13983,2023-07-02 02:44:29,10094.37,5,19,3
13984,2024-03-05 22:22:11,1198.80,3,12,2
13985,2025-05-19 11:36:37,6292.50,5,19,2
13986,2023-05-26 00:39:14,4184.60,4,13,4
13987,2024-06-25 15:39:03,11678.95,2,16,2
13988,2025-03-24 14:19:39,4151.36,5,14,2
13989,2024-04-09 09:13:19,640.38,5,24,2
13990,2025-03-19 07:31:14,10923.20,4,3,3
13991,2024-01-21 01:33:00,11301.48,4,8,2
13992,2023-06-12 21:34:07,5775.10,1,15,2
13993,2024-11-09 06:03:01,3802.88,3,22,2
13994,2024-08-15 13:02:07,19335.42,4,3,25
13995,2023-07-15 00:27:43,13852.44,1,15,2
13996,2025-05-06 18:04:43,10138.10,3,12,3
13997,2024-11-05 20:45:56,15713.56,5,14,2
13998,2024-06-14 16:32:21,871.17,5,19,2
13999,2023-08-22 13:32:23,10387.56,1,25,5
14000,2024-05-14 08:24:22,2186.68,1,25,3
14001,2025-02-23 02:52:25,3084.76,2,21,2
14002,2024-05-25 01:14:11,11752.33,3,2,6
14003,2024-06-28 22:17:06,6498.56,5,4,4
14004,2023-09-11 20:19:25,5201.48,2,16,2
14005,2025-04-18 14:30:32,3991.33,5,9,11
14006,2023-05-28 00:10:00,11967.61,2,16,6
14007,2024-04-18 03:03:27,2983.83,1,25,7
14008,2024-07-12 14:57:16,7995.72,1,25,2
14009,2025-04-08 03:16:23,753.00,1,5,4
14010,2025-01-06 20:25:20,2906.17,2,21,2
14011,2025-03-16 21:05:31,13190.39,1,15,2
14012,2024-07-29 18:46:34,3224.08,4,8,2
14013,2023-11-26 12:20:19,13729.66,1,20,2
14014,2024-01-24 03:31:59,15633.27,3,22,2
14015,2023-10-03 19:42:16,4429.80,5,24,2
14016,2025-04-26 13:39:30,7101.80,1,10,7
14017,2024-01-17 07:03:47,2510.11,1,20,3
14018,2023-09-20 22:37:22,7993.70,3,12,2
14019,2023-07-13 22:54:11,10260.88,4,8,2
14020,2024-11-12 03:56:16,2992.15,3,22,2
14021,2023-06-03 16:41:59,8950.96,4,3,3
14022,2024-06-21 10:24:36,15099.43,1,20,2
14023,2023-12-04 20:48:03,9379.92,1,25,19
14024,2023-06-21 08:06:04,13954.12,4,23,2
14025,2025-03-18 00:54:36,19009.17,4,8,12
14026,2023-09-25 23:26:56,669.70,3,12,2
14027,2024-12-03 10:10:12,1061.51,5,9,2
14028,2023-12-27 02:26:13,271.40,1,10,18
14029,2025-04-09 05:08:58,9575.10,3,17,2
14030,2024-06-16 03:05:11,10276.26,5,4,5
14031,2023-06-26 04:21:35,6661.92,3,17,2
14032,2023-11-12 00:55:17,471.24,3,12,2
14033,2023-06-07 04:43:57,15459.00,2,11,38
14034,2024-09-22 07:44:40,9553.40,4,18,7
14035,2025-03-29 07:26:06,2415.55,5,24,6
14036,2024-08-08 04:31:01,5265.22,2,11,2
14037,2025-01-22 03:54:26,26523.48,4,3,2
14038,2024-02-29 18:19:56,6660.08,1,25,2
14039,2024-06-18 03:09:58,13448.13,5,9,6
14040,2025-01-17 03:08:40,1760.63,1,15,3
14041,2025-02-19 22:51:01,2892.02,2,11,19
14042,2023-07-26 13:58:32,4306.16,3,12,2
14043,2023-09-25 17:58:16,4838.37,4,8,2
14044,2023-10-24 02:20:23,3201.72,5,14,2
14045,2023-05-30 22:32:50,2268.80,5,19,3
14046,2023-11-21 07:50:15,17934.94,4,23,40
14047,2025-04-20 05:15:31,9983.19,2,21,2
14048,2023-11-25 14:46:44,7687.60,1,10,3
14049,2025-02-27 00:28:31,3237.25,1,15,2
14050,2024-08-27 00:24:37,7505.73,3,7,2
14051,2024-10-03 07:45:26,9755.69,2,21,2
14052,2024-04-13 09:16:09,13415.27,2,16,2
14053,2024-05-02 22:02:45,6655.39,1,10,2
14054,2025-01-02 05:24:30,7555.60,5,24,2
14055,2024-05-24 14:12:51,10402.58,3,7,3
14056,2024-03-21 02:14:09,10657.31,2,1,28
14057,2024-07-06 19:06:36,728.54,2,21,3
14058,2023-11-07 02:21:21,9597.50,2,1,6
14059,2025-04-19 15:48:00,4556.30,1,15,2
14060,2025-01-01 01:42:15,17614.90,1,25,3
14061,2025-01-12 08:46:44,4301.64,1,25,2
14062,2023-08-20 18:05:55,15887.67,3,2,3
14063,2023-11-25 20:55:15,823.02,1,20,2
14064,2025-04-12 10:02:36,14946.92,2,11,2
14065,2025-02-19 18:35:56,6549.14,1,10,4
14066,2023-06-12 06:24:44,5685.52,4,3,2
14067,2024-05-27 21:50:32,5716.80,1,15,2
14068,2024-06-06 08:08:28,271.40,2,6,2
14069,2024-11-09 12:27:41,9540.60,5,24,4
14070,2023-12-01 14:51:45,15454.96,5,19,2
14071,2024-05-19 06:26:42,10345.75,4,8,2
14072,2025-02-01 23:08:54,18542.20,1,20,5
14073,2024-05-04 15:02:49,4753.15,1,5,2
14074,2023-10-04 16:56:40,914.28,3,12,2
14075,2023-07-18 12:04:50,3675.15,4,13,2
14076,2023-12-25 05:48:49,2701.22,3,7,2
14077,2023-09-27 06:50:58,10049.78,5,19,2
14078,2025-05-06 13:21:26,3020.05,3,17,2
14079,2024-03-14 06:48:39,15767.88,4,18,2
14080,2023-07-26 00:25:56,20059.50,4,13,2
14081,2025-04-22 14:44:33,4567.85,2,21,7
14082,2024-10-04 20:14:10,5352.84,4,23,12
14083,2023-11-10 12:54:08,13421.84,1,20,2
14084,2024-09-22 23:01:47,13928.39,4,18,2
14085,2023-12-26 04:45:59,10606.66,1,5,2
14086,2024-06-04 04:10:58,16302.37,3,12,6
14087,2025-04-12 19:28:45,13978.54,4,13,2
14088,2024-07-05 12:57:39,844.84,1,15,5
14089,2023-07-14 11:48:02,4499.21,2,1,6
14090,2023-10-01 17:12:44,11627.06,5,9,2
14091,2025-02-14 15:09:59,16725.71,5,9,4
14092,2024-04-18 03:14:37,13095.57,2,21,2
14093,2023-11-08 10:51:03,15156.33,5,14,3
14094,2025-02-16 07:13:22,655.31,4,13,2
14095,2023-07-13 00:39:14,12831.64,4,23,2
14096,2023-11-10 06:19:10,14428.55,5,24,2
14097,2024-02-07 22:25:20,9556.48,1,10,2
14098,2023-09-18 20:52:42,2587.89,1,25,666
14099,2025-04-13 03:06:28,8674.25,3,2,3
14100,2023-12-02 09:23:30,9242.32,1,5,2
14101,2023-07-05 15:25:36,10941.64,5,19,2
14102,2023-11-24 13:56:28,3451.82,1,15,2
14103,2024-10-28 23:45:50,4006.35,2,1,2
14104,2024-07-29 11:30:58,10414.58,3,17,2
14105,2023-07-09 10:01:35,1893.59,1,10,2
14106,2025-03-23 18:07:08,5532.62,3,12,2
14107,2025-02-23 07:54:05,4495.88,1,5,2
14108,2024-11-18 08:49:58,7143.13,3,22,3
14109,2024-05-29 15:59:13,5198.48,5,19,9
14110,2023-06-08 00:55:47,2220.23,3,12,2
14111,2024-01-02 09:06:12,2900.85,3,22,2
14112,2024-03-27 02:57:53,558.83,1,25,2
14113,2023-09-13 04:46:43,15820.18,2,21,3
14114,2024-12-07 01:43:29,3187.55,3,7,2
14115,2023-07-05 09:01:42,7265.38,5,4,5
14116,2024-09-27 01:30:19,9020.52,3,7,7
14117,2025-02-13 23:56:19,4534.07,3,12,3
14118,2024-09-30 02:59:39,9209.60,4,3,2
14119,2024-09-03 00:07:22,10726.76,3,2,6
14120,2025-01-11 19:33:33,9431.00,5,19,2
14121,2023-10-27 19:00:26,664.61,4,3,3
14122,2023-07-29 05:58:15,16598.53,1,25,2
14123,2023-11-07 12:15:47,13560.63,3,22,7
14124,2024-01-21 01:45:04,11961.21,1,15,2
14125,2024-06-06 07:03:38,2709.31,3,12,6
14126,2023-11-17 15:39:41,14464.57,2,6,2
14127,2024-06-12 19:56:25,10413.33,5,4,2
14128,2025-04-13 05:25:51,9763.30,4,8,2
14129,2024-01-02 02:45:56,12199.02,1,25,2
14130,2023-07-21 08:10:18,15132.15,5,9,4
14131,2023-07-09 01:18:43,3424.28,4,23,2
14132,2024-11-27 22:50:14,4587.35,1,25,2
14133,2023-12-18 10:13:13,837.95,5,4,3
14134,2023-12-12 08:25:41,15378.92,1,10,2
14135,2024-04-30 15:20:21,2193.24,1,5,60
14136,2024-12-12 19:35:47,3753.40,5,14,11
14137,2024-01-29 10:47:32,17818.52,5,9,2
14138,2025-02-15 13:20:20,1817.91,2,16,2
14139,2024-06-04 11:51:10,17102.13,3,7,2
14140,2025-01-06 01:43:19,15718.20,5,14,2
14141,2024-09-11 19:25:11,10552.60,1,20,2
14142,2025-04-23 19:27:49,7315.15,1,5,4
14143,2024-06-08 14:29:50,3829.72,3,22,2
14144,2024-05-11 15:26:28,8549.73,5,24,3
14145,2023-12-17 17:53:10,12410.11,1,20,2
14146,2024-10-23 05:34:53,13973.40,5,19,4
14147,2023-06-24 01:20:24,667.36,1,15,3
14148,2023-07-07 18:50:00,10440.36,5,24,2
14149,2023-12-10 11:50:49,7043.01,2,16,2
14150,2023-06-21 04:10:36,16383.09,1,25,2
14151,2023-12-26 00:34:49,3123.34,4,3,6
14152,2024-12-13 18:47:22,1552.51,2,16,2
14153,2025-02-26 02:52:32,3241.20,2,1,2
14154,2024-09-02 13:54:58,18009.73,4,18,2
14155,2024-03-18 08:11:24,15083.25,1,15,2
14156,2025-02-24 10:45:35,4590.46,1,10,2
14157,2023-11-21 08:20:21,9464.19,1,15,2
14158,2024-03-30 17:12:06,9762.32,5,4,4
14159,2024-07-08 15:25:56,8998.59,2,11,9
14160,2024-01-27 21:28:40,15167.20,1,25,2
14161,2024-02-27 05:24:30,8763.72,1,25,2
14162,2023-10-08 09:55:01,2450.82,3,22,2
14163,2024-08-06 10:23:42,3537.68,4,3,2
14164,2023-06-11 10:48:05,11905.31,1,5,2
14165,2024-09-17 12:07:06,13336.56,3,7,2
14166,2025-04-06 01:29:36,8057.83,1,5,2
14167,2024-09-09 23:00:34,13617.21,1,15,2
14168,2024-08-27 20:00:29,846.50,3,17,2
14169,2024-10-31 01:23:10,16714.23,5,9,2
14170,2023-07-04 22:36:28,2568.12,5,14,2
14171,2025-01-02 16:06:17,3729.75,2,21,3
14172,2024-12-18 22:58:20,6826.54,2,11,2
14173,2024-01-27 02:06:56,11113.22,2,1,2
14174,2024-04-30 15:14:49,3553.24,4,8,2
14175,2023-10-21 00:44:37,6580.12,4,3,3
14176,2024-01-10 11:21:34,1195.95,5,19,2
14177,2024-05-26 16:34:25,26734.93,5,9,2
14178,2025-01-20 07:18:22,5147.14,5,19,2
14179,2023-12-11 16:26:00,10844.46,4,8,2
14180,2024-06-23 10:36:58,10543.88,5,9,4
14181,2024-01-31 07:32:08,11291.71,5,19,2
14182,2023-08-05 06:10:08,4312.56,1,15,9
14183,2023-11-13 23:52:39,4300.06,4,23,2
14184,2025-01-29 18:03:05,8707.62,1,20,2
14185,2024-04-29 01:33:22,11007.25,4,13,2
14186,2024-02-13 04:03:46,8222.72,5,9,2
14187,2024-08-12 01:49:18,13221.59,5,4,9
14188,2024-08-15 04:53:39,9285.79,2,16,2
14189,2024-06-09 04:54:54,3046.59,4,23,8
14190,2024-12-25 03:52:17,4843.09,4,23,3
14191,2024-06-27 20:44:48,6117.77,3,2,2
14192,2024-02-19 15:39:38,3155.69,5,9,4
14193,2025-03-30 03:51:28,6143.47,3,17,8
14194,2025-04-05 07:53:18,15818.61,3,17,2
14195,2024-02-24 15:49:08,13316.52,4,3,3
14196,2025-03-30 20:36:11,2872.29,5,14,2
14197,2023-07-22 09:16:02,5598.76,3,2,2
14198,2025-01-13 10:56:47,15114.30,3,12,4
14199,2024-11-23 11:03:45,5304.30,5,4,3
14200,2025-03-26 10:37:28,15649.74,5,19,2
14201,2024-06-30 18:16:24,6359.07,5,24,2
14202,2024-12-31 17:00:49,12890.03,4,13,2
14203,2024-04-22 18:35:22,457.50,1,20,2
14204,2025-02-17 23:07:19,9723.22,3,2,2
14205,2024-01-17 15:48:25,50.60,4,3,2
14206,2023-11-28 00:20:08,6555.91,4,3,2
14207,2024-03-11 22:23:24,7421.45,5,14,2
14208,2024-09-07 18:26:12,13271.28,2,6,3
14209,2025-02-26 20:25:23,19812.98,1,5,2
14210,2024-10-05 07:56:44,11328.83,3,17,3
14211,2023-11-21 18:02:29,8337.16,2,21,6
14212,2024-08-07 06:56:17,12783.95,1,15,2
14213,2024-04-28 11:23:13,15983.62,5,19,4
14214,2024-07-28 19:09:44,454.23,4,13,3
14215,2023-10-19 06:42:26,10472.87,2,16,7
14216,2025-03-17 06:14:41,3608.73,3,7,2
14217,2025-03-13 04:30:14,8643.77,1,25,4
14218,2025-03-02 10:25:35,18154.37,4,3,9
14219,2023-08-13 19:38:22,9769.57,3,12,3
14220,2024-12-14 22:50:56,7500.45,4,18,2
14221,2023-12-16 22:18:15,465.60,3,17,12
14222,2024-08-10 08:02:14,1512.98,2,1,2
14223,2025-04-08 05:03:33,6395.52,2,1,2
14224,2023-07-15 20:17:27,12400.71,2,6,2
14225,2025-02-06 09:57:52,3605.43,2,6,2
14226,2024-03-28 11:01:08,6862.54,1,15,3
14227,2023-06-19 21:58:52,3092.02,3,22,63
14228,2024-01-05 21:18:37,735.80,2,6,2
14229,2023-12-24 23:45:59,6171.22,3,17,2
14230,2024-02-14 11:19:50,2656.62,1,15,49
14231,2023-09-28 10:08:32,14317.78,3,7,2
14232,2023-08-02 04:46:24,15355.07,2,1,2
14233,2024-01-03 17:23:45,7383.62,1,15,4
14234,2025-03-26 18:09:32,1485.68,5,19,2
14235,2023-10-28 04:03:14,14554.10,4,23,2
14236,2024-06-18 02:12:39,6456.51,4,18,12
14237,2023-06-16 20:46:50,3902.99,4,13,3
14238,2025-01-08 03:54:16,17951.88,3,7,2
14239,2025-01-10 21:03:16,6789.28,2,11,11
14240,2023-11-30 08:37:36,7241.23,1,20,2
14241,2024-05-05 04:12:05,3911.93,3,7,2
14242,2023-09-30 17:40:42,16455.30,1,25,2
14243,2023-06-30 17:57:18,19825.52,2,11,2
14244,2025-01-28 13:24:10,7469.79,1,15,2
14245,2025-05-12 20:42:56,12144.84,1,15,5
14246,2024-05-17 23:13:13,3517.32,4,18,2
14247,2024-12-11 16:53:20,6004.15,5,19,2
14248,2025-03-14 14:26:30,7065.96,4,18,3
14249,2023-07-08 19:21:03,6411.01,2,21,4
14250,2023-11-22 12:02:13,6045.47,5,9,4
14251,2023-08-24 18:28:43,10597.43,2,21,7
14252,2025-04-24 02:51:18,2422.84,3,7,2
14253,2025-03-27 03:35:06,7658.50,3,2,2
14254,2025-05-11 13:02:32,8922.10,3,22,2
14255,2024-02-11 03:50:30,4473.10,1,10,2
14256,2024-12-04 07:40:21,731.08,2,6,2
14257,2025-02-26 23:13:51,12817.26,4,8,2
14258,2024-03-23 18:12:14,15040.44,4,18,2
14259,2023-09-26 10:26:10,147.16,1,25,2
14260,2023-08-25 19:42:25,7984.29,4,13,18
14261,2024-08-04 10:23:09,5012.20,4,8,5
14262,2025-05-19 23:02:44,5948.61,5,4,9
14263,2024-06-16 09:37:27,4452.86,1,25,2
14264,2024-07-20 07:45:07,4662.73,2,11,2
14265,2024-04-04 18:24:13,7077.51,2,6,2
14266,2023-08-12 13:58:28,9097.22,1,10,6
14267,2024-09-29 18:39:07,13770.42,5,4,3
14268,2025-05-07 19:42:32,3581.13,4,13,2
14269,2024-12-25 14:00:04,1322.90,3,17,2
14270,2024-11-01 04:00:05,13491.55,3,22,2
14271,2024-07-15 05:47:29,506.15,2,21,2
14272,2024-06-05 01:34:39,9487.75,4,18,3
14273,2023-10-26 16:13:19,4081.06,2,11,5
14274,2024-07-07 06:42:17,10148.63,1,20,2
14275,2024-12-09 12:47:13,1743.05,1,10,2
14276,2024-07-29 10:10:25,1899.38,1,25,2
14277,2025-04-16 01:28:46,1354.21,1,20,3
14278,2023-07-23 09:22:19,13857.76,2,1,5
14279,2024-08-26 10:30:49,19016.39,1,15,2
14280,2023-05-23 13:06:10,11836.65,3,2,2
14281,2023-05-30 08:37:40,17330.55,2,11,2
14282,2023-10-30 00:02:16,2149.39,2,11,2
14283,2025-01-27 00:23:19,14480.89,1,20,7
14284,2023-10-21 05:10:24,13978.71,3,22,2
14285,2024-04-16 23:35:33,9163.15,1,10,2
14286,2024-02-17 23:25:03,15520.95,5,24,2
14287,2024-02-10 02:25:56,935.84,2,6,2
14288,2024-05-05 13:32:58,6387.06,5,24,2
14289,2023-10-23 21:49:33,1141.49,3,17,7
14290,2023-08-18 02:21:24,6438.45,2,6,2
14291,2024-03-22 11:06:16,16794.32,5,9,2
14292,2024-03-01 01:30:04,2899.29,2,11,2
14293,2025-04-19 06:58:04,11803.58,2,1,3
14294,2024-11-19 03:23:10,6861.62,4,3,3
14295,2024-12-29 13:36:28,4738.85,2,21,2
14296,2024-05-02 11:03:06,8145.36,1,25,4
14297,2024-09-02 07:22:04,5495.02,1,20,5
14298,2023-07-18 14:18:58,6946.13,3,22,3
14299,2024-09-30 16:14:00,2907.26,5,9,2
14300,2024-05-06 00:16:46,2193.24,3,17,3
14301,2023-10-16 04:18:15,4779.91,1,15,2
14302,2025-01-29 14:36:54,7313.09,4,18,2
14303,2024-06-21 05:42:01,9931.21,4,3,3
14304,2024-08-31 12:58:53,14234.13,4,23,2
14305,2024-02-02 23:31:27,222.54,1,25,11
14306,2023-09-10 16:22:16,4825.53,4,8,3
14307,2023-09-16 21:20:30,6754.44,3,7,2
14308,2023-06-12 16:27:59,18926.17,3,2,3
14309,2025-01-17 02:59:45,5717.73,5,9,2
14310,2023-08-27 12:53:59,7568.96,5,14,2
14311,2023-10-17 21:40:53,16598.47,4,13,2
14312,2024-10-05 06:54:53,1923.69,5,19,2
14313,2023-07-29 01:41:00,3004.68,2,16,2
14314,2025-03-29 10:43:25,13884.76,4,8,2
14315,2024-01-04 08:22:39,17719.75,2,16,2
14316,2024-04-06 14:31:12,11864.05,5,9,2
14317,2024-11-30 16:02:35,4730.95,3,17,2
14318,2024-01-12 06:42:08,10945.43,5,19,2
14319,2023-07-23 12:03:52,5742.75,4,13,2
14320,2025-01-22 00:11:27,7119.50,4,13,2
14321,2023-08-29 00:36:33,5042.81,4,13,2
14322,2024-01-11 21:49:48,13894.25,3,7,3
14323,2024-10-14 19:07:33,1734.99,2,11,2
14324,2023-06-07 22:45:12,14161.28,2,6,5
14325,2023-07-19 08:06:35,20135.39,2,21,2
14326,2023-11-18 14:16:24,15804.78,5,19,4
14327,2025-03-21 16:58:30,10294.91,4,8,3
14328,2025-01-06 10:01:04,10965.76,5,4,2
14329,2024-09-02 05:14:26,6482.19,2,6,12
14330,2025-02-12 16:21:00,6920.88,3,22,2
14331,2024-10-18 15:37:14,13288.30,5,19,2
14332,2024-05-15 05:49:31,15219.30,3,22,2
14333,2025-05-14 05:27:38,16281.15,2,21,11
14334,2023-06-15 00:05:39,8771.59,2,11,2
14335,2025-04-22 22:33:21,5029.43,1,20,2
14336,2024-10-17 22:38:36,5334.88,5,19,4
14337,2023-07-02 06:30:43,9651.21,4,23,6
14338,2023-06-25 02:13:41,10440.07,4,13,8
14339,2024-01-30 03:14:16,16824.46,2,21,2
14340,2024-05-22 02:10:51,2510.77,2,6,3
14341,2024-05-04 08:34:52,183.00,3,17,2
14342,2023-08-21 15:31:43,13125.29,5,24,4
14343,2025-04-14 18:25:16,6101.79,4,8,2
14344,2023-11-03 09:04:03,4846.89,2,1,2
14345,2024-05-19 07:17:25,6632.43,2,1,5
14346,2025-04-24 14:07:25,20057.40,2,16,4
14347,2024-12-27 06:45:35,6484.35,5,24,2
14348,2024-11-23 23:59:25,11842.97,4,8,2
14349,2024-12-10 07:21:40,2570.22,4,8,2
14350,2025-03-01 08:33:15,8219.15,5,19,2
14351,2023-11-13 02:18:08,15804.01,3,12,2
14352,2024-03-23 05:37:59,5623.54,4,8,4
14353,2025-04-19 07:50:44,16391.19,2,21,3
14354,2024-03-16 06:57:18,7766.22,1,5,2
14355,2025-05-14 00:57:41,10837.55,1,10,3
14356,2024-01-06 16:30:50,8167.11,3,17,2
14357,2024-06-24 14:08:26,9478.22,2,16,2
14358,2023-06-03 15:34:10,13119.60,3,22,2
14359,2024-12-20 06:47:04,3549.45,1,15,8
14360,2025-03-12 12:58:49,5443.31,1,5,2
14361,2025-02-08 10:13:53,8568.59,5,4,2
14362,2024-10-30 14:21:15,8819.01,1,25,2
14363,2024-11-08 13:39:03,2132.70,3,12,3
14364,2023-07-30 11:01:30,3249.00,1,15,4
14365,2024-08-31 00:59:53,15389.62,4,13,2
14366,2024-09-19 22:39:32,11703.28,5,4,4
14367,2024-04-27 00:53:47,6334.37,4,3,209
14368,2024-05-05 14:27:34,19435.43,1,25,6
14369,2023-09-19 05:25:00,487.11,1,20,2
14370,2025-02-20 02:52:18,1226.36,1,15,3
14371,2023-11-15 09:13:18,109.86,3,12,3
14372,2024-05-20 06:13:53,2034.96,1,15,3
14373,2024-03-15 18:26:25,8191.00,3,22,7
14374,2024-12-15 21:36:34,13295.51,2,6,2
14375,2025-01-13 02:18:37,115.99,2,1,2
14376,2024-04-19 06:34:09,16497.17,2,11,4
14377,2024-03-17 22:03:29,9241.03,2,16,2
14378,2025-03-12 11:10:47,10707.03,3,2,2
14379,2024-08-10 22:01:49,9149.19,2,11,3
14380,2025-04-15 05:57:37,26752.78,5,14,2
14381,2023-09-07 03:44:33,13088.40,2,21,4
14382,2023-06-15 05:01:34,3790.50,3,17,2
14383,2024-06-15 12:28:33,1008.26,4,18,4
14384,2023-09-01 16:09:10,12612.25,1,10,3
14385,2023-10-27 12:25:36,8891.01,4,18,2
14386,2024-10-07 22:25:09,9551.21,5,19,4
14387,2023-12-22 15:13:29,5278.79,2,21,2
14388,2023-09-03 00:56:10,8234.99,1,20,2
14389,2024-03-17 11:31:59,3266.65,3,22,4
14390,2025-01-03 15:14:19,6204.95,5,24,2
14391,2024-01-25 09:11:21,16527.99,1,10,2
14392,2023-10-31 08:59:16,12953.28,5,9,2
14393,2024-09-14 10:17:37,1069.01,2,1,21
14394,2023-08-12 04:47:56,6186.67,4,13,2
14395,2023-09-09 02:55:17,7641.53,2,11,8
14396,2023-10-29 05:19:06,15048.84,4,13,2
14397,2024-10-10 09:57:51,10037.93,2,16,2
14398,2024-08-13 16:37:23,21007.61,1,10,4
14399,2024-09-09 07:28:35,6483.63,3,2,2
14400,2023-09-17 10:23:44,8069.50,1,5,2
14401,2023-05-29 22:29:12,9006.63,4,23,2
14402,2023-08-07 02:19:25,11152.98,3,22,2
14403,2024-12-21 18:07:32,17377.09,4,23,2
14404,2024-04-11 19:37:10,18561.14,5,19,2
14405,2025-03-19 21:41:41,9771.33,1,20,2
14406,2023-12-12 09:58:34,12061.68,2,21,3
14407,2023-11-23 08:32:10,5471.99,4,23,3
14408,2024-04-30 13:51:17,2195.88,3,2,4
14409,2024-01-14 06:14:32,4771.34,5,9,2
14410,2024-11-16 20:06:17,2123.97,1,15,3
14411,2024-10-16 01:03:15,1832.79,4,3,14
14412,2025-01-22 00:00:35,710.14,1,5,2
14413,2023-10-08 19:10:29,5828.09,5,14,2
14414,2024-05-25 12:37:39,8816.01,2,1,3
14415,2024-10-04 06:51:49,1725.16,1,15,3
14416,2024-02-03 15:17:28,10210.40,5,4,2
14417,2024-02-17 00:08:46,6271.28,1,10,2
14418,2023-11-14 03:30:43,14000.89,4,23,2
14419,2023-06-28 04:41:19,1131.93,3,22,6
14420,2025-04-29 10:44:16,995.17,2,11,3
14421,2024-12-11 14:19:32,213.40,1,25,6
14422,2024-07-23 06:41:50,9340.89,3,17,2
14423,2023-07-23 06:32:13,2831.24,4,3,2
14424,2023-11-09 20:38:35,4932.22,4,13,2
14425,2024-04-27 06:23:30,11283.25,2,1,2
14426,2024-05-08 08:09:21,7429.45,2,16,2
14427,2023-09-22 10:31:42,5093.92,5,4,2
14428,2023-12-11 18:29:33,16834.18,1,15,2
14429,2023-12-12 21:50:07,1586.24,4,23,2
14430,2025-01-14 07:13:23,5086.10,5,24,2
14431,2024-07-19 19:05:42,13102.33,5,4,4
14432,2023-11-09 12:16:40,844.44,4,13,2
14433,2024-05-27 00:11:05,5589.12,1,5,5
14434,2023-09-10 12:34:41,7040.29,3,7,2
14435,2023-11-18 06:53:44,5228.54,1,20,4
14436,2024-04-27 11:20:29,7298.63,1,25,3
14437,2024-03-17 13:38:56,6214.35,2,16,3
14438,2025-04-05 09:03:18,16852.26,3,22,2
14439,2023-12-03 06:11:25,48.60,5,9,3
14440,2024-07-28 19:22:32,6627.51,2,11,2
14441,2024-04-10 11:35:52,10049.35,3,22,2
14442,2025-05-21 03:58:29,8415.89,2,11,3
14443,2024-03-27 15:19:10,4384.95,4,18,2
14444,2025-03-12 03:59:40,12327.46,5,9,26
14445,2025-02-24 07:49:57,11302.16,2,16,3
14446,2023-09-18 12:47:32,10571.90,2,6,4
14447,2024-05-21 06:56:56,6671.32,4,18,3
14448,2023-06-15 17:26:18,801.56,1,25,2
14449,2023-07-13 10:25:08,6690.46,2,21,8
14450,2024-04-07 08:04:45,8757.66,3,2,2
14451,2024-08-15 19:12:41,6270.69,5,24,8
14452,2023-06-25 16:01:01,5394.80,4,23,7
14453,2024-07-18 00:34:40,4799.89,2,21,2
14454,2023-06-19 20:21:43,958.73,5,19,2
14455,2023-08-11 07:57:29,13998.27,1,25,2
14456,2023-08-09 11:35:30,3481.81,4,3,3
14457,2024-01-07 10:41:48,5064.86,3,2,2
14458,2024-01-28 01:25:17,9402.50,5,4,4
14459,2025-04-03 19:07:41,15327.27,3,2,3
14460,2025-05-07 15:20:29,5512.62,5,24,2
14461,2023-06-07 03:19:54,11588.18,1,5,4
14462,2025-02-13 11:13:50,11544.94,5,4,3
14463,2024-11-22 20:30:33,8479.92,3,2,2
14464,2025-01-23 20:49:44,14787.16,2,6,28
14465,2024-01-19 01:58:58,4897.13,2,16,2
14466,2023-07-24 05:17:13,6438.72,1,25,2
14467,2023-12-05 11:25:06,11299.08,1,10,2
14468,2024-01-24 20:56:16,4722.92,5,14,2
14469,2024-02-06 18:31:11,1362.69,1,25,2
14470,2024-03-21 14:20:23,1817.13,3,7,4
14471,2025-05-04 23:27:19,9092.51,3,12,2
14472,2025-03-17 05:55:40,5238.23,1,20,4
14473,2024-11-08 05:37:41,12073.33,4,3,3
14474,2025-04-12 14:13:30,4841.19,3,17,7
14475,2023-10-24 17:22:35,3660.00,2,1,2
14476,2023-08-05 21:42:23,698.70,1,25,2
14477,2025-02-24 00:18:28,216.56,2,16,2
14478,2024-09-21 14:20:47,14302.87,3,7,2
14479,2023-09-09 13:04:57,3647.10,2,21,2
14480,2023-06-08 04:22:17,11978.07,3,2,3
14481,2024-01-12 21:41:23,7471.87,2,6,2
14482,2023-08-28 05:28:12,13866.89,5,14,4
14483,2025-02-05 18:08:02,4953.17,5,4,2
14484,2025-01-30 01:12:53,5957.30,1,10,2
14485,2024-01-14 18:00:51,11689.18,5,24,3
14486,2024-12-17 21:36:28,13713.52,2,21,2
14487,2023-06-26 23:45:10,5785.13,3,17,2
14488,2024-04-05 17:05:52,7171.84,5,14,3
14489,2025-01-14 05:23:57,7550.09,3,7,3
14490,2024-09-05 14:51:54,15198.58,1,25,2
14491,2023-11-30 06:37:21,8082.65,3,2,2
14492,2024-08-21 00:37:14,754.08,1,10,3
14493,2025-03-17 04:58:09,469.29,5,14,5
14494,2024-11-04 13:44:20,7810.41,1,20,2
14495,2023-08-19 01:27:17,3708.87,3,2,2
14496,2024-04-05 20:19:50,9925.98,5,14,2
14497,2023-05-30 09:10:34,13278.39,3,22,2
14498,2023-07-21 11:18:44,9982.67,3,17,7
14499,2024-07-15 16:17:48,1362.69,4,18,2
14500,2024-09-16 00:45:32,18652.85,1,10,3
14501,2024-06-25 18:02:53,8058.94,3,22,2
14502,2024-10-21 11:52:59,14663.45,1,15,2
14503,2024-08-20 12:05:03,23162.22,3,12,5
14504,2024-04-28 13:25:48,13843.43,4,3,2
14505,2024-04-03 22:08:50,9515.09,3,7,3
14506,2024-03-23 15:15:19,6908.92,2,6,2
14507,2023-12-27 22:16:42,13374.14,5,14,2
14508,2024-04-10 04:30:14,9373.84,1,25,3
14509,2024-01-31 08:23:06,12591.56,5,4,9
14510,2024-10-16 04:05:42,3224.08,5,19,2
14511,2024-11-11 21:56:24,10675.97,3,22,2
14512,2024-10-09 12:56:45,12381.10,1,25,3
14513,2023-07-22 19:34:12,433.12,2,21,2
14514,2025-02-01 12:22:54,4908.52,4,13,3
14515,2023-12-18 12:46:35,1363.76,4,18,2
14516,2024-12-30 12:23:29,1099.30,5,24,3
14517,2024-11-01 01:10:10,11512.08,5,19,3
14518,2024-02-02 05:59:48,12631.51,1,10,2
14519,2024-07-21 15:37:01,6091.21,3,7,2
14520,2023-05-30 04:59:02,11590.44,5,4,12
14521,2025-05-10 08:34:12,698.70,5,19,2
14522,2025-02-04 06:16:33,5457.94,4,23,2
14523,2024-12-02 21:06:17,10392.28,5,9,2
14524,2023-06-17 04:05:25,7924.18,3,12,2
14525,2024-01-24 12:43:45,1022.57,3,12,4
14526,2024-07-01 04:44:06,15700.67,5,24,11
14527,2024-12-18 04:56:42,8033.98,1,10,2
14528,2025-02-06 13:23:58,338.60,1,10,2
14529,2025-01-17 04:42:33,1904.71,5,14,2
14530,2024-02-03 15:01:22,5496.71,4,3,2
14531,2024-10-11 09:00:23,16132.37,2,1,2
14532,2023-11-05 20:58:36,4814.64,4,18,2
14533,2025-03-20 19:14:34,15336.81,3,7,5
14534,2024-06-02 20:03:49,18077.05,2,1,4
14535,2024-09-28 03:17:29,5180.66,5,19,2
14536,2024-07-15 10:04:37,3246.06,5,14,2
14537,2024-01-03 21:56:27,8887.56,1,15,2
14538,2025-01-04 06:48:28,14428.76,5,19,2
14539,2025-03-13 22:30:42,667.36,2,21,2
14540,2024-12-16 07:42:02,15728.89,2,16,2
14541,2023-07-10 04:42:15,9915.36,1,20,2
14542,2024-07-25 11:37:08,6840.54,5,4,3
14543,2024-01-09 20:47:48,14064.33,5,9,2
14544,2024-11-15 21:36:02,3159.28,2,21,2
14545,2025-01-07 15:57:06,9334.06,1,10,2
14546,2024-02-14 14:16:46,7220.39,5,24,2
14547,2023-11-05 03:37:28,183.00,2,11,2
14548,2023-08-27 16:43:30,6611.68,4,8,2
14549,2025-01-23 20:31:37,6753.33,4,23,3
14550,2024-11-21 21:58:15,10325.04,1,10,7
14551,2024-01-12 18:37:14,516.59,5,19,2
14552,2023-09-06 17:26:21,11031.08,5,24,5
14553,2025-05-12 04:59:41,7696.79,2,21,2
14554,2023-12-25 01:22:05,5962.71,5,9,2
14555,2025-04-20 04:21:10,1164.00,1,25,2
14556,2024-05-04 00:08:40,15247.85,2,1,2
14557,2024-03-30 20:03:14,17955.38,2,16,3
14558,2023-06-14 13:37:24,10464.85,5,24,3
14559,2024-05-03 03:06:56,7371.15,4,18,2
14560,2024-04-06 12:58:49,14896.58,4,18,3
14561,2024-09-28 12:58:11,9363.00,2,16,257
14562,2023-10-29 13:12:04,3655.40,4,23,2
14563,2023-06-18 04:50:55,13431.30,5,4,42
14564,2024-11-30 01:29:29,6045.81,4,13,2
14565,2023-12-15 12:12:04,14269.20,3,2,17
14566,2024-09-14 13:44:01,1961.18,2,11,4
14567,2024-12-17 14:53:11,1979.96,2,16,2
14568,2024-08-16 15:51:55,628.32,2,21,2
14569,2024-09-03 17:04:55,10680.67,3,7,2
14570,2024-12-20 02:33:13,13625.83,2,1,2
14571,2024-09-26 12:55:01,9479.67,4,23,2
14572,2023-09-16 07:29:34,12284.19,1,20,2
14573,2023-06-17 16:14:43,11255.94,4,8,3
14574,2025-02-20 00:12:16,2098.67,3,2,2
14575,2025-01-09 09:02:11,17096.32,2,11,2
14576,2023-05-23 13:03:54,18415.91,3,12,2
14577,2025-02-19 01:40:07,9325.80,2,1,2
14578,2025-04-25 09:25:49,7081.99,5,19,3
14579,2023-07-27 11:06:19,7354.21,3,22,3
14580,2023-07-30 01:29:10,3224.50,1,15,2
14581,2024-11-14 12:32:36,1600.96,2,11,2
14582,2024-10-30 06:37:45,14907.84,1,10,137
14583,2024-08-01 06:01:39,14687.54,2,6,10
14584,2024-11-30 08:16:16,2542.30,1,20,2
14585,2023-11-15 02:29:13,9142.13,1,25,2
14586,2025-04-22 15:44:59,8796.29,1,5,3
14587,2025-02-03 00:12:23,5047.92,5,14,3
14588,2025-04-30 23:16:19,19317.15,1,15,3
14589,2024-10-29 20:31:08,465.80,4,13,2
14590,2024-05-03 03:05:07,10364.44,2,1,3
14591,2025-01-10 19:27:26,1387.66,4,8,2
14592,2024-03-29 17:27:34,15676.52,2,1,3
14593,2024-01-04 23:50:08,2954.92,2,21,2
14594,2023-05-26 03:55:16,3194.80,5,14,2
14595,2025-03-15 05:15:09,12661.22,3,17,7
14596,2023-10-09 20:28:47,14398.08,1,15,3
14597,2023-08-26 19:09:25,3694.54,5,9,4
14598,2024-01-25 01:42:51,12035.99,2,1,4
14599,2025-02-03 09:53:49,8489.12,2,11,2
14600,2025-01-23 04:38:44,3045.63,5,19,6
14601,2024-12-25 23:42:43,6393.23,2,16,2
14602,2025-04-10 22:58:20,11655.55,1,5,3
14603,2025-01-21 10:54:34,14031.01,1,25,2
14604,2024-07-27 20:40:27,13806.48,2,16,2
14605,2023-07-30 02:11:18,147.16,3,17,2
14606,2023-07-31 23:22:58,2508.34,1,20,34
14607,2025-03-15 23:11:10,1486.20,1,25,2
14608,2023-12-24 15:42:46,12379.50,2,1,2
14609,2025-05-08 12:04:04,12019.83,5,14,2
14610,2024-04-01 14:35:49,16730.65,3,7,2
14611,2024-02-26 17:26:34,4152.36,3,2,325
14612,2023-11-18 08:19:47,1812.03,5,19,2
14613,2024-11-24 01:43:07,9332.08,1,20,6
14614,2025-01-09 04:52:35,10125.58,5,14,2
14615,2023-06-02 09:14:52,6148.30,1,5,2
14616,2025-04-18 12:50:15,12107.29,4,13,3
14617,2024-01-10 15:57:44,7628.53,2,1,2
14618,2024-06-07 02:49:52,17785.49,3,2,2
14619,2025-03-22 04:18:27,4652.52,4,3,7
14620,2024-05-09 12:12:54,16553.50,1,10,3
14621,2024-03-12 22:17:23,4463.76,1,10,5
14622,2024-08-03 13:26:36,6514.25,3,7,2
14623,2023-11-21 09:37:07,1923.69,5,24,12
14624,2025-04-09 12:30:39,4726.63,2,1,5
14625,2024-11-26 10:22:58,5114.78,3,17,2
14626,2024-02-14 03:24:31,14599.62,5,9,4
14627,2025-01-03 02:29:53,6245.70,3,22,2
14628,2025-04-03 01:39:53,15376.98,5,14,2
14629,2023-08-12 14:42:19,8153.93,1,10,2
14630,2024-06-18 15:18:50,8319.75,2,21,2
14631,2023-09-30 01:11:42,1341.26,5,24,30
14632,2023-10-15 23:08:19,12083.94,3,22,14
14633,2024-11-30 10:08:31,2343.75,3,12,2
14634,2024-05-24 02:14:00,13279.44,3,17,3
14635,2023-12-20 04:08:31,6393.37,5,4,2
14636,2023-06-07 10:55:48,9707.16,3,7,2
14637,2023-06-14 07:11:41,2024.52,4,23,2
14638,2024-12-29 12:12:19,16717.32,2,16,2
14639,2023-12-05 11:08:18,14387.06,1,5,2
14640,2024-05-23 17:02:16,18456.16,1,10,5
14641,2025-03-08 18:38:07,5469.23,1,10,2
14642,2024-02-20 17:45:03,4356.63,5,9,2
14643,2024-08-14 01:57:24,5791.88,2,21,23
14644,2024-08-29 11:29:13,5636.54,1,15,2
14645,2024-01-18 14:04:53,18421.71,3,22,3
14646,2025-05-16 13:30:47,5541.80,1,5,2
14647,2024-01-19 11:53:01,13861.74,2,16,5
14648,2025-01-02 05:07:46,8171.30,1,20,4
14649,2025-05-13 05:51:25,506.15,2,16,2
14650,2024-09-27 19:55:53,9353.64,4,13,2
14651,2024-09-07 14:24:58,12780.51,2,1,2
14652,2025-04-25 04:34:47,11853.25,1,20,2
14653,2024-04-14 22:42:41,17478.84,2,11,2
14654,2024-04-12 19:29:10,10264.02,3,7,2
14655,2024-09-01 01:38:45,2615.65,3,12,2
14656,2023-08-29 02:02:46,12094.46,3,7,2
14657,2024-03-25 12:07:18,4159.42,5,14,2
14658,2023-11-25 00:11:30,10507.25,3,7,2
14659,2024-07-12 07:48:16,5563.00,4,3,11
14660,2025-05-12 13:04:26,8728.32,4,8,3
14661,2023-10-01 23:58:58,13392.69,3,22,2
14662,2025-05-18 03:53:20,15575.19,4,13,2
14663,2025-02-10 00:26:41,6726.48,5,14,2
14664,2023-09-05 05:44:24,16603.95,1,5,3
14665,2025-03-04 04:25:20,465.80,5,24,2
14666,2024-04-20 03:59:41,11249.36,1,5,2
14667,2023-12-03 21:44:15,9595.00,1,25,2
14668,2024-01-31 19:22:03,10203.33,2,11,3
14669,2024-02-28 21:19:16,6618.90,3,7,3
14670,2023-09-27 18:19:10,7935.42,3,7,2
14671,2023-05-28 20:06:10,5538.81,5,9,2
14672,2024-05-15 13:44:11,12430.06,1,10,2
14673,2024-06-01 02:01:05,6171.84,5,19,2
14674,2024-12-27 07:20:17,5331.01,2,1,2
14675,2024-10-16 01:13:52,11757.13,1,5,2
14676,2024-06-22 02:07:13,9989.71,4,23,2
14677,2023-06-29 06:24:39,7825.27,5,4,8
14678,2024-12-02 03:17:35,13724.26,2,16,2
14679,2024-06-08 22:35:58,5373.02,2,16,2
14680,2024-07-09 03:24:14,10232.75,5,4,2
14681,2023-12-22 15:30:41,5274.58,2,1,2
14682,2023-06-28 15:19:02,1543.33,4,8,2
14683,2024-01-31 23:35:50,3583.29,2,11,2
14684,2024-03-01 20:47:58,4822.70,3,17,2
14685,2023-09-07 01:02:24,8901.58,5,24,6
14686,2023-09-28 07:34:08,22482.87,4,18,2
14687,2024-10-30 17:05:46,21951.15,3,7,4
14688,2024-04-16 03:47:56,1267.22,4,3,2
14689,2024-01-05 18:20:15,2493.88,5,19,3
14690,2024-02-02 21:20:20,19067.01,1,20,2
14691,2025-03-05 06:37:16,4237.01,2,11,3
14692,2025-02-04 15:08:56,7940.63,2,21,2
14693,2023-06-19 00:30:28,3077.40,4,18,2
14694,2023-11-05 21:23:13,5587.28,2,16,3
14695,2023-12-31 03:09:51,451.15,2,6,2
14696,2024-06-14 05:19:50,22707.94,2,11,2
14697,2023-07-12 21:35:07,10412.82,5,9,22
14698,2024-11-08 17:45:31,2392.16,5,9,2
14699,2024-06-05 14:41:00,5281.57,2,11,2
14700,2024-02-19 00:00:53,10573.80,2,6,4
14701,2023-08-21 01:33:51,9633.95,2,11,2
14702,2024-06-06 02:59:38,5118.29,3,12,2
14703,2024-01-25 14:31:03,3729.50,5,19,2
14704,2023-08-06 12:27:12,4851.12,1,25,2
14705,2023-11-15 06:12:57,8349.71,2,11,2
14706,2023-11-05 01:42:21,14345.67,1,10,2
14707,2024-02-11 01:41:36,15704.98,4,13,3
14708,2024-01-19 22:15:05,6990.42,5,19,6
14709,2023-12-17 00:15:56,17618.42,4,8,6
14710,2024-11-03 17:10:52,16682.71,3,2,2
14711,2024-05-14 16:46:06,8816.92,5,14,3
14712,2023-11-05 16:43:34,811.85,5,19,2
14713,2023-12-18 11:40:41,11374.20,1,20,2
14714,2023-11-01 12:01:13,6432.96,5,14,2
14715,2024-12-17 14:10:09,2475.16,3,22,4
14716,2025-02-22 01:11:55,11850.93,5,4,2
14717,2025-01-04 18:47:22,8188.61,1,25,3
14718,2024-07-30 20:08:53,18522.56,3,17,2
14719,2024-11-16 22:44:25,6941.69,1,15,2
14720,2025-01-20 22:13:36,22950.24,4,8,2
14721,2024-01-26 22:43:35,16152.84,1,20,5
14722,2024-08-24 17:20:36,6735.54,1,5,2
14723,2024-01-03 08:42:15,5436.51,3,12,2
14724,2024-02-05 04:46:45,4030.10,4,13,12
14725,2025-03-04 08:30:28,12004.67,4,3,4
14726,2024-07-24 18:07:46,7413.24,2,11,5
14727,2023-11-05 22:14:39,2965.90,2,1,4
14728,2023-08-31 22:43:05,17893.20,3,2,23
14729,2024-12-01 00:18:27,2851.90,2,11,2
14730,2024-03-14 20:22:48,19203.81,1,5,3
14731,2023-08-04 03:31:08,6557.64,3,12,2
14732,2024-10-15 01:11:48,18489.73,3,2,2
14733,2024-02-18 07:24:46,5678.23,3,12,2
14734,2023-07-07 17:21:36,10111.39,5,24,4
14735,2025-01-26 11:42:14,8577.93,5,9,3
14736,2023-06-29 08:21:22,6347.48,2,11,2
14737,2023-06-24 22:47:23,11918.01,3,7,7
14738,2023-08-12 10:32:55,5100.68,2,6,2
14739,2025-04-12 19:57:10,4680.32,4,13,2
14740,2023-10-26 21:19:06,1156.66,4,3,2
14741,2025-04-04 06:58:09,10048.50,1,15,2
14742,2025-05-17 20:26:44,9746.27,5,24,2
14743,2023-09-17 04:21:49,11074.77,1,5,2
14744,2024-08-27 09:28:34,5159.72,4,3,2
14745,2023-06-13 05:03:39,12468.12,5,19,2
14746,2025-05-14 17:30:05,384.71,5,9,2
14747,2023-12-12 06:28:21,13475.63,1,5,2
14748,2025-03-24 01:51:17,2993.67,1,15,4
14749,2023-07-22 15:29:22,12865.39,2,16,6
14750,2023-10-05 04:06:59,9541.10,5,24,15
14751,2024-04-12 18:00:16,12388.42,5,4,12
14752,2024-04-12 13:48:44,14929.46,5,19,4
14753,2025-02-10 09:13:30,8883.60,2,16,2
14754,2025-05-15 06:31:41,6796.69,2,1,3
14755,2023-10-19 17:37:23,12285.35,3,2,3
14756,2024-07-04 11:06:28,15691.13,4,13,2
14757,2024-11-13 09:40:11,16345.38,4,3,2
14758,2024-01-29 23:50:13,11579.63,4,23,111
14759,2023-12-12 22:46:10,1399.30,2,21,2
14760,2024-05-26 19:36:10,13647.32,4,8,2
14761,2023-08-16 09:10:13,6059.84,5,19,3
14762,2024-02-04 03:24:28,13412.37,4,23,4
14763,2023-07-03 07:21:57,10062.70,2,21,37
14764,2023-12-27 23:08:20,14457.74,2,6,11
14765,2023-12-06 07:54:58,12207.61,1,10,2
14766,2023-12-27 21:50:55,8672.61,4,13,2
14767,2024-09-26 22:48:32,12098.85,1,25,3
14768,2023-05-27 17:17:39,5640.03,2,16,2
14769,2025-05-01 13:20:29,9742.84,5,19,2
14770,2023-09-19 12:41:39,13473.10,4,8,3
14771,2024-03-27 03:32:59,8291.90,4,3,54
14772,2024-11-29 14:36:53,10647.13,3,17,3
14773,2024-06-13 15:01:09,9984.12,3,12,2
14774,2025-05-12 16:20:20,7488.05,2,1,2
14775,2024-03-16 14:25:16,15545.01,5,14,3
14776,2025-05-19 11:39:45,14433.80,3,7,2
14777,2024-06-05 11:15:22,751.86,2,6,8
14778,2025-04-24 20:58:48,20042.80,1,5,2
14779,2023-11-27 11:32:53,842.46,5,4,2
14780,2024-11-15 13:57:53,11430.05,3,12,2
14781,2023-08-08 17:00:08,17409.47,2,6,2
14782,2024-04-19 12:02:34,9864.01,1,5,3
14783,2024-11-28 13:32:06,6263.28,2,11,2
14784,2025-05-14 10:13:38,5256.61,3,12,2
14785,2025-03-31 01:13:51,4412.09,2,6,2
14786,2024-09-09 00:50:19,8205.12,4,23,2
14787,2025-04-28 08:00:17,17241.94,1,25,7
14788,2024-03-27 04:44:37,11650.78,4,23,2
14789,2024-09-04 12:16:16,13829.90,4,23,3
14790,2024-03-13 09:51:42,10152.18,3,17,2
14791,2025-04-20 00:03:17,11371.18,5,4,4
14792,2025-02-05 15:19:03,11969.57,2,1,5
14793,2025-01-23 01:37:02,10061.69,3,22,4
14794,2024-03-01 11:20:14,13052.99,4,18,4
14795,2023-08-17 00:34:30,9378.75,4,3,3
14796,2025-04-07 18:25:06,5205.85,1,20,4
14797,2024-02-24 19:10:36,3133.12,5,4,2
14798,2023-08-13 21:22:05,14180.19,1,20,2
14799,2024-02-25 10:40:13,12706.02,5,24,8
14800,2023-09-03 22:55:13,5082.28,3,22,2
14801,2025-04-17 00:06:05,15774.11,4,8,2
14802,2023-08-06 08:20:09,10669.26,3,7,2
14803,2024-11-09 07:34:47,7889.28,3,7,4
14804,2023-12-05 01:17:44,14512.81,1,15,2
14805,2024-06-05 12:04:58,3972.54,3,17,2
14806,2023-05-24 01:49:38,8392.01,4,23,2
14807,2025-05-07 03:09:26,12116.10,3,22,2
14808,2025-01-10 09:27:19,1858.33,3,17,3
14809,2023-11-03 23:15:58,10035.80,3,12,4
14810,2025-01-22 20:10:47,16971.35,5,19,5
14811,2024-04-29 17:16:51,3771.53,3,2,2
14812,2023-09-19 17:22:31,10816.34,5,4,2
14813,2023-06-12 22:48:03,11047.41,2,6,2
14814,2024-06-21 18:35:18,8440.38,2,11,2
14815,2024-06-27 16:43:27,7534.92,4,18,2
14816,2025-01-30 05:16:23,6436.30,2,16,7
14817,2024-09-06 13:56:20,7574.47,2,6,2
14818,2025-03-01 06:34:47,2707.70,1,5,2
14819,2023-12-09 16:16:08,270.69,4,13,2
14820,2025-03-22 18:15:28,6473.63,3,2,11
14821,2023-06-09 18:37:12,7671.97,5,19,9
14822,2024-04-02 17:36:44,10996.45,4,18,2
14823,2023-12-01 07:57:00,12450.89,1,25,2
14824,2025-01-09 20:30:13,13023.52,5,24,8
14825,2023-10-04 04:11:19,8878.16,3,22,2
14826,2023-05-29 08:18:49,14062.41,2,11,2
14827,2025-02-05 00:58:59,2971.36,3,7,2
14828,2024-09-19 11:21:22,3320.28,2,6,3
14829,2025-04-06 08:17:16,4824.25,2,11,2
14830,2024-08-14 22:37:28,12595.38,4,3,12
14831,2023-05-31 17:02:34,16552.28,5,24,2
14832,2023-10-16 18:47:26,3434.45,2,6,2
14833,2023-12-06 05:31:24,4767.65,5,24,2
14834,2025-01-26 08:46:33,8304.15,1,15,2
14835,2023-12-23 06:53:39,9361.08,1,5,4
14836,2023-08-06 23:38:03,2588.44,2,6,2
14837,2023-11-06 23:35:05,12088.77,5,9,4
14838,2024-08-30 19:06:04,8193.06,3,22,3
14839,2024-05-22 10:47:52,2564.92,4,18,5
14840,2023-08-10 09:57:40,15293.92,4,3,2
14841,2023-09-08 09:16:02,13161.70,2,16,3
14842,2024-04-16 17:24:03,8460.26,2,11,3
14843,2023-10-14 04:29:24,11887.36,4,3,3
14844,2024-01-31 22:49:55,2547.28,1,15,2
14845,2024-04-23 13:14:00,180.46,2,21,2
14846,2025-02-22 17:16:39,646.00,5,14,2
14847,2023-12-17 19:28:32,4365.35,5,9,2
14848,2025-03-17 04:53:42,11735.09,5,19,2
14849,2025-02-21 11:09:13,9088.57,3,12,2
14850,2025-02-11 11:48:21,12567.66,3,7,2
14851,2024-12-30 15:32:49,11453.69,5,9,2
14852,2024-08-09 19:32:47,9589.24,5,4,2
14853,2023-06-08 14:45:41,724.92,3,22,2
14854,2025-02-23 17:23:03,13604.03,1,20,2
14855,2024-08-02 20:10:12,2075.21,5,14,2
14856,2025-04-26 06:42:27,10526.59,3,2,227
14857,2023-09-04 00:39:37,9486.24,2,21,3
14858,2024-08-02 12:31:33,2661.10,1,25,6
14859,2024-09-24 14:22:57,24.30,1,5,2
14860,2024-06-11 21:16:05,15935.19,5,14,2
14861,2025-02-02 14:41:23,5454.17,5,14,3
14862,2024-09-02 01:56:05,10022.75,1,15,2
14863,2023-07-27 04:19:38,22732.57,4,23,4
14864,2025-05-07 21:18:31,10790.94,1,25,2
14865,2025-03-07 13:07:38,17341.17,4,3,2
14866,2024-05-11 19:03:01,16565.39,5,24,2
14867,2024-04-23 04:53:26,10318.72,2,1,2
14868,2025-02-26 02:08:30,14573.75,1,20,4
14869,2024-02-13 23:06:31,17895.34,4,3,2
14870,2025-01-02 14:15:29,14150.15,5,24,2
14871,2024-09-06 23:09:05,10738.92,4,23,2
14872,2025-03-15 23:53:24,8757.46,3,22,2
14873,2024-05-06 17:54:10,11807.00,4,8,3
14874,2024-02-10 18:20:35,10920.53,4,13,2
14875,2023-11-18 08:16:08,17372.97,5,24,2
14876,2023-09-18 08:43:26,5568.00,2,21,23
14877,2025-02-28 05:48:51,13807.55,3,17,5
14878,2024-10-26 12:40:27,12513.88,1,15,2
14879,2023-10-28 07:10:33,19404.58,2,21,3
14880,2025-02-18 20:02:14,4125.98,1,20,2
14881,2025-02-15 02:09:11,17750.88,3,2,2
14882,2024-04-06 20:55:20,12497.61,1,5,2
14883,2024-09-21 21:48:57,7459.50,4,18,6
14884,2025-03-05 20:49:53,11075.45,1,25,2
14885,2024-08-03 14:11:04,4235.73,4,18,2
14886,2023-08-07 04:49:40,670.63,5,19,2
14887,2023-12-29 01:37:04,1094.40,2,21,2
14888,2025-05-09 18:32:26,3635.05,3,22,4
14889,2023-12-31 19:55:05,7351.78,1,20,3
14890,2024-06-24 01:35:13,13541.80,4,3,2
14891,2024-09-28 00:57:26,9656.09,1,20,3
14892,2025-04-10 10:26:02,3965.60,3,2,7
14893,2025-02-25 00:04:54,12105.71,5,14,2
14894,2023-09-27 05:38:41,10606.27,3,22,2
14895,2024-12-03 18:03:17,3346.97,4,18,2
14896,2024-03-18 00:05:30,1811.50,3,22,2
14897,2025-01-28 10:17:29,11359.70,4,8,2
14898,2024-10-06 13:22:31,13329.92,5,19,2
14899,2023-06-07 02:19:12,6371.96,2,1,2
14900,2025-04-23 11:15:38,10655.72,3,2,2
14901,2025-05-15 08:18:15,13719.04,1,15,2
14902,2024-06-20 11:08:15,10890.89,3,12,10
14903,2025-02-25 07:18:33,17520.08,3,17,3
14904,2024-07-29 07:44:26,3983.02,2,6,3
14905,2023-10-17 00:05:21,9681.15,2,6,2
14906,2024-11-02 01:40:15,3462.27,4,13,4
14907,2023-07-18 18:55:33,11865.92,2,1,2
14908,2023-08-25 00:52:00,8540.23,5,24,2
14909,2025-04-24 05:09:36,3214.53,1,15,3
14910,2024-01-04 03:24:40,3311.88,3,2,2
14911,2023-05-28 02:21:21,10394.68,1,15,9
14912,2024-07-19 19:27:04,20549.01,5,19,4
14913,2025-01-27 05:04:23,7491.90,2,1,3
14914,2024-06-29 04:40:19,10116.35,1,20,2
14915,2024-07-21 22:26:45,1679.94,1,10,2
14916,2023-12-12 08:17:01,9257.40,4,18,3
14917,2024-07-29 21:05:23,11774.61,4,8,2
14918,2023-06-08 04:28:30,1944.06,1,5,2
14919,2024-02-08 06:10:28,2077.80,3,12,5
14920,2024-07-16 22:18:24,7068.76,2,6,2
14921,2023-06-19 01:09:26,756.49,2,1,3
14922,2024-12-03 18:17:58,5665.60,5,19,2
14923,2023-07-16 13:40:12,4309.44,5,24,2
14924,2023-11-30 15:28:41,10500.51,1,20,2
14925,2025-04-12 00:15:32,12829.08,2,1,2
14926,2024-08-29 14:43:48,8321.39,3,22,2
14927,2023-12-24 03:20:37,4156.12,1,10,4
14928,2023-12-10 16:38:45,13381.17,4,23,3
14929,2024-05-18 14:27:29,11690.42,2,16,2
14930,2024-11-28 04:18:27,6843.95,3,17,2
14931,2024-07-06 11:03:49,2914.23,4,8,2
14932,2024-09-10 11:59:25,4770.14,3,12,2
14933,2023-09-22 07:25:14,6380.47,1,15,2
14934,2023-11-21 16:46:24,19334.42,5,14,3
14935,2024-10-10 09:59:12,10076.00,5,14,2
14936,2023-09-29 06:36:06,15977.61,3,12,2
14937,2024-07-23 07:50:35,14829.53,1,20,29
14938,2025-02-01 19:50:50,14030.62,4,18,2
14939,2023-08-24 09:26:32,1600.03,3,12,2
14940,2025-03-30 21:20:07,12208.98,5,19,3
14941,2025-03-18 02:14:59,1117.60,1,10,2
14942,2023-07-27 20:01:46,7668.44,5,14,2
14943,2024-07-22 19:19:09,10287.52,4,13,2
14944,2023-11-11 13:03:57,1698.57,4,8,2
14945,2024-07-26 18:14:14,879.33,4,23,6
14946,2024-05-01 17:24:40,8193.86,3,22,2
14947,2025-04-11 02:06:54,8705.12,1,10,2
14948,2023-10-07 11:59:40,11419.73,5,14,2
14949,2025-04-07 11:09:14,2074.39,5,9,2
14950,2025-05-21 00:55:07,5815.42,4,13,3
14951,2023-07-19 11:08:34,4382.82,3,17,2
14952,2023-05-23 10:40:29,1849.16,3,17,2
14953,2023-07-25 21:45:00,11819.00,1,25,2
14954,2024-04-11 13:00:08,12857.32,2,16,2
14955,2024-09-22 21:47:46,8188.64,5,9,4
14956,2024-09-24 16:56:00,17036.85,1,25,2
14957,2023-10-10 10:59:11,11461.76,4,3,2
14958,2025-02-09 18:05:58,17562.85,2,16,3
14959,2024-08-03 00:17:24,820.80,4,8,4
14960,2025-02-08 05:58:17,7128.47,1,25,2
14961,2023-05-24 15:28:05,14964.13,1,15,2
14962,2024-06-03 06:04:45,8716.10,2,1,3
14963,2023-06-10 13:25:23,18565.24,2,11,4
14964,2025-02-21 11:34:51,15528.77,5,4,2
14965,2025-01-16 17:30:08,6716.26,2,11,2
14966,2024-06-02 12:07:48,11970.62,2,6,2
14967,2023-12-07 18:36:12,2584.44,2,6,2
14968,2025-05-21 15:43:57,16654.40,5,9,3
14969,2023-12-30 18:39:01,5384.42,3,12,2
14970,2023-12-15 15:30:08,5178.25,1,5,2
14971,2023-11-19 22:03:56,14701.18,3,7,6
14972,2025-03-31 05:13:57,20835.83,3,22,2
14973,2025-01-25 03:02:34,10171.56,1,5,3
14974,2024-04-16 10:29:06,20633.52,1,15,3
14975,2023-06-11 09:54:04,6376.51,5,24,3
14976,2024-03-12 20:23:26,11236.27,2,11,51
14977,2025-05-07 04:39:40,3980.68,1,10,2
14978,2024-05-24 19:52:50,9225.75,5,14,3
14979,2023-10-23 00:59:06,1827.02,2,11,2
14980,2024-05-22 02:31:33,146.48,5,14,2
14981,2023-12-18 19:58:32,15992.50,3,17,2
14982,2024-07-01 04:45:43,73.24,3,22,2
14983,2023-11-13 08:23:44,15588.65,5,14,2
14984,2023-10-16 03:29:40,3841.62,4,23,2
14985,2024-08-22 09:46:07,10730.46,3,17,2
14986,2025-03-11 16:14:40,12059.61,2,11,2
14987,2025-01-28 13:40:28,4542.24,5,4,2
14988,2023-05-29 01:13:11,13044.11,1,20,2
14989,2024-06-17 09:35:38,9169.54,4,18,28
14990,2024-05-08 11:05:32,11113.52,2,11,2
14991,2024-01-13 08:43:49,454.18,4,23,2
14992,2025-03-31 18:34:06,1772.04,2,21,3
14993,2024-07-22 18:00:41,2204.55,2,11,3
14994,2024-07-17 17:14:06,11623.08,3,12,2
14995,2024-02-18 17:58:01,10400.84,4,18,2
14996,2023-12-13 10:19:09,715.57,1,20,2
14997,2023-08-05 00:11:28,10394.48,1,20,3
14998,2024-01-01 01:33:39,7362.11,5,9,2
14999,2025-01-21 07:56:21,10440.74,2,6,2
15000,2024-10-25 06:26:22,19848.67,4,3,4
15001,2024-03-09 08:41:01,16761.57,2,6,2
15002,2024-11-21 03:27:37,9866.81,3,2,3
15003,2023-11-01 00:30:36,5746.75,4,3,2
15004,2024-08-18 07:33:02,19663.71,5,19,2
15005,2024-05-20 11:48:36,7251.53,2,16,2
15006,2023-05-27 09:36:46,1688.52,5,19,2
15007,2024-09-15 18:42:00,13887.11,3,2,2
15008,2024-11-24 03:57:56,10988.19,3,7,2
15009,2023-08-13 17:46:48,2933.44,3,2,2
15010,2023-06-18 19:28:26,4093.35,3,12,136
15011,2023-11-19 23:46:12,14168.11,1,15,15
15012,2023-06-18 12:08:36,9035.41,2,1,3
15013,2024-09-28 10:01:02,797.30,1,10,5
15014,2024-09-05 18:59:39,5632.76,1,25,2
15015,2024-10-03 21:48:57,166.82,3,2,2
15016,2024-06-16 08:51:00,13338.04,1,10,10
15017,2023-10-29 02:50:10,588.64,4,18,3
15018,2024-07-31 10:11:25,15809.63,2,16,2
15019,2024-03-10 09:52:01,3861.75,4,8,6
15020,2024-07-29 15:18:14,101.20,2,6,3
15021,2023-12-02 05:35:45,3871.00,3,12,2
15022,2024-02-16 03:56:09,13188.01,3,12,2
15023,2025-02-21 01:49:57,14826.75,5,9,2
15024,2024-07-23 16:05:43,1428.76,2,11,2
15025,2023-09-23 21:51:14,8370.72,4,3,2
15026,2024-01-22 00:51:33,5519.07,2,6,147
15027,2023-08-29 13:11:37,11306.89,5,24,17
15028,2024-09-07 07:21:50,4975.30,5,24,2
15029,2025-04-28 10:48:06,15104.00,5,9,7
15030,2023-11-25 14:31:15,10884.16,1,20,29
15031,2023-06-26 13:21:39,3494.26,2,11,2
15032,2024-01-09 05:24:26,8012.80,1,15,2
15033,2024-10-20 20:59:55,10075.11,5,19,6
15034,2023-06-22 20:18:17,16262.66,5,24,3
15035,2024-01-17 06:17:18,18413.21,3,12,2
15036,2023-10-02 08:21:57,6616.54,4,3,2
15037,2023-11-20 15:52:54,2637.99,5,14,2
15038,2025-03-24 04:22:15,7709.53,2,16,5
15039,2025-01-21 20:47:08,5664.00,1,25,2
15040,2024-10-28 01:49:32,6314.87,2,16,2
15041,2024-06-25 15:14:35,8416.41,2,11,5
15042,2024-09-03 16:20:08,9874.59,3,17,3
15043,2024-05-17 11:40:34,4499.68,5,4,2
15044,2024-03-29 01:55:59,4784.37,1,20,12
15045,2023-12-20 16:41:08,16441.85,3,22,2
15046,2025-04-26 10:39:44,12528.35,5,4,2
15047,2023-10-28 15:34:24,9193.46,3,2,2
15048,2023-12-07 01:15:20,13768.74,4,8,2
15049,2025-03-07 23:06:15,14716.99,1,15,2
15050,2025-05-05 06:57:28,11562.70,2,11,2
15051,2023-06-11 17:46:46,10628.60,5,14,2
15052,2024-06-09 23:19:31,3840.15,4,8,2
15053,2025-01-26 19:13:05,12083.84,2,21,2
15054,2024-03-12 21:47:18,16415.14,2,16,2
15055,2024-11-30 11:40:40,10741.36,5,4,21
15056,2023-09-21 10:32:16,8632.48,2,11,8
15057,2023-10-27 18:21:05,10539.44,1,10,22
15058,2024-03-01 21:38:15,7953.84,5,14,50
15059,2025-03-24 21:01:04,11602.59,2,6,2
15060,2024-06-21 09:10:57,10925.66,5,4,2
15061,2024-08-26 18:41:32,5322.11,4,23,29
15062,2025-03-10 21:40:58,7923.16,5,19,3
15063,2024-08-30 19:37:23,4844.24,5,9,6
15064,2023-11-05 14:38:51,10698.90,1,15,49
15065,2024-01-13 06:23:56,842.46,2,21,2
15066,2023-06-15 01:50:36,12897.32,5,4,4
15067,2023-11-05 07:58:03,2180.57,5,24,5
15068,2024-09-07 03:57:06,3441.36,4,3,2
15069,2025-03-17 05:15:44,16157.56,1,5,4
15070,2024-07-05 16:21:46,2906.33,3,2,3
15071,2023-12-11 21:48:36,931.60,4,23,4
15072,2024-11-17 20:47:25,649.48,5,14,2
15073,2023-10-04 17:38:21,4103.94,1,25,2
15074,2024-04-26 04:37:26,3541.67,3,17,2
15075,2024-05-09 09:46:56,2606.75,5,24,2
15076,2024-02-12 22:11:11,6758.39,1,10,3
15077,2024-12-26 23:48:29,4731.42,2,16,9
15078,2023-07-14 14:50:27,18534.17,4,23,4
15079,2024-04-30 04:33:55,6489.31,2,6,2
15080,2024-04-08 19:03:53,7868.51,5,9,2
15081,2024-12-19 00:56:54,11151.57,2,6,3
15082,2025-05-19 16:25:43,2034.96,2,1,2
15083,2024-08-31 12:51:11,1725.16,5,4,2
15084,2025-02-15 13:28:21,10078.96,5,14,2
15085,2023-09-27 15:04:44,4607.90,3,22,3
15086,2024-10-07 10:14:34,16151.16,5,9,2
15087,2024-04-09 07:07:12,10187.98,2,11,5
15088,2024-12-01 04:43:03,4799.75,1,20,2
15089,2023-06-30 20:08:35,13006.19,1,10,2
15090,2024-05-18 11:10:44,12585.47,4,18,8
15091,2024-08-21 07:19:02,7163.07,5,9,2
15092,2024-09-19 10:52:41,13053.90,3,2,2
15093,2024-01-27 03:40:54,13125.29,3,12,5
15094,2023-06-10 07:08:16,5118.14,3,12,2
15095,2024-07-23 12:47:48,3571.90,3,12,2
15096,2024-11-10 04:05:26,4301.70,3,17,2
15097,2023-07-03 11:54:54,233.96,5,9,4
15098,2024-09-01 12:38:49,11344.52,4,18,2
15099,2024-04-06 08:05:03,11868.80,1,25,3
15100,2024-01-26 04:29:02,5494.13,1,20,2
15101,2024-12-03 23:27:08,14382.43,1,20,2
15102,2024-09-10 00:40:39,5512.29,1,25,4
15103,2023-07-04 16:02:30,13600.34,1,15,2
15104,2024-09-09 02:34:55,9404.94,4,3,2
15105,2024-01-28 13:20:57,18190.89,4,23,2
15106,2023-09-17 16:53:34,9005.77,1,5,2
15107,2024-11-03 08:17:00,4999.93,4,23,5
15108,2023-11-06 20:51:03,6778.56,3,12,3
15109,2024-12-26 20:51:04,13927.06,3,17,2
15110,2025-03-09 23:05:26,14357.54,2,11,2
15111,2024-10-04 10:32:22,8995.22,1,5,2
15112,2024-01-02 08:08:38,17357.81,4,23,2
15113,2024-01-13 05:48:35,3252.06,5,19,3
15114,2024-09-03 14:32:47,10020.38,1,15,4
15115,2024-10-20 16:58:46,7404.26,2,1,3
15116,2023-09-12 11:12:52,2502.25,2,1,2
15117,2024-07-30 23:45:18,10196.38,2,11,2
15118,2025-01-14 07:36:38,14840.23,4,23,133
15119,2024-02-04 21:39:33,844.44,4,23,2
15120,2024-05-29 21:46:36,5049.47,1,10,6
15121,2023-07-16 09:37:08,8786.34,1,25,2
15122,2024-06-27 03:37:34,11058.67,2,21,2
15123,2025-01-16 08:37:11,83.41,4,23,2
15124,2024-04-26 06:24:43,13160.71,4,13,4
15125,2023-12-28 20:41:26,13844.33,1,25,2
15126,2024-08-27 21:14:57,11893.33,1,5,2
15127,2024-12-21 01:54:52,9901.62,1,10,2
15128,2024-08-26 12:58:22,4659.45,2,11,2
15129,2023-07-08 21:49:48,4151.30,3,22,2
15130,2025-03-14 02:10:39,12664.15,1,5,2
15131,2024-12-27 02:45:00,9276.91,2,21,2
15132,2025-03-22 08:12:49,11715.43,4,18,2
15133,2025-04-30 17:26:15,17398.06,1,15,10
15134,2024-09-07 06:09:45,914.70,2,6,2
15135,2023-11-24 09:22:15,5472.44,3,2,22
15136,2024-05-05 06:28:35,3099.34,3,22,2
15137,2024-12-03 06:32:00,6196.80,3,7,2
15138,2024-12-25 10:38:49,11334.87,5,4,2
15139,2025-02-26 05:18:59,17849.03,2,21,3
15140,2024-06-01 13:04:43,4766.62,5,9,2
15141,2023-06-22 01:00:16,8988.36,4,3,2
15142,2023-10-25 00:11:17,13295.77,3,17,3
15143,2024-12-15 14:17:59,10073.09,5,4,2
15144,2023-07-23 14:10:39,8476.15,1,20,2
15145,2023-06-20 18:44:49,16206.28,2,16,2
15146,2024-10-17 16:44:11,6090.59,4,13,2
15147,2023-09-21 02:44:20,16720.74,4,8,2
15148,2024-03-07 13:29:05,3180.21,2,11,2
15149,2023-10-28 03:46:17,6497.63,5,14,3
15150,2023-12-05 13:27:39,8529.98,1,25,2
15151,2024-03-21 19:35:43,3523.81,2,21,5
15152,2023-12-26 10:13:18,17222.72,4,8,4
15153,2024-06-15 03:47:53,5882.40,5,24,2
15154,2024-12-11 17:36:46,6565.44,1,10,2
15155,2024-10-07 22:46:03,11943.55,4,3,2
15156,2023-08-25 02:05:59,1984.35,4,3,2
15157,2024-03-23 16:32:15,5556.34,1,20,4
15158,2024-12-01 17:47:58,12786.75,1,5,2
15159,2025-03-13 10:00:28,10078.79,3,12,15
15160,2024-02-17 06:46:39,8931.63,2,21,2
15161,2024-10-09 13:03:00,607.32,5,14,4
15162,2025-01-28 20:40:36,507.90,1,20,2
15163,2025-03-13 14:03:59,9140.91,3,2,11
15164,2023-07-16 23:23:16,17765.68,5,14,6
15165,2023-06-27 11:45:16,12859.22,1,25,2
15166,2024-09-04 04:21:31,13951.66,1,15,2
15167,2025-01-02 15:53:28,3008.48,3,22,2
15168,2023-09-25 12:26:00,12861.61,3,12,2
15169,2025-05-01 22:45:43,5575.66,1,25,3
15170,2024-07-04 15:30:29,11390.43,3,7,2
15171,2025-03-01 12:26:11,13672.05,4,3,2
15172,2023-11-13 21:49:26,4770.25,1,25,8
15173,2024-12-26 20:51:40,14039.61,2,6,2
15174,2025-03-19 01:13:38,9732.56,3,22,5
15175,2025-04-29 09:21:58,11058.63,3,12,2
15176,2025-02-26 05:13:56,9603.18,3,22,2
15177,2025-01-05 22:29:26,4627.92,2,1,2
15178,2025-02-07 07:47:34,2369.42,3,22,2
15179,2024-10-03 16:21:36,12197.80,3,22,2
15180,2025-02-05 02:46:24,244.13,5,14,2
15181,2023-10-03 15:37:34,10595.28,3,22,3
15182,2024-05-08 05:13:50,986.06,3,7,5
15183,2024-11-22 20:03:33,5912.55,1,20,29
15184,2023-09-14 05:06:41,2175.12,5,24,3
15185,2025-04-20 02:09:16,15294.84,4,8,2
15186,2024-07-05 23:21:59,11361.88,3,17,3
15187,2024-10-31 01:08:02,16389.15,1,25,2
15188,2023-08-06 23:12:19,8046.86,3,22,2
15189,2024-09-01 01:04:52,5678.52,2,21,2
15190,2024-07-24 23:43:39,3369.84,4,23,3
15191,2023-07-24 23:49:12,15444.44,1,20,4
15192,2024-02-28 05:13:28,14708.15,2,16,2
15193,2024-06-12 05:31:42,1428.76,5,14,2
15194,2024-10-11 01:41:36,12978.81,2,6,2
15195,2024-06-05 16:04:46,14967.13,4,8,3
15196,2025-02-21 08:22:13,13960.95,5,24,35
15197,2024-11-23 05:35:37,610.93,4,13,3
15198,2024-09-28 12:07:57,6825.41,1,25,2
15199,2024-09-30 14:00:22,2908.80,4,8,5
15200,2023-12-22 16:23:12,15349.74,3,7,11
15201,2024-02-14 05:34:47,11381.43,2,16,3
15202,2025-05-05 14:40:00,5805.38,2,1,3
15203,2023-07-09 18:39:44,11147.97,5,19,2
15204,2024-10-10 21:18:24,4381.44,1,20,2
15205,2024-04-22 13:39:01,12865.03,4,23,2
15206,2023-11-21 12:25:22,14555.65,4,8,2
15207,2025-05-09 05:35:10,17234.39,4,8,3
15208,2025-04-14 03:31:04,4971.84,1,15,3
15209,2023-11-20 13:22:28,1044.13,3,7,2
15210,2025-02-25 07:15:00,1984.35,2,16,3
15211,2024-08-12 06:07:28,1362.69,5,24,2
15212,2024-06-12 13:03:17,8819.81,3,22,3
15213,2024-07-03 08:42:40,7857.57,5,24,2
15214,2024-10-11 19:24:08,6807.37,4,8,4
15215,2024-02-15 15:39:20,10633.62,3,17,4
15216,2023-10-07 10:16:59,11770.80,1,25,2
15217,2025-03-05 22:05:35,17062.34,2,16,3
15218,2023-08-22 05:41:59,14177.65,4,3,3
15219,2025-04-07 06:52:21,12569.71,2,16,2
15220,2025-03-27 20:03:29,6528.72,3,17,2
15221,2024-11-11 09:53:11,14628.72,5,19,2
15222,2025-04-01 13:08:18,4537.60,2,1,3
15223,2023-11-17 01:24:47,4064.20,2,6,2
15224,2024-02-10 09:51:44,7346.80,1,15,4
15225,2023-09-22 05:05:16,4262.87,3,17,9
15226,2025-05-18 17:04:00,14575.29,1,15,2
15227,2024-01-28 09:59:17,14125.22,1,10,2
15228,2024-12-03 02:20:33,1158.94,2,16,218
15229,2024-08-17 15:02:40,18301.71,1,5,2
15230,2024-07-06 01:09:26,7647.30,5,24,3
15231,2024-08-31 23:47:34,13756.77,4,18,5
15232,2024-10-21 10:10:52,703.31,4,3,3
15233,2024-12-27 13:06:53,15906.32,3,17,3
15234,2025-03-15 21:44:08,3782.45,5,9,5
15235,2024-11-25 09:00:47,3621.86,2,11,2
15236,2024-10-11 09:05:22,15204.61,2,11,2
15237,2023-07-28 00:05:20,7392.72,3,17,3
15238,2024-02-10 12:41:59,2656.85,5,24,2
15239,2023-11-10 21:41:47,5640.71,4,18,4
15240,2025-01-25 10:40:39,6655.28,1,25,2
15241,2024-08-03 17:22:04,16044.67,2,11,82
15242,2023-12-01 15:59:25,13415.91,5,19,2
15243,2024-03-07 20:49:02,13198.40,4,3,8
15244,2024-06-28 20:58:25,4655.44,4,8,2
15245,2024-07-06 20:09:29,15364.52,2,16,2
15246,2025-05-21 17:54:12,8941.92,3,17,2
15247,2023-07-26 18:03:24,5028.64,2,11,4
15248,2024-04-01 07:51:37,4640.04,2,11,2
15249,2024-10-18 06:07:59,11140.27,1,10,6
15250,2024-09-09 20:31:57,13083.59,5,4,9
15251,2025-04-17 07:35:24,8537.64,3,17,86
15252,2023-07-10 22:56:30,4340.33,3,17,3
15253,2024-02-13 01:24:04,7662.84,3,12,2
15254,2023-11-12 09:55:15,8160.39,3,2,2
15255,2024-07-15 00:27:38,6986.73,2,11,2
15256,2024-10-19 05:21:41,11788.50,5,4,2
15257,2024-06-13 11:16:50,11450.76,2,6,2
15258,2023-08-21 20:37:00,7478.75,5,14,2
15259,2024-11-11 09:59:49,1650.21,2,6,5
15260,2025-01-13 17:48:45,6192.53,1,5,2
15261,2024-11-16 03:32:31,15148.83,3,17,3
15262,2023-10-10 00:18:14,12434.17,2,16,2
15263,2023-09-18 14:05:22,16556.47,1,10,2
15264,2024-08-18 03:14:34,5376.84,2,11,2
15265,2023-07-18 13:50:49,7665.25,2,6,2
15266,2023-07-03 15:48:34,18135.52,5,14,3
15267,2024-04-20 03:10:07,13550.71,4,18,3
15268,2024-08-03 17:31:35,9505.83,2,1,2
15269,2023-12-04 18:13:59,4221.00,5,14,2
15270,2024-11-26 19:19:35,14617.25,1,10,6
15271,2024-02-06 01:02:21,2954.34,2,16,12
15272,2023-10-24 13:39:12,12984.33,4,8,8
15273,2024-06-14 06:57:15,5542.05,5,24,2
15274,2025-04-02 00:30:50,15336.19,4,18,2
15275,2024-08-26 19:45:04,3409.07,3,17,7
15276,2024-05-10 17:03:38,3207.93,2,1,2
15277,2024-01-20 20:36:53,1940.15,4,23,3
15278,2023-06-21 15:46:21,13215.18,5,4,9
15279,2024-02-14 05:43:34,7939.14,2,21,2
15280,2024-08-29 05:57:28,5176.25,4,8,2
15281,2025-04-24 04:01:42,4567.85,3,17,3
15282,2024-10-11 16:08:07,8751.59,3,2,2
15283,2024-09-03 23:49:19,11165.45,4,3,3
15284,2025-05-05 11:21:35,11107.49,5,4,2
15285,2023-10-23 17:58:59,15476.43,2,6,2
15286,2023-06-29 12:30:05,17083.01,4,3,2
15287,2023-07-22 18:40:47,10999.13,3,17,2
15288,2023-12-13 09:08:59,10064.27,2,6,5
15289,2024-09-28 20:09:07,5722.17,2,11,2
15290,2025-03-06 10:08:43,4031.23,4,8,4
15291,2023-06-21 15:53:39,2233.37,5,4,2
15292,2024-04-03 23:24:35,8880.95,5,24,2
15293,2025-02-17 03:42:26,19356.72,4,23,6
15294,2023-07-16 15:05:04,6269.79,3,22,2
15295,2024-09-25 07:52:17,957.43,4,23,297
15296,2025-02-28 22:45:40,17865.81,1,5,26
15297,2023-10-13 04:31:27,17862.35,4,18,2
15298,2024-02-17 05:44:02,1301.14,5,9,8
15299,2024-10-10 10:22:27,8310.89,1,15,4
15300,2024-01-20 20:48:39,16013.49,1,10,8
15301,2025-03-28 14:22:42,15083.90,1,20,2
15302,2024-03-28 16:09:55,3145.82,3,12,25
15303,2024-11-24 09:31:30,1257.32,4,3,2
15304,2024-09-08 11:02:34,8861.06,1,10,5
15305,2024-05-30 07:06:04,7324.48,5,19,2
15306,2023-06-02 05:10:48,8709.96,4,13,2
15307,2024-01-31 03:57:47,3952.62,4,8,2
15308,2023-10-05 10:13:42,10066.17,1,5,2
15309,2025-04-22 13:54:45,4787.15,3,17,2
15310,2024-01-08 09:10:22,4771.25,3,12,2
15311,2024-08-15 22:37:57,10676.85,1,10,2
15312,2024-09-22 01:28:11,9833.30,1,20,9
15313,2025-01-17 00:08:58,5404.05,2,1,2
15314,2025-05-09 11:06:03,9423.57,5,19,4
15315,2024-01-26 22:30:27,6166.19,5,14,2
15316,2024-05-13 04:39:28,8242.62,2,11,2
15317,2024-07-03 06:23:57,9539.67,2,16,2
15318,2023-06-23 16:04:54,14965.00,5,24,2
15319,2025-04-22 10:58:01,9737.15,3,2,2
15320,2024-01-08 23:16:04,17082.71,3,22,2
15321,2025-03-25 20:20:08,18461.41,5,9,2
15322,2024-03-15 20:43:11,15712.90,2,11,3
15323,2023-12-18 01:40:07,1532.18,4,3,2
15324,2024-11-24 15:35:48,1812.03,3,12,6
15325,2025-04-05 11:58:02,11370.96,4,8,2
15326,2024-01-06 05:58:09,6996.53,2,6,100
15327,2024-04-29 05:26:37,5094.20,5,4,12
15328,2025-04-16 06:12:18,5422.23,4,13,2
15329,2024-12-16 09:53:39,9939.38,5,24,3
15330,2024-11-06 11:38:52,11750.82,4,13,2
15331,2024-11-03 16:44:23,12201.34,1,5,2
15332,2024-11-05 10:46:18,3617.53,3,7,2
15333,2024-11-21 05:43:31,11137.87,1,15,2
15334,2025-01-24 23:20:32,11277.56,4,18,2
15335,2023-08-14 10:25:03,3541.38,2,11,3
15336,2025-03-26 14:23:44,8442.03,2,6,2
15337,2025-03-01 05:35:49,7341.63,2,6,2
15338,2024-05-09 06:07:13,5950.84,3,12,2
15339,2025-05-05 17:03:11,7874.57,4,3,16
15340,2023-07-10 12:31:50,6386.79,3,17,3
15341,2024-04-26 07:15:40,13765.56,1,5,2
15342,2025-01-23 14:49:36,8366.39,5,24,7
15343,2023-11-20 03:22:24,11657.37,5,9,2
15344,2024-04-13 14:13:24,2710.48,3,22,2
15345,2024-12-15 09:39:15,11123.66,3,7,3
15346,2024-11-24 16:00:58,6979.96,1,5,3
15347,2025-04-27 04:51:11,10862.22,5,14,3
15348,2024-10-16 00:17:46,12.15,2,11,3
15349,2024-03-31 23:40:24,3473.76,4,3,3
15350,2024-01-08 09:41:12,2964.55,3,17,2
15351,2024-04-17 10:45:39,8025.48,2,6,2
15352,2025-02-07 02:32:51,13194.68,2,11,2
15353,2024-11-27 03:40:01,3381.80,2,1,4
15354,2024-07-14 02:36:54,5626.70,5,19,2
15355,2023-07-29 06:52:17,18718.42,2,6,2
15356,2024-02-25 01:32:12,1720.68,3,7,4
15357,2025-05-10 00:15:16,10533.43,5,14,2
15358,2023-08-01 03:31:32,11442.81,3,12,4
15359,2025-02-27 12:29:46,2257.56,3,2,4
15360,2023-11-03 19:48:55,12170.18,4,18,3
15361,2025-02-08 21:39:48,5258.08,5,24,2
15362,2025-02-19 08:39:52,20026.34,2,1,5
15363,2024-11-28 04:23:22,6930.49,1,10,2
15364,2024-04-24 02:27:56,5543.65,4,8,2
15365,2024-06-07 11:42:31,21556.74,1,10,8
15366,2024-02-13 15:32:04,2576.72,4,8,2
15367,2025-02-16 23:43:02,14841.84,4,8,2
15368,2024-03-06 17:39:02,10242.32,5,24,2
15369,2023-06-29 19:37:10,17382.23,4,23,2
15370,2025-05-20 09:27:20,4189.84,1,15,7
15371,2025-02-13 03:31:44,15124.61,3,12,14
15372,2023-12-15 22:26:15,5559.72,2,6,17
15373,2024-02-04 06:14:31,12550.85,3,2,2
15374,2024-09-01 17:58:21,9174.33,2,6,10
15375,2024-12-26 23:00:19,13480.26,1,15,2
15376,2025-02-27 11:37:07,1687.09,4,3,2
15377,2024-12-04 06:05:46,7139.43,5,24,2
15378,2024-08-04 04:42:32,7180.96,5,14,2
15379,2025-01-25 16:13:08,13331.28,1,15,2
15380,2023-08-07 18:21:48,12691.71,1,5,3
15381,2024-10-13 23:44:33,3804.77,2,11,2
15382,2023-10-14 12:30:42,3038.27,5,4,2
15383,2025-03-31 10:00:17,13402.71,1,5,3
15384,2024-10-14 20:10:52,13248.86,4,8,2
15385,2023-11-14 23:04:55,11246.42,3,22,6
15386,2023-08-03 06:36:15,6478.15,3,2,2
15387,2025-05-06 11:47:40,13074.61,2,16,2
15388,2024-06-04 07:40:41,8233.77,1,15,2
15389,2024-09-04 15:13:54,3503.07,1,20,2
15390,2023-09-08 04:39:37,12307.73,4,13,2
15391,2025-05-16 02:55:20,7884.78,4,8,2
15392,2025-01-16 20:26:56,151.80,5,4,2
15393,2023-07-03 06:11:12,17779.39,1,15,2
15394,2024-10-09 01:12:38,3048.46,2,1,3
15395,2023-06-17 18:26:12,6470.57,1,15,2
15396,2024-05-23 21:43:33,5389.27,1,20,2
15397,2025-02-11 05:01:47,1069.48,5,24,2
15398,2023-06-12 21:14:18,16218.11,4,8,3
15399,2024-04-12 12:01:40,16047.43,5,24,2
15400,2024-11-04 00:54:18,4830.79,3,2,2
15401,2024-04-07 17:31:34,3825.15,1,5,2
15402,2025-04-07 08:17:24,6833.97,3,12,3
15403,2023-12-19 08:25:00,7743.66,2,11,2
15404,2023-08-21 07:04:36,7452.43,2,1,3
15405,2025-02-08 01:47:59,11033.76,5,9,2
15406,2023-11-05 14:33:30,5208.86,3,12,2
15407,2024-08-25 17:34:41,18869.70,3,2,3
15408,2024-09-07 03:18:01,14972.36,4,8,5
15409,2025-03-31 06:01:52,5909.42,4,3,3
15410,2025-02-13 00:40:25,12648.78,4,3,2
15411,2024-07-18 19:07:44,5567.22,4,8,3
15412,2023-11-08 09:26:27,9289.26,3,22,8
15413,2025-01-23 22:23:41,18357.45,4,13,2
15414,2024-05-23 04:44:43,8432.42,3,2,2
15415,2024-08-23 00:42:19,11351.34,1,15,6
15416,2023-12-13 03:13:20,2625.38,3,22,3
15417,2023-10-19 17:59:41,6732.59,5,19,7
15418,2024-07-08 16:34:53,4952.49,5,4,2
15419,2023-07-19 17:54:17,8868.18,4,3,4
15420,2025-01-19 06:40:18,12815.75,2,6,2
15421,2025-03-04 14:58:31,1811.69,2,1,2
15422,2025-02-18 06:03:06,7574.22,3,22,2
15423,2024-04-07 16:57:48,10044.56,5,14,2
15424,2025-04-19 17:24:45,7044.89,5,4,2
15425,2024-02-06 02:00:30,16013.20,4,18,3
15426,2023-06-04 05:12:02,828.29,2,6,2
15427,2024-10-29 14:26:04,19506.60,2,11,2
15428,2025-02-10 07:21:53,6948.98,3,7,5
15429,2024-03-21 21:32:08,15225.56,2,11,2
15430,2024-06-25 23:13:39,4576.59,3,2,2
15431,2023-08-09 20:49:10,18845.49,1,20,2
15432,2024-04-03 07:55:03,11209.68,1,10,3
15433,2024-07-26 17:13:05,9014.72,4,8,2
15434,2023-09-09 04:47:21,3785.00,1,25,2
15435,2024-02-21 16:37:57,447.04,4,18,2
15436,2025-03-10 17:46:57,8553.98,1,25,2
15437,2024-11-16 13:31:20,2569.04,4,13,2
15438,2023-11-14 09:50:00,5045.98,2,16,2
15439,2025-04-08 09:15:17,15926.33,1,25,2
15440,2023-12-24 11:37:24,2243.32,2,16,2
15441,2025-03-24 01:39:46,4095.91,2,21,3
15442,2024-06-23 21:25:54,14045.20,3,12,2
15443,2024-03-30 10:38:13,10034.35,4,13,5
15444,2024-11-16 00:03:23,2422.84,5,14,3
15445,2023-12-25 10:40:55,15092.71,1,5,2
15446,2023-08-03 05:59:36,9043.36,2,11,2
15447,2024-09-27 04:28:36,9793.43,3,12,3
15448,2023-08-31 01:19:22,742.84,2,11,2
15449,2023-11-23 19:21:44,9625.79,5,14,2
15450,2024-11-18 05:47:17,4061.08,1,10,2
15451,2024-06-13 06:00:23,834.20,1,20,2
15452,2023-07-20 01:16:26,17164.02,5,9,3
15453,2023-08-28 17:40:36,4476.26,4,8,3
15454,2024-10-28 05:15:58,21602.22,5,19,7
15455,2023-12-04 18:40:07,1932.39,5,4,2
15456,2023-08-30 16:45:01,7796.50,4,18,2
15457,2023-08-27 19:03:15,1826.05,1,15,2
15458,2024-02-15 00:20:54,7418.99,1,20,2
15459,2024-01-24 08:07:18,11038.72,2,21,10
15460,2024-08-10 04:12:56,19188.71,5,19,3
15461,2025-02-23 13:46:42,13881.78,3,12,2
15462,2024-04-03 16:01:55,8057.80,5,4,9
15463,2024-02-08 15:15:07,8337.28,5,4,3
15464,2023-12-13 09:31:23,2166.34,5,24,3
15465,2025-01-10 15:55:39,1293.87,5,4,2
15466,2024-03-09 20:29:56,4614.34,3,2,2
15467,2024-06-11 23:08:50,541.68,2,21,5
15468,2024-06-18 22:38:37,12204.05,5,24,2
15469,2024-05-03 11:10:23,9873.45,3,17,3
15470,2024-06-30 12:22:15,10355.17,3,17,11
15471,2024-03-25 20:24:19,9481.28,2,11,2
15472,2023-06-05 07:13:52,5497.69,2,6,3
15473,2024-05-12 19:11:46,11827.45,4,3,3
15474,2024-12-05 21:23:22,10086.74,2,1,3
15475,2024-05-10 00:15:49,1268.60,1,25,2
15476,2025-02-05 03:58:01,90.23,1,25,2
15477,2025-05-19 02:46:05,2473.61,3,17,2
15478,2024-03-23 21:50:55,2301.03,2,16,2
15479,2024-04-09 00:09:02,13533.48,5,19,2
15480,2023-12-16 12:12:41,1882.12,3,22,9
15481,2024-09-22 13:41:40,8091.35,4,23,2
15482,2023-06-24 16:30:06,10683.83,2,16,2
15483,2023-10-23 15:41:30,2467.74,2,6,2
15484,2024-03-02 21:19:27,2390.12,3,17,2
15485,2025-03-04 08:48:16,3904.37,4,23,2
15486,2025-02-28 18:53:46,2568.12,5,24,2
15487,2023-05-26 13:17:57,11869.57,2,6,2
15488,2024-02-03 11:29:17,9901.28,4,18,3
15489,2024-03-09 11:40:13,6227.44,1,10,2
15490,2023-12-14 10:00:24,7617.48,4,8,2
15491,2023-08-23 08:40:04,1656.47,5,19,2
15492,2025-05-10 22:44:23,19715.64,2,11,2
15493,2024-07-11 03:53:02,4530.85,1,10,2
15494,2024-02-04 13:23:06,13171.29,4,13,3
15495,2024-04-26 20:28:29,11318.96,4,8,2
15496,2024-05-15 13:44:43,2422.84,2,16,3
15497,2023-11-19 09:04:36,213.40,1,20,4
15498,2024-03-09 20:57:59,2580.76,2,11,3
15499,2025-01-30 21:17:27,14449.04,2,1,15
15500,2023-09-02 14:43:35,9798.84,1,10,2
15501,2023-10-16 03:10:18,9442.28,2,21,2
15502,2025-03-11 22:58:45,11450.00,5,14,4
15503,2024-12-22 13:21:01,2748.15,3,2,6
15504,2024-01-24 19:04:44,5702.72,4,8,2
15505,2023-07-07 06:09:37,16883.29,5,9,2
15506,2024-05-06 15:19:06,2012.00,1,25,4
15507,2024-12-05 05:58:44,12973.88,2,16,3
15508,2024-09-15 10:19:59,90.23,2,21,2
15509,2023-06-05 12:27:42,16144.30,4,18,7
15510,2024-08-30 04:37:08,6672.99,3,17,3
15511,2025-03-09 21:29:02,14313.96,3,22,4
15512,2023-09-01 20:44:02,1448.49,1,20,2
15513,2024-03-25 05:36:21,5098.24,4,13,2
15514,2024-01-22 07:31:00,9718.47,3,22,2
15515,2025-02-02 20:43:11,3591.81,1,5,2
15516,2024-09-02 19:04:19,11038.39,5,14,2
15517,2023-08-25 21:14:55,10037.84,1,20,4
15518,2024-01-18 19:39:32,13040.08,5,9,2
15519,2023-11-02 08:53:53,18155.51,5,9,3
15520,2023-06-12 17:22:17,531.47,5,24,2
15521,2025-05-02 06:56:16,4785.89,3,7,2
15522,2023-11-09 17:20:24,9745.83,1,25,2
15523,2023-07-12 12:23:43,15366.12,3,7,2
15524,2024-05-15 16:13:01,3536.68,1,20,2
15525,2024-07-08 20:57:27,8588.43,2,11,2
15526,2024-04-11 16:21:03,8165.09,2,6,2
15527,2023-07-14 19:52:43,4860.36,5,9,2
15528,2025-04-08 03:06:32,10106.01,1,20,2
15529,2023-08-19 10:50:09,10824.63,1,15,2
15530,2024-03-18 03:39:35,2280.03,4,3,2
15531,2025-03-10 23:47:48,7674.36,3,12,2
15532,2023-09-09 09:56:26,871.17,3,22,2
15533,2024-05-07 22:44:24,3019.26,3,12,7
15534,2023-06-24 02:27:53,6554.63,3,22,3
15535,2025-03-26 23:30:41,14070.98,2,6,32
15536,2023-10-21 00:21:08,7969.99,3,17,6
15537,2024-10-06 06:38:13,6566.57,2,6,2
15538,2025-02-19 11:03:41,3675.60,1,20,2
15539,2023-09-16 13:35:02,366.00,5,19,2
15540,2025-03-18 03:08:21,11728.04,4,8,2
15541,2024-12-05 17:08:55,17425.01,4,13,2
15542,2024-04-26 16:04:11,7243.92,5,14,2
15543,2024-10-25 04:39:23,9306.53,4,13,2
15544,2025-03-23 17:25:02,6668.07,1,10,2
15545,2023-09-14 04:36:08,1695.10,3,2,2
15546,2024-09-10 04:09:53,13109.05,5,24,4
15547,2024-03-26 11:34:53,6348.42,2,6,2
15548,2024-10-06 09:00:19,6517.74,4,13,3
15549,2024-09-03 06:31:38,8847.08,4,3,2
15550,2024-10-06 01:56:44,4827.37,2,1,41
15551,2023-10-14 20:04:07,2916.09,1,15,2
15552,2024-06-07 07:48:29,2717.33,4,3,4
15553,2023-06-02 01:41:01,18846.75,5,24,2
15554,2024-05-18 04:29:45,13656.11,1,10,24
15555,2023-10-20 03:19:03,6975.48,4,8,4
15556,2024-04-13 10:06:09,816.94,1,15,4
15557,2024-06-01 14:37:45,547.20,1,25,2
15558,2024-02-05 17:30:40,5894.16,3,22,2
15559,2024-02-24 19:33:42,8328.95,1,20,3
15560,2024-10-06 08:34:54,17176.89,5,9,2
15561,2023-11-09 18:06:41,11875.79,1,20,3
15562,2023-10-12 01:03:47,17285.00,4,3,2
15563,2025-04-01 07:17:06,747.28,3,2,5
15564,2024-06-02 13:33:24,6866.75,1,15,2
15565,2025-01-30 15:10:21,5542.75,4,8,12
15566,2024-01-27 08:26:00,25.93,2,16,2
15567,2025-02-26 22:24:14,13931.29,2,1,2
15568,2025-01-18 12:02:50,20591.95,1,20,2
15569,2024-05-15 17:56:02,4071.78,2,21,2
15570,2024-03-11 08:03:27,10896.30,3,2,3
15571,2023-11-09 21:27:30,5861.30,5,19,3
15572,2025-04-19 13:53:53,1535.80,2,11,7
15573,2024-09-11 20:40:43,12143.00,2,6,2
15574,2023-12-25 23:10:56,2568.12,5,9,2
15575,2024-12-08 07:00:07,17941.49,4,3,18
15576,2024-04-26 02:47:17,11032.99,4,3,2
15577,2024-10-11 06:26:37,18279.41,4,3,3
15578,2023-11-22 14:47:35,1926.66,1,5,2
15579,2024-01-09 10:48:16,7011.69,5,9,3
15580,2023-07-09 11:04:10,2233.18,3,7,9
15581,2025-01-17 06:11:44,11916.70,4,13,3
15582,2025-01-24 14:04:40,3601.65,2,6,2
15583,2024-10-01 17:06:37,7349.69,1,25,2
15584,2024-11-08 13:53:22,3589.93,2,6,2
15585,2023-07-02 16:17:04,15555.20,2,6,2
15586,2025-02-04 10:54:55,14077.99,1,10,2
15587,2025-01-05 00:49:37,11059.08,2,6,2
15588,2024-11-27 09:16:01,3646.36,1,20,2
15589,2024-10-23 00:42:05,12254.02,1,10,2
15590,2023-10-25 01:52:14,11328.34,2,16,2
15591,2025-03-04 09:07:06,3829.72,3,7,2
15592,2024-04-14 10:51:34,6319.57,3,12,3
15593,2025-04-28 19:16:57,4965.43,2,21,2
15594,2024-06-15 10:31:04,4614.21,2,16,2
15595,2024-09-19 08:20:29,10550.89,2,21,2
15596,2024-07-01 00:41:01,6975.75,2,11,13
15597,2023-05-30 22:53:17,4900.25,1,20,111
15598,2024-11-27 19:59:20,13786.39,1,25,2
15599,2023-09-20 03:08:55,11292.75,3,22,3
15600,2024-06-20 07:55:22,2791.84,4,13,4
15601,2023-07-01 02:05:27,6910.92,2,11,2
15602,2024-01-19 05:14:17,5576.62,3,2,2
15603,2024-01-19 08:28:45,5451.12,4,3,2
15604,2025-03-17 12:32:31,3589.96,1,15,5
15605,2024-11-30 18:20:07,5502.08,5,19,2
15606,2023-11-27 08:35:27,5040.62,4,23,2
15607,2025-05-09 20:18:50,8707.96,1,25,12
15608,2023-07-27 00:09:40,7726.16,1,10,5
15609,2025-01-25 16:05:01,2876.71,3,2,3
15610,2024-09-23 00:24:11,7266.50,1,25,2
15611,2024-07-18 02:09:21,15834.65,1,10,2
15612,2024-02-22 19:49:21,5830.71,5,9,8
15613,2024-09-08 00:27:32,3318.49,1,5,2
15614,2024-01-09 07:14:33,15344.49,2,1,2
15615,2024-02-02 09:53:13,12243.83,5,14,2
15616,2024-07-14 08:00:22,1358.10,2,6,2
15617,2024-08-30 11:41:43,7303.10,1,5,2
15618,2024-11-30 08:00:09,1756.02,5,19,2
15619,2024-06-08 17:52:55,4797.47,3,7,2
15620,2024-12-01 13:19:44,9937.92,1,25,2
15621,2023-12-10 07:54:24,12274.39,3,17,3
15622,2024-02-20 07:45:05,16074.65,4,23,2
15623,2025-02-01 05:43:41,8601.42,5,24,2
15624,2025-03-16 05:17:05,7119.18,2,16,2
15625,2024-09-15 05:55:28,12175.67,4,8,4
15626,2023-06-06 09:44:03,4131.90,3,12,2
15627,2023-07-23 05:43:13,8401.82,3,12,2
15628,2023-08-10 21:35:46,14027.24,5,24,2
15629,2023-09-10 20:38:42,4297.94,2,1,2
15630,2023-09-01 02:43:08,10688.28,5,19,2
15631,2024-02-25 09:07:02,5737.37,4,3,2
15632,2023-11-19 22:58:51,6758.33,1,10,2
15633,2024-02-12 08:19:56,8912.80,5,4,2
15634,2025-03-09 20:08:47,10565.67,4,18,5
15635,2023-08-02 03:32:20,9683.75,4,13,4
15636,2023-10-23 02:17:32,9766.49,5,14,4
15637,2024-07-23 10:51:32,1067.30,2,21,2
15638,2023-11-24 03:16:24,23274.25,3,22,2
15639,2023-09-06 23:53:38,1001.56,1,20,2
15640,2024-02-07 13:51:34,8868.68,3,17,2
15641,2024-04-03 16:33:16,766.47,2,16,2
15642,2023-11-04 11:28:18,9433.65,1,25,3
15643,2025-03-04 11:51:43,10279.78,4,3,2
15644,2024-09-28 04:19:58,12981.61,2,21,2
15645,2024-08-19 17:53:28,11799.77,2,21,2
15646,2024-12-21 21:59:33,9063.47,5,4,2
15647,2024-01-04 03:45:10,294.32,3,17,3
15648,2025-02-17 11:28:32,3194.26,3,2,3
15649,2024-01-16 13:21:55,11441.38,3,17,2
15650,2023-12-12 18:09:12,16382.26,2,11,2
15651,2024-11-17 07:51:35,15440.09,3,7,2
15652,2024-07-09 12:46:21,2992.15,2,16,10
15653,2024-06-08 22:32:05,19590.30,1,25,2
15654,2024-01-25 16:44:45,13385.40,4,13,2
15655,2024-02-14 00:38:17,10303.26,5,14,17
15656,2024-02-26 13:09:13,6885.59,5,19,2
15657,2024-02-01 23:19:59,11249.02,2,11,2
15658,2024-04-22 00:41:23,834.20,5,4,4
15659,2025-03-07 02:58:51,5542.23,4,23,2
15660,2024-03-01 17:14:00,22122.55,2,11,15
15661,2023-06-11 23:52:00,3782.45,4,3,2
15662,2024-12-06 10:32:26,14964.00,5,4,2
15663,2023-11-26 12:52:44,4264.11,5,4,3
15664,2023-12-16 17:32:04,1125.08,1,5,2
15665,2023-07-14 05:47:01,19749.81,3,7,2
15666,2023-09-21 14:59:29,454.18,5,4,3
15667,2025-04-28 22:02:47,3828.95,3,7,3
15668,2024-10-23 14:20:16,15784.38,4,18,2
15669,2024-03-24 00:30:20,22298.95,4,3,2
15670,2023-06-06 02:09:56,9907.16,4,23,2
15671,2024-04-19 03:17:33,3029.98,3,22,4
15672,2024-06-20 14:59:01,2020.04,3,12,25
15673,2024-11-03 13:12:35,5158.84,4,8,3
15674,2024-02-19 08:18:11,4748.74,3,22,2
15675,2023-12-06 12:55:50,3348.53,5,14,3
15676,2024-09-15 08:03:19,7770.79,3,2,2
15677,2023-07-01 18:20:36,13260.30,3,22,2
15678,2024-03-05 18:00:59,9351.25,3,12,6
15679,2023-12-10 06:35:00,8152.20,1,10,2
15680,2024-02-05 05:54:43,9588.31,2,11,2
15681,2023-12-06 11:30:08,1211.42,3,17,2
15682,2024-11-20 21:51:32,6709.79,4,3,11
15683,2024-04-02 08:05:30,9126.62,3,2,2
15684,2025-03-18 12:56:42,8642.89,5,14,3
15685,2023-09-25 17:23:41,13395.08,3,7,2
15686,2025-03-13 23:33:48,13595.00,3,12,2
15687,2023-10-16 23:36:36,11860.36,5,14,2
15688,2025-04-09 21:28:48,8300.02,3,2,3
15689,2023-10-18 04:05:07,1260.69,2,1,5
15690,2024-07-10 23:18:47,8485.56,4,8,2
15691,2023-11-07 15:47:50,7902.02,5,24,2
15692,2025-05-14 06:13:24,4864.21,2,16,3
15693,2025-04-21 05:36:43,10763.72,4,23,5
15694,2023-05-23 11:41:51,6012.97,4,13,3
15695,2024-08-05 08:20:57,8741.40,5,4,4
15696,2024-06-26 11:04:05,16034.33,4,23,2
15697,2025-02-13 13:54:27,2694.14,5,19,2
15698,2023-06-25 02:35:48,7422.95,2,6,2
15699,2025-02-18 12:05:34,12650.45,1,5,2
15700,2023-07-11 23:09:04,7600.45,1,5,14
15701,2024-09-24 02:49:02,2450.82,3,17,5
15702,2023-08-13 11:09:12,9909.69,1,25,2
15703,2023-07-14 00:38:55,15910.54,2,1,2
15704,2024-12-07 02:54:27,8036.12,1,5,2
15705,2024-06-07 06:47:37,8458.07,5,14,3
15706,2024-09-26 00:20:03,16845.41,5,19,3
15707,2024-08-04 09:50:44,6597.84,5,24,70
15708,2024-05-17 22:30:51,12169.83,1,15,4
15709,2025-05-16 10:46:37,13035.95,2,21,4
15710,2023-09-14 12:33:44,9000.56,2,1,3
15711,2024-02-04 10:00:26,936.31,1,10,2
15712,2025-05-20 10:27:14,18149.51,3,12,11
15713,2024-02-01 20:13:12,11825.29,1,5,13
15714,2023-07-08 20:07:31,11562.70,5,19,2
15715,2024-08-09 09:08:06,13079.41,2,16,2
15716,2024-03-14 08:13:12,3659.15,5,4,32
15717,2024-04-16 18:27:23,11886.62,3,17,3
15718,2023-06-12 13:25:58,3285.14,5,24,13
15719,2024-02-01 18:37:30,3819.79,1,10,93
15720,2023-07-07 15:14:19,1534.02,1,10,3
15721,2023-06-14 21:28:45,10032.89,2,21,7
15722,2023-09-29 16:21:21,18503.03,3,22,3
15723,2024-07-07 10:25:09,562.96,1,25,2
15724,2024-10-30 01:40:07,9364.09,5,19,6
15725,2024-08-21 03:09:35,486.52,4,8,2
15726,2023-07-19 23:27:20,10141.03,4,13,3
15727,2023-12-09 16:05:40,11563.92,1,20,6
15728,2025-02-05 15:35:14,7190.97,5,14,18
15729,2023-07-08 13:03:44,14213.12,3,7,8
15730,2023-12-19 04:27:53,3209.60,4,18,2
15731,2023-05-23 04:49:50,757.00,1,15,2
15732,2024-10-29 01:56:13,10738.74,5,9,2
15733,2024-08-22 14:09:06,2631.26,2,11,2
15734,2025-03-31 01:51:48,12111.76,4,13,3
15735,2023-09-12 07:23:31,11477.49,5,9,2
15736,2025-04-22 23:03:08,8499.33,5,19,2
15737,2023-09-14 19:44:27,861.48,1,5,9
15738,2023-09-04 13:07:54,10630.37,4,18,2
15739,2024-02-17 17:47:59,11516.82,5,24,3
15740,2025-04-02 08:21:55,18561.02,5,19,7
15741,2023-08-12 02:16:35,3888.12,3,22,2
15742,2025-01-06 04:27:29,11020.47,3,7,9
15743,2025-05-10 16:18:44,23452.83,1,5,4
15744,2023-11-28 14:02:13,17267.60,2,11,2
15745,2024-09-27 16:36:46,4384.95,5,4,2
15746,2023-10-29 19:52:53,11367.92,5,9,2
15747,2025-01-03 13:12:31,3179.61,3,7,4
15748,2024-02-11 04:51:50,14151.65,5,14,2
15749,2024-10-24 21:32:31,9067.18,3,7,2
15750,2023-06-20 01:05:02,13940.17,5,19,2
15751,2024-02-01 16:41:52,13337.13,2,6,2
15752,2024-01-31 22:27:49,11954.42,3,17,2
15753,2024-06-16 03:21:11,14556.48,2,1,2
15754,2023-10-17 09:48:06,12891.90,2,21,3
15755,2023-11-03 17:01:16,17253.61,5,14,8
15756,2025-03-22 04:53:27,4644.23,1,10,7
15757,2025-03-07 21:15:29,7771.36,3,17,2
15758,2024-09-12 10:44:04,8873.54,3,7,2
15759,2023-10-31 07:43:15,9084.78,3,12,6
15760,2024-12-07 08:50:52,10953.47,2,21,9
15761,2025-02-17 23:53:34,8767.88,4,23,2
15762,2023-08-23 19:54:25,320.10,2,21,8
15763,2025-04-25 23:03:37,22392.64,2,6,2
15764,2024-09-03 11:03:51,7968.84,3,12,2
15765,2023-11-15 22:38:03,12457.43,2,16,2
15766,2023-10-11 07:58:59,3199.50,2,11,2
15767,2024-04-25 20:11:00,12715.44,1,15,2
15768,2024-06-16 08:56:51,10789.64,4,18,7
15769,2024-05-23 16:24:17,731.08,2,21,2
15770,2023-10-31 02:30:06,4508.30,4,13,4
15771,2024-06-05 06:51:26,7675.88,2,16,2
15772,2024-07-08 12:04:53,7687.74,3,12,2
15773,2024-07-06 06:29:59,8092.53,3,7,3
15774,2024-05-27 18:13:08,9979.98,1,10,2
15775,2025-03-24 06:15:50,19834.55,5,9,3
15776,2023-11-09 02:49:14,18128.18,1,25,2
15777,2024-01-14 16:52:28,5413.36,4,13,2
15778,2025-03-29 10:26:32,10224.24,1,20,3
15779,2025-04-03 00:01:36,10204.46,5,14,3
15780,2023-08-08 16:01:52,116.31,1,25,18
15781,2024-07-04 11:34:02,10217.32,5,14,2
15782,2024-07-08 05:12:25,12552.77,5,24,2
15783,2024-04-15 13:35:30,2163.87,1,10,2
15784,2024-11-09 22:09:06,4541.75,4,13,2
15785,2025-04-16 03:26:48,3224.08,5,14,15
15786,2024-06-16 18:01:53,8316.04,1,10,5
15787,2024-10-04 10:02:31,16712.55,1,25,2
15788,2024-05-01 08:58:14,11111.75,1,10,2
15789,2025-05-18 02:20:24,5027.28,3,2,2
15790,2024-02-15 22:28:36,5663.74,1,20,3
15791,2024-11-25 18:48:41,9312.51,4,23,4
15792,2023-08-19 01:35:22,463.96,4,3,2
15793,2024-10-20 00:55:28,6055.61,3,7,2
15794,2025-05-19 00:51:53,14911.05,4,3,2
15795,2024-03-08 18:04:23,9592.57,2,6,2
15796,2024-10-05 03:43:31,1304.75,1,15,2
15797,2023-12-28 05:31:14,2841.54,3,2,2
15798,2024-07-28 18:35:41,10595.37,5,9,2
15799,2024-07-23 04:58:32,6625.68,1,25,2
15800,2024-10-16 16:27:36,10377.88,4,3,2
15801,2023-06-19 11:33:54,9703.07,2,1,2
15802,2024-11-11 02:50:26,8828.17,3,17,6
15803,2024-10-08 23:58:46,2186.81,5,9,2
15804,2024-08-26 14:39:15,12041.60,2,1,2
15805,2024-06-03 16:46:45,20176.32,2,11,2
15806,2024-02-27 06:32:21,5378.12,3,7,2
15807,2025-04-19 10:13:23,4653.69,2,1,3
15808,2024-06-07 23:41:03,9909.51,3,12,2
15809,2024-01-26 14:14:06,12718.79,5,4,9
15810,2025-01-10 13:19:43,11674.14,3,22,2
15811,2024-04-11 10:18:46,7034.59,1,5,2
15812,2024-05-02 05:07:18,9051.03,5,4,6
15813,2024-10-16 10:04:55,13075.03,3,7,2
15814,2024-04-28 22:11:14,14416.51,5,14,3
15815,2025-03-27 12:51:40,15704.18,5,4,5
15816,2023-10-04 18:59:53,578.33,3,2,5
15817,2024-09-19 04:10:22,3748.48,3,22,4
15818,2024-06-23 17:27:41,12111.84,1,20,2
15819,2024-05-17 00:36:32,16834.48,4,23,2
15820,2024-02-14 20:59:13,3637.72,4,18,2
15821,2024-10-18 23:53:59,10781.97,4,8,2
15822,2023-11-16 13:52:28,9100.21,3,22,3
15823,2023-06-12 09:01:49,1282.46,4,3,3
15824,2023-12-07 09:50:24,2078.72,5,9,6
15825,2024-11-14 13:01:22,5717.81,4,3,3
15826,2024-06-26 17:53:16,878.62,2,6,4
15827,2025-02-15 14:12:45,10111.54,4,23,2
15828,2024-04-17 15:09:08,10807.39,2,16,2
15829,2023-07-20 18:31:39,6263.45,5,9,3
15830,2024-08-16 11:04:35,5423.68,4,3,6
15831,2024-04-29 05:48:28,2167.04,3,2,2
15832,2023-12-01 01:20:40,8937.12,2,16,2
15833,2024-04-24 13:38:23,12942.08,5,4,3
15834,2023-11-09 11:35:03,13557.19,1,25,2
15835,2025-05-11 16:52:48,6430.01,3,2,2
15836,2023-12-15 13:23:34,1877.88,5,4,2
15837,2023-06-11 02:15:48,12631.49,5,14,2
15838,2025-05-05 13:45:27,8012.90,3,2,4
15839,2024-09-17 20:49:14,335.18,1,20,3
15840,2025-04-23 15:01:44,4762.16,4,13,2
15841,2025-01-26 23:49:41,17311.55,1,25,3
15842,2024-07-10 08:39:40,1835.71,5,4,2
15843,2025-04-08 07:48:27,2581.02,3,7,3
15844,2023-05-24 07:48:44,9703.28,1,10,2
15845,2024-02-12 09:35:20,9378.65,5,9,3
15846,2025-02-05 11:28:07,16778.75,4,18,7
15847,2023-08-19 07:06:31,2893.62,5,14,2
15848,2024-01-18 22:48:17,10234.66,3,2,3
15849,2024-08-04 13:15:47,1463.72,4,23,2
15850,2025-04-30 02:51:14,9199.64,3,2,6
15851,2024-12-31 12:22:18,11925.92,5,9,2
15852,2023-08-05 18:48:33,2886.66,3,12,2
15853,2023-11-07 11:51:30,12328.58,3,7,2
15854,2023-08-28 14:29:38,8323.20,1,25,2
15855,2024-09-09 16:53:29,15767.58,5,9,6
15856,2024-02-23 02:12:36,15559.10,5,24,2
15857,2025-04-02 17:09:23,9081.02,4,3,12
15858,2024-07-19 03:19:32,9136.09,2,16,2
15859,2023-12-26 04:59:48,5945.53,4,3,2
15860,2024-05-24 12:50:48,11043.12,2,11,3
15861,2023-11-16 13:01:34,157.08,2,1,2
15862,2024-08-31 01:42:26,2630.97,1,5,2
15863,2024-01-05 07:51:39,5058.00,1,10,2
15864,2024-05-12 17:46:04,6998.62,5,14,3
15865,2024-11-24 11:35:22,15560.29,2,21,3
15866,2024-01-17 03:05:13,12650.47,1,10,2
15867,2023-07-05 23:48:13,11551.09,1,15,2
15868,2023-08-21 21:05:25,8110.35,4,13,2
15869,2023-07-04 09:31:18,9352.15,2,1,12
15870,2024-06-30 06:59:04,15927.92,4,18,2
15871,2025-02-16 14:55:47,7381.31,1,10,3
15872,2023-11-04 09:05:08,9961.61,2,11,2
15873,2024-06-08 17:26:33,12052.59,1,5,5
15874,2024-09-28 03:54:00,1439.79,3,17,2
15875,2024-02-12 22:37:27,13582.52,2,1,2
15876,2024-10-06 03:26:30,10355.06,1,5,2
15877,2025-05-10 13:58:10,1687.28,1,25,2
15878,2025-02-02 17:12:32,6173.44,1,15,2
15879,2025-02-22 18:51:46,11065.55,3,7,2
15880,2024-03-04 05:30:29,18780.17,1,25,5
15881,2024-07-22 12:35:41,19606.90,4,3,4
15882,2025-05-04 16:37:16,4787.15,4,8,2
15883,2025-04-02 12:18:53,17697.51,5,4,4
15884,2024-03-26 19:14:35,3065.81,2,11,2
15885,2025-02-28 22:54:06,1899.01,3,2,2
15886,2023-08-05 04:29:31,13394.97,5,19,3
15887,2024-12-06 14:29:02,14823.10,1,5,12
15888,2023-07-10 20:05:00,9622.15,5,4,2
15889,2023-10-30 02:12:31,3199.59,2,16,9
15890,2024-07-26 08:27:00,4534.60,4,23,4
15891,2023-12-19 11:11:21,12978.63,4,23,2
15892,2024-10-01 05:58:10,13254.25,2,16,2
15893,2024-03-30 05:50:02,13247.98,3,2,3
15894,2023-06-13 01:39:16,15477.13,2,16,6
15895,2025-05-05 18:46:48,12948.15,4,18,2
15896,2023-10-24 18:12:17,18807.23,4,8,2
15897,2024-01-30 18:46:25,1772.07,3,7,6
15898,2025-01-18 09:03:46,4362.30,4,23,2
15899,2023-07-06 18:35:52,14359.26,5,19,2
15900,2025-04-17 21:24:56,1885.20,5,19,2
15901,2024-09-26 21:44:13,15419.91,3,7,3
15902,2025-01-16 17:48:14,10732.18,3,22,2
15903,2025-04-20 11:13:27,16398.46,3,22,2
15904,2025-03-02 05:36:33,18058.42,4,13,2
15905,2025-05-06 08:17:23,6831.84,5,9,2
15906,2023-10-20 22:18:37,1274.31,5,24,3
15907,2024-06-30 21:34:28,11893.95,4,18,6
15908,2024-11-19 02:33:55,426.92,1,5,2
15909,2024-08-21 16:49:39,16556.29,4,13,2
15910,2023-08-23 04:38:40,10630.58,1,25,5
15911,2023-06-03 09:48:32,2737.76,5,4,3
15912,2025-01-02 16:19:36,9157.34,4,18,3
15913,2024-07-23 04:41:04,6228.68,5,14,2
15914,2025-03-16 02:16:05,11080.52,4,8,5
15915,2023-12-31 22:42:03,2884.21,4,8,5
15916,2024-06-05 17:39:26,10878.38,3,22,3
15917,2023-09-27 19:44:56,10980.89,3,12,2
15918,2024-01-31 08:39:42,6584.70,5,19,2
15919,2024-02-23 14:43:07,11853.55,4,8,6
15920,2024-08-05 07:01:11,9247.05,5,14,2
15921,2024-05-30 15:30:19,6272.67,2,1,11
15922,2023-07-15 16:45:14,16975.47,4,3,2
15923,2024-03-28 13:07:01,8265.74,4,8,2
15924,2025-02-04 19:14:11,10276.12,1,10,3
15925,2023-11-23 21:03:12,1533.23,1,25,2
15926,2024-07-21 13:51:20,3267.76,2,6,2
15927,2023-09-09 08:07:01,9604.93,4,3,3
15928,2023-06-11 06:29:50,1011.55,4,18,13
15929,2023-07-20 04:28:16,5483.46,2,21,2
15930,2024-08-31 03:11:53,12787.86,3,22,14
15931,2024-10-19 09:18:43,1534.02,2,21,2
15932,2025-04-17 22:18:39,10620.32,5,24,3
15933,2024-07-18 21:40:05,8601.91,4,23,2
15934,2023-12-29 19:34:40,4316.85,4,3,4
15935,2023-09-24 02:12:14,10918.47,2,11,2
15936,2024-07-11 13:49:04,12311.43,2,21,2
15937,2024-01-24 01:47:19,3121.36,5,14,3
15938,2024-02-29 10:39:21,8448.72,4,18,2
15939,2025-05-21 11:37:18,12381.39,3,2,2
15940,2025-04-15 18:31:17,7797.49,3,12,2
15941,2025-03-08 08:26:48,20409.89,4,8,3
15942,2024-12-22 12:38:29,12168.39,2,21,13
15943,2024-12-12 11:48:16,14688.02,2,16,2
15944,2023-11-23 06:20:57,2954.13,4,3,2
15945,2024-01-11 04:53:41,9288.99,5,24,3
15946,2024-10-15 03:41:44,3794.05,4,13,6
15947,2023-12-29 17:48:53,3542.11,3,17,4
15948,2024-06-21 12:15:47,6786.34,5,24,2
15949,2023-12-01 08:20:22,9664.16,2,16,4
15950,2023-08-10 01:43:54,13653.80,3,2,2
15951,2024-07-21 16:07:59,6128.41,1,20,2
15952,2023-09-11 04:43:25,11705.50,2,6,2
15953,2024-05-11 23:35:18,14281.20,3,22,4
15954,2024-07-19 21:37:08,411.52,5,24,2
15955,2024-10-17 09:54:34,5445.86,3,2,5
15956,2024-06-04 05:39:55,223.52,2,21,2
15957,2024-12-07 06:07:41,6926.06,3,17,2
15958,2024-03-12 07:45:55,7218.71,3,2,2
15959,2024-03-05 23:15:57,12540.25,1,15,2
15960,2023-10-10 15:37:33,11399.82,4,23,2
15961,2024-06-30 04:28:29,5808.63,5,14,2
15962,2023-08-14 10:57:42,9005.35,3,7,3
15963,2025-03-18 06:27:18,14760.23,2,16,2
15964,2024-12-29 13:37:16,8648.79,4,23,3
15965,2024-09-23 01:44:21,21449.53,2,1,2
15966,2023-07-11 01:53:36,13328.27,2,16,2
15967,2024-04-16 17:09:01,17226.09,4,13,3
15968,2025-02-24 01:50:28,6298.17,4,23,3
15969,2024-12-05 08:47:09,7838.70,5,4,2
15970,2025-04-23 05:41:31,19114.61,5,4,2
15971,2024-10-18 12:17:26,9586.42,2,1,4
15972,2024-12-25 12:22:07,202.40,3,7,6
15973,2025-01-18 06:02:41,871.17,2,11,3
15974,2025-05-08 20:52:19,2551.43,5,19,3
15975,2024-04-15 18:31:44,7648.50,2,1,2
15976,2023-05-24 19:15:59,19561.79,4,18,2
15977,2024-06-15 16:12:10,12951.76,4,3,2
15978,2024-08-18 12:10:17,6228.32,2,21,2
15979,2023-09-14 17:15:02,23180.32,3,12,2
15980,2024-09-20 15:27:13,782.72,1,15,2
15981,2024-12-30 21:29:23,17205.59,2,1,3
15982,2024-08-11 17:10:59,8933.74,2,16,2
15983,2024-07-10 09:33:17,6490.31,5,14,2
15984,2024-06-28 07:16:44,7373.14,5,9,3
15985,2024-12-05 01:14:12,4875.74,3,2,2
15986,2024-09-10 07:59:08,7195.27,2,16,3
15987,2024-03-21 09:51:16,9330.94,1,25,4
15988,2024-04-04 16:32:46,1301.63,4,13,2
15989,2024-10-02 00:46:20,6225.00,5,19,2
15990,2024-05-12 06:15:36,7949.96,4,23,3
15991,2023-08-27 12:23:56,15466.28,3,17,36
15992,2024-01-25 09:52:10,3112.23,5,24,11
15993,2025-03-28 12:58:30,13586.84,4,18,5
15994,2024-12-27 01:20:05,9510.83,3,12,2
15995,2024-11-02 20:11:54,13892.00,4,8,12
15996,2024-01-17 08:20:15,9732.98,1,25,2
15997,2023-12-10 00:09:51,11059.05,3,12,2
15998,2023-06-05 20:16:26,8771.74,2,16,5
15999,2024-01-07 07:26:03,9227.32,3,2,2
16000,2023-10-09 00:09:52,1617.07,1,15,2
16001,2024-11-30 06:21:27,3220.18,1,20,2
16002,2024-12-20 12:16:24,8386.92,4,18,2
16003,2025-03-16 00:38:12,15872.22,3,17,4
16004,2024-11-02 22:33:16,13871.88,3,12,2
16005,2023-09-19 15:14:25,7248.06,3,12,3
16006,2024-11-25 11:54:29,6723.20,2,1,4
16007,2024-08-05 16:08:43,12503.28,3,12,3
16008,2024-10-07 09:38:09,591.32,3,22,3
16009,2024-06-25 18:51:18,8450.05,4,13,2
16010,2023-12-16 20:33:10,14495.22,2,16,4
16011,2024-02-17 18:14:44,7311.95,5,4,2
16012,2024-02-15 11:35:53,7179.38,4,8,2
16013,2023-07-19 05:37:36,10547.99,3,22,2
16014,2024-02-11 19:17:41,10029.02,4,23,2
16015,2024-09-15 02:25:29,16768.98,5,19,2
16016,2023-11-02 23:28:53,7033.34,2,21,2
16017,2025-04-13 19:44:54,1795.29,1,5,2
16018,2025-01-25 13:25:43,4545.97,4,8,3
16019,2024-07-15 09:32:30,5551.50,2,6,2
16020,2024-11-01 09:31:26,10046.20,4,18,2
16021,2024-09-06 22:42:14,4030.10,2,1,2
16022,2024-11-13 16:47:06,2271.00,5,24,2
16023,2025-03-30 16:28:18,4730.37,2,11,5
16024,2025-05-06 18:29:11,655.08,2,21,2
16025,2024-01-07 03:38:52,8169.01,5,4,7
16026,2024-01-12 02:36:15,608.52,3,2,2
16027,2025-01-07 21:37:07,14428.63,5,9,2
16028,2023-09-02 12:08:29,10717.45,1,10,2
16029,2024-07-31 04:18:51,15666.08,5,24,6
16030,2025-03-19 09:20:07,6989.90,2,21,2
16031,2024-01-13 08:43:06,16331.37,2,16,2
16032,2023-09-14 00:26:49,989.98,4,13,2
16033,2024-09-15 03:58:14,4382.25,5,24,3
16034,2023-12-29 01:45:10,4702.02,5,24,2
16035,2024-11-12 11:17:15,17188.53,2,11,2
16036,2025-03-11 12:56:16,2463.24,5,14,4
16037,2023-12-16 10:22:50,777.27,3,12,2
16038,2023-11-22 17:30:39,5883.72,3,22,2
16039,2023-06-10 12:51:14,16487.85,5,9,2
16040,2024-07-13 04:32:13,8292.67,2,6,2
16041,2025-02-05 03:17:32,36.62,2,11,15
16042,2023-10-09 23:41:03,14002.86,4,13,2
16043,2024-04-28 06:44:42,6114.60,2,21,4
16044,2023-11-30 19:05:50,8086.97,4,23,19
16045,2025-05-19 20:50:25,7652.62,1,20,2
16046,2023-10-02 15:53:57,1182.64,3,12,2
16047,2025-05-21 03:32:23,6405.06,3,7,15
16048,2024-09-19 07:18:36,14586.31,5,19,2
16049,2024-09-17 13:14:19,6297.30,1,15,2
16050,2025-02-28 03:33:54,3222.06,4,8,13
16051,2024-05-16 16:20:45,14845.08,4,23,2
16052,2024-03-16 07:57:29,17913.49,5,24,2
16053,2025-04-01 01:09:01,15214.88,1,15,2
16054,2024-04-01 18:13:09,21420.39,4,3,2
16055,2023-10-18 12:22:53,16907.62,2,11,2
16056,2024-10-04 07:30:21,6577.41,4,8,3
16057,2024-05-28 08:33:22,9645.57,1,15,132
16058,2025-05-11 17:40:06,11050.37,1,10,2
16059,2023-09-07 06:21:13,20798.58,5,14,2
16060,2025-02-09 16:09:08,17469.39,4,3,2
16061,2024-09-20 14:03:38,17370.62,5,24,3
16062,2024-10-30 02:35:44,7977.66,2,6,2
16063,2023-08-11 16:25:53,4197.77,3,17,3
16064,2025-04-23 21:58:30,16179.89,1,5,2
16065,2023-07-16 18:47:29,9980.89,1,25,2
16066,2024-07-16 15:47:27,9653.94,2,21,3
16067,2025-01-18 04:16:38,14046.27,4,3,2
16068,2023-08-24 11:57:14,8717.72,4,13,9
16069,2025-01-10 03:00:42,9503.11,2,16,2
16070,2025-02-28 12:46:23,4232.99,2,11,2
16071,2024-11-01 08:23:32,7889.77,4,18,2
16072,2023-05-27 12:16:03,12704.33,2,6,2
16073,2023-07-06 08:52:55,7976.02,3,7,2
16074,2023-10-07 15:27:30,4770.25,2,16,2
16075,2024-01-03 08:33:44,8959.65,5,14,2
16076,2023-07-02 03:56:38,8133.59,1,5,3
16077,2025-05-21 19:20:47,3409.40,5,14,2
16078,2023-08-23 04:43:13,13654.82,2,6,2
16079,2023-08-23 20:20:10,1768.78,3,22,2
16080,2024-12-11 13:28:15,15929.27,5,19,2
16081,2024-11-03 03:07:47,3220.38,2,1,9
16082,2024-12-19 15:17:31,15526.45,1,10,4
16083,2023-12-04 03:25:29,4918.12,4,8,7
16084,2024-02-16 05:47:50,10941.39,3,12,7
16085,2024-02-09 13:04:50,4617.71,3,22,2
16086,2024-11-16 10:54:41,14296.24,4,3,21
16087,2023-10-02 12:43:34,3544.08,5,19,5
16088,2025-01-25 16:05:10,516.52,1,15,2
16089,2024-03-31 21:39:34,1574.18,4,23,3
16090,2025-02-05 14:08:07,6024.08,1,25,3
16091,2025-02-04 21:05:53,4349.21,4,18,2
16092,2025-04-23 20:14:55,531.47,5,9,3
16093,2023-05-30 13:20:03,3480.36,5,9,5
16094,2025-05-15 18:28:02,13181.07,4,18,3
16095,2023-08-30 14:28:30,5719.83,4,18,2
16096,2024-05-30 12:20:50,6132.61,3,12,5
16097,2024-03-29 22:49:42,14457.92,1,20,2
16098,2024-10-25 20:28:29,7900.90,1,15,2
16099,2023-11-23 09:00:34,2839.17,2,1,5
16100,2025-04-28 06:05:48,6724.07,3,7,2
16101,2025-01-17 08:08:13,5957.93,1,10,3
16102,2023-10-27 12:30:57,12010.17,2,1,2
16103,2025-04-20 00:08:17,12124.79,4,13,2
16104,2024-07-18 14:32:07,1757.83,1,25,2
16105,2023-07-25 20:25:34,10707.88,4,23,5
16106,2024-07-17 00:32:22,11588.62,5,9,2
16107,2024-11-24 18:30:27,11959.67,1,20,3
16108,2024-04-07 22:31:20,7359.03,5,4,3
16109,2023-09-13 02:52:58,2271.15,3,22,2
16110,2024-03-29 08:51:04,15645.53,5,19,3
16111,2024-03-11 11:46:16,7551.80,5,4,2
16112,2025-04-18 21:06:52,6504.21,5,19,2
16113,2025-04-20 06:27:30,11962.07,1,15,2
16114,2023-06-03 04:30:41,2481.26,2,21,2
16115,2025-02-23 21:13:32,8301.99,1,25,2
16116,2025-01-23 09:20:06,14610.28,2,1,6
16117,2023-11-16 10:12:51,982.62,1,10,2
16118,2023-09-08 16:00:49,10809.28,1,15,43
16119,2024-05-31 20:56:25,2873.16,3,12,2
16120,2023-09-16 12:58:04,2251.77,2,11,2
16121,2023-08-26 14:52:57,7028.03,5,4,6
16122,2025-03-19 17:28:24,780.08,2,11,4
16123,2025-01-27 20:43:41,1856.64,4,18,2
16124,2025-04-27 03:05:32,9610.65,5,9,4
16125,2023-10-07 00:13:28,15115.15,5,24,2
16126,2023-11-26 17:14:34,5613.01,2,21,2
16127,2023-09-14 07:26:56,11388.80,1,10,2
16128,2024-06-08 21:26:39,8841.78,2,11,2
16129,2025-05-04 17:32:54,6280.52,2,11,16
16130,2024-10-14 11:24:00,6707.47,4,3,7
16131,2024-11-08 20:21:29,8941.48,3,17,3
16132,2024-12-13 22:39:01,7218.53,3,22,3
16133,2024-07-20 08:48:36,1800.72,4,18,2
16134,2023-08-07 18:21:09,15663.56,3,7,2
16135,2023-07-06 15:34:28,17138.26,2,16,2
16136,2024-04-29 13:40:32,15159.13,2,11,2
16137,2024-10-27 21:16:55,14226.93,5,9,2
16138,2025-05-21 16:02:31,22290.22,3,2,2
16139,2025-03-06 06:28:06,3806.08,2,6,4
16140,2023-12-09 07:44:45,7520.94,5,24,3
16141,2024-12-03 05:23:23,6414.86,4,13,2
16142,2023-11-23 18:01:27,11850.22,3,17,5
16143,2023-11-22 12:03:52,4393.10,4,18,3
16144,2024-04-22 01:25:25,846.50,4,13,2
16145,2024-06-03 10:24:45,4301.05,3,7,3
16146,2023-06-29 03:54:33,7262.57,3,17,4
16147,2025-04-05 02:26:16,2679.34,4,13,2
16148,2023-12-29 16:20:49,13372.85,3,17,2
16149,2023-12-26 09:09:08,11893.46,4,23,2
16150,2024-06-21 18:58:41,5007.18,5,14,3
16151,2024-01-11 04:02:54,8919.63,4,23,3
16152,2024-04-02 09:51:13,1594.60,5,9,2
16153,2025-04-15 08:00:32,10165.40,1,20,4
16154,2023-11-17 13:51:18,3654.88,4,23,2
16155,2024-12-14 06:41:39,9411.95,3,7,2
16156,2024-08-25 01:15:28,12475.65,2,11,2
16157,2025-04-16 13:00:22,4144.64,4,13,3
16158,2024-09-02 03:31:46,4038.23,4,13,2
16159,2025-02-14 14:59:13,1612.04,2,11,3
16160,2024-07-03 08:40:12,2755.84,2,1,2
16161,2023-07-23 09:06:31,232.90,2,6,2
16162,2023-08-04 05:49:52,4168.11,1,5,2
16163,2023-06-29 00:29:01,10707.67,5,4,2
16164,2024-09-28 08:14:01,18358.26,4,3,6
16165,2024-09-03 09:24:16,2422.84,3,7,6
16166,2023-06-27 00:50:10,4660.45,3,22,3
16167,2024-10-12 13:06:17,14730.80,3,7,2
16168,2024-06-12 03:01:27,9977.02,4,23,3
16169,2023-11-05 15:33:31,12046.72,3,17,2
16170,2023-08-01 15:02:50,2467.11,3,7,4
16171,2023-11-12 17:15:59,11533.75,1,5,2
16172,2025-05-05 10:53:56,18381.32,3,2,2
16173,2023-08-24 05:57:18,10263.16,3,22,3
16174,2023-08-19 07:11:19,2227.85,4,13,3
16175,2023-06-06 22:01:38,13737.03,4,18,4
16176,2023-09-13 06:50:52,12253.05,2,1,2
16177,2024-12-15 16:50:57,6636.82,2,21,2
16178,2025-03-18 04:11:32,20417.93,1,10,8
16179,2024-02-19 15:49:49,19326.77,5,9,2
16180,2025-03-14 14:35:13,8795.06,2,16,2
16181,2024-02-26 08:01:11,183.10,1,25,3
16182,2024-04-10 15:39:21,12878.25,5,24,2
16183,2023-09-07 23:04:16,13880.07,4,18,2
16184,2024-07-23 00:12:31,7400.70,4,13,2
16185,2024-11-16 16:35:15,7291.08,3,12,2
16186,2023-11-30 14:42:50,11086.15,1,5,2
16187,2024-12-07 05:54:26,6419.72,4,23,2
16188,2024-09-21 06:32:58,10922.26,4,23,2
16189,2023-06-16 22:19:06,2656.30,2,1,3
16190,2025-05-07 09:09:32,11739.13,2,11,4
16191,2025-04-28 15:58:40,13067.03,2,11,4
16192,2024-11-19 19:18:40,19086.89,3,7,2
16193,2024-04-09 19:53:34,10292.88,1,10,3
16194,2023-12-12 20:23:58,14479.09,5,24,2
16195,2023-08-15 15:46:35,5536.71,2,11,2
16196,2024-03-04 15:29:19,5996.47,4,13,5
16197,2024-07-09 19:15:57,15779.65,1,15,2
16198,2024-10-10 06:25:29,11486.00,3,7,2
16199,2023-11-09 20:18:04,10140.85,3,2,8
16200,2024-11-07 08:59:50,8241.66,4,18,2
16201,2023-07-23 03:56:29,5173.50,3,22,3
16202,2023-10-09 20:46:55,4212.30,5,24,2
16203,2023-07-27 07:54:33,7080.06,2,16,2
16204,2024-10-30 02:23:49,6466.97,2,6,2
16205,2024-01-07 12:11:48,9700.72,3,17,2
16206,2025-04-17 03:01:04,10973.22,2,1,2
16207,2023-11-23 16:18:46,12226.52,1,15,13
16208,2025-02-06 02:52:53,7516.53,4,23,2
16209,2024-03-08 19:37:20,585.45,5,24,2
16210,2024-06-05 03:21:26,3009.38,2,6,2
16211,2024-08-10 02:00:19,253.00,1,15,2
16212,2024-12-16 20:39:42,10171.47,1,15,2
16213,2023-07-29 15:57:21,10914.49,1,25,6
16214,2024-05-30 13:32:37,2880.34,2,16,2
16215,2023-09-14 05:35:29,101.20,3,22,4
16216,2024-08-24 18:29:46,3776.96,1,25,2
16217,2024-07-18 12:57:35,1631.16,2,21,2
16218,2023-06-09 10:12:38,2010.31,5,4,3
16219,2024-09-23 09:47:42,4863.98,5,9,2
16220,2024-11-13 16:37:03,11433.50,5,14,4
16221,2023-06-15 16:01:48,8201.96,4,3,3
16222,2024-07-20 18:15:30,15671.86,3,17,2
16223,2024-10-28 08:41:06,11258.72,5,9,2
16224,2023-06-14 03:29:47,10965.76,5,9,2
16225,2025-03-07 23:32:34,16807.14,5,19,2
16226,2025-03-12 15:18:47,9777.86,4,3,2
16227,2024-09-13 10:59:07,7499.92,4,3,3
16228,2023-08-10 13:18:21,15768.59,4,8,2
16229,2024-07-22 21:27:14,4693.50,5,9,2
16230,2024-01-06 15:40:33,11458.11,3,2,2
16231,2024-10-07 10:06:32,20807.76,3,22,2
16232,2025-04-19 23:32:15,2077.75,4,3,8
16233,2024-10-28 13:25:35,2702.10,1,25,3
16234,2024-11-17 19:50:04,15551.87,4,8,2
16235,2024-03-14 15:45:53,11346.17,3,17,2
16236,2025-01-09 13:25:18,5840.49,2,16,3
16237,2024-03-29 06:09:02,667.62,4,23,2
16238,2025-02-24 15:12:55,2287.42,1,5,2
16239,2024-09-19 19:11:04,213.46,3,17,29
16240,2023-10-27 17:01:26,6562.56,1,20,3
16241,2023-07-25 17:18:37,7941.45,5,14,5
16242,2024-03-18 04:45:39,13426.42,3,2,5
16243,2025-02-14 00:18:56,10447.36,5,19,2
16244,2025-01-11 07:06:38,705.68,4,23,8
16245,2023-12-17 01:17:09,17566.33,3,2,3
16246,2024-12-17 22:25:12,16206.99,5,4,2
16247,2024-11-30 10:46:25,14551.75,1,10,3
16248,2023-07-22 14:50:32,7676.24,4,18,2
16249,2025-02-24 09:34:20,5334.39,3,7,2
16250,2023-12-21 01:15:55,5617.54,1,15,2
16251,2023-12-29 07:09:15,10761.25,2,6,3
16252,2024-07-20 01:10:38,744.59,3,2,2
16253,2024-06-21 04:51:42,2269.47,3,12,2
16254,2023-06-19 12:26:59,8550.65,4,23,2
16255,2023-06-06 15:02:48,8825.48,3,2,2
16256,2024-04-26 09:50:41,2887.28,1,20,2
16257,2023-08-17 21:00:10,18789.06,5,4,2
16258,2023-10-22 19:30:10,7436.60,5,14,2
16259,2023-08-30 09:44:45,8592.61,3,12,5
16260,2024-06-25 08:29:52,9276.74,2,21,2
16261,2024-09-05 18:08:26,2441.72,1,15,2
16262,2024-08-27 01:47:03,3492.28,3,2,2
16263,2023-10-01 07:21:15,5127.44,2,16,4
16264,2023-11-22 03:33:46,11289.23,4,13,20
16265,2023-10-06 03:31:15,13253.75,3,17,2
16266,2024-12-16 07:22:43,1169.80,5,9,3
16267,2024-07-21 15:27:16,10956.23,1,5,2
16268,2024-08-22 09:11:16,8158.90,1,10,2
16269,2025-03-20 10:19:17,6107.27,5,24,2
16270,2024-02-25 20:56:56,15621.96,5,9,3
16271,2024-12-11 01:15:14,11738.41,1,15,2
16272,2024-11-24 06:16:34,3240.23,1,25,2
16273,2023-05-26 00:24:52,3807.15,4,13,2
16274,2023-11-07 01:46:50,7225.38,3,2,4
16275,2024-09-03 20:33:17,10784.00,5,9,5
16276,2025-01-09 01:42:05,10852.56,3,17,2
16277,2024-06-07 15:16:54,11012.39,2,1,22
16278,2024-12-28 18:38:31,9497.37,5,14,2
16279,2025-02-25 01:47:54,13324.89,4,8,7
16280,2025-01-10 18:42:45,2530.92,4,13,59
16281,2023-11-07 12:02:43,16291.33,3,2,2
16282,2025-02-05 16:34:20,12471.58,3,2,3
16283,2024-04-24 22:55:24,3019.81,1,20,3
16284,2023-12-14 04:09:45,6436.13,1,20,2
16285,2024-03-16 09:51:44,8573.88,1,5,8
16286,2024-07-19 13:21:08,15176.55,1,25,2
16287,2024-06-08 02:17:03,8035.67,4,18,7
16288,2024-10-28 01:45:36,7245.96,3,2,2
16289,2023-11-17 20:39:00,7784.48,3,12,2
16290,2023-09-15 23:27:09,11646.83,5,24,2
16291,2023-11-14 04:33:11,2139.70,3,17,4
16292,2025-04-25 08:04:08,13812.59,1,25,3
16293,2023-07-20 09:19:45,1353.06,3,7,2
16294,2023-05-29 15:47:11,8855.30,3,7,2
16295,2024-08-12 15:04:11,11308.92,1,5,15
16296,2023-11-21 01:03:14,5851.97,3,12,4
16297,2024-11-30 12:55:39,6231.86,5,4,4
16298,2024-12-14 00:32:40,10709.73,4,8,2
16299,2024-09-11 08:24:45,4006.80,2,16,2
16300,2024-12-26 17:25:48,6408.65,5,24,2
16301,2025-03-22 16:24:59,6955.63,5,4,2
16302,2024-12-22 22:48:41,2692.39,3,17,3
16303,2025-02-13 04:28:39,811.36,5,24,7
16304,2023-08-03 01:41:17,227.09,2,11,2
16305,2024-04-30 07:46:43,5436.29,4,8,2
16306,2025-05-16 22:46:22,6645.77,2,16,5
16307,2023-08-04 03:27:30,13232.00,4,13,2
16308,2024-12-06 09:13:29,12920.32,1,10,2
16309,2024-04-20 20:42:53,11480.28,3,17,25
16310,2024-09-13 07:34:17,5344.69,2,6,3
16311,2023-07-14 16:31:32,21748.83,1,5,2
16312,2024-04-25 09:58:25,1295.84,1,15,2
16313,2024-07-14 01:02:12,16212.53,3,22,3
16314,2024-03-04 21:06:19,14263.84,3,2,3
16315,2025-01-24 22:14:00,9311.90,4,18,2
16316,2025-03-28 07:45:30,14632.45,4,8,15
16317,2024-04-07 11:44:25,6952.92,2,21,14
16318,2024-06-27 00:18:21,6869.62,4,18,2
16319,2024-03-17 22:27:18,9968.43,3,12,2
16320,2024-03-25 12:36:37,11973.63,2,21,14
16321,2024-09-19 13:28:25,4605.17,5,4,2
16322,2024-03-07 07:02:45,9870.25,1,25,2
16323,2024-05-04 21:39:17,3507.96,3,22,2
16324,2024-12-04 21:38:39,5104.14,3,22,4
16325,2023-11-15 15:56:20,5282.77,4,18,2
16326,2024-07-24 00:54:47,146.48,2,21,2
16327,2024-12-17 17:54:01,4552.59,3,12,2
16328,2024-05-02 14:06:27,1508.16,3,2,3
16329,2024-09-15 00:45:43,14549.40,3,7,3
16330,2024-04-07 06:24:42,6613.56,1,15,2
16331,2024-02-08 17:32:07,12838.47,5,14,2
16332,2024-03-03 10:41:56,14678.07,3,22,4
16333,2023-09-08 06:55:34,18223.19,5,19,22
16334,2024-12-05 07:45:24,14514.07,5,14,2
16335,2025-04-22 19:45:09,13078.27,4,18,2
16336,2024-11-15 01:50:09,16308.90,2,21,35
16337,2023-12-01 10:30:40,11111.74,1,20,6
16338,2024-10-14 01:36:12,4757.18,3,12,2
16339,2024-07-25 19:49:24,6456.48,1,20,2
16340,2024-08-22 10:38:23,6228.98,2,21,2
16341,2024-08-21 15:46:58,15073.01,2,6,2
16342,2025-03-22 17:25:02,5898.37,1,20,2
16343,2024-09-02 12:28:04,678.32,4,8,5
16344,2025-01-09 12:18:00,10762.31,5,24,2
16345,2024-10-31 21:09:46,2769.75,2,6,3
16346,2024-07-16 04:08:40,15097.85,1,10,2
16347,2025-04-19 18:55:04,5853.21,2,11,2
16348,2025-02-28 11:52:38,8480.78,1,15,2
16349,2024-04-26 02:55:09,9405.86,3,17,5
16350,2024-09-18 14:13:24,3492.28,2,16,12
16351,2023-11-21 05:58:35,3908.70,1,10,8
16352,2024-11-07 04:12:09,15903.68,1,10,2
16353,2024-10-03 11:58:30,13964.37,3,17,2
16354,2024-08-18 15:49:09,2054.35,3,2,20
16355,2025-03-16 02:00:18,9692.40,5,14,3
16356,2023-10-26 14:53:17,20626.24,3,22,110
16357,2025-01-20 14:57:49,11411.31,3,2,2
16358,2023-09-07 03:53:55,7925.48,3,12,2
16359,2025-02-15 07:15:44,6583.32,5,9,2
16360,2025-04-12 20:55:08,3507.96,4,3,10
16361,2025-01-17 13:59:59,11378.00,4,13,2
16362,2024-04-07 06:06:16,10621.70,5,4,3
16363,2024-04-14 01:32:59,2862.55,5,14,2
16364,2024-05-11 06:03:11,1520.02,5,19,2
16365,2023-07-11 01:39:30,2040.56,1,20,2
16366,2024-07-10 20:43:11,16078.19,4,18,5
16367,2024-12-15 11:08:41,13878.34,2,11,8
16368,2024-12-08 02:08:04,11063.91,4,3,2
16369,2025-02-27 16:08:59,3947.83,1,25,3
16370,2024-04-12 21:39:07,5537.19,4,3,3
16371,2024-07-10 03:53:06,4442.67,4,13,2
16372,2025-02-07 02:30:32,2439.69,1,5,2
16373,2023-12-06 12:02:45,13000.83,5,9,2
16374,2024-10-05 07:32:32,7114.09,3,22,2
16375,2023-11-23 01:39:50,12637.70,4,8,6
16376,2024-10-29 23:53:22,1141.61,1,10,2
16377,2024-06-08 03:15:12,11679.09,3,12,2
16378,2025-01-01 01:05:07,7422.84,1,20,2
16379,2024-07-24 23:41:50,18342.95,1,15,3
16380,2023-08-25 09:34:27,6372.68,1,20,2
16381,2024-07-26 17:36:19,5367.85,2,1,2
16382,2023-11-17 22:11:55,3566.34,1,5,2
16383,2024-09-10 16:39:12,8871.07,3,2,2
16384,2024-07-01 09:09:58,12652.58,1,10,3
16385,2023-10-19 07:02:48,8906.45,1,15,5
16386,2025-02-02 00:09:12,5445.30,5,24,2
16387,2023-11-30 21:00:54,13598.90,3,2,3
16388,2025-02-21 14:04:07,899.00,4,13,2
16389,2024-09-22 04:00:15,1593.60,1,15,2
16390,2024-07-07 17:58:36,1772.04,4,13,3
16391,2024-11-08 14:16:18,1798.13,3,17,4
16392,2023-07-01 00:01:13,16835.74,2,21,69
16393,2024-10-06 02:15:34,8150.06,4,23,2
16394,2024-07-21 14:46:54,9933.48,1,5,2
16395,2024-04-27 12:40:55,12000.87,5,9,2
16396,2024-08-13 17:23:08,12123.25,1,15,4
16397,2024-02-11 01:19:19,8563.39,3,12,2
16398,2023-11-17 08:04:55,10951.20,4,8,12
16399,2024-01-25 00:08:45,6879.17,2,21,2
16400,2024-01-31 03:13:53,16797.18,1,25,2
16401,2024-03-26 02:02:04,7646.49,4,18,2
16402,2024-02-06 08:55:43,1515.28,5,14,157
16403,2023-12-10 06:32:53,13523.90,4,3,9
16404,2024-07-30 04:24:44,1399.30,1,25,3
16405,2024-03-06 03:55:57,5070.10,3,17,3
16406,2024-10-19 12:40:44,9301.11,1,10,21
16407,2023-08-06 09:28:02,1001.56,1,25,2
16408,2024-12-29 00:26:47,15498.82,3,22,2
16409,2025-03-05 07:30:50,4225.25,3,7,3
16410,2023-10-22 07:10:43,9637.27,3,22,2
16411,2023-08-29 09:44:19,1221.46,4,23,2
16412,2024-06-22 06:16:42,13168.42,3,2,4
16413,2024-01-11 14:50:48,7375.98,3,12,4
16414,2025-03-24 12:27:16,10687.45,5,14,7
16415,2023-08-03 13:22:20,11974.22,5,19,2
16416,2024-11-08 13:35:00,13977.01,2,6,2
16417,2025-03-11 11:30:36,5908.47,4,3,2
16418,2024-12-19 09:33:15,7580.79,1,5,5
16419,2023-07-12 12:39:17,6907.67,3,7,14
16420,2024-05-27 21:13:23,12491.40,3,2,6
16421,2023-11-27 03:52:56,4063.32,3,17,2
16422,2024-08-02 05:47:02,8998.29,3,2,2
16423,2024-04-21 11:34:52,15253.45,2,6,2
16424,2024-03-13 17:13:19,5189.09,1,5,2
16425,2025-02-03 18:47:14,6775.18,3,7,2
16426,2024-03-14 13:54:56,15542.64,4,3,2
16427,2024-03-20 02:59:55,7949.18,2,16,2
16428,2023-06-05 01:05:12,19653.20,2,11,4
16429,2025-01-23 04:00:36,11940.24,1,20,2
16430,2024-05-04 18:05:49,2306.75,4,3,2
16431,2024-04-23 06:48:36,5263.69,4,13,9
16432,2024-12-28 22:43:23,8733.72,2,16,3
16433,2023-09-07 20:31:42,8075.54,3,22,3
16434,2023-05-26 07:47:58,20934.25,5,19,2
16435,2023-12-27 05:53:34,19821.23,2,6,2
16436,2024-02-27 11:10:16,6650.57,2,11,2
16437,2024-03-08 15:26:12,9005.25,3,2,4
16438,2023-10-15 11:32:01,18911.35,5,19,4
16439,2024-08-23 23:47:48,8671.46,3,12,5
16440,2023-12-29 21:49:19,5554.84,4,13,3
16441,2024-12-27 21:30:47,8136.46,3,2,2
16442,2023-12-30 15:33:54,4650.99,5,24,2
16443,2023-09-15 21:38:58,5981.04,5,9,3
16444,2023-12-25 17:02:32,703.31,5,24,2
16445,2024-09-02 01:03:44,13254.70,2,11,2
16446,2025-01-22 07:00:53,12059.91,5,9,3
16447,2024-08-25 11:46:03,16885.75,4,23,2
16448,2023-09-07 22:57:13,5683.01,4,23,2
16449,2024-07-26 18:55:49,20597.04,2,1,16
16450,2023-07-12 09:37:40,13098.02,5,4,6
16451,2023-05-24 03:39:19,2035.36,4,23,5
16452,2025-02-14 19:09:16,4242.71,5,9,2
16453,2024-03-17 14:05:14,4511.18,1,10,10
16454,2023-10-13 07:17:21,19028.57,5,19,2
16455,2024-02-21 21:20:15,17351.59,5,14,2
16456,2024-04-12 17:31:16,12627.71,4,8,3
16457,2024-01-26 13:33:27,14103.96,2,21,2
16458,2024-02-02 01:43:20,13317.10,3,7,2
16459,2025-03-29 12:39:28,12805.80,5,14,7
16460,2024-04-26 22:32:05,101.20,5,24,2
16461,2023-10-21 07:58:18,6587.08,3,7,2
16462,2023-08-19 14:46:49,15156.35,1,20,2
16463,2023-11-08 13:47:20,12198.53,1,25,5
16464,2023-09-17 00:00:06,14484.10,5,19,7
16465,2024-07-31 16:48:56,19283.89,3,17,2
16466,2024-03-04 21:40:21,13952.40,1,5,9
16467,2024-05-11 15:05:36,4752.96,4,8,2
16468,2024-03-25 17:35:04,12723.00,2,6,2
16469,2023-11-30 19:07:12,10912.93,3,12,2
16470,2024-03-16 23:31:58,3187.67,2,16,32
16471,2025-05-19 08:36:06,4151.30,4,8,3
16472,2023-11-18 11:55:37,8918.31,2,16,4
16473,2025-04-14 04:29:12,8649.53,2,11,2
16474,2024-08-01 06:38:04,19257.93,5,4,2
16475,2024-01-15 15:25:24,4151.30,1,10,2
16476,2023-10-17 03:09:07,15792.18,4,18,3
16477,2024-08-16 03:43:56,1738.41,1,10,5
16478,2023-12-10 00:35:53,2799.67,5,19,2
16479,2025-02-25 10:59:17,2961.35,3,7,2
16480,2025-05-19 05:01:02,9670.81,4,8,2
16481,2024-01-14 21:58:21,5621.47,5,9,2
16482,2023-10-07 06:58:00,1366.60,4,13,2
16483,2024-04-05 22:41:52,7602.80,5,9,3
16484,2024-01-21 10:33:23,19427.82,3,17,2
16485,2025-02-10 00:58:29,5325.88,2,16,2
16486,2024-04-16 20:07:40,1658.28,4,18,2
16487,2024-02-21 19:02:57,13696.15,3,22,2
16488,2024-06-09 07:30:29,9943.04,5,19,5
16489,2024-08-30 15:03:57,1121.23,5,19,2
16490,2023-11-12 11:44:24,8252.75,1,25,2
16491,2023-11-09 01:41:38,426.92,5,9,6
16492,2024-05-08 16:25:34,8243.08,2,21,2
16493,2024-06-01 20:15:43,14015.19,5,9,2
16494,2024-01-23 15:22:27,8288.62,5,24,3
16495,2024-07-09 09:43:04,22476.11,4,8,2
16496,2023-08-13 16:06:04,6183.51,4,8,3
16497,2025-02-08 12:15:16,8518.98,2,6,4
16498,2024-01-16 03:53:38,14316.93,3,17,2
16499,2024-01-31 14:52:55,10327.12,1,5,2
16500,2024-07-26 10:22:28,2550.70,1,5,6
16501,2024-04-03 12:56:04,12858.87,5,14,3
16502,2023-08-16 00:43:16,4889.45,2,16,34
16503,2024-11-08 09:09:57,8627.58,5,14,2
16504,2023-09-18 09:41:31,17612.78,4,3,5
16505,2024-08-19 13:19:35,6339.18,3,7,2
16506,2025-02-23 09:22:47,5401.75,2,21,2
16507,2023-08-22 06:02:53,232.80,2,16,2
16508,2024-10-26 16:56:42,7429.79,2,6,3
16509,2024-01-03 02:47:48,3975.12,4,13,2
16510,2023-12-22 00:24:47,3581.54,4,8,9
16511,2024-03-18 08:15:26,17225.89,4,3,2
16512,2025-01-05 14:27:18,11910.34,5,4,2
16513,2024-10-26 10:01:40,4179.88,2,21,10
16514,2024-05-05 16:43:17,3838.34,2,21,2
16515,2024-09-26 09:49:39,15770.60,4,3,2
16516,2023-09-01 16:01:35,14025.30,5,4,2
16517,2024-12-28 11:59:40,11800.55,2,1,2
16518,2025-03-12 04:45:44,14783.33,4,13,2
16519,2024-06-27 18:54:18,4978.19,3,22,2
16520,2024-04-12 02:15:04,17088.54,2,1,7
16521,2024-09-19 11:29:00,2705.00,5,19,3
16522,2025-04-18 11:53:52,6395.75,5,4,3
16523,2024-01-04 19:15:21,7063.39,1,25,5
16524,2023-08-25 14:05:38,8575.35,1,10,2
16525,2023-08-14 12:44:25,16335.56,4,18,2
16526,2024-10-17 01:59:38,6028.76,4,18,2
16527,2024-10-13 07:07:22,7114.26,5,14,2
16528,2024-03-21 01:26:23,8282.07,4,18,2
16529,2024-03-21 21:52:38,6742.25,3,22,4
16530,2024-03-11 01:45:24,12616.78,1,15,2
16531,2024-07-01 12:31:37,767.01,2,21,24
16532,2024-03-08 18:16:32,3394.20,4,3,2
16533,2023-10-08 15:16:02,2303.55,1,25,2
16534,2024-12-13 16:13:29,15068.88,5,9,2
16535,2025-04-29 18:02:57,3713.60,3,22,2
16536,2024-06-07 14:41:50,17294.93,4,23,26
16537,2023-06-01 19:30:33,4845.72,5,24,2
16538,2023-12-26 15:28:56,13257.02,2,11,2
16539,2023-11-18 22:08:42,3416.50,2,11,2
16540,2023-08-21 03:05:57,14455.15,3,7,14
16541,2024-12-26 08:54:14,6570.00,2,1,9
16542,2024-06-11 16:00:24,12753.82,5,19,2
16543,2024-10-24 18:12:30,4831.56,5,4,2
16544,2024-03-09 12:58:40,10390.40,1,20,2
16545,2025-02-09 09:19:34,12522.97,5,19,3
16546,2023-12-03 19:24:56,6398.87,2,1,2
16547,2024-09-28 18:54:33,1788.72,5,19,2
16548,2023-06-07 20:09:02,8349.67,3,2,2
16549,2023-08-04 22:35:06,10327.08,4,3,2
16550,2025-03-15 02:23:47,10529.93,5,24,2
16551,2023-09-13 11:13:20,18028.73,5,19,2
16552,2023-10-24 04:18:13,699.65,4,3,2
16553,2024-02-20 19:19:07,7513.59,4,3,2
16554,2023-12-08 07:32:42,9326.95,5,19,2
16555,2024-08-09 03:58:19,2444.76,1,15,2
16556,2023-07-31 00:18:34,11743.83,4,3,2
16557,2024-08-30 03:08:53,5385.06,5,9,2
16558,2024-03-20 22:52:47,4963.55,4,8,5
16559,2025-03-28 14:08:54,8386.07,5,14,3
16560,2025-04-24 11:46:21,13273.28,1,20,2
16561,2023-12-18 14:14:55,15794.35,5,24,108
16562,2025-02-06 11:19:15,2899.48,5,24,25
16563,2025-01-16 18:57:31,7571.55,1,25,3
16564,2025-05-13 20:39:28,17767.37,4,13,3
16565,2024-12-05 05:10:21,4396.65,4,18,2
16566,2024-07-16 04:12:11,2862.15,2,11,2
16567,2024-04-25 02:32:10,8071.55,4,23,2
16568,2023-12-08 03:09:28,3987.33,2,16,2
16569,2024-12-05 09:29:53,13429.67,3,17,3
16570,2023-07-17 06:29:08,12612.68,4,18,2
16571,2023-09-16 02:12:19,3716.61,5,4,2
16572,2025-01-08 19:21:13,2239.60,3,7,2
16573,2024-03-20 11:45:38,2992.15,3,12,3
16574,2025-01-13 18:46:50,20491.57,4,23,2
16575,2023-09-22 04:00:27,6115.94,5,24,9
16576,2024-04-10 12:26:37,18182.08,3,7,2
16577,2023-08-20 17:58:06,7161.84,3,2,3
16578,2024-09-28 08:46:44,9619.80,4,8,2
16579,2025-01-19 11:12:29,3187.55,4,8,6
16580,2025-02-14 20:06:37,15978.54,3,7,2
16581,2023-06-03 17:10:43,16412.57,4,18,2
16582,2024-12-27 03:42:32,3984.06,2,11,6
16583,2024-06-05 07:09:09,9746.81,5,4,3
16584,2024-10-16 06:55:08,6390.91,4,8,2
16585,2024-11-13 09:08:37,14895.98,1,10,2
16586,2025-04-15 11:36:37,4064.04,1,15,2
16587,2024-04-22 03:57:07,5359.32,2,16,4
16588,2024-09-20 21:19:18,115.99,4,23,9
16589,2023-07-09 17:30:05,12357.02,4,3,11
16590,2024-02-14 03:48:09,8928.14,3,7,2
16591,2025-02-16 13:01:44,9388.08,4,8,3
16592,2023-09-30 18:26:17,9888.92,4,8,3
16593,2025-01-26 07:00:20,7752.91,5,19,9
16594,2024-06-04 18:12:02,2301.03,5,19,5
16595,2024-07-23 23:14:06,12780.23,2,16,2
16596,2023-07-15 21:22:54,3719.53,1,10,2
16597,2024-03-11 17:15:14,5596.54,1,20,2
16598,2023-07-15 02:20:01,7648.07,2,11,2
16599,2024-07-23 12:16:34,10682.69,3,17,2
16600,2024-10-21 17:30:05,6198.49,2,11,3
16601,2024-10-10 03:58:13,12476.29,5,24,2
16602,2025-05-10 04:15:07,11164.47,2,6,2
16603,2023-06-13 16:47:16,1548.15,2,6,3
16604,2024-04-14 06:41:57,5197.95,4,23,2
16605,2025-01-03 12:54:37,7569.38,3,12,3
16606,2025-04-15 18:18:47,19817.82,4,3,9
16607,2024-12-24 14:36:51,7592.82,1,10,2
16608,2024-01-30 21:55:36,20008.72,4,23,2
16609,2023-06-10 01:58:31,5919.84,4,18,2
16610,2023-08-25 20:35:47,9084.32,1,20,2
16611,2023-12-13 23:50:15,9224.00,4,3,2
16612,2024-03-24 08:57:13,16762.23,1,25,3
16613,2024-02-14 16:13:25,17575.74,5,24,124
16614,2023-11-22 15:17:23,5597.44,1,5,2
16615,2024-01-21 15:05:52,15942.88,5,14,2
16616,2024-09-10 05:12:36,21199.93,1,25,4
16617,2023-08-11 09:53:19,9099.50,3,2,2
16618,2024-11-30 15:32:22,8396.40,4,8,4
16619,2024-01-26 22:44:29,14098.53,5,9,10
16620,2024-03-23 19:28:46,20984.26,5,4,2
16621,2024-08-27 21:09:19,2350.82,4,23,2
16622,2023-08-19 01:46:25,19469.92,1,5,3
16623,2024-10-05 01:29:20,11757.64,4,23,3
16624,2023-06-18 04:42:06,6583.01,5,4,2
16625,2023-09-27 13:24:22,8973.54,1,20,2
16626,2024-09-05 02:00:17,13831.05,3,2,2
16627,2023-11-07 23:39:14,9321.45,4,13,2
16628,2024-10-30 19:07:05,502.77,2,1,6
16629,2025-04-14 06:10:10,12803.77,5,24,2
16630,2025-01-17 20:50:01,6181.98,1,5,2
16631,2025-01-09 22:36:50,14336.64,2,1,3
16632,2024-07-10 03:10:16,8133.13,2,6,3
16633,2023-09-09 18:40:54,3232.92,5,14,2
16634,2024-06-01 05:04:07,15049.44,5,4,2
16635,2025-02-09 08:32:28,11496.47,5,14,2
16636,2023-08-03 23:05:01,18592.27,4,23,2
16637,2023-11-08 22:00:18,13913.51,2,6,9
16638,2024-10-22 09:46:07,13333.94,1,20,5
16639,2024-09-11 04:47:46,19177.14,4,3,3
16640,2024-09-13 12:10:20,701.88,4,3,12
16641,2025-04-25 17:28:12,15748.97,5,9,3
16642,2024-01-23 18:17:20,16276.49,1,25,5
16643,2025-01-08 09:35:32,9295.90,3,7,4
16644,2025-04-08 11:12:52,7921.79,5,14,2
16645,2023-10-17 19:31:00,3648.76,2,11,2
16646,2024-01-26 04:20:40,7592.42,3,12,3
16647,2023-06-09 01:20:53,3965.60,2,1,2
16648,2024-12-01 19:08:21,6960.66,2,6,3
16649,2024-02-05 08:30:13,5683.62,1,10,2
16650,2023-10-11 14:24:10,6290.82,5,4,2
16651,2024-05-26 15:25:09,871.17,1,25,2
16652,2024-06-25 21:03:51,5694.36,1,25,2
16653,2025-03-13 22:01:40,7277.78,4,8,3
16654,2024-07-24 13:29:23,13557.82,5,24,19
16655,2023-08-30 11:30:40,6724.49,1,25,2
16656,2024-12-24 18:11:15,6915.52,3,2,2
16657,2024-05-05 13:57:19,1757.24,2,21,4
16658,2024-10-10 16:21:58,7701.73,3,7,5
16659,2023-12-13 18:38:04,13252.27,4,8,2
16660,2024-11-18 22:19:23,11137.52,3,22,4
16661,2024-03-20 07:03:16,3380.76,5,9,2
16662,2023-08-09 19:05:51,12714.97,5,19,2
16663,2023-12-26 02:04:18,6638.53,2,1,6
16664,2025-02-20 06:50:53,8607.40,5,19,3
16665,2024-07-30 00:01:05,281.48,3,7,2
16666,2024-02-20 21:01:00,5387.03,4,18,2
16667,2023-10-12 22:10:02,18735.86,5,24,2
16668,2025-01-23 22:23:10,10516.96,3,7,4
16669,2023-12-12 10:22:37,1916.15,3,7,2
16670,2023-06-14 14:24:08,9315.35,5,19,2
16671,2024-04-26 09:18:46,6682.52,2,1,5
16672,2025-04-03 16:16:31,830.26,4,8,19
16673,2025-04-20 09:12:55,1117.60,4,3,2
16674,2023-07-28 05:04:46,6601.16,3,7,2
16675,2024-04-02 10:10:27,1972.42,2,6,10
16676,2024-06-25 21:00:37,9323.23,3,2,5
16677,2024-07-18 17:33:17,51.86,4,18,2
16678,2024-01-17 18:36:51,4250.37,4,18,2
16679,2024-03-05 01:21:50,2949.55,4,13,14
16680,2024-06-09 15:55:49,7162.85,4,13,2
16681,2025-04-07 04:50:11,10683.06,2,6,4
16682,2023-11-02 22:12:40,14163.68,2,16,2
16683,2024-06-08 23:52:14,5586.84,2,1,3
16684,2023-12-13 13:03:38,16921.13,3,12,2
16685,2025-04-09 18:27:10,7103.72,3,17,2
16686,2024-10-09 07:22:04,7120.44,5,4,2
16687,2025-04-07 02:05:46,3732.69,4,23,3
16688,2023-10-15 01:59:10,10605.21,3,12,2
16689,2023-09-10 21:59:02,7217.02,4,18,2
16690,2024-02-02 03:54:37,4347.78,4,13,3
16691,2023-09-18 08:34:00,5567.65,2,21,2
16692,2024-11-26 23:11:30,15574.47,5,4,3
16693,2024-11-25 18:27:21,16587.89,3,2,2
16694,2023-08-15 19:11:53,11073.77,2,6,44
16695,2024-05-30 16:52:45,13497.90,3,22,2
16696,2024-06-05 08:38:28,23376.24,4,13,2
16697,2024-10-03 10:17:28,5896.70,2,11,3
16698,2023-07-12 09:31:08,1970.91,5,14,2
16699,2024-04-23 12:39:03,7988.04,2,21,15
16700,2024-06-03 08:38:15,2842.34,2,16,4
16701,2024-04-29 02:44:11,60.75,5,14,2
16702,2023-06-03 19:35:16,9613.05,1,20,2
16703,2023-08-03 03:22:38,4884.70,1,5,2
16704,2024-07-18 19:54:45,20471.77,3,2,3
16705,2024-04-26 08:17:02,14727.73,4,18,2
16706,2024-06-09 14:46:16,6438.07,3,2,2
16707,2024-01-01 15:03:37,15438.89,3,22,5
16708,2025-01-08 13:39:07,7236.53,2,1,2
16709,2024-09-19 01:33:46,2713.28,1,25,3
16710,2024-05-19 17:04:08,9299.04,4,18,3
16711,2024-04-26 02:56:01,10789.74,5,14,2
16712,2025-01-03 06:43:56,24043.57,5,19,4
16713,2025-05-07 21:11:04,8871.97,5,24,2
16714,2025-04-11 10:46:11,1426.82,2,16,2
16715,2023-12-09 01:03:56,7924.53,2,21,6
16716,2024-11-13 12:58:49,10696.92,4,18,2
16717,2024-02-23 19:30:06,9675.04,3,7,2
16718,2023-08-19 16:23:13,8063.21,1,20,2
16719,2024-11-07 20:03:18,11747.15,1,20,3
16720,2023-09-15 00:45:52,14180.45,5,19,2
16721,2024-12-30 08:36:05,2088.65,2,21,3
16722,2023-11-12 10:16:18,11039.76,5,14,2
16723,2023-06-10 10:12:12,289.70,1,15,2
16724,2025-03-15 12:31:46,3521.71,4,18,2
16725,2025-04-25 16:46:20,5694.84,1,20,2
16726,2023-10-15 22:19:04,228.57,5,4,3
16727,2025-01-22 21:25:38,12329.93,2,1,2
16728,2025-05-11 07:21:32,11218.92,2,21,2
16729,2024-03-06 22:09:29,11530.82,3,7,2
16730,2024-11-22 06:35:53,7921.13,4,18,2
16731,2025-03-11 08:43:36,16665.85,3,12,2
16732,2023-08-01 19:11:53,6931.55,2,1,8
16733,2023-12-07 23:44:32,6785.01,5,14,2
16734,2024-11-11 06:01:32,10635.00,3,22,2
16735,2025-02-11 22:44:04,11201.05,5,24,6
16736,2024-11-12 12:21:08,7296.88,1,10,2
16737,2023-05-27 10:35:24,3522.22,3,2,2
16738,2024-04-24 04:41:56,19042.34,3,12,2
16739,2023-07-30 00:00:19,12930.72,5,24,3
16740,2024-04-09 21:02:33,14793.21,2,11,2
16741,2023-11-03 02:20:12,20837.99,1,25,2
16742,2024-05-30 20:09:06,3267.76,3,7,23
16743,2023-08-05 02:50:15,8073.71,2,6,3
16744,2025-01-09 21:21:56,6454.44,1,15,2
16745,2023-08-15 21:13:36,4101.31,3,2,2
16746,2025-02-08 20:12:42,6085.36,2,11,4
16747,2024-12-27 23:19:51,2027.02,5,9,3
16748,2024-08-13 23:54:22,13333.98,2,6,2
16749,2025-01-09 07:56:49,9395.89,5,19,2
16750,2024-02-04 00:07:36,2893.62,5,14,2
16751,2023-11-29 10:40:28,11225.60,1,5,2
16752,2023-05-25 05:54:26,5344.00,5,14,3
16753,2025-01-27 01:44:35,7810.29,1,10,2
16754,2024-03-08 17:09:07,3494.49,3,17,171
16755,2025-02-14 15:34:59,7211.69,3,17,2
16756,2024-02-06 22:47:57,8787.08,4,13,2
16757,2025-01-28 10:33:41,3775.31,2,21,2
16758,2023-11-15 01:21:12,7506.13,5,14,2
16759,2024-06-10 03:51:04,2647.79,1,10,2
16760,2023-11-24 09:42:55,3545.35,1,15,2
16761,2025-02-11 08:43:58,4728.80,1,20,2
16762,2024-02-25 21:00:47,11879.17,2,6,10
16763,2025-04-16 16:37:12,8615.70,1,15,2
16764,2023-07-28 13:53:53,13327.26,5,14,2
16765,2024-11-18 16:34:31,667.62,4,13,2
16766,2024-06-23 10:44:47,11883.84,5,4,2
16767,2024-08-11 07:48:35,1649.41,1,25,2
16768,2025-03-27 23:21:28,9722.08,4,3,2
16769,2023-07-09 20:48:11,14696.31,3,12,2
16770,2023-11-13 07:47:53,3016.63,3,7,3
16771,2025-03-23 07:32:01,9750.16,1,25,2
16772,2025-05-02 19:25:07,17683.72,3,12,5
16773,2023-10-01 21:43:13,935.14,5,24,40
16774,2024-07-18 09:08:04,8491.42,3,2,6
16775,2024-11-14 19:12:00,5225.16,3,2,3
16776,2023-09-05 05:18:33,5162.16,1,5,2
16777,2023-09-16 17:33:07,9287.55,2,1,3
16778,2024-01-18 20:07:15,7177.80,2,21,3
16779,2023-10-13 22:54:14,8747.60,2,16,2
16780,2024-11-05 18:45:46,7872.19,4,13,2
16781,2023-06-25 04:58:08,5773.69,3,17,2
16782,2024-12-10 09:45:49,1633.88,3,2,2
16783,2023-08-31 15:32:14,8744.36,2,16,2
16784,2024-04-03 11:35:31,9263.88,4,23,121
16785,2024-12-23 15:16:32,7028.34,4,18,2
16786,2024-01-30 18:13:41,4087.15,4,3,2
16787,2023-09-04 00:35:36,3057.13,4,8,2
16788,2025-03-21 00:01:37,6549.81,5,14,83
16789,2024-02-29 19:35:45,2451.96,3,17,9
16790,2024-01-12 10:19:55,13058.01,5,24,2
16791,2025-01-31 00:12:46,2113.80,1,20,3
16792,2025-03-26 11:55:11,15094.33,5,19,2
16793,2023-08-17 09:12:11,3832.51,5,4,14
16794,2023-08-23 23:14:44,11706.84,5,19,2
16795,2023-06-07 22:03:20,12429.33,3,22,6
16796,2023-07-20 23:00:31,11046.97,3,12,2
16797,2024-05-15 10:16:33,7109.58,5,4,2
16798,2024-06-21 11:20:36,5017.05,4,13,3
16799,2023-10-06 21:47:59,1135.50,1,15,2
16800,2023-12-03 20:59:50,9233.76,2,1,2
16801,2024-07-10 13:01:33,5652.23,2,6,3
16802,2024-10-26 23:48:01,17647.55,2,16,5
16803,2025-03-03 23:08:28,4742.22,5,4,13
16804,2024-02-06 06:45:06,10486.11,2,1,2
16805,2024-10-04 14:42:58,274.50,2,16,3
16806,2024-02-03 12:10:37,13259.00,5,19,2
16807,2025-03-26 09:30:09,15634.47,1,10,2
16808,2024-09-28 09:30:30,10302.70,3,17,5
16809,2024-10-08 22:43:55,4166.03,3,2,9
16810,2024-07-25 19:42:18,6075.50,1,10,2
16811,2025-03-26 14:09:39,7653.22,3,12,2
16812,2023-11-11 09:44:52,17543.52,3,2,2
16813,2024-07-27 03:32:01,7812.47,4,8,2
16814,2025-01-31 02:36:22,4071.90,2,6,2
16815,2024-09-25 13:33:50,10580.60,3,22,2
16816,2025-01-03 19:38:45,3703.40,4,8,2
16817,2024-01-02 19:54:40,9576.39,1,5,5
16818,2023-06-28 12:21:49,10275.17,5,4,2
16819,2024-10-01 12:45:05,17284.64,5,4,2
16820,2025-03-18 22:01:05,3779.74,1,10,2
16821,2024-03-04 15:40:20,7984.91,3,7,125
16822,2024-02-06 01:53:15,15341.95,4,13,2
16823,2023-07-16 05:25:26,11807.59,4,23,2
16824,2024-04-20 02:13:29,14533.45,1,15,3
16825,2025-05-17 23:14:08,15455.55,2,1,3
16826,2023-06-08 06:41:15,1508.16,3,7,6
16827,2025-02-23 07:07:50,13146.13,3,22,2
16828,2023-07-11 16:27:05,8307.27,3,17,5
16829,2024-08-11 19:07:40,11280.63,2,11,2
16830,2023-08-18 07:46:39,3826.31,1,15,3
16831,2024-04-24 11:15:38,10083.10,2,16,2
16832,2024-03-24 13:50:30,3547.62,5,24,4
16833,2024-06-03 01:33:40,7367.93,5,14,2
16834,2024-03-02 01:27:20,7523.60,5,9,2
16835,2023-07-30 17:48:15,10412.37,2,21,2
16836,2023-08-12 16:58:17,17195.68,4,13,2
16837,2024-08-07 07:04:54,2313.32,1,10,2
16838,2025-03-28 10:05:28,1196.86,2,21,9
16839,2024-06-20 06:23:04,4003.15,3,17,10
16840,2025-05-08 13:38:38,1609.41,1,10,12
16841,2024-10-28 03:02:57,7567.84,3,2,2
16842,2023-08-22 04:08:48,7011.93,3,2,5
16843,2024-09-08 06:27:52,15746.57,2,6,2
16844,2025-03-31 21:31:37,5768.32,3,22,2
16845,2024-11-26 06:18:56,12939.07,4,3,2
16846,2024-08-18 12:41:34,11931.53,2,16,3
16847,2024-06-30 19:11:30,6340.29,3,2,2
16848,2025-01-03 16:03:41,6529.20,3,7,2
16849,2023-06-26 00:25:16,5370.08,2,6,12
16850,2024-09-15 18:50:19,14136.66,5,9,2
16851,2024-11-22 06:09:20,9910.77,3,7,2
16852,2025-05-10 04:43:11,9267.48,4,8,2
16853,2024-03-14 19:59:17,1715.15,5,19,2
16854,2024-08-06 14:33:26,10399.22,3,12,2
16855,2024-12-17 02:45:23,3819.73,5,24,2
16856,2025-04-10 23:09:00,894.08,1,5,2
16857,2025-01-14 13:45:53,18033.93,1,25,7
16858,2024-08-07 01:28:29,876.99,5,9,9
16859,2024-07-28 03:41:55,10229.88,3,22,2
16860,2024-10-28 22:22:49,5661.80,3,2,3
16861,2025-04-04 23:39:08,13542.72,4,18,2
16862,2024-03-17 06:22:40,637.51,5,9,3
16863,2024-10-03 20:01:00,10246.27,1,20,15
16864,2024-06-11 00:13:11,12373.94,3,2,2
16865,2023-10-04 21:49:35,9063.76,2,11,10
16866,2024-09-06 22:48:41,3935.39,2,21,5
16867,2025-04-04 19:25:57,7181.75,5,19,2
16868,2023-06-09 11:13:56,4224.36,3,2,4
16869,2023-11-14 20:46:16,818.78,2,1,2
16870,2023-11-28 07:36:22,11671.33,1,20,9
16871,2023-10-18 08:21:16,12586.48,3,12,2
16872,2024-08-22 13:31:49,6784.60,4,3,4
16873,2023-11-22 08:58:08,5987.97,4,18,98
16874,2023-05-26 06:13:53,15023.92,2,1,2
16875,2024-10-08 04:21:24,11857.07,1,5,2
16876,2024-05-17 23:26:10,10331.27,4,3,2
16877,2023-08-01 14:11:49,15263.61,3,12,9
16878,2023-08-23 21:50:02,8235.47,1,25,3
16879,2023-10-17 14:23:24,6727.55,5,9,4
16880,2024-09-08 05:00:55,14604.07,2,21,14
16881,2024-02-12 10:10:07,16220.54,4,23,2
16882,2023-09-02 07:33:15,4837.35,2,21,12
16883,2024-10-14 23:06:39,2974.43,5,14,6
16884,2024-02-25 06:33:00,5733.38,4,3,2
16885,2023-07-26 18:40:37,4242.50,5,4,2
16886,2025-01-19 12:54:55,6912.80,1,15,2
16887,2023-12-19 06:00:55,17027.53,2,21,2
16888,2025-02-10 01:58:28,4486.73,5,24,2
16889,2025-03-27 17:42:53,129.65,2,11,2
16890,2023-07-26 12:40:16,7813.87,4,3,34
16891,2025-01-22 22:44:36,11193.60,2,21,101
16892,2023-12-24 21:51:25,20578.61,4,8,2
16893,2024-05-04 17:37:17,1964.77,3,2,2
16894,2023-12-05 12:06:40,4564.24,3,17,2
16895,2025-03-27 08:29:37,876.99,5,14,3
16896,2023-12-27 19:41:14,9071.09,4,3,3
16897,2024-07-12 08:21:03,9559.59,5,9,2
16898,2024-09-11 15:32:56,4281.96,3,12,2
16899,2023-12-05 08:15:14,1954.46,4,8,5
16900,2024-12-11 16:02:04,4638.87,1,25,3
16901,2024-10-03 05:07:08,10944.77,2,21,4
16902,2023-08-24 12:17:44,12085.65,3,17,35
16903,2025-01-28 05:01:09,11536.68,3,22,2
16904,2024-11-29 03:58:21,8827.59,3,12,108
16905,2024-05-18 13:01:03,4097.68,3,22,4
16906,2025-04-09 10:51:52,18433.93,1,20,2
16907,2024-07-16 23:52:36,1932.29,3,2,2
16908,2023-07-10 08:36:43,13633.96,3,2,6
16909,2025-05-12 05:58:30,4585.05,3,2,7
16910,2024-08-04 15:04:15,5091.54,4,13,2
16911,2024-08-25 01:19:23,8043.90,2,6,6
16912,2024-08-24 04:55:45,14701.89,1,20,2
16913,2024-01-16 21:21:30,713.06,2,21,7
16914,2023-05-31 09:23:18,30836.28,2,21,2
16915,2023-12-17 00:43:15,13470.23,5,4,19
16916,2024-09-19 20:15:48,3649.83,2,6,2
16917,2023-06-10 08:59:46,13109.42,4,3,2
16918,2023-07-03 06:39:15,147.16,5,4,2
16919,2024-06-24 21:12:14,8038.53,1,5,200
16920,2024-10-28 19:57:00,10407.77,4,8,3
16921,2025-03-21 03:52:40,8290.06,4,18,3
16922,2023-10-10 13:27:31,10617.87,4,3,2
16923,2025-04-16 05:11:53,7819.54,3,17,2
16924,2024-11-21 19:55:51,14602.56,1,25,2
16925,2024-08-25 03:35:28,5753.03,2,16,3
16926,2025-03-23 16:11:27,3861.64,3,7,2
16927,2023-07-04 22:29:41,13904.64,1,10,3
16928,2023-10-11 22:51:52,8196.30,5,24,2
16929,2025-03-14 12:40:41,18751.39,2,11,3
16930,2023-07-23 19:55:30,6534.26,5,4,2
16931,2024-01-27 18:03:04,9349.33,5,9,10
16932,2023-10-07 22:06:45,10441.64,3,12,3
16933,2023-08-06 09:38:20,1142.85,2,21,2
16934,2024-06-20 22:22:46,14874.64,5,4,2
16935,2025-03-21 13:23:26,14580.21,5,24,21
16936,2024-07-05 01:57:05,8168.04,2,16,2
16937,2024-04-10 06:37:12,2897.35,2,1,2
16938,2023-12-28 00:07:04,8828.95,2,6,2
16939,2024-08-16 15:32:22,7539.01,2,11,2
16940,2024-05-05 01:36:03,5258.25,3,17,2
16941,2024-05-01 04:27:20,10331.67,1,20,2
16942,2024-11-22 16:15:14,2554.56,1,15,2
16943,2023-08-06 19:37:05,3279.20,3,2,3
16944,2024-05-15 23:49:56,9156.63,2,1,2
16945,2024-11-07 09:55:40,8430.99,2,11,2
16946,2024-05-22 05:06:11,11892.54,2,21,2
16947,2024-03-28 08:07:02,2379.36,5,14,85
16948,2023-08-05 19:05:09,14279.85,2,21,3
16949,2024-05-31 18:31:35,7395.89,2,11,10
16950,2025-04-11 22:55:43,13091.68,5,9,3
16951,2024-10-07 09:31:40,10976.78,5,19,2
16952,2025-05-14 12:51:15,14511.59,5,19,2
16953,2024-11-20 10:07:01,17755.57,5,9,2
16954,2023-12-18 12:15:31,3115.22,1,15,2
16955,2024-02-27 12:21:57,2206.86,4,13,3
16956,2024-04-04 20:14:04,2067.46,4,18,2
16957,2023-06-14 11:44:25,23540.82,5,19,3
16958,2024-03-25 04:25:51,9404.76,3,12,3
16959,2025-03-16 23:05:15,5170.67,1,5,2
16960,2023-07-21 23:30:06,12321.67,5,4,4
16961,2024-03-23 06:19:07,13079.43,2,6,2
16962,2024-12-31 20:00:52,17248.42,3,7,3
16963,2023-10-06 07:17:35,7531.20,4,3,5
16964,2023-06-01 13:21:56,5132.64,4,13,3
16965,2023-10-24 09:22:41,2051.12,3,7,2
16966,2025-01-29 23:36:57,3181.32,3,2,2
16967,2024-06-24 15:15:19,16671.68,2,11,2
16968,2025-04-02 02:16:29,12785.58,5,14,2
16969,2023-08-18 11:40:54,17637.32,2,11,3
16970,2023-06-16 21:57:23,1014.20,1,25,2
16971,2023-07-12 02:37:07,1066.58,4,18,2
16972,2024-07-30 20:12:43,18332.62,3,22,2
16973,2024-06-12 05:19:21,4264.38,5,4,3
16974,2024-09-16 13:32:11,7154.20,1,20,2
16975,2024-01-16 06:03:16,6502.03,5,14,2
16976,2024-09-02 00:50:57,12825.95,3,7,2
16977,2023-06-10 03:05:31,9643.87,2,21,2
16978,2025-02-21 21:48:42,12688.57,5,14,5
16979,2025-05-05 20:14:20,13717.72,4,18,4
16980,2024-04-02 12:40:15,10327.29,1,15,3
16981,2024-08-26 04:40:12,8695.59,1,5,10
16982,2024-06-03 01:09:03,7224.68,5,4,3
16983,2024-10-27 16:53:06,6605.83,2,1,46
16984,2024-01-21 12:39:27,7062.50,3,17,20
16985,2025-04-01 18:06:04,9926.66,1,25,2
16986,2024-11-08 05:10:22,6802.47,2,6,2
16987,2024-06-03 04:07:02,6286.90,1,25,2
16988,2023-12-18 17:41:40,5085.83,2,21,5
16989,2024-02-02 07:17:18,5129.32,1,5,2
16990,2023-08-04 06:51:08,11005.70,1,25,2
16991,2023-06-04 02:42:09,6156.36,5,19,3
16992,2025-02-24 07:22:34,11827.33,1,10,3
16993,2023-09-14 00:53:48,3548.85,3,22,2
16994,2024-01-17 02:40:01,14177.68,5,24,2
16995,2023-12-09 05:31:35,12752.77,4,8,2
16996,2024-02-26 17:48:43,16282.09,4,8,2
16997,2024-12-04 22:09:13,12062.99,4,18,2
16998,2024-10-27 01:40:10,5090.50,4,8,5
16999,2025-02-23 17:34:21,6483.99,1,15,2
17000,2023-11-05 15:36:19,5019.24,3,22,164
17001,2024-07-18 08:22:57,5886.29,2,6,2
17002,2023-08-26 09:23:49,7953.71,4,23,2
17003,2023-09-03 01:36:13,7923.30,4,3,4
17004,2024-08-11 18:09:13,7685.33,4,18,2
17005,2025-02-09 17:00:17,7203.28,1,25,2
17006,2023-10-02 21:38:53,12907.23,4,8,2
17007,2024-09-05 10:20:34,15361.90,2,11,2
17008,2025-05-15 12:06:50,2381.01,3,2,2
17009,2024-11-07 08:13:47,15848.82,1,5,2
17010,2023-12-22 08:12:17,15853.86,3,12,7
17011,2024-11-01 05:46:03,18751.60,5,4,22
17012,2025-03-07 23:17:48,925.79,1,15,2
17013,2023-07-13 18:18:51,9556.48,3,17,2
17014,2024-10-29 12:40:33,15594.89,4,23,2
17015,2024-08-03 01:09:29,4476.12,1,25,4
17016,2024-12-08 06:56:23,2879.73,1,15,2
17017,2023-10-10 06:03:16,3342.92,4,23,3
17018,2023-12-24 17:48:45,10883.11,2,6,2
17019,2025-03-13 03:50:34,16899.23,1,15,7
17020,2023-05-28 07:49:14,21352.82,1,5,3
17021,2024-08-23 14:25:11,8361.18,2,11,2
17022,2023-09-09 15:25:11,11765.48,5,19,2
17023,2024-10-22 03:26:21,10973.73,1,10,4
17024,2024-04-19 04:01:11,1769.84,5,24,2
17025,2023-11-04 08:23:36,2301.03,2,11,4
17026,2025-04-23 22:20:46,9519.81,3,22,3
17027,2024-01-31 07:44:00,2955.50,2,6,3
17028,2024-03-14 19:22:22,7250.12,4,8,5
17029,2024-10-20 20:19:20,6037.12,3,17,2
17030,2024-12-24 18:15:53,10444.09,5,24,115
17031,2024-02-06 11:41:19,14545.32,3,22,8
17032,2024-08-27 21:28:05,2531.94,2,21,7
17033,2024-01-19 09:23:56,11104.54,1,5,2
17034,2024-02-28 05:10:50,7321.49,1,15,2
17035,2024-07-21 16:30:15,13547.30,4,3,2
17036,2024-10-18 01:59:37,1260.77,3,22,2
17037,2024-11-23 16:03:46,8199.58,1,10,2
17038,2023-06-01 03:43:49,17358.24,5,14,2
17039,2024-11-15 09:13:40,12829.13,5,24,2
17040,2024-05-31 17:22:38,14427.83,2,21,2
17041,2023-09-19 22:45:41,856.04,3,17,2
17042,2024-09-18 11:08:18,10694.20,1,20,2
17043,2024-12-11 11:27:29,1675.75,2,6,2
17044,2023-08-14 20:05:27,4777.82,5,4,2
17045,2024-07-25 21:57:11,3229.40,2,1,2
17046,2024-07-06 17:40:53,2635.86,4,3,2
17047,2024-07-08 03:16:50,1112.70,5,24,2
17048,2024-06-25 15:13:37,5122.30,4,23,95
17049,2024-10-25 12:58:20,9288.46,4,3,2
17050,2025-03-07 03:39:06,7315.45,1,10,2
17051,2023-10-25 02:09:07,15370.31,5,4,2
17052,2024-01-11 04:54:19,6620.76,3,12,2
17053,2024-11-29 00:19:41,8742.81,2,21,5
17054,2025-01-12 18:41:32,12768.51,2,1,2
17055,2024-09-16 11:49:14,3175.02,4,23,2
17056,2023-11-12 02:57:47,12814.64,1,25,2
17057,2025-01-18 22:33:02,7301.18,3,7,4
17058,2023-10-22 13:02:15,8807.76,4,23,2
17059,2024-09-06 12:01:11,7670.08,2,1,2
17060,2023-09-26 07:40:29,1374.44,1,25,2
17061,2024-12-06 10:01:58,9143.08,5,4,2
17062,2024-04-27 02:42:11,14699.68,2,1,2
17063,2023-05-27 06:38:03,2189.10,3,2,2
17064,2025-05-02 14:45:59,12283.41,4,13,2
17065,2024-10-31 23:15:08,1438.21,2,21,2
17066,2024-04-10 02:38:36,19736.09,5,9,3
17067,2024-08-02 09:50:51,10620.78,4,18,2
17068,2025-03-05 03:17:32,17661.87,2,1,2
17069,2024-10-18 02:02:05,11212.09,1,15,10
17070,2025-01-18 23:57:59,9602.15,2,16,2
17071,2023-05-27 03:30:57,17105.36,2,21,3
17072,2024-07-04 09:28:16,18163.72,1,20,2
17073,2025-04-23 08:07:28,16211.20,3,12,2
17074,2024-11-02 18:17:06,4715.17,4,23,2
17075,2023-08-27 12:44:27,10275.10,5,9,6
17076,2025-01-27 13:35:29,17465.14,5,24,2
17077,2024-08-01 04:40:54,16246.67,1,5,2
17078,2024-12-02 04:18:00,8778.99,1,20,3
17079,2023-07-09 03:26:10,7541.67,1,5,2
17080,2023-12-25 12:51:22,3043.63,3,17,2
17081,2023-07-01 08:16:04,21393.46,1,25,2
17082,2025-04-13 02:38:44,17094.27,4,23,4
17083,2024-03-02 18:56:32,18268.12,1,5,7
17084,2023-12-01 04:02:26,15280.29,1,20,2
17085,2023-07-16 23:08:33,10442.73,2,21,2
17086,2025-03-11 18:35:57,10800.24,1,5,2
17087,2024-02-02 08:24:12,14124.39,1,10,2
17088,2025-05-11 06:50:06,3116.29,2,11,3
17089,2024-12-16 22:48:16,493.87,1,15,7
17090,2024-03-13 04:45:41,2065.30,5,14,9
17091,2024-07-22 18:36:39,11204.78,2,6,4
17092,2024-01-05 23:24:04,12327.59,3,2,2
17093,2025-01-31 12:52:28,16128.56,4,23,2
17094,2024-08-23 21:30:39,13379.53,4,3,2
17095,2023-05-28 17:43:35,10293.17,1,20,3
17096,2024-07-27 04:19:26,7446.59,5,14,2
17097,2024-01-14 04:26:51,9525.60,4,18,2
17098,2025-05-19 03:57:34,4096.93,5,9,3
17099,2024-03-16 05:48:43,6921.40,1,5,9
17100,2024-10-27 23:56:44,8239.94,1,10,2
17101,2024-11-02 16:24:38,15036.27,3,7,7
17102,2024-11-28 14:27:16,4930.31,5,14,3
17103,2023-12-15 07:54:45,9135.70,5,24,2
17104,2023-07-07 02:09:22,14669.17,5,24,2
17105,2024-03-18 04:02:24,10593.94,5,9,3
17106,2024-07-15 09:25:11,14937.15,1,20,2
17107,2024-02-09 19:33:46,15610.19,2,1,3
17108,2024-07-26 13:17:22,20517.71,3,7,4
17109,2023-06-02 09:27:38,13982.25,3,12,2
17110,2023-10-28 11:11:45,1944.06,5,19,3
17111,2023-08-05 18:13:55,4564.53,2,16,3
17112,2025-05-10 23:32:10,11342.95,1,15,2
17113,2024-05-25 23:38:52,15995.16,5,9,2
17114,2024-01-29 22:48:37,873.07,3,17,2
17115,2025-01-26 06:18:04,13375.05,4,13,2
17116,2023-08-10 21:50:07,15958.13,4,18,2
17117,2023-08-12 01:28:52,5954.84,3,22,6
17118,2023-06-15 00:08:58,6681.91,3,12,2
17119,2025-05-01 02:10:03,3004.60,5,9,2
17120,2024-04-19 01:15:37,1614.10,5,14,5
17121,2024-04-25 03:49:07,8567.67,3,2,2
17122,2023-07-05 15:14:27,2828.44,5,14,3
17123,2023-05-31 17:18:23,11344.59,1,10,10
17124,2024-08-05 20:59:50,13100.18,4,18,2
17125,2023-07-28 15:15:33,5920.19,3,7,3
17126,2025-02-13 19:40:01,3175.64,1,20,2
17127,2025-03-22 10:17:57,11577.10,1,15,2
17128,2024-05-26 13:14:55,6944.01,1,25,2
17129,2024-06-22 21:21:51,12061.97,1,5,2
17130,2023-12-08 10:53:37,1568.60,5,9,3
17131,2024-12-01 01:30:09,6144.08,2,6,3
17132,2025-04-23 13:31:11,20943.74,4,8,2
17133,2025-05-11 01:42:23,1914.32,3,12,2
17134,2025-04-13 23:29:54,2289.02,5,9,3
17135,2024-07-17 05:54:16,15276.85,1,10,2
17136,2024-05-24 21:11:11,14667.34,4,18,2
17137,2025-05-02 09:18:24,8930.51,3,22,2
17138,2024-12-26 23:50:55,6099.48,2,11,3
17139,2024-02-22 05:04:03,457.50,2,11,2
17140,2025-03-04 13:39:09,4075.10,1,20,2
17141,2024-10-17 10:19:15,15826.43,4,3,2
17142,2023-11-29 02:27:06,7708.17,3,17,7
17143,2025-05-06 06:53:14,4298.04,1,25,12
17144,2023-12-23 04:03:35,834.20,4,3,2
17145,2024-05-03 04:15:46,3765.69,1,5,2
17146,2023-12-06 16:29:05,2986.74,1,5,6
17147,2023-06-12 18:13:01,4719.65,3,17,3
17148,2024-06-05 00:03:50,4419.64,1,5,2
17149,2024-02-22 07:04:09,13567.36,3,22,3
17150,2025-05-19 16:47:47,7746.04,3,7,2
17151,2024-02-20 08:52:54,8666.76,2,16,3
17152,2023-11-24 08:58:33,4348.32,3,2,298
17153,2024-11-23 12:17:48,6010.29,4,3,2
17154,2023-07-12 14:33:40,5960.22,3,7,2
17155,2024-06-19 22:01:17,10401.11,2,6,2
17156,2024-08-04 23:14:43,8798.35,1,10,3
17157,2025-03-23 20:14:29,856.04,3,22,3
17158,2024-03-24 20:51:15,8507.93,5,24,2
17159,2025-02-27 11:22:45,8982.32,2,1,2
17160,2024-06-27 02:10:50,8159.60,4,23,2
17161,2024-05-12 16:30:45,2034.96,4,8,4
17162,2024-03-24 11:00:11,8887.40,4,3,2
17163,2025-01-26 00:35:58,13934.09,4,13,3
17164,2023-08-01 11:22:55,4084.32,5,19,2
17165,2024-10-09 02:55:11,541.68,5,14,3
17166,2024-02-08 09:11:57,18626.40,5,14,2
17167,2024-10-20 07:58:05,3138.18,2,6,2
17168,2024-04-26 17:57:55,5688.59,1,5,3
17169,2023-06-30 14:01:44,5181.44,1,20,2
17170,2024-02-01 13:10:46,8658.05,4,18,3
17171,2025-03-12 01:53:02,3532.59,5,9,2
17172,2024-12-27 15:06:07,8573.13,4,3,2
17173,2023-08-07 03:04:09,5323.03,3,2,2
17174,2025-01-17 06:55:59,11049.04,3,22,2
17175,2023-07-17 07:40:45,21255.62,5,4,4
17176,2025-03-14 19:38:21,4165.51,1,5,2
17177,2023-12-30 21:12:15,3830.74,2,21,2
17178,2023-12-16 20:52:37,9582.31,1,25,2
17179,2025-02-02 09:18:11,12444.41,1,25,2
17180,2023-12-08 12:44:39,3106.32,1,15,2
17181,2023-05-24 03:33:06,9059.39,2,1,9
17182,2024-09-16 12:02:12,14349.38,2,1,2
17183,2025-03-29 04:47:12,1740.82,2,6,2
17184,2023-06-05 20:42:48,5470.80,1,15,42
17185,2024-07-19 06:56:52,5261.77,1,25,2
17186,2023-07-14 01:15:16,6051.29,4,23,2
17187,2024-11-19 06:16:44,2109.93,3,17,2
17188,2024-07-22 16:50:53,9540.20,4,13,4
17189,2024-07-01 06:08:09,4387.39,5,9,2
17190,2023-12-05 12:42:02,2249.30,2,21,2
17191,2024-06-17 10:16:53,4878.13,1,20,2
17192,2025-04-11 23:30:03,506.15,4,3,2
17193,2024-05-13 15:35:21,13395.75,4,13,2
17194,2024-04-05 16:05:32,12457.26,1,20,2
17195,2023-09-15 12:15:20,6778.05,4,13,2
17196,2025-01-08 14:41:29,844.44,2,11,5
17197,2024-02-10 12:38:41,6398.33,3,7,2
17198,2024-07-21 12:43:31,10882.59,2,11,2
17199,2024-05-01 14:07:03,1514.00,4,3,5
17200,2024-01-13 07:07:19,8100.83,2,1,39
17201,2024-03-17 01:48:28,10230.44,4,8,2
17202,2024-01-29 11:31:07,785.40,2,6,3
17203,2023-08-10 05:08:37,21842.73,1,20,4
17204,2023-07-08 02:13:04,13954.63,5,19,2
17205,2024-10-07 05:24:25,1535.94,5,14,6
17206,2024-06-26 23:33:01,8045.57,3,7,2
17207,2024-11-13 17:17:57,766.46,3,22,26
17208,2024-10-29 15:04:40,7837.43,3,7,2
17209,2024-09-17 05:04:14,4364.57,4,8,2
17210,2025-03-24 18:19:52,1407.68,2,21,2
17211,2025-04-03 02:58:48,2121.78,5,14,2
17212,2024-07-27 04:14:04,1503.13,3,17,3
17213,2023-10-26 05:45:40,1792.97,2,1,2
17214,2023-08-21 14:28:20,3631.95,1,15,2
17215,2025-02-19 05:56:38,8721.14,5,4,7
17216,2025-03-22 20:16:50,2584.72,1,15,2
17217,2023-07-02 23:15:46,2422.84,1,10,2
17218,2025-04-09 04:11:08,7921.89,1,20,17
17219,2024-11-26 19:13:03,10103.32,2,16,3
17220,2024-05-27 06:34:30,2256.36,1,5,2
17221,2023-12-18 10:00:19,14560.92,3,2,2
17222,2025-03-04 03:12:05,7639.61,5,9,15
17223,2024-01-08 15:17:39,12021.59,5,19,6
17224,2024-10-11 04:42:19,11679.19,4,18,2
17225,2023-07-13 21:46:16,19452.31,5,19,2
17226,2023-09-17 00:15:07,844.89,5,9,3
17227,2024-11-12 17:01:21,11136.95,5,14,2
17228,2024-06-14 18:38:21,5307.61,1,15,8
17229,2024-05-19 22:22:19,11259.04,3,2,2
17230,2024-05-30 14:22:33,10484.38,1,5,2
17231,2024-07-01 06:29:30,4371.81,3,2,2
17232,2025-02-17 05:03:50,4757.02,5,9,2
17233,2025-05-05 19:37:30,15611.58,5,19,2
17234,2024-08-02 14:50:20,7124.13,3,22,2
17235,2023-06-12 05:25:14,11763.70,4,18,9
17236,2024-11-12 03:21:55,4234.29,5,14,3
17237,2024-01-20 10:40:37,13017.57,3,2,5
17238,2024-05-30 08:27:53,1208.02,3,12,2
17239,2024-06-29 15:09:00,13247.87,2,21,2
17240,2025-03-15 06:32:56,17284.02,5,4,24
17241,2023-12-12 06:22:40,17331.69,3,12,2
17242,2025-05-15 04:50:19,11663.52,4,13,2
17243,2023-12-10 00:59:39,3289.51,2,11,2
17244,2024-02-03 04:04:58,2614.20,2,1,2
17245,2023-07-01 19:31:25,13020.66,4,8,3
17246,2024-09-13 11:36:42,1508.16,1,15,4
17247,2023-09-18 22:39:47,5158.43,2,21,7
17248,2024-11-30 09:22:54,12750.73,2,21,2
17249,2023-10-15 11:05:00,19806.92,3,2,13
17250,2023-06-22 17:59:50,1074.24,3,7,5
17251,2024-11-04 04:23:22,12335.04,4,23,11
17252,2023-10-04 05:52:21,8281.26,1,20,2
17253,2024-10-08 11:59:44,10432.71,3,12,19
17254,2024-10-08 13:15:27,13994.19,3,17,2
17255,2024-11-19 21:32:05,1746.42,5,19,2
17256,2024-03-16 16:18:19,11680.81,1,10,2
17257,2024-11-09 20:45:43,3978.55,2,1,10
17258,2023-11-16 15:54:13,1548.46,3,22,5
17259,2024-06-03 00:46:44,5964.12,1,15,3
17260,2024-03-12 07:25:25,6553.12,3,17,2
17261,2024-02-09 10:17:28,16346.98,4,8,8
17262,2023-08-06 17:04:57,1953.35,5,9,2
17263,2024-10-18 04:23:02,2156.45,4,23,2
17264,2024-04-07 12:24:31,15149.99,1,5,2
17265,2024-02-25 02:36:44,14360.38,1,20,2
17266,2025-01-29 01:25:34,4476.24,3,12,2
17267,2025-04-10 11:26:07,12574.01,4,23,2
17268,2025-02-05 13:50:05,5608.08,3,17,3
17269,2024-01-17 17:47:45,10712.17,2,16,2
17270,2025-01-22 15:32:24,8691.30,5,14,2
17271,2023-12-10 07:02:20,5085.42,2,11,3
17272,2024-01-22 13:39:32,2764.10,3,12,9
17273,2024-09-24 16:35:37,1363.76,2,1,4
17274,2023-08-20 05:22:05,4658.60,4,3,2
17275,2023-12-02 19:04:09,8771.42,4,3,7
17276,2025-01-02 10:33:24,4364.32,3,2,2
17277,2024-06-14 18:11:55,11550.37,4,8,2
17278,2024-04-14 13:19:40,5641.33,1,5,2
17279,2024-03-22 05:31:06,5808.63,1,20,13
17280,2023-07-30 18:04:26,29597.09,3,2,2
17281,2024-02-18 23:04:40,1816.92,2,6,2
17282,2023-10-30 10:11:28,14406.85,1,10,6
17283,2024-03-19 03:20:24,16346.56,1,10,2
17284,2024-04-01 06:23:19,14483.97,3,12,2
17285,2023-06-30 21:09:12,1837.80,1,20,2
17286,2024-08-22 11:59:53,13196.89,5,4,2
17287,2024-01-05 00:45:35,3048.23,3,22,2
17288,2024-10-13 22:29:48,5645.77,2,21,5
17289,2025-02-17 10:13:57,11818.49,1,15,3
17290,2023-08-13 14:33:50,14188.88,3,7,2
17291,2023-08-02 14:20:38,5046.52,1,25,6
17292,2023-07-09 13:27:51,1131.12,4,8,2
17293,2024-11-01 18:15:09,4446.75,3,22,3
17294,2023-11-27 00:54:20,11718.49,3,7,2
17295,2024-08-05 18:11:27,7727.29,4,18,4
17296,2024-08-10 02:58:36,4084.70,2,21,2
17297,2023-10-03 18:46:13,5486.18,3,17,3
17298,2023-07-30 21:01:15,4281.43,3,7,2
17299,2024-03-06 03:04:09,3534.62,4,23,2
17300,2025-04-08 12:43:00,14222.61,5,24,2
17301,2024-06-28 08:36:12,10256.53,4,3,2
17302,2023-05-30 05:16:00,11670.89,1,20,5
17303,2025-01-11 02:29:03,15600.86,5,19,3
17304,2023-09-06 02:36:37,10336.80,4,3,2
17305,2024-10-24 11:19:14,16441.34,2,21,2
17306,2024-11-06 15:45:43,3965.60,2,11,2
17307,2024-05-09 17:31:50,12934.29,1,20,2
17308,2024-03-21 12:37:28,5957.15,4,23,2
17309,2025-05-18 08:35:04,202.84,5,19,2
17310,2023-07-12 08:34:26,3920.36,1,5,2
17311,2023-06-23 10:15:56,9914.08,4,18,3
17312,2023-09-27 00:38:39,10491.89,5,14,2
17313,2024-08-19 11:26:12,9719.49,1,25,2
17314,2023-08-10 12:03:34,2450.82,5,9,2
17315,2024-12-01 08:41:44,13126.26,4,3,4
17316,2023-12-30 09:05:11,7518.99,2,16,2
17317,2025-05-16 20:02:31,10216.10,2,6,5
17318,2024-08-17 15:28:07,11313.12,3,22,3
17319,2024-09-19 08:04:29,15485.12,5,9,2
17320,2024-04-18 22:19:05,7090.95,1,15,54
17321,2025-03-22 17:37:07,5994.45,4,18,2
17322,2024-01-15 03:32:56,11647.86,2,21,2
17323,2024-03-24 18:43:12,454.23,3,7,2
17324,2025-03-17 20:53:26,15503.80,4,13,13
17325,2024-12-23 10:47:21,13455.70,2,16,3
17326,2024-09-28 20:35:27,20731.22,1,25,2
17327,2024-08-29 03:13:48,13011.33,1,5,2
17328,2023-10-11 16:47:01,15200.99,1,10,2
17329,2023-10-05 04:53:45,8636.52,5,4,4
17330,2025-05-18 02:57:46,7097.05,3,17,2
17331,2025-03-06 10:06:33,2098.88,5,19,2
17332,2025-03-11 00:33:14,2044.82,1,15,14
17333,2025-03-21 00:56:33,5768.32,3,2,2
17334,2023-11-05 03:41:34,9296.60,4,8,2
17335,2024-11-18 18:32:48,11567.95,1,15,2
17336,2024-08-01 18:56:41,8691.01,2,21,4
17337,2024-06-03 13:29:26,703.31,5,14,2
17338,2023-09-07 00:17:23,129.65,2,11,2
17339,2023-09-11 07:57:03,10897.94,3,22,8
17340,2023-07-21 23:21:40,48.60,2,21,5
17341,2024-04-17 02:07:55,10936.82,2,6,2
17342,2023-11-22 16:32:49,4383.28,4,8,2
17343,2024-09-26 03:17:26,8128.27,4,23,2
17344,2024-02-04 16:54:55,3264.00,3,2,2
17345,2024-06-07 19:25:41,2408.98,5,14,2
17346,2024-10-05 05:31:21,3666.51,4,8,7
17347,2024-04-10 19:46:34,7137.39,1,25,3
17348,2024-07-28 21:18:17,4447.67,5,19,2
17349,2024-12-24 09:37:11,17070.54,1,10,2
17350,2024-08-22 23:50:59,11963.52,3,12,4
17351,2025-04-20 17:51:21,10938.40,1,25,6
17352,2024-02-26 23:43:50,15410.19,3,22,2
17353,2024-11-13 15:25:57,18874.28,1,15,9
17354,2025-03-29 15:20:26,17730.30,4,18,2
17355,2024-02-04 13:59:12,3291.90,2,11,18
17356,2023-11-22 11:56:31,5474.49,1,5,5
17357,2023-08-02 16:37:20,7692.00,5,4,2
17358,2025-02-08 00:38:19,20230.27,1,25,2
17359,2024-05-20 23:07:35,7719.01,3,22,3
17360,2023-10-12 16:12:36,714.38,5,24,2
17361,2023-06-08 16:27:19,13364.94,3,22,2
17362,2024-12-17 10:43:22,4032.70,2,16,3
17363,2024-08-30 23:43:47,4429.56,3,12,5
17364,2024-12-14 09:57:03,8227.97,3,22,4
17365,2024-11-13 12:43:28,8829.40,4,23,482
17366,2025-05-14 11:40:11,5214.03,1,15,4
17367,2024-02-14 03:52:07,3545.81,2,1,2
17368,2023-07-01 13:21:29,8927.91,5,4,2
17369,2023-10-11 16:10:57,954.05,3,17,2
17370,2024-04-09 23:03:27,5161.99,4,3,3
17371,2023-11-02 16:56:17,9234.13,5,24,2
17372,2024-10-13 17:24:36,17377.89,1,15,2
17373,2024-11-18 10:04:18,19252.12,3,17,4
17374,2024-09-01 15:25:56,5489.80,3,12,2
17375,2023-09-17 11:43:38,10042.66,4,18,143
17376,2024-07-17 15:03:14,10518.98,2,11,124
17377,2023-10-08 09:46:15,14010.90,3,7,2
17378,2024-07-18 13:23:22,5503.56,2,1,2
17379,2024-06-23 06:10:02,1859.67,3,17,2
17380,2024-09-15 08:37:36,9842.12,3,12,2
17381,2024-05-30 10:41:31,441.48,3,12,3
17382,2024-07-02 15:03:52,15691.40,3,2,2
17383,2023-11-26 20:38:18,10420.69,2,1,2
17384,2024-05-31 01:11:48,8898.15,2,1,4
17385,2025-03-21 06:39:18,17258.56,4,23,4
17386,2025-02-22 16:22:45,7349.53,2,6,77
17387,2024-07-31 04:09:08,7373.96,3,17,2
17388,2025-02-08 00:58:25,7501.19,3,17,3
17389,2023-10-10 02:06:16,7446.35,5,19,5
17390,2024-09-02 11:05:01,4567.85,3,12,2
17391,2024-10-27 08:31:45,7541.45,3,2,2
17392,2024-12-23 06:59:23,9960.17,3,7,2
17393,2023-06-13 08:52:32,18559.97,5,4,2
17394,2024-01-28 02:48:42,6927.38,3,17,3
17395,2023-07-12 12:22:15,11763.50,2,21,3
17396,2024-09-19 17:45:48,3060.60,1,5,2
17397,2023-07-22 04:02:47,141.80,5,24,2
17398,2024-04-20 16:08:08,5705.30,3,7,3
17399,2024-09-10 00:44:30,10985.63,4,8,2
17400,2024-03-24 21:37:48,7209.65,5,19,3
17401,2024-11-27 02:29:47,698.40,5,24,2
17402,2023-10-03 06:56:55,1176.65,4,13,2
17403,2024-04-28 12:13:25,270.69,1,25,2
17404,2025-02-13 02:02:40,8462.09,1,20,4
17405,2024-12-28 05:26:08,9903.89,5,24,3
17406,2024-07-22 04:38:10,10735.67,5,14,4
17407,2023-10-08 20:42:43,2713.28,2,6,2
17408,2025-02-02 15:50:14,4770.25,4,13,2
17409,2023-12-11 16:52:02,3307.25,4,13,2
17410,2025-05-01 23:57:36,1699.55,5,19,3
17411,2023-09-03 01:56:22,2897.09,5,9,2
17412,2024-12-30 10:03:02,1836.50,4,8,259
17413,2023-12-27 12:09:00,2785.08,2,16,2
17414,2025-01-09 07:40:14,3780.22,2,21,2
17415,2023-08-25 06:57:25,2034.96,2,16,2
17416,2023-09-17 17:50:17,2451.75,5,14,12
17417,2023-07-15 07:12:10,10011.62,5,4,2
17418,2024-03-22 18:16:21,3258.00,4,3,2
17419,2024-09-16 20:07:06,4332.21,3,7,3
17420,2024-08-23 22:18:08,4354.17,5,24,3
17421,2023-06-09 22:27:52,10341.29,4,23,2
17422,2024-03-15 14:23:14,12329.55,4,3,2
17423,2024-08-09 05:02:30,7017.76,2,21,2
17424,2024-03-30 05:36:49,4593.62,5,9,2
17425,2024-04-01 21:15:08,12649.37,3,12,5
17426,2024-11-20 01:09:13,14663.46,1,5,2
17427,2023-10-27 14:45:56,10198.38,2,21,3
17428,2023-10-23 14:22:12,15565.04,4,3,3
17429,2024-01-11 13:05:53,1651.47,3,7,10
17430,2024-02-03 08:44:10,846.50,4,3,2
17431,2024-11-18 10:04:52,5794.54,5,19,3
17432,2025-01-02 20:00:17,12323.33,5,24,2
17433,2024-09-10 13:45:33,10908.40,4,8,3
17434,2025-03-11 11:30:34,4598.87,4,13,3
17435,2023-11-16 23:27:43,11404.30,5,24,4
17436,2024-10-04 04:01:53,16517.83,5,9,3
17437,2024-08-01 21:36:08,7857.43,5,4,5
17438,2023-06-22 05:43:33,8041.81,5,4,2
17439,2023-08-01 07:08:04,698.40,3,7,5
17440,2023-05-24 10:16:23,10091.05,1,15,2
17441,2024-02-20 08:37:11,12840.39,5,24,2
17442,2024-05-24 23:26:59,4430.10,4,23,3
17443,2025-02-09 19:34:11,2228.52,3,17,2
17444,2024-09-13 16:13:24,2664.56,1,20,2
17445,2024-01-12 17:55:15,4272.04,3,7,3
17446,2025-05-21 11:16:08,13139.59,4,3,3
17447,2023-09-10 07:47:02,4358.56,1,10,2
17448,2024-07-22 12:01:40,2587.85,5,9,2
17449,2023-11-16 16:19:58,3543.91,1,20,4
17450,2023-11-18 08:53:45,13786.04,3,2,2
17451,2024-03-11 12:08:31,699.65,1,10,3
17452,2024-07-01 15:41:42,5860.82,3,12,11
17453,2023-08-15 08:57:52,11716.92,2,11,3
17454,2023-12-31 22:14:44,12794.71,5,19,4
17455,2024-02-14 12:52:18,11593.76,1,25,2
17456,2025-04-09 07:28:25,4334.50,5,4,2
17457,2025-01-03 16:23:14,24176.47,5,9,2
17458,2023-07-14 14:17:17,5980.61,4,13,2
17459,2024-05-10 03:09:27,19858.12,5,24,2
17460,2024-07-16 03:04:08,8479.60,1,5,2
17461,2024-01-02 07:20:37,6045.35,3,7,4
17462,2024-06-22 23:33:26,2217.22,2,21,3
17463,2024-04-15 12:02:37,5363.79,5,19,2
17464,2025-04-12 13:38:03,3303.48,3,2,4
17465,2024-10-22 07:15:38,856.04,2,16,2
17466,2025-01-08 14:59:06,4378.63,2,21,4
17467,2024-03-23 20:39:48,9206.23,3,22,9
17468,2024-02-26 19:12:21,8966.89,5,4,48
17469,2024-06-11 01:03:45,7527.80,4,13,4
17470,2024-01-22 07:38:51,7257.14,1,10,2
17471,2024-05-31 05:04:00,15849.43,2,11,2
17472,2025-05-04 02:53:18,6053.53,2,11,2
17473,2024-05-26 16:51:47,17237.09,4,8,2
17474,2024-02-14 14:39:34,6484.29,4,3,2
17475,2023-08-09 03:03:54,7341.95,2,21,7
17476,2024-06-25 10:04:19,10619.16,4,13,2
17477,2023-08-27 05:37:35,9682.10,3,2,2
17478,2024-06-25 03:32:42,3484.68,1,25,3
17479,2023-09-16 16:28:28,12570.31,2,16,3
17480,2024-09-13 05:36:31,5753.48,5,24,5
17481,2024-02-07 04:49:42,12007.82,3,22,2
17482,2023-08-11 12:49:14,11635.61,4,3,2
17483,2024-03-16 11:18:12,10779.07,4,8,2
17484,2024-01-11 11:41:38,9212.58,5,9,13
17485,2024-12-22 15:29:16,2278.60,2,11,2
17486,2024-10-04 12:35:35,12441.76,3,7,2
17487,2023-06-21 01:15:59,11014.20,3,12,2
17488,2024-12-16 22:26:51,12965.61,4,13,3
17489,2025-03-08 05:34:22,11919.25,2,21,2
17490,2024-02-06 02:35:11,12159.84,5,9,12
17491,2024-05-20 14:00:42,10960.04,2,16,2
17492,2024-10-19 06:12:42,628.32,3,17,2
17493,2024-12-15 02:25:28,11561.02,5,24,2
17494,2025-02-20 15:11:11,15093.88,5,19,2
17495,2024-04-24 17:01:21,1147.08,3,22,2
17496,2024-09-14 21:14:18,12206.46,1,20,2
17497,2024-09-29 10:06:29,10149.98,4,13,2
17498,2025-03-20 08:08:34,3683.78,1,20,2
17499,2023-05-24 17:31:37,5471.82,2,16,2
17500,2023-09-05 00:35:15,9703.41,3,2,2
17501,2023-10-15 17:51:08,6920.70,1,5,2
17502,2025-03-19 01:36:28,5535.15,2,1,2
17503,2023-09-20 20:36:02,5983.60,5,24,21
17504,2024-01-01 11:09:11,8139.47,5,14,3
17505,2024-08-27 09:13:33,3000.92,1,10,2
17506,2024-06-09 19:25:45,10408.73,2,16,5
17507,2024-05-03 04:36:59,3791.99,4,13,8
17508,2024-11-08 07:46:17,11128.14,4,3,2
17509,2023-11-05 13:00:49,9853.69,1,20,59
17510,2023-07-28 18:43:18,2776.20,1,25,2
17511,2023-09-01 22:35:37,7978.71,2,21,2
17512,2024-10-08 02:53:36,6912.07,4,3,2
17513,2023-10-29 17:26:14,12415.73,1,15,4
17514,2023-11-10 20:40:41,257.07,5,14,27
17515,2024-10-30 16:40:28,4966.95,2,1,9
17516,2024-07-15 05:26:02,16243.79,1,20,2
17517,2023-09-30 16:28:24,20347.68,1,10,4
17518,2023-06-21 12:51:15,5029.42,1,5,2
17519,2024-04-17 05:05:06,16182.62,2,21,2
17520,2024-04-23 20:50:11,3604.12,3,2,2
17521,2024-10-11 04:40:13,2624.16,2,6,2
17522,2024-02-10 04:00:18,12220.35,5,14,2
17523,2025-04-28 11:19:47,4667.14,5,9,2
17524,2024-01-10 22:10:41,441.48,1,5,2
17525,2023-10-17 03:55:39,13014.73,5,14,2
17526,2024-06-21 02:10:37,844.44,2,16,2
17527,2025-01-23 20:43:36,7766.01,4,3,70
17528,2025-05-12 13:47:20,6774.72,3,22,4
17529,2024-02-11 03:37:36,10175.99,2,16,2
17530,2023-08-10 22:04:12,3454.68,5,24,2
17531,2025-05-13 03:51:28,5449.59,4,8,2
17532,2024-03-02 06:31:13,17916.92,4,18,2
17533,2025-03-09 09:25:02,17001.91,1,20,2
17534,2024-07-11 01:20:31,451.15,2,1,3
17535,2023-11-18 02:46:17,13812.17,1,20,2
17536,2024-03-09 16:23:24,12812.72,5,4,2
17537,2025-01-05 09:08:46,14998.41,5,4,3
17538,2023-08-11 10:08:17,11517.09,1,25,2
17539,2024-04-01 17:45:00,8849.49,4,18,2
17540,2025-02-21 12:04:42,5153.71,2,16,11
17541,2024-01-20 11:08:54,4893.69,1,25,41
17542,2024-08-04 00:00:09,6148.47,5,4,4
17543,2024-07-29 16:24:40,11363.07,1,10,2
17544,2023-09-13 19:37:14,9158.06,3,12,2
17545,2025-05-03 06:59:11,14033.16,4,18,2
17546,2024-08-30 00:01:40,8562.17,1,5,2
17547,2024-11-13 20:12:28,5352.89,5,4,3
17548,2024-11-22 22:23:20,8283.24,4,18,2
17549,2024-10-06 02:59:06,9557.97,5,9,5
17550,2024-10-15 12:38:12,5681.81,1,5,6
17551,2024-07-10 20:39:39,11911.53,3,7,3
17552,2024-06-10 20:37:12,10794.92,2,16,2
17553,2023-06-05 00:21:37,5185.34,4,3,3
17554,2023-12-19 14:34:20,1174.87,2,6,65
17555,2024-11-21 06:15:07,6416.85,5,19,3
17556,2023-10-16 13:43:22,3824.56,1,25,16
17557,2024-09-17 17:49:47,335.18,5,19,73
17558,2023-11-16 19:58:05,9344.97,1,5,2
17559,2025-01-30 07:36:57,6097.71,3,12,2
17560,2023-09-04 00:11:51,19254.99,2,16,3
17561,2025-01-05 01:47:28,10573.85,4,23,2
17562,2023-06-18 23:23:22,10136.22,3,22,2
17563,2024-12-17 05:20:40,5918.08,5,19,2
17564,2023-12-03 07:13:46,14239.82,5,14,2
17565,2023-11-13 19:29:52,886.02,1,10,2
17566,2024-09-26 02:39:45,7069.59,5,14,2
17567,2024-05-15 11:42:27,13141.75,3,12,2
17568,2024-01-20 17:09:46,6696.76,4,13,4
17569,2025-01-21 21:17:56,5402.52,3,2,2
17570,2023-06-24 03:09:17,11723.66,2,1,7
17571,2023-10-17 15:10:36,6871.88,4,23,3
17572,2023-08-03 10:46:15,9878.61,3,7,3
17573,2024-09-01 21:00:02,5133.48,2,11,3
17574,2025-02-26 03:49:50,1399.30,3,7,2
17575,2024-05-28 15:01:28,13571.50,3,7,2
17576,2023-08-25 07:07:05,10273.23,1,10,3
17577,2023-09-25 03:44:42,11302.85,3,7,2
17578,2025-01-24 12:51:18,27536.49,5,24,2
17579,2025-04-12 14:48:45,15042.19,1,25,7
17580,2024-05-16 17:50:17,9093.67,5,4,2
17581,2023-12-24 16:31:42,6131.59,2,21,2
17582,2025-01-26 03:05:24,9391.57,4,13,2
17583,2024-12-08 11:27:21,8524.40,5,24,2
17584,2024-07-05 09:20:35,13644.91,5,14,2
17585,2023-09-04 19:43:01,16168.53,2,6,2
17586,2024-08-30 23:47:56,7935.80,2,21,2
17587,2025-05-12 21:41:39,3503.69,5,24,3
17588,2025-04-17 06:26:27,4370.75,4,3,2
17589,2023-11-07 01:25:12,13238.43,1,20,5
17590,2025-04-16 20:20:19,13256.20,2,16,2
17591,2024-09-28 17:17:41,5503.48,5,24,2
17592,2023-08-20 06:34:50,2357.36,2,16,2
17593,2024-10-20 18:02:37,3679.56,1,25,2
17594,2024-11-15 01:08:14,17951.96,2,1,2
17595,2024-06-17 14:41:19,258.40,4,13,4
17596,2024-05-22 02:20:39,445.08,2,21,2
17597,2024-02-12 11:14:29,4824.58,3,7,2
17598,2024-12-06 07:30:53,11651.07,2,16,2
17599,2024-05-18 02:02:08,1159.89,4,8,3
17600,2023-08-09 03:43:10,10975.58,3,22,2
17601,2024-09-02 01:30:28,8134.17,4,23,6
17602,2024-01-15 09:35:54,2416.04,1,20,2
17603,2024-11-18 20:39:32,4151.30,4,18,2
17604,2024-04-26 16:22:33,5888.80,4,18,3
17605,2024-07-11 11:38:24,10984.87,1,25,2
17606,2024-09-18 20:55:19,2645.61,2,1,3
17607,2023-12-24 09:06:26,2582.95,1,20,2
17608,2024-05-02 05:19:24,3165.66,2,16,12
17609,2024-06-08 20:29:33,4262.80,3,17,2
17610,2023-09-17 20:39:39,8332.58,5,9,2
17611,2025-01-30 21:57:20,11598.81,2,6,2
17612,2023-09-28 06:37:36,6466.23,4,8,3
17613,2024-07-24 00:31:15,7174.60,1,20,4
17614,2024-12-04 20:10:06,5644.84,4,18,3
17615,2025-04-06 10:58:54,8619.48,4,23,2
17616,2023-11-14 12:33:35,19129.69,1,20,2
17617,2023-10-30 14:00:39,16247.74,2,11,2
17618,2025-03-10 00:31:03,5775.05,5,14,3
17619,2023-11-07 03:00:53,9355.92,1,25,2
17620,2025-01-09 23:44:18,4906.06,5,24,9
17621,2024-12-21 17:17:59,7165.79,3,7,2
17622,2023-10-09 22:54:52,7342.09,3,7,6
17623,2023-12-05 07:16:56,3471.15,4,3,3
17624,2025-05-05 08:06:44,17815.94,4,13,2
17625,2025-05-05 12:40:20,7800.28,5,9,4
17626,2024-10-09 08:08:22,6258.29,4,23,2
17627,2025-02-16 09:16:48,10254.11,3,17,3
17628,2024-10-04 23:51:24,14866.17,1,15,2
17629,2023-06-27 02:03:13,2200.28,5,24,2
17630,2023-09-17 04:48:35,14301.92,3,22,3
17631,2024-09-05 11:07:30,7651.50,2,21,9
17632,2024-06-01 15:09:18,1669.06,3,7,3
17633,2024-05-08 23:45:08,12786.31,3,2,2
17634,2023-12-18 19:18:58,9876.14,5,14,2
17635,2024-02-22 15:09:47,8498.39,3,2,2
17636,2025-04-16 16:05:00,12244.08,4,8,16
17637,2024-12-29 00:46:52,1382.10,4,13,2
17638,2025-03-12 19:55:41,3091.52,5,24,2
17639,2023-08-27 03:02:58,932.19,4,8,2
17640,2025-05-19 03:31:12,10299.00,3,17,2
17641,2024-10-05 14:03:02,4300.57,1,20,2
17642,2023-07-10 20:00:42,4822.70,2,16,3
17643,2023-06-02 16:24:31,9280.23,3,12,8
17644,2023-08-16 04:13:39,10381.22,3,22,2
17645,2024-06-11 11:34:50,8250.26,2,6,2
17646,2023-05-23 05:12:48,11669.64,4,8,4
17647,2024-07-20 11:31:15,2204.55,3,2,2
17648,2023-07-10 20:06:32,180.46,1,20,2
17649,2024-08-07 23:39:13,6006.50,2,11,3
17650,2024-02-25 12:00:54,5332.81,1,20,3
17651,2023-08-26 09:16:17,180.46,3,22,3
17652,2025-02-25 17:57:01,4396.46,4,18,3
17653,2024-11-19 04:12:04,7434.64,5,9,5
17654,2024-02-07 08:10:52,6147.81,3,7,2
17655,2023-09-17 22:13:48,3503.06,4,23,5
17656,2024-08-13 18:10:23,12485.50,2,6,2
17657,2025-04-20 11:03:26,9912.36,2,1,5
17658,2024-07-18 21:38:41,6329.10,2,6,3
17659,2024-11-01 16:36:36,6315.30,1,25,2
17660,2024-07-02 08:15:06,7723.62,1,20,2
17661,2023-09-24 23:07:58,9808.87,2,1,2
17662,2024-03-28 19:55:54,15313.69,4,18,3
17663,2023-08-31 02:08:05,890.16,1,20,2
17664,2024-02-23 05:58:37,12070.30,5,19,2
17665,2023-06-29 17:16:55,9552.51,5,4,4
17666,2025-01-27 09:35:57,8038.26,3,2,6
17667,2024-06-13 09:06:27,2590.67,2,21,206
17668,2025-04-07 06:27:31,15980.69,3,22,2
17669,2024-02-12 07:35:40,7525.77,4,23,2
17670,2023-09-01 19:57:22,441.48,1,5,4
17671,2023-06-14 15:03:00,5219.36,1,10,2
17672,2025-03-01 11:30:24,10745.60,2,1,2
17673,2024-12-02 07:01:44,3122.83,2,11,4
17674,2023-08-02 02:26:10,5003.71,1,10,2
17675,2025-01-07 03:58:43,10756.79,1,20,2
17676,2025-04-24 13:55:27,1310.16,4,3,4
17677,2025-03-11 11:00:14,6381.79,4,13,9
17678,2023-07-08 12:14:21,13642.14,5,9,2
17679,2024-02-02 06:29:31,7493.54,4,18,2
17680,2024-01-01 16:13:41,3450.43,2,16,3
17681,2025-05-15 22:50:39,3131.33,1,15,2
17682,2025-02-09 03:13:59,10815.34,2,16,2
17683,2023-12-19 07:27:00,9546.74,5,14,2
17684,2024-11-18 04:31:24,14226.63,2,6,2
17685,2024-01-28 05:41:52,1533.57,4,8,7
17686,2024-05-02 10:25:22,8523.71,5,19,6
17687,2024-07-14 13:17:24,19414.58,4,18,2
17688,2025-04-27 02:49:47,11790.90,3,12,4
17689,2023-12-15 03:07:41,3776.92,2,16,2
17690,2025-01-12 14:21:54,15930.34,3,22,2
17691,2023-09-01 14:26:35,1304.20,3,22,3
17692,2025-03-02 17:06:34,6716.94,4,18,2
17693,2024-05-02 06:08:32,6345.75,4,8,6
17694,2023-07-05 00:58:22,10805.94,5,4,2
17695,2023-07-16 19:07:54,8878.94,5,4,5
17696,2024-08-16 17:09:21,3694.70,3,17,2
17697,2025-05-08 14:04:50,12577.27,2,21,2
17698,2024-06-05 08:40:40,14501.40,4,8,2
17699,2023-06-12 09:20:59,3633.75,4,23,3
17700,2024-04-26 14:44:09,1613.26,2,1,4
17701,2024-07-03 14:48:24,213.40,2,11,2
17702,2025-01-17 10:06:19,7475.18,5,4,2
17703,2024-03-01 02:10:54,10121.34,4,18,2
17704,2023-06-20 06:06:04,5504.18,1,5,25
17705,2023-10-16 07:19:32,3589.04,3,22,2
17706,2025-05-14 01:10:29,6550.82,4,18,2
17707,2023-08-31 04:35:06,3275.91,1,15,7
17708,2023-08-16 10:30:30,2237.00,2,16,2
17709,2023-11-23 05:26:39,11543.13,4,18,3
17710,2025-05-06 18:36:51,5961.61,2,21,3
17711,2025-02-14 11:44:14,2887.73,4,8,2
17712,2025-04-07 23:19:37,2596.47,4,3,2
17713,2023-11-17 16:13:29,2065.98,4,3,2
17714,2023-06-16 12:35:30,5005.43,2,16,5
17715,2024-08-09 23:43:05,18616.75,5,24,2
17716,2023-12-01 05:30:44,5315.16,2,6,3
17717,2023-08-21 13:51:31,872.22,5,14,2
17718,2024-10-01 10:15:27,9868.01,3,7,3
17719,2023-05-29 22:55:02,12515.84,5,14,8
17720,2025-02-27 09:31:17,5787.19,4,3,2
17721,2024-07-22 23:20:19,12218.49,5,19,2
17722,2023-11-23 05:47:43,14283.51,5,14,2
17723,2025-05-05 02:49:06,16458.19,4,18,2
17724,2024-01-17 01:38:45,3929.13,4,23,2
17725,2024-09-28 16:28:01,11786.02,1,15,2
17726,2023-10-21 01:47:55,17666.08,3,2,2
17727,2023-10-31 22:27:07,106.70,2,1,2
17728,2024-08-11 23:32:34,15002.37,4,8,4
17729,2024-05-01 10:11:06,11328.01,1,5,3
17730,2024-03-14 15:56:34,10032.67,5,14,20
17731,2024-09-06 14:47:11,6833.34,4,13,2
17732,2023-07-17 02:36:12,6294.61,4,8,2
17733,2025-03-06 15:11:29,2809.51,5,19,2
17734,2024-03-04 16:00:04,14859.03,4,23,3
17735,2024-04-04 05:11:40,4975.85,4,18,3
17736,2023-05-27 18:58:14,12158.12,2,6,2
17737,2024-06-28 19:10:19,9257.46,5,14,2
17738,2024-12-08 17:17:58,5000.93,1,20,3
17739,2024-07-14 06:05:54,5068.51,4,13,2
17740,2025-05-20 00:09:46,14245.27,5,14,2
17741,2025-02-11 23:40:27,1962.24,5,14,2
17742,2023-06-10 22:02:58,1750.43,3,22,11
17743,2023-11-20 01:15:24,15685.18,3,22,2
17744,2023-10-25 11:20:42,183.10,4,13,2
17745,2025-03-23 03:08:56,3963.68,2,11,2
17746,2024-05-24 10:38:49,14418.72,2,1,3
17747,2023-07-09 16:13:00,6280.42,1,15,2
17748,2023-11-07 13:06:24,11794.38,3,22,4
17749,2024-07-24 23:23:31,11577.32,2,16,2
17750,2023-06-07 10:22:11,5457.23,2,21,5
17751,2024-10-02 00:11:06,8037.67,5,4,2
17752,2024-06-09 16:16:05,11351.73,2,21,5
17753,2024-05-23 07:15:24,4355.43,1,15,2
17754,2025-05-03 13:56:46,4482.30,4,3,5
17755,2023-06-26 09:29:24,9986.10,2,1,2
17756,2024-07-03 16:25:59,6935.41,2,16,16
17757,2024-09-19 04:33:59,10406.63,2,21,2
17758,2025-01-21 06:10:42,2858.88,5,14,3
17759,2025-04-28 03:26:44,1514.18,4,3,2
17760,2025-04-06 20:49:56,14425.28,2,6,2
17761,2024-08-13 02:19:40,22823.34,2,16,3
17762,2024-04-25 12:07:23,5444.72,5,4,2
17763,2025-05-14 07:56:15,12712.38,4,18,16
17764,2024-08-28 06:53:19,10647.41,2,21,2
17765,2023-08-29 18:29:08,12972.90,3,2,3
17766,2023-11-30 23:51:45,2015.96,3,2,2
17767,2024-05-22 15:09:50,3187.94,5,9,2
17768,2024-07-20 04:26:45,10510.80,4,23,2
17769,2024-11-06 06:38:32,16254.57,3,22,3
17770,2023-10-21 07:53:54,6614.04,4,8,6
17771,2023-12-29 07:39:38,5528.13,4,18,2
17772,2024-10-19 19:42:21,13512.26,4,13,2
17773,2024-08-04 10:23:04,5386.03,4,13,2
17774,2023-10-07 03:22:39,2630.97,5,14,2
17775,2025-03-30 02:03:53,2568.96,3,2,42
17776,2023-06-08 17:42:02,1149.69,2,6,7
17777,2023-08-08 14:49:18,13906.94,2,1,6
17778,2023-06-10 18:58:17,8581.47,3,22,4
17779,2023-06-09 03:19:51,10096.82,3,2,12
17780,2025-02-26 09:51:30,13193.05,2,1,2
17781,2024-04-20 22:38:11,9322.60,5,24,2
17782,2025-03-26 17:04:00,10767.51,4,8,2
17783,2024-04-04 04:29:56,8085.37,1,5,2
17784,2023-06-28 03:18:16,8327.00,3,17,2
17785,2025-03-10 11:32:17,7384.53,4,18,2
17786,2024-12-06 15:04:50,16323.88,5,24,13
17787,2024-10-24 21:02:21,8972.53,5,19,2
17788,2024-08-31 06:20:05,8283.09,2,1,4
17789,2024-05-18 06:31:38,228.57,5,19,4
17790,2025-03-16 23:17:03,16751.67,5,14,2
17791,2024-10-08 10:50:27,7524.53,4,8,3
17792,2024-09-30 22:24:36,9459.58,2,6,2
17793,2024-08-07 17:15:18,21710.85,5,19,10
17794,2024-06-25 07:23:54,11564.08,5,14,2
17795,2023-09-30 20:53:15,4156.86,5,19,2
17796,2024-05-19 07:01:35,11202.50,3,12,2
17797,2024-01-28 20:07:05,12263.83,2,21,3
17798,2025-05-19 13:02:44,7585.74,5,24,2
17799,2023-10-01 05:39:43,1599.90,4,8,2
17800,2023-10-21 03:19:08,9192.03,4,8,9
17801,2024-11-24 21:22:37,11688.01,5,19,4
17802,2025-03-10 08:46:37,2012.00,4,23,2
17803,2024-09-21 11:25:16,7949.91,1,20,8
17804,2024-11-28 13:54:15,9137.47,1,25,2
17805,2024-01-08 07:22:48,16792.70,5,24,2
17806,2023-11-05 02:09:10,26578.71,3,22,2
17807,2023-12-22 20:09:36,4998.84,1,20,2
17808,2023-06-11 10:13:12,11983.27,5,9,32
17809,2024-08-08 22:27:18,15559.81,4,13,2
17810,2024-04-14 14:33:11,3421.66,5,24,2
17811,2024-03-18 01:04:38,10177.66,4,3,2
17812,2024-05-13 01:07:19,18365.39,1,10,2
17813,2025-03-04 01:33:57,3372.95,5,9,2
17814,2023-08-31 12:11:47,3628.05,1,25,2
17815,2024-07-01 16:16:26,12478.99,4,8,2
17816,2025-04-17 18:24:42,1275.02,1,10,4
17817,2024-06-04 03:36:14,5100.66,2,6,2
17818,2023-06-17 15:19:09,15789.04,5,4,2
17819,2023-09-01 13:08:23,13789.10,2,21,2
17820,2023-07-04 03:13:42,10017.50,1,20,2
17821,2024-08-30 07:33:53,846.50,2,16,15
17822,2024-03-02 15:16:48,18235.30,4,18,2
17823,2023-07-27 23:26:13,5525.51,2,1,2
17824,2023-07-24 22:20:02,6447.71,5,19,2
17825,2024-07-08 07:06:39,7531.86,5,4,2
17826,2024-11-11 00:32:38,2413.50,4,23,2
17827,2024-04-27 04:06:46,8770.69,3,7,2
17828,2023-12-09 13:03:32,7230.16,4,8,2
17829,2024-01-18 14:43:55,9765.73,4,23,16
17830,2024-01-04 12:51:37,7618.64,4,3,123
17831,2024-11-04 15:00:06,12135.71,3,17,2
17832,2025-03-29 23:45:23,23734.12,4,3,3
17833,2024-10-06 21:41:54,231.98,3,7,2
17834,2025-02-11 16:11:05,2537.21,5,24,2
17835,2023-05-31 06:41:00,797.30,1,15,3
17836,2024-09-30 10:11:48,1605.96,3,2,2
17837,2024-09-19 15:40:49,16614.49,3,12,2
17838,2023-09-10 05:01:42,3561.32,4,3,2
17839,2024-03-23 06:01:02,24.30,2,16,3
17840,2024-04-12 16:39:26,11883.28,4,8,4
17841,2023-07-01 08:13:31,10613.21,1,20,2
17842,2024-06-13 15:00:06,1594.60,1,25,5
17843,2024-03-04 18:22:59,16404.23,1,10,6
17844,2023-06-20 01:49:04,9088.31,4,13,2
17845,2024-06-18 19:01:00,8234.07,5,9,2
17846,2025-01-27 03:20:08,13722.92,1,10,105
17847,2024-11-30 11:19:40,17286.90,4,13,2
17848,2024-12-19 09:46:57,5696.49,4,23,3
17849,2024-05-16 04:18:30,9741.58,4,18,4
17850,2023-11-06 18:36:04,4139.25,2,6,2
17851,2023-12-20 21:05:03,11325.49,3,22,2
17852,2025-01-11 07:52:01,3883.28,3,2,7
17853,2025-04-12 15:05:21,7235.44,1,15,6
17854,2024-02-29 09:54:18,11206.13,1,10,3
17855,2024-06-11 01:23:37,15492.81,3,7,4
17856,2024-02-04 19:26:56,13481.47,3,7,2
17857,2024-03-07 22:42:29,4784.77,1,20,3
17858,2025-01-20 14:19:57,10716.60,5,4,2
17859,2023-05-30 14:18:08,14290.11,4,8,2
17860,2023-06-19 15:05:57,8485.49,5,14,3
17861,2024-03-29 09:58:05,9116.30,2,1,2
17862,2024-04-07 23:53:25,9106.73,4,23,2
17863,2023-09-26 06:45:58,7615.58,4,23,3
17864,2025-02-14 21:10:55,7374.34,4,8,2
17865,2025-02-16 02:27:40,8065.08,5,19,3
17866,2025-01-21 22:14:10,9417.49,2,11,4
17867,2023-11-19 20:29:46,19369.16,1,10,5
17868,2024-08-31 19:59:36,16373.96,3,17,2
17869,2025-01-18 15:53:52,9971.23,5,9,2
17870,2024-03-13 05:09:17,14878.73,5,19,3
17871,2025-03-27 05:07:42,10587.58,4,23,11
17872,2025-01-07 19:23:48,13099.63,5,14,2
17873,2024-08-20 05:03:07,2575.14,2,1,5
17874,2025-02-10 01:51:39,14306.83,3,2,7
17875,2025-04-02 14:04:03,13640.74,3,12,5
17876,2023-05-25 03:06:31,5963.76,4,3,5
17877,2024-12-07 00:41:34,4896.52,4,3,2
17878,2025-01-18 12:58:53,347.97,1,20,4
17879,2025-01-03 19:09:17,7147.96,4,13,2
17880,2023-11-15 02:06:07,3990.62,4,3,2
17881,2024-07-01 09:44:37,2592.40,3,2,2
17882,2024-11-15 19:44:30,12140.83,5,14,2
17883,2024-11-15 06:00:22,10592.25,5,14,3
17884,2023-08-29 16:59:07,9111.49,3,17,2
17885,2023-09-08 10:55:29,6690.94,1,15,6
17886,2023-11-23 13:23:38,6269.39,1,20,8
17887,2025-02-15 07:12:43,6826.80,2,11,4
17888,2023-12-12 17:52:19,13195.67,4,23,2
17889,2023-10-10 21:14:12,17523.39,2,6,5
17890,2024-09-03 10:39:36,3976.50,4,3,2
17891,2023-05-23 00:55:12,16708.01,1,10,2
17892,2023-08-11 21:36:03,13705.25,3,2,2
17893,2025-03-27 06:15:41,15052.30,4,23,3
17894,2024-11-24 01:27:09,16204.16,2,16,2
17895,2024-08-12 15:40:44,9668.96,4,3,2
17896,2024-02-18 00:06:57,655.08,3,7,16
17897,2025-02-25 02:40:28,10985.62,1,10,3
17898,2025-03-21 21:50:00,12332.15,5,19,2
17899,2023-09-25 08:33:00,13861.36,5,19,2
17900,2025-02-17 09:40:35,16380.27,3,22,4
17901,2024-11-20 21:02:14,17103.97,4,3,3
17902,2024-06-05 00:43:45,842.46,5,4,2
17903,2024-09-29 12:11:23,10569.33,1,15,3
17904,2024-03-01 02:47:32,7097.82,2,11,3
17905,2025-02-06 18:32:42,18276.43,4,23,2
17906,2023-06-19 19:02:11,6398.27,5,9,2
17907,2023-10-23 02:26:11,10902.73,1,15,2
17908,2024-01-19 07:56:12,6874.46,5,19,2
17909,2024-11-13 23:33:35,9871.32,2,16,2
17910,2025-02-24 16:00:12,1774.05,2,6,2
17911,2024-07-06 07:16:06,13331.53,5,24,19
17912,2025-02-23 04:46:36,16952.95,1,10,2
17913,2023-09-21 06:31:24,5313.03,1,10,15
17914,2024-04-05 01:09:27,6598.28,1,20,2
17915,2025-04-18 15:43:27,3650.94,3,17,16
17916,2024-03-15 18:40:51,9126.27,5,14,2
17917,2023-10-09 12:33:25,465.60,2,16,2
17918,2025-03-01 13:16:54,9378.47,1,15,2
17919,2023-12-21 08:54:14,13510.33,1,5,2
17920,2023-07-05 23:46:30,7187.99,5,14,18
17921,2023-11-02 01:00:30,16557.01,5,4,2
17922,2023-08-06 15:17:58,13596.21,2,11,3
17923,2024-11-14 22:46:58,5724.34,2,21,6
17924,2024-05-04 17:53:33,13058.00,4,18,2
17925,2025-02-03 13:58:02,13483.08,3,2,2
17926,2024-07-25 00:18:31,3087.01,3,7,8
17927,2024-04-15 08:41:29,4543.61,5,24,4
17928,2023-10-13 03:59:24,11877.96,4,18,2
17929,2023-12-01 17:51:49,12153.93,5,9,3
17930,2025-02-02 11:21:20,7592.66,4,23,5
17931,2024-08-17 16:57:52,5169.63,5,9,3
17932,2023-08-31 12:52:07,12761.88,1,15,2
17933,2025-01-20 04:41:31,14517.62,1,20,10
17934,2024-09-17 21:27:09,2323.12,2,6,2
17935,2024-01-02 13:36:33,2564.92,3,12,2
17936,2023-06-16 04:57:08,14675.85,5,19,8
17937,2024-03-28 11:55:57,858.78,4,18,2
17938,2024-08-05 22:07:16,1845.89,2,6,2
17939,2024-02-04 21:35:34,8147.46,3,12,2
17940,2023-09-30 09:13:19,457.14,4,8,2
17941,2023-12-13 07:27:09,3908.40,2,21,5
17942,2023-10-31 10:54:08,7315.43,3,7,11
17943,2023-08-18 09:06:55,10938.82,1,10,5
17944,2024-04-27 04:20:13,4443.49,2,6,2
17945,2024-11-02 04:25:51,16988.24,4,8,2
17946,2023-12-08 16:38:45,3870.94,3,22,2
17947,2024-08-10 13:13:53,11188.78,4,3,2
17948,2025-04-07 20:11:50,7702.99,5,19,6
17949,2023-09-01 12:34:19,4332.16,3,12,3
17950,2024-04-05 16:40:15,2909.20,2,21,2
17951,2023-07-27 13:35:56,3617.90,5,4,2
17952,2023-05-28 06:40:47,4567.60,4,13,2
17953,2024-10-15 23:46:01,26798.13,1,25,2
17954,2024-12-06 03:15:57,6309.39,4,13,2
17955,2023-09-30 13:48:15,5639.36,2,11,3
17956,2023-09-06 14:04:28,15827.26,3,7,8
17957,2023-08-18 04:36:25,24826.98,1,20,2
17958,2024-03-15 14:03:45,1511.67,3,17,2
17959,2025-02-06 11:52:44,6730.28,1,10,2
17960,2025-05-14 00:36:33,10183.26,3,22,3
17961,2025-01-07 08:18:15,3785.00,5,9,14
17962,2023-12-27 15:06:52,6964.68,5,4,2
17963,2025-01-31 01:30:07,1608.03,4,18,3
17964,2023-08-02 20:55:07,16105.91,5,4,2
17965,2024-05-04 20:21:15,6388.50,1,15,24
17966,2025-04-12 22:21:13,7858.72,4,3,2
17967,2025-02-12 03:20:19,5216.08,2,16,2
17968,2024-04-14 22:36:20,10752.79,2,21,2
17969,2024-07-22 04:44:47,167.59,4,3,3
17970,2024-05-23 02:11:23,2972.31,5,4,2
17971,2023-06-19 18:07:19,10258.62,2,1,3
17972,2024-01-07 01:45:50,9761.78,1,10,8
17973,2024-04-05 20:18:07,9593.00,3,22,2
17974,2023-11-26 20:08:32,9305.17,2,16,2
17975,2023-11-23 04:58:25,9727.73,5,19,6
17976,2024-08-09 00:48:12,17063.38,3,12,2
17977,2023-06-24 22:40:56,6540.50,3,7,2
17978,2024-12-07 20:03:53,5782.11,5,19,2
17979,2025-02-17 00:01:33,16247.65,4,23,3
17980,2024-01-11 22:37:39,6194.05,4,13,2
17981,2023-08-19 03:49:23,8443.97,5,9,5
17982,2023-11-16 22:29:29,7504.18,1,25,2
17983,2024-03-06 09:43:00,8024.21,1,5,3
17984,2024-08-24 07:46:08,2702.58,1,25,2
17985,2024-10-09 15:51:51,11115.95,3,7,3
17986,2025-03-19 12:22:32,6250.87,5,19,5
17987,2024-10-29 09:44:19,11338.40,4,3,4
17988,2025-03-31 04:30:13,7961.33,3,22,8
17989,2024-02-07 07:06:10,1923.55,3,7,2
17990,2024-04-03 23:54:00,6905.41,1,20,2
17991,2025-01-25 00:17:40,17242.40,1,25,2
17992,2025-03-19 22:13:26,7334.17,1,15,4
17993,2023-09-23 19:44:05,8044.98,1,15,2
17994,2023-10-09 11:17:30,3708.67,5,19,2
17995,2023-06-01 19:00:12,1746.14,4,23,2
17996,2024-07-24 13:17:49,10268.75,4,3,2
17997,2024-02-27 11:53:02,10777.93,5,9,3
17998,2023-11-03 00:13:38,10890.40,4,8,2
17999,2024-03-11 19:11:46,15814.51,2,11,2
18000,2025-04-30 13:12:36,11600.86,1,10,2
18001,2023-06-25 00:13:40,4003.78,3,22,2
18002,2024-09-12 10:11:42,15604.00,1,20,2
18003,2024-10-23 12:07:39,13195.83,1,15,3
18004,2024-08-09 03:07:12,14584.61,4,13,3
18005,2024-06-15 11:54:59,3994.33,4,23,2
18006,2024-09-21 21:00:58,6054.49,2,11,4
18007,2024-02-23 07:17:17,11665.36,4,3,2
18008,2024-04-20 00:13:46,6616.76,1,15,2
18009,2023-09-30 00:28:44,2580.15,1,15,2
18010,2024-04-30 01:45:19,8640.46,4,13,2
18011,2024-07-21 18:27:36,11891.45,5,24,2
18012,2024-03-19 00:38:55,19410.70,1,25,2
18013,2023-09-23 21:06:28,9540.25,3,22,3
18014,2023-10-16 13:58:46,8628.55,4,8,2
18015,2024-11-11 13:37:28,9864.64,5,4,2
18016,2024-01-19 12:46:01,11242.57,5,24,3
18017,2025-04-28 09:56:14,2300.54,1,15,2
18018,2023-07-19 05:34:06,12418.86,2,21,3
18019,2024-10-31 15:36:59,2584.44,3,22,2
18020,2023-10-03 11:04:57,15522.96,2,21,2
18021,2023-12-08 10:39:43,12572.41,1,20,2
18022,2024-11-07 23:44:47,4512.93,1,10,2
18023,2023-11-28 19:01:24,12616.81,3,22,4
18024,2023-09-13 19:19:20,10719.22,5,4,2
18025,2025-04-24 04:38:06,6142.53,5,14,2
18026,2023-11-05 18:36:52,2992.15,2,21,2
18027,2023-07-25 07:14:03,10081.17,1,25,3
18028,2024-05-28 22:29:56,2480.36,2,6,2
18029,2024-09-15 13:44:47,15232.93,3,2,6
18030,2024-02-23 21:17:37,10127.92,2,21,4
18031,2023-05-25 07:54:56,9834.46,5,14,2
18032,2023-05-29 22:25:06,3172.40,1,25,8
18033,2023-11-09 20:48:13,6812.90,2,21,2
18034,2024-02-15 21:30:06,8025.13,5,4,2
18035,2025-04-27 03:35:13,12131.12,1,10,2
18036,2023-11-21 01:02:17,5058.25,5,14,2
18037,2024-05-13 15:06:08,14945.83,5,9,2
18038,2024-02-16 03:28:09,1722.96,1,25,2
18039,2024-01-22 00:18:49,15634.80,3,12,2
18040,2023-07-24 01:43:13,12835.30,2,6,656
18041,2025-04-17 11:42:34,15313.97,2,11,2
18042,2025-05-19 19:35:05,13827.25,5,19,2
18043,2024-06-13 15:04:37,11060.00,5,4,2
18044,2023-07-14 19:41:42,7889.18,3,22,2
18045,2024-05-01 02:12:06,12536.83,4,23,6
18046,2023-07-25 19:23:20,3812.72,4,3,3
18047,2023-11-22 09:27:34,12626.35,3,12,2
18048,2023-08-31 22:24:41,7953.08,5,14,3
18049,2024-08-22 06:19:29,22286.10,2,16,4
18050,2025-04-17 06:08:26,7682.10,1,25,4
18051,2025-05-13 23:17:58,3822.66,2,1,2
18052,2023-08-25 00:59:55,7725.54,4,8,2
18053,2023-11-26 13:07:25,3800.05,1,5,2
18054,2024-01-03 21:10:52,13905.21,2,16,3
18055,2024-09-23 14:41:16,19856.33,4,3,2
18056,2025-01-17 19:32:41,1817.13,3,22,2
18057,2024-09-13 15:32:59,4656.39,5,9,2
18058,2025-04-22 00:51:30,6669.98,3,7,2
18059,2024-06-17 15:10:20,12383.06,1,10,3
18060,2024-12-15 05:00:16,9737.20,1,15,2
18061,2025-01-29 14:46:49,9269.88,4,13,3
18062,2024-07-22 03:39:39,1504.24,4,8,2
18063,2024-03-20 04:15:31,17645.19,1,20,2
18064,2024-03-13 06:53:30,11116.65,4,23,2
18065,2024-11-22 05:21:38,4503.20,2,16,3
18066,2025-02-13 18:26:47,14117.45,5,4,19
18067,2024-07-29 07:02:00,4487.21,1,25,3
18068,2024-02-03 22:22:22,12493.73,3,12,3
18069,2024-02-23 15:58:15,7258.06,3,17,2
18070,2024-06-12 08:02:23,15298.05,5,14,2
18071,2024-01-14 07:11:34,12454.28,3,17,4
18072,2024-08-11 02:18:31,1481.72,5,14,2
18073,2023-08-09 12:26:24,5488.07,3,7,3
18074,2024-07-20 19:25:44,13863.01,4,8,2
18075,2023-11-15 08:09:44,4385.25,3,17,3
18076,2024-04-16 09:53:43,4559.11,2,6,2
18077,2025-01-03 23:12:37,4393.10,2,21,5
18078,2025-05-19 05:07:45,2796.88,5,4,34
18079,2024-06-06 23:39:35,3079.31,2,1,2
18080,2023-08-29 08:53:56,223.52,2,16,3
18081,2024-04-18 00:35:30,6142.05,3,17,2
18082,2024-08-22 14:37:31,11705.07,2,21,2
18083,2024-09-20 01:27:05,12683.42,3,22,2
18084,2024-07-23 12:41:57,5177.60,5,4,2
18085,2024-11-07 01:30:34,4182.83,2,21,2
18086,2025-02-11 12:46:48,681.27,3,7,2
18087,2023-11-22 22:07:39,1829.71,4,13,2
18088,2025-03-06 13:02:16,19568.40,2,11,2
18089,2024-10-22 11:26:23,2751.31,2,11,3
18090,2024-02-24 16:47:04,11684.60,2,16,2
18091,2024-06-06 23:27:23,17735.64,2,11,2
18092,2024-09-26 16:35:44,13225.46,4,18,2
18093,2025-01-08 09:12:31,3020.05,4,8,2
18094,2024-03-14 12:17:55,16009.22,3,22,2
18095,2024-01-08 23:08:48,4093.58,2,1,2
18096,2024-01-04 21:31:31,14651.08,5,24,2
18097,2024-03-18 13:19:28,19924.20,1,20,14
18098,2025-02-13 18:29:38,1033.18,1,5,3
18099,2024-02-25 04:59:06,10188.21,1,20,2
18100,2024-06-08 07:20:24,13145.87,4,3,2
18101,2023-10-22 21:24:49,2980.92,1,20,2
18102,2023-10-17 04:56:44,4958.79,4,8,4
18103,2025-01-01 21:37:14,5666.48,4,13,3
18104,2023-06-09 04:46:15,3904.10,4,8,2
18105,2024-03-19 11:40:18,8135.10,1,20,2
18106,2023-11-30 14:28:29,1204.54,3,22,2
18107,2024-08-24 12:22:46,7427.54,5,14,6
18108,2023-11-15 21:47:48,17485.50,5,4,2
18109,2025-04-16 08:59:37,5372.87,2,21,2
18110,2024-07-29 02:02:41,5143.94,2,6,2
18111,2024-11-22 23:49:08,11321.40,3,2,4
18112,2023-09-02 10:26:05,1092.96,3,7,4
18113,2024-06-02 08:25:49,5723.93,5,9,2
18114,2025-01-02 07:14:13,1547.27,1,20,2
18115,2023-09-13 14:37:46,3595.70,2,1,2
18116,2025-04-10 15:57:18,541.54,4,13,3
18117,2025-01-03 14:28:17,7589.13,2,16,2
18118,2023-06-14 09:29:50,20577.11,4,3,3
18119,2024-05-22 05:40:16,10437.72,1,15,2
18120,2023-08-25 02:19:38,16663.74,3,7,2
18121,2023-08-02 07:49:21,13699.29,5,9,2
18122,2024-03-25 06:01:05,11088.05,5,4,4
18123,2025-03-14 02:36:11,5392.47,3,22,15
18124,2024-05-28 19:53:29,4642.40,4,23,2
18125,2024-08-12 09:09:42,11611.66,5,9,2
18126,2024-01-16 17:36:04,10242.60,1,5,4
18127,2023-12-01 21:48:00,4625.90,2,1,2
18128,2025-02-06 23:18:23,3516.55,5,19,3
18129,2025-04-05 12:42:51,14559.96,1,25,4
18130,2025-01-08 22:57:42,5414.10,2,11,3
18131,2025-05-08 05:19:41,5497.72,5,9,2
18132,2024-04-21 17:05:56,7497.76,1,20,2
18133,2024-02-27 00:50:27,7878.62,1,5,4
18134,2024-10-24 20:38:27,19693.67,1,20,5
18135,2024-05-14 21:45:42,10471.29,3,2,3
18136,2025-04-02 17:26:18,9415.58,2,11,2
18137,2023-11-10 19:16:33,11280.62,2,16,4
18138,2024-10-21 16:06:23,10061.59,2,21,2
18139,2024-08-23 05:49:49,10957.35,3,2,2
18140,2023-06-21 17:53:45,4470.58,2,1,2
18141,2024-11-30 08:58:26,5601.76,4,23,3
18142,2024-03-12 13:45:27,7587.76,1,10,13
18143,2024-07-03 06:53:14,16076.86,3,2,2
18144,2024-11-04 14:17:52,1538.84,1,25,3
18145,2024-03-05 08:28:44,13080.89,4,23,2
18146,2024-12-15 04:29:01,12.15,5,9,2
18147,2024-10-09 18:03:14,10817.87,1,20,2
18148,2024-10-18 13:03:33,13119.47,2,1,2
18149,2024-02-13 20:28:08,10186.89,1,20,2
18150,2023-10-06 19:29:09,14599.41,3,7,2
18151,2023-10-26 19:59:18,5600.16,1,15,2
18152,2024-03-27 19:07:29,5684.00,5,4,2
18153,2024-08-28 02:18:34,12951.17,4,23,2
18154,2024-08-16 05:37:24,6294.87,3,22,2
18155,2024-09-11 14:05:44,3746.52,5,19,6
18156,2023-09-18 01:18:56,7594.22,2,1,2
18157,2024-06-17 00:33:13,14038.47,5,24,2
18158,2024-08-30 20:57:15,14583.86,2,1,2
18159,2024-09-11 20:44:56,9933.46,4,13,7
18160,2025-02-10 04:28:16,9427.70,3,22,2
18161,2023-12-05 19:56:53,21837.38,1,10,2
18162,2024-01-30 02:17:54,10141.97,2,1,2
18163,2024-07-17 07:08:53,5271.03,3,17,2
18164,2023-10-06 22:07:57,3455.40,5,4,2
18165,2024-07-27 17:40:14,12481.31,5,9,2
18166,2024-01-21 21:24:02,10659.82,3,12,2
18167,2023-12-07 20:14:13,10030.82,2,11,5
18168,2025-03-24 20:16:08,15773.00,1,15,4
18169,2025-05-13 20:15:01,11273.12,1,20,2
18170,2024-09-21 09:44:48,10645.50,1,10,3
18171,2023-08-18 20:19:00,3716.32,2,21,3
18172,2023-10-27 23:22:09,22201.89,4,13,8
18173,2024-05-19 22:37:13,8624.40,2,21,2
18174,2025-03-01 02:00:29,7239.25,1,20,7
18175,2024-01-25 15:05:46,11854.97,2,11,3
18176,2023-08-01 10:18:25,4156.48,2,11,2
18177,2024-12-25 09:35:15,4588.48,3,7,4
18178,2023-07-23 04:34:41,7489.23,2,11,8
18179,2024-09-01 19:56:53,9294.08,1,25,2
18180,2024-09-12 23:08:37,16004.61,1,20,3
18181,2023-09-13 02:32:38,10211.88,1,20,3
18182,2023-12-13 22:27:50,7745.00,4,23,3
18183,2024-03-06 13:07:35,9625.13,4,18,19
18184,2024-06-25 13:02:34,7380.26,5,14,2
18185,2025-03-13 01:30:43,5955.66,1,5,2
18186,2023-12-01 16:43:10,9751.78,4,8,2
18187,2025-02-08 15:35:56,9260.43,5,14,21
18188,2023-07-04 01:39:07,1956.29,2,21,2
18189,2024-11-26 22:00:56,4830.29,2,21,6
18190,2025-02-18 04:29:59,945.10,1,10,12
18191,2024-06-30 23:28:50,2809.37,2,16,8
18192,2024-02-16 20:26:27,17788.51,2,16,3
18193,2024-10-28 12:56:13,16694.18,3,2,2
18194,2025-05-15 09:49:49,19381.12,1,20,2
18195,2023-06-28 16:45:33,1407.40,3,7,4
18196,2023-09-23 21:14:40,1365.35,4,23,2
18197,2023-06-29 06:47:46,3164.50,4,18,5
18198,2024-12-30 01:21:04,1020.28,1,25,3
18199,2024-10-02 23:23:58,18301.50,3,22,3
18200,2023-11-08 18:29:14,4117.40,2,1,2
18201,2023-09-07 06:48:48,6518.28,5,24,2
18202,2025-04-21 19:53:03,10914.13,5,24,2
18203,2023-11-28 17:27:00,10419.30,3,12,10
18204,2023-07-01 06:14:35,3892.81,2,16,30
18205,2024-09-13 08:13:29,3148.13,4,13,2
18206,2024-02-29 08:04:47,608.52,5,9,2
18207,2025-02-14 23:27:00,15365.68,1,5,2
18208,2024-12-12 14:40:36,18289.31,3,7,3
18209,2025-04-30 12:35:12,8466.76,3,17,2
18210,2024-12-09 22:11:29,681.88,4,8,3
18211,2024-09-24 04:15:22,7680.63,3,17,4
18212,2024-07-01 22:13:53,11247.91,2,1,3
18213,2024-11-18 07:22:15,21159.98,3,22,2
18214,2023-11-03 02:23:47,6977.88,5,9,2
18215,2025-03-01 19:47:06,18853.34,4,8,6
18216,2023-10-06 05:19:05,8333.65,1,10,2
18217,2024-06-25 22:50:40,1072.94,4,23,5
18218,2023-08-11 11:12:45,9572.82,4,18,3
18219,2023-12-09 11:15:26,5705.17,1,20,2
18220,2024-12-18 12:00:18,10463.94,4,13,3
18221,2023-09-30 00:17:16,8619.89,2,1,9
18222,2025-03-22 19:27:42,4717.57,5,19,2
18223,2024-03-05 14:20:19,1023.96,4,8,4
18224,2024-04-03 15:50:35,7277.67,5,14,2
18225,2024-01-16 17:03:43,10284.89,3,17,2
18226,2024-12-19 14:18:42,6914.59,4,3,2
18227,2023-08-15 08:18:30,4464.57,2,16,2
18228,2023-12-14 15:38:36,11126.63,3,7,3
18229,2025-02-10 04:26:07,4016.79,1,20,2
18230,2024-03-12 04:55:48,12817.33,1,5,2
18231,2024-11-28 23:52:16,9152.26,2,6,2
18232,2024-11-05 20:11:10,5716.66,1,5,2
18233,2023-05-30 03:01:57,14430.06,3,2,40
18234,2024-10-17 00:46:10,19121.05,5,14,2
18235,2023-09-02 02:58:44,4253.07,5,14,2
18236,2023-07-17 05:22:35,714.82,5,14,3
18237,2023-07-29 19:10:41,10846.24,2,21,3
18238,2024-08-25 03:17:43,10229.53,3,2,4
18239,2024-05-26 19:18:02,1951.38,5,19,6
18240,2023-05-24 15:21:07,14497.69,5,14,2
18241,2024-12-23 00:51:37,12437.13,5,9,2
18242,2024-06-28 17:01:08,2647.23,5,4,3
18243,2024-09-07 22:20:35,14893.07,3,2,12
18244,2023-12-17 13:13:37,8362.19,5,19,3
18245,2023-07-04 14:19:04,1772.04,2,6,2
18246,2025-01-31 07:18:22,7654.01,4,8,39
18247,2024-09-15 10:25:05,1920.08,3,7,2
18248,2024-01-30 02:30:24,8166.48,5,19,2
18249,2024-11-24 13:00:00,454.23,4,18,2
18250,2025-03-22 10:41:25,5907.81,1,15,2
18251,2024-04-19 18:39:08,9655.21,2,1,2
18252,2024-11-13 11:14:45,11483.28,2,21,5
18253,2024-02-21 11:13:42,21143.76,4,23,8
18254,2025-04-09 08:02:54,8845.44,4,3,2
18255,2024-06-15 10:43:50,7824.48,3,22,4
18256,2025-01-16 00:03:46,12595.38,1,25,2
18257,2023-11-14 12:09:53,9798.17,1,5,2
18258,2024-12-19 21:33:18,13617.43,5,9,2
18259,2023-09-14 07:34:05,4570.78,1,25,2
18260,2024-11-17 02:11:21,333.64,5,24,2
18261,2024-06-16 15:11:57,10302.28,5,14,2
18262,2024-06-01 20:44:43,14874.98,1,20,2
18263,2023-09-18 18:15:05,9715.12,2,21,5
18264,2024-02-23 10:17:44,22929.92,3,12,7
18265,2025-03-25 20:52:27,12891.56,2,21,2
18266,2023-08-03 07:14:37,1879.80,4,13,2
18267,2024-08-31 12:20:06,17747.78,1,5,2
18268,2024-05-09 09:17:51,8284.88,3,17,5
18269,2024-08-04 20:16:13,14581.29,5,24,2
18270,2024-09-08 10:16:37,3132.75,1,15,2
18271,2025-01-23 13:12:35,2936.79,2,16,2
18272,2024-10-17 21:17:38,1684.92,1,10,4
18273,2023-07-05 02:04:56,2049.90,2,11,2
18274,2023-11-11 02:03:29,5303.12,1,10,2
18275,2025-05-11 18:56:41,4984.19,3,2,2
18276,2023-08-01 16:22:25,6973.90,4,13,2
18277,2025-04-22 00:05:31,13587.68,5,24,2
18278,2024-09-27 08:42:19,8423.08,1,15,2
18279,2025-02-28 08:03:55,6730.09,4,18,4
18280,2023-05-29 06:33:46,531.47,1,15,2
18281,2023-09-14 07:18:28,10545.38,1,15,2
18282,2024-07-02 15:06:03,14078.58,3,17,2
18283,2025-05-16 04:55:31,9972.29,1,25,4
18284,2024-07-25 02:39:32,581.55,2,11,5
18285,2024-10-12 23:53:06,12349.27,5,9,2
18286,2024-02-18 08:40:23,8272.42,2,6,2
18287,2024-11-01 01:05:35,13130.65,5,14,2
18288,2024-08-13 01:20:52,12872.04,3,17,8
18289,2024-05-17 08:58:36,2553.57,2,1,2
18290,2023-11-15 17:21:49,19336.07,1,15,3
18291,2024-06-21 10:13:12,12636.67,4,8,3
18292,2024-10-11 05:25:51,15265.73,4,13,85
18293,2025-01-12 06:56:55,3565.90,3,7,2
18294,2024-08-03 10:38:58,13334.36,3,17,8
18295,2025-01-20 01:45:53,4022.53,5,14,2
18296,2024-10-25 08:25:43,4683.54,2,16,2
18297,2024-07-17 13:54:31,3514.48,3,7,5
18298,2023-10-10 05:13:40,16115.93,3,7,3
18299,2023-08-27 06:59:13,15658.20,3,22,5
18300,2023-08-19 01:49:52,2365.28,5,19,4
18301,2024-10-14 04:41:13,9732.24,3,22,2
18302,2023-05-29 19:12:38,5115.01,2,1,3
18303,2023-07-17 06:53:33,5014.49,1,15,3
18304,2024-04-26 15:29:25,60.75,1,10,4
18305,2023-07-07 04:31:13,13080.15,2,11,2
18306,2024-12-20 08:24:20,3571.90,5,24,2
18307,2025-04-10 09:13:42,11953.00,5,9,4
18308,2023-10-03 08:35:41,22326.00,2,21,3
18309,2025-02-27 04:33:26,6493.25,5,24,2
18310,2025-04-13 11:25:46,21187.19,4,3,2
18311,2024-06-15 23:50:08,1633.88,1,10,23
18312,2024-11-25 05:20:32,4399.42,2,1,2
18313,2023-09-05 04:52:55,7667.29,2,16,2
18314,2024-11-28 17:24:16,13854.89,2,16,4
18315,2025-02-17 22:11:15,6382.59,3,12,3
18316,2024-12-01 02:25:12,1373.43,3,2,2
18317,2024-05-30 11:58:39,9439.18,2,16,2
18318,2023-06-13 07:59:31,6409.40,4,23,5
18319,2024-02-05 04:50:38,8171.56,2,16,2
18320,2024-11-01 15:32:28,19845.41,2,1,5
18321,2024-08-04 07:40:15,5689.96,3,17,2
18322,2024-04-07 00:57:34,8457.78,5,14,3
18323,2024-08-15 07:16:53,8339.93,1,10,2
18324,2023-06-12 00:00:14,6737.07,4,18,2
18325,2025-02-27 13:58:30,6311.91,3,2,2
18326,2025-02-21 09:09:10,17352.15,3,7,2
18327,2024-11-19 07:15:20,11307.25,4,8,5
18328,2024-05-04 19:21:51,11099.78,5,9,2
18329,2023-05-23 04:18:05,3871.64,4,23,2
18330,2024-03-21 16:57:16,14106.90,4,13,2
18331,2025-05-09 17:23:01,11786.04,4,23,2
18332,2023-11-13 14:31:38,1335.21,2,11,2
18333,2024-09-12 20:20:56,9799.16,3,17,16
18334,2023-11-16 02:52:19,14295.57,2,21,2
18335,2024-01-13 18:19:21,15338.04,3,2,3
18336,2025-03-31 03:18:49,8658.27,4,3,3
18337,2024-01-24 08:51:23,3749.00,1,10,2
18338,2025-03-24 18:23:53,8018.93,3,2,2
18339,2025-02-27 00:10:16,9728.13,1,25,2
18340,2024-05-16 08:44:10,8964.17,5,9,2
18341,2023-09-21 22:26:18,6280.79,1,10,2
18342,2023-08-26 20:21:20,9470.52,3,12,4
18343,2024-04-11 15:52:15,12722.92,1,20,3
18344,2024-09-13 18:00:18,997.34,5,14,2
18345,2023-12-05 16:22:54,8589.83,4,8,3
18346,2025-04-27 02:59:23,9960.80,1,5,2
18347,2024-11-13 04:02:19,13191.94,5,19,2
18348,2024-08-22 07:36:03,619.89,2,21,2
18349,2024-02-13 20:04:41,314.16,3,17,57
18350,2024-09-28 07:51:21,8688.08,4,3,3
18351,2025-01-02 13:47:01,10661.34,1,20,2
18352,2023-08-20 14:50:39,8101.16,3,2,2
18353,2025-05-17 22:46:46,7644.71,2,21,2
18354,2023-08-28 12:35:54,8348.02,4,13,3
18355,2023-06-07 20:57:42,7881.86,3,17,630
18356,2023-10-08 20:16:25,11516.82,4,23,2
18357,2025-01-13 09:54:34,13665.03,3,2,3
18358,2023-07-22 18:56:09,5576.55,5,9,2
18359,2024-07-25 19:44:57,16540.06,2,11,2
18360,2024-04-20 22:03:10,11958.61,5,19,2
18361,2024-02-15 22:24:03,3206.15,5,14,4
18362,2024-08-23 02:59:50,25.93,1,15,3
18363,2024-09-20 20:23:52,11140.41,2,1,2
18364,2023-11-17 08:36:29,1900.18,4,23,2
18365,2024-02-16 17:00:53,22561.53,1,15,9
18366,2023-08-06 14:19:00,8292.04,5,14,2
18367,2023-09-22 06:27:24,9137.56,1,10,3
18368,2024-06-06 22:54:39,10674.43,3,2,2
18369,2023-06-26 06:38:26,2426.70,3,17,3
18370,2024-12-18 05:49:01,5188.74,3,17,3
18371,2024-07-25 09:58:52,1287.25,2,16,2
18372,2023-07-27 05:24:33,3356.45,1,20,2
18373,2024-02-22 15:27:30,3391.60,2,11,4
18374,2024-03-13 21:08:25,6692.67,5,9,2
18375,2023-12-31 06:15:38,6706.01,5,19,2
18376,2024-02-08 07:39:56,10046.77,3,7,2
18377,2024-03-02 16:03:33,9339.57,3,7,2
18378,2023-07-11 14:15:28,16158.29,3,22,2
18379,2024-02-16 21:07:08,11329.92,4,23,2
18380,2024-06-20 19:50:38,7318.36,5,24,9
18381,2023-09-18 19:35:19,13289.52,5,19,2
18382,2024-03-27 18:52:42,7902.38,2,1,3
18383,2023-12-29 13:46:30,11810.87,1,5,2
18384,2023-10-09 13:41:02,9081.53,5,4,2
18385,2024-10-09 17:53:39,14804.32,2,16,226
18386,2023-10-17 09:34:47,18493.26,2,1,2
18387,2024-12-20 22:01:34,12379.98,3,22,2
18388,2024-10-12 09:58:40,2526.56,4,8,2
18389,2024-08-03 02:10:13,15376.94,3,7,51
18390,2024-08-09 02:19:16,2956.60,5,4,2
18391,2024-01-12 07:26:09,9154.61,1,20,2
18392,2023-09-26 19:32:37,3768.10,1,25,8
18393,2025-01-09 04:10:01,7840.76,2,16,2
18394,2023-11-21 20:45:19,11125.10,4,18,2
18395,2024-07-19 10:50:00,333.68,5,14,2
18396,2024-09-16 16:05:46,16300.90,3,2,12
18397,2024-03-02 05:08:23,4682.59,2,6,2
18398,2025-04-23 04:31:55,11859.75,4,23,4
18399,2023-07-05 00:08:36,8959.16,4,8,2
18400,2024-01-26 18:16:40,9616.29,1,15,3
18401,2024-06-20 14:33:49,8522.51,3,17,2
18402,2024-01-14 08:27:58,3871.00,1,25,2
18403,2023-06-27 23:38:07,25274.49,4,13,2
18404,2023-11-21 01:40:59,8361.78,5,14,12
18405,2023-06-06 14:38:41,2112.10,2,11,3
18406,2025-01-06 15:01:21,13503.00,1,5,3
18407,2023-11-21 06:01:14,17712.96,4,23,2
18408,2024-03-06 07:56:20,11963.39,5,14,13
18409,2024-02-04 10:46:52,8969.66,4,3,2
18410,2025-02-05 13:04:17,2167.85,3,7,2
18411,2024-05-09 08:26:21,8547.59,5,24,9
18412,2023-06-29 06:06:14,12501.02,1,5,2
18413,2023-10-05 23:49:19,10760.81,2,21,6
18414,2023-10-07 14:40:04,14265.18,4,8,2
18415,2024-09-26 13:01:24,6982.27,1,15,2
18416,2024-08-11 04:58:34,3433.38,3,17,4
18417,2025-02-12 15:42:21,4691.19,4,3,3
18418,2023-06-04 01:32:38,1758.14,5,24,6
18419,2025-05-05 07:49:10,6580.53,4,13,2
18420,2024-06-04 17:51:39,2656.62,3,7,2
18421,2025-04-02 11:55:29,3155.52,5,4,2
18422,2024-08-05 06:50:27,1623.84,1,25,2
18423,2024-12-06 20:00:36,8955.87,1,25,4
18424,2024-05-12 14:39:40,17849.75,5,24,11
18425,2024-03-16 02:41:07,4494.74,3,12,2
18426,2024-02-05 14:58:54,11239.13,4,13,2
18427,2024-08-11 11:01:56,5089.21,4,18,2
18428,2025-04-29 21:47:22,13053.90,3,2,2
18429,2023-07-06 01:55:14,13933.92,5,24,2
18430,2024-06-05 03:39:49,11453.23,3,17,12
18431,2024-01-08 06:29:59,5324.18,3,17,2
18432,2024-05-06 04:26:06,4783.87,3,17,2
18433,2023-07-01 02:53:45,6675.56,5,19,4
18434,2023-07-08 08:43:57,20494.84,3,12,2
18435,2024-01-18 04:04:22,20946.18,2,21,4
18436,2024-05-17 11:37:05,9693.71,4,13,2
18437,2024-06-22 03:27:50,6538.70,1,15,2
18438,2025-01-15 06:24:19,6922.60,5,24,5
18439,2024-06-11 20:26:05,426.70,3,2,2
18440,2024-11-03 12:24:36,16343.02,4,3,2
18441,2023-10-04 03:12:32,14988.56,3,22,2
18442,2023-06-13 14:53:07,14483.20,4,8,6
18443,2025-02-07 12:24:12,3468.22,3,22,3
18444,2024-09-08 03:39:08,4231.07,4,3,3
18445,2024-06-26 21:52:10,14862.26,3,2,46
18446,2024-07-27 12:00:53,4313.14,3,17,3
18447,2024-12-03 19:26:46,20397.06,3,2,3
18448,2025-02-22 06:54:23,6487.35,3,17,2
18449,2024-10-18 17:08:44,4329.91,4,13,2
18450,2025-02-06 07:04:18,13557.31,3,22,2
18451,2023-10-08 09:05:11,3055.45,4,23,2
18452,2023-11-09 07:49:20,15499.29,3,22,2
18453,2025-02-13 16:52:37,17284.64,4,3,3
18454,2024-10-10 02:41:58,10718.17,1,25,2
18455,2023-12-16 00:58:48,1795.29,1,20,2
18456,2025-04-20 14:54:02,9005.07,4,8,2
18457,2024-02-10 19:06:13,11473.75,5,24,2
18458,2024-03-11 05:14:35,1707.98,3,17,2
18459,2024-06-04 01:51:42,9454.12,1,20,2
18460,2025-03-26 03:18:23,16967.23,3,2,2
18461,2023-07-20 22:06:21,20594.33,2,1,2
18462,2023-09-02 09:44:03,1341.52,1,5,2
18463,2023-12-10 17:48:59,7711.23,3,22,6
18464,2025-01-22 13:17:59,11655.88,1,20,4
18465,2024-01-05 06:33:06,1327.30,3,12,2
18466,2024-07-20 00:21:46,13070.76,2,1,2
18467,2025-01-07 11:17:46,10903.93,2,6,2
18468,2024-11-15 19:21:57,6213.51,3,2,13
18469,2023-08-13 12:39:22,12013.73,5,14,3
18470,2024-07-03 14:42:57,6210.64,5,4,2
18471,2024-07-30 08:25:09,1923.69,2,6,3
18472,2024-11-21 22:12:14,1763.64,2,6,7
18473,2024-05-27 04:23:05,15157.85,4,13,2
18474,2023-06-21 17:49:52,13451.88,4,23,3
18475,2025-03-01 03:52:40,9221.70,4,23,3
18476,2023-07-30 01:38:27,1990.34,3,12,5
18477,2024-03-16 05:10:04,1736.07,2,21,2
18478,2023-09-13 00:19:50,10833.57,3,22,2
18479,2024-08-11 23:11:34,9562.45,3,7,3
18480,2025-01-18 09:59:30,15386.85,5,9,22
18481,2025-02-16 01:39:27,10428.30,4,3,3
18482,2023-11-13 19:23:19,9363.56,1,15,4
18483,2023-06-13 10:48:35,15219.90,5,19,2
18484,2024-04-10 09:39:14,13585.12,5,9,2
18485,2025-05-16 05:10:47,3484.68,2,21,2
18486,2025-02-21 07:36:27,2857.34,4,8,2
18487,2025-02-06 20:53:08,9895.79,5,9,3
18488,2024-07-29 01:56:21,21566.66,1,5,2
18489,2025-02-27 19:28:47,1938.09,2,16,11
18490,2024-07-21 15:01:32,7995.51,3,2,2
18491,2023-11-18 02:22:28,9426.93,5,19,2
18492,2025-02-08 11:50:37,5087.59,4,18,3
18493,2024-05-19 16:37:24,7752.00,2,1,2
18494,2024-03-29 18:26:33,2617.24,4,3,2
18495,2023-06-04 04:46:28,5449.67,1,5,4
18496,2024-01-08 12:54:00,7942.46,3,7,2
18497,2024-05-02 09:55:53,2164.63,4,3,2
18498,2023-09-18 11:07:49,10193.87,4,18,8
18499,2024-09-17 00:32:00,13730.74,4,23,12
18500,2024-01-28 12:42:01,11794.52,4,8,2
18501,2025-05-10 07:11:21,14259.61,4,13,2
18502,2025-01-11 21:34:50,2596.81,2,16,2
18503,2024-06-30 00:48:42,3416.50,2,6,2
18504,2024-09-09 20:05:13,13178.66,2,16,2
18505,2024-11-15 10:32:39,5031.91,4,8,2
18506,2024-04-19 13:46:38,785.40,3,22,2
18507,2024-10-25 10:57:02,2350.62,3,17,6
18508,2023-11-18 20:53:16,16424.52,2,11,4
18509,2025-04-07 17:48:43,4663.62,4,8,2
18510,2023-05-25 16:46:27,3869.45,3,2,6
18511,2023-10-08 17:41:09,1020.28,4,13,2
18512,2025-01-21 22:37:47,13438.72,4,8,5
18513,2024-07-03 06:18:51,10032.24,3,17,2
18514,2023-08-11 12:48:58,4640.89,2,6,2
18515,2024-04-13 08:16:04,6273.42,5,24,2
18516,2024-04-20 10:38:11,5060.10,4,8,3
18517,2024-02-06 21:11:17,9421.96,3,17,2
18518,2025-02-03 23:57:45,11503.57,1,25,2
18519,2023-07-13 05:14:07,14230.63,3,22,2
18520,2024-01-29 22:10:57,15440.07,1,5,2
18521,2024-02-17 11:50:18,12487.75,3,7,2
18522,2023-12-13 12:11:42,11692.35,5,4,2
18523,2024-03-29 16:41:58,5553.59,1,15,2
18524,2023-07-20 04:51:35,12782.06,1,5,4
18525,2023-12-10 22:55:30,17954.03,3,2,4
18526,2024-10-19 17:20:03,7080.49,3,22,6
18527,2024-04-11 06:38:28,1598.77,5,9,2
18528,2025-04-10 21:49:44,2357.82,2,6,12
18529,2023-06-29 03:21:54,5400.79,5,14,2
18530,2024-11-20 01:42:46,12820.77,5,4,2
18531,2023-09-10 16:11:34,4228.37,3,7,2
18532,2023-07-10 11:16:32,9591.76,5,19,3
18533,2024-09-26 19:38:10,4050.19,2,16,4
18534,2023-07-02 17:01:17,4774.53,2,6,2
18535,2023-10-22 04:23:42,6526.41,4,13,2
18536,2023-12-15 15:23:10,13892.02,2,11,3
18537,2023-08-26 04:05:07,12379.15,5,4,3
18538,2023-09-06 20:19:30,11357.29,2,11,2
18539,2023-07-23 08:02:11,17729.47,4,13,3
18540,2024-09-25 13:01:34,15022.40,2,21,22
18541,2024-12-22 04:09:56,842.46,1,25,2
18542,2025-05-11 11:48:34,2008.68,4,18,3
18543,2023-08-14 07:48:31,14599.63,4,3,2
18544,2024-06-16 03:26:38,9909.11,3,2,2
18545,2024-03-04 01:45:23,12819.68,1,15,2
18546,2023-11-04 11:19:28,2619.21,2,16,2
18547,2024-11-17 16:00:03,10879.05,3,2,2
18548,2023-10-22 23:37:45,11645.01,3,12,3
18549,2023-08-19 23:00:11,2756.70,2,21,2
18550,2025-05-15 08:30:50,8755.59,4,23,2
18551,2023-12-22 08:20:21,13328.70,3,2,2
18552,2024-02-01 01:53:38,9654.57,3,2,3
18553,2024-08-08 00:58:05,4856.86,3,2,5
18554,2024-02-10 06:38:30,16338.37,1,15,2
18555,2025-02-08 18:16:08,7040.79,1,20,2
18556,2024-08-16 19:31:14,10433.92,1,25,2
18557,2023-11-28 07:41:28,12046.72,1,10,2
18558,2024-01-14 13:16:02,15310.20,2,11,29
18559,2025-01-17 07:22:37,507.90,2,11,11
18560,2024-12-01 00:58:51,11053.50,5,4,2
18561,2023-07-20 20:04:20,6064.26,3,17,2
18562,2024-01-22 07:10:04,20366.87,5,14,2
18563,2024-12-26 20:42:17,10151.58,1,10,2
18564,2023-07-10 05:06:17,4303.00,5,14,2
18565,2024-10-06 12:32:47,6416.33,2,16,28
18566,2024-09-27 09:43:51,19512.68,1,15,2
18567,2023-12-30 15:29:02,1121.30,5,24,2
18568,2023-06-11 09:26:05,16917.25,2,11,2
18569,2025-01-27 11:07:13,4692.68,1,20,11
18570,2023-06-16 01:27:30,8705.56,3,12,2
18571,2024-12-31 15:57:01,14935.05,2,11,2
18572,2023-10-25 10:45:18,816.94,1,15,2
18573,2023-08-27 17:09:04,6899.51,5,19,2
18574,2023-10-11 12:51:27,6606.02,1,10,2
18575,2025-02-15 10:46:42,21226.91,4,3,2
18576,2024-09-06 17:49:06,6335.64,1,5,3
18577,2023-10-20 08:22:42,1067.30,1,5,6
18578,2024-01-29 20:14:16,2377.00,2,11,2
18579,2025-04-24 16:27:27,17515.20,3,2,2
18580,2025-05-02 19:25:22,15013.45,2,16,2
18581,2024-10-31 01:13:27,10473.35,1,5,2
18582,2024-10-14 01:32:06,14169.52,3,22,2
18583,2024-07-09 17:06:05,10571.31,4,3,2
18584,2023-11-22 04:56:54,6563.46,5,4,2
18585,2024-09-02 11:44:32,6933.72,1,15,2
18586,2024-09-05 18:36:26,11397.12,5,4,7
18587,2023-07-18 07:57:36,294.32,3,2,2
18588,2024-04-02 17:39:05,6126.94,3,12,11
18589,2024-11-25 12:14:03,9651.64,4,8,2
18590,2023-10-03 15:41:50,6843.61,2,16,5
18591,2025-03-16 03:13:00,16257.12,1,5,2
18592,2024-10-08 16:04:02,3930.06,2,21,5
18593,2023-08-19 06:42:29,1267.26,3,7,2
18594,2024-06-19 08:53:47,5688.49,1,25,3
18595,2023-10-14 00:42:00,4153.57,2,11,2
18596,2023-11-14 20:21:02,16527.76,4,13,2
18597,2024-07-22 05:07:58,972.03,2,6,2
18598,2023-05-28 22:36:01,8299.05,1,20,2
18599,2025-02-17 12:12:24,4921.76,2,16,2
18600,2023-12-10 12:37:57,12542.54,3,2,2
18601,2025-04-15 19:40:11,1810.97,5,24,2
18602,2023-10-12 03:23:02,1704.50,3,7,2
18603,2024-04-28 03:15:59,8352.86,2,21,2
18604,2024-09-04 18:43:22,1220.04,5,24,2
18605,2023-07-14 01:34:10,4355.85,4,18,2
18606,2024-10-25 12:29:43,10711.21,4,18,2
18607,2023-06-20 14:40:02,10249.02,1,25,2
18608,2023-06-26 17:40:34,11129.86,3,7,4
18609,2023-12-22 03:40:18,6785.28,3,2,2
18610,2024-07-07 09:00:46,11672.92,2,1,4
18611,2024-07-20 18:56:38,12059.80,4,18,2
18612,2023-09-23 19:54:33,2418.06,2,16,11
18613,2024-08-25 02:31:39,15690.27,4,18,2
18614,2023-05-26 08:42:19,8974.91,5,19,3
18615,2025-01-19 00:58:03,21499.88,3,17,2
18616,2024-11-09 10:40:01,12295.13,4,18,2
18617,2024-10-09 08:36:02,2106.69,5,9,2
18618,2024-02-12 20:14:16,7059.45,2,1,2
18619,2024-12-12 03:30:42,11123.61,1,10,12
18620,2024-06-16 01:56:35,5575.54,3,12,2
18621,2024-02-05 01:20:58,10570.56,3,7,3
18622,2024-07-21 18:56:03,7330.87,2,6,2
18623,2024-10-25 03:17:11,1142.85,1,5,2
18624,2024-02-27 08:30:37,10002.66,2,11,2
18625,2023-09-12 12:01:19,13874.24,4,23,3
18626,2025-05-10 12:03:46,1594.41,2,21,4
18627,2024-09-22 00:30:08,18039.49,2,11,8
18628,2024-12-17 00:52:57,17395.05,3,7,2
18629,2025-05-03 23:52:10,5160.76,5,19,2
18630,2025-04-04 19:48:52,10957.60,3,17,2
18631,2023-08-10 21:54:50,13430.35,5,24,4
18632,2024-12-22 09:34:15,7415.04,3,17,2
18633,2024-12-16 16:12:10,11003.04,1,5,2
18634,2024-08-06 20:51:22,15177.94,5,14,5
18635,2024-02-26 22:37:55,5844.00,2,11,2
18636,2025-05-12 22:22:41,17856.03,2,6,2
18637,2024-12-26 10:51:48,11081.18,3,7,3
18638,2023-11-30 15:59:04,5210.72,1,5,2
18639,2024-01-02 19:14:13,13216.58,2,6,6
18640,2024-10-15 16:52:09,2360.82,5,24,2
18641,2023-11-28 15:23:05,8809.26,4,18,2
18642,2024-06-02 02:07:28,6052.58,5,4,9
18643,2024-04-10 15:18:00,4604.05,3,17,118
18644,2023-12-22 01:01:49,7023.27,1,5,2
18645,2024-07-22 20:12:12,3889.88,5,4,2
18646,2024-01-21 14:26:16,2859.85,4,23,3
18647,2025-03-16 10:56:41,14018.94,1,10,2
18648,2024-07-13 02:23:41,1538.84,4,13,2
18649,2023-12-09 18:08:54,4212.30,4,18,2
18650,2023-09-24 09:13:01,8076.87,4,3,2
18651,2024-05-12 08:48:50,9237.89,5,19,3
18652,2023-11-29 14:23:05,16145.34,1,20,5
18653,2024-01-21 22:19:35,10358.14,5,14,4
18654,2024-02-01 16:10:03,13223.22,4,23,4
18655,2024-03-14 23:02:34,5875.30,1,5,2
18656,2024-05-25 11:25:10,8975.16,5,14,2
18657,2024-01-25 14:26:23,11816.02,4,3,2
18658,2024-10-21 06:28:17,10880.34,1,20,2
18659,2023-07-23 21:41:53,1648.66,3,17,3
18660,2025-02-28 03:26:11,6494.69,5,14,3
18661,2024-08-06 13:26:24,15850.08,5,19,2
18662,2024-12-14 21:47:04,14303.54,4,13,2
18663,2023-11-13 23:37:29,9138.01,1,25,5
18664,2025-04-28 22:20:05,4973.93,3,12,5
18665,2023-11-28 20:13:00,7396.19,1,20,2
18666,2024-08-01 10:51:21,3726.82,5,24,2
18667,2024-03-26 17:56:05,3949.54,5,4,3
18668,2024-02-08 10:19:21,10532.37,4,13,3
18669,2024-07-13 01:40:52,8268.97,3,7,6
18670,2024-03-23 03:11:31,7686.58,3,7,3
18671,2024-03-13 10:04:52,18196.82,1,25,3
18672,2023-06-10 21:06:46,1908.10,3,22,5
18673,2023-08-26 23:47:12,3960.00,1,5,2
18674,2023-11-06 02:11:42,7725.84,5,24,5
18675,2025-01-08 12:14:01,6993.32,2,6,6
18676,2023-12-25 10:10:36,24663.45,1,25,2
18677,2024-11-18 09:48:52,9061.78,4,18,8
18678,2023-07-17 03:02:56,13142.31,5,9,2
18679,2023-08-13 11:30:40,9514.77,4,13,2
18680,2024-09-17 03:56:52,10728.34,5,9,2
18681,2025-03-30 10:13:45,10899.05,1,10,2
18682,2024-11-10 01:38:48,9989.65,2,6,4
18683,2025-01-01 22:40:21,11017.60,3,2,2
18684,2024-11-18 12:08:58,6455.61,2,21,3
18685,2024-06-24 21:53:46,3314.07,4,18,2
18686,2025-03-14 09:16:14,3007.07,4,18,2
18687,2023-12-04 16:34:12,6463.01,3,22,3
18688,2024-04-23 17:34:28,3144.41,2,11,2
18689,2024-06-23 18:14:53,9192.86,5,9,2
18690,2023-06-12 20:09:54,14923.60,5,19,2
18691,2024-03-08 10:23:25,7274.82,1,5,2
18692,2023-08-23 03:12:50,12850.66,5,19,2
18693,2023-10-08 08:32:30,6897.81,1,15,2
18694,2025-01-03 16:11:19,8460.98,2,11,2
18695,2025-01-22 02:55:33,11093.55,3,17,3
18696,2024-04-22 13:12:10,8601.93,1,15,3
18697,2023-12-22 06:24:49,17817.45,1,5,2
18698,2025-01-06 20:22:46,14717.73,2,21,2
18699,2024-10-27 13:33:34,5669.44,3,12,2
18700,2024-02-26 06:54:54,2971.36,1,20,167
18701,2025-03-14 11:14:56,18707.90,4,8,2
18702,2025-02-14 19:05:21,5625.87,4,8,3
18703,2024-06-22 16:57:29,18545.26,1,15,6
18704,2024-10-20 22:32:29,3829.72,3,22,3
18705,2025-03-05 03:59:25,7786.04,2,11,11
18706,2025-03-19 11:25:19,3713.39,4,23,4
18707,2023-09-25 16:55:53,6014.88,1,25,3
18708,2024-09-09 21:19:36,18916.56,5,9,2
18709,2023-08-13 22:08:31,20006.32,3,12,6
18710,2024-05-27 04:39:49,16901.95,5,24,2
18711,2023-06-12 23:12:34,5631.77,1,10,4
18712,2024-04-21 16:01:34,8671.05,5,9,2
18713,2023-10-20 20:09:42,6976.44,1,10,2
18714,2024-03-31 00:39:18,637.51,4,18,3
18715,2025-05-10 06:30:13,7505.58,4,23,7
18716,2023-09-09 18:46:26,7091.10,4,18,2
18717,2024-04-17 07:34:13,11843.29,2,11,4
18718,2024-08-03 14:01:59,9495.81,4,18,5
18719,2025-03-03 09:59:03,12136.88,4,13,2
18720,2023-07-24 15:43:17,273.60,1,5,187
18721,2024-01-24 10:20:45,542.80,2,16,2
18722,2023-05-27 08:10:29,6883.60,1,5,2
18723,2023-10-02 09:30:19,2151.93,2,11,2
18724,2024-01-19 18:50:20,6100.75,1,5,2
18725,2024-03-09 23:57:06,11612.29,4,18,2
18726,2024-08-12 13:07:10,19307.97,1,20,10
18727,2023-11-05 00:17:42,9928.32,5,14,7
18728,2025-01-12 21:38:59,2125.88,1,15,2
18729,2024-12-28 02:50:19,5267.06,5,9,2
18730,2024-08-17 02:29:10,6002.84,5,24,2
18731,2025-05-17 06:44:34,19738.87,3,12,2
18732,2025-01-31 08:59:53,1716.59,5,19,4
18733,2024-01-10 18:18:44,10901.42,3,7,2
18734,2023-12-17 21:21:38,5629.20,3,22,2
18735,2023-11-12 09:12:34,9476.36,4,3,2
18736,2024-10-05 17:29:37,454.18,2,16,2
18737,2023-07-27 14:03:59,10602.19,2,6,3
18738,2025-03-30 13:40:27,258.40,2,6,2
18739,2024-05-17 04:49:06,10464.56,1,10,3
18740,2025-05-06 05:45:54,6262.33,4,18,2
18741,2024-02-04 13:21:33,12103.35,1,15,2
18742,2024-11-13 10:20:38,10928.83,3,22,2
18743,2023-07-06 22:06:52,12206.47,2,21,3
18744,2025-03-26 08:01:22,15610.45,1,5,2
18745,2024-11-14 01:23:51,4700.04,2,6,2
18746,2024-08-01 07:55:21,12371.42,3,2,2
18747,2023-07-04 13:01:29,14027.07,2,21,2
18748,2024-09-30 11:12:52,6526.66,4,18,2
18749,2024-08-15 05:15:30,12649.34,3,2,2
18750,2023-06-25 16:02:46,11115.33,2,11,2
18751,2023-11-18 12:45:59,16118.84,3,2,2
18752,2024-10-16 19:49:47,3643.90,1,20,2
18753,2024-07-04 02:38:26,11505.36,2,1,2
18754,2025-05-09 07:48:29,7157.95,3,22,2
18755,2024-12-11 18:30:09,3236.36,4,3,3
18756,2024-06-09 00:25:15,19897.08,5,4,3
18757,2024-06-10 21:06:20,3068.04,4,23,2
18758,2024-03-10 15:02:02,4251.26,3,7,2
18759,2023-06-12 03:03:05,1015.48,5,24,3
18760,2024-06-18 19:09:19,7777.57,3,22,17
18761,2025-02-09 09:40:40,5495.86,5,9,4
18762,2024-11-19 13:03:48,9821.27,4,18,3
18763,2024-09-02 15:17:08,15134.77,2,1,2
18764,2024-04-01 20:19:40,8957.82,3,12,5
18765,2023-12-10 10:01:20,4767.16,3,7,2
18766,2024-01-31 22:48:49,11062.87,2,6,5
18767,2024-11-24 12:51:12,8851.36,2,1,9
18768,2024-05-10 02:46:45,12434.52,1,10,2
18769,2025-02-11 20:28:35,1434.08,3,17,6
18770,2024-10-05 02:42:06,19112.88,3,17,2
18771,2023-10-04 12:30:29,13387.02,2,16,6
18772,2023-08-14 05:08:19,11318.87,4,13,2
18773,2024-03-01 16:31:04,11027.87,4,13,2
18774,2024-06-23 19:17:25,16910.32,3,12,2
18775,2024-07-22 14:59:38,8695.95,2,6,2
18776,2023-07-06 08:43:39,9840.77,1,20,2
18777,2023-11-09 00:45:12,16389.23,5,9,2
18778,2023-08-03 21:32:48,6780.16,3,22,6
18779,2024-05-23 21:02:56,7404.55,2,21,2
18780,2025-02-07 02:13:17,12363.01,2,1,2
18781,2025-05-04 20:59:01,9038.63,5,4,7
18782,2023-10-16 06:02:06,11414.23,3,17,2
18783,2025-01-16 20:11:07,16976.07,5,19,2
18784,2024-11-27 13:28:16,2855.32,2,11,2
18785,2024-10-23 13:55:42,9123.78,2,1,2
18786,2024-11-12 05:10:42,9641.67,5,4,2
18787,2023-11-06 10:51:27,4384.95,2,21,3
18788,2024-09-08 09:47:00,4084.77,4,8,3
18789,2023-05-24 21:37:49,7377.92,1,25,2
18790,2024-11-08 04:14:10,12979.80,1,5,2
18791,2024-09-23 06:25:26,10968.75,5,24,7
18792,2024-05-10 06:36:26,9680.27,4,3,2
18793,2024-10-18 03:14:19,15655.21,1,10,7
18794,2023-10-03 18:06:55,8894.61,1,15,3
18795,2024-07-16 18:57:57,4206.17,2,21,2
18796,2025-01-11 10:00:29,12509.19,3,7,3
18797,2023-07-08 11:51:58,11752.42,5,14,16
18798,2023-08-01 17:22:55,4905.25,5,4,2
18799,2024-06-06 10:20:56,14334.84,3,7,2
18800,2023-12-26 22:37:47,9370.84,2,1,3
18801,2023-12-09 17:52:28,11697.02,2,11,4
18802,2023-05-27 11:10:08,10627.96,2,16,2
18803,2023-06-30 01:59:42,1689.06,4,13,3
18804,2024-07-05 17:36:49,8302.19,2,21,5
18805,2023-06-03 13:36:13,19578.84,4,3,2
18806,2023-07-04 05:00:05,9290.89,3,17,2
18807,2023-08-26 04:47:13,9685.01,4,13,2
18808,2023-12-01 20:16:13,4577.30,1,5,2
18809,2024-04-18 04:26:59,7073.48,1,15,2
18810,2024-01-21 03:35:13,4851.18,5,9,2
18811,2025-03-26 16:22:05,13937.55,2,6,2
18812,2025-04-14 03:07:29,5166.38,5,14,3
18813,2024-02-14 14:36:07,3785.00,5,4,4
18814,2025-05-08 19:43:30,13468.79,5,19,2
18815,2023-11-15 17:06:00,15556.85,1,20,11
18816,2025-02-26 09:26:53,19920.52,3,22,2
18817,2023-09-05 13:51:14,4508.14,1,25,4
18818,2023-07-04 20:29:42,12210.81,2,6,2
18819,2025-02-10 10:50:55,11882.87,5,14,3
18820,2024-08-17 08:23:51,9821.72,1,20,2
18821,2025-05-12 15:21:59,13863.93,1,10,2
18822,2024-03-12 04:31:30,12751.34,1,25,3
18823,2024-05-23 08:20:04,3768.28,2,1,2
18824,2025-01-19 01:30:25,4986.70,3,12,2
18825,2024-02-13 00:56:31,4792.09,4,8,2
18826,2024-04-06 02:30:29,2440.14,5,9,3
18827,2024-05-06 00:45:37,9366.35,4,3,2
18828,2023-07-05 03:47:40,3950.62,5,4,2
18829,2025-02-19 04:09:46,11203.57,5,14,19
18830,2024-11-05 05:28:38,9294.53,2,6,3
18831,2025-04-22 18:10:23,9338.06,5,9,2
18832,2024-12-29 06:55:12,15627.29,1,10,4
18833,2024-10-10 21:00:03,13331.23,5,24,2
18834,2024-10-02 09:41:16,14084.88,2,1,3
18835,2024-07-18 22:49:03,12847.26,3,2,3
18836,2024-08-16 08:45:12,844.84,3,12,2
18837,2024-05-19 22:43:58,16738.90,4,3,2
18838,2025-05-19 02:16:31,6959.96,4,3,9
18839,2023-05-24 22:19:36,16445.51,1,10,2
18840,2023-12-08 07:34:44,18508.37,5,9,2
18841,2023-12-01 12:31:43,4714.76,3,12,3
18842,2024-08-06 22:34:33,1100.99,3,7,3
18843,2023-07-06 17:34:08,8116.19,1,10,3
18844,2023-11-01 09:20:12,5354.26,4,23,11
18845,2025-01-15 10:37:42,11394.99,1,25,2
18846,2023-07-31 15:42:48,2035.08,5,24,2
18847,2025-03-21 10:57:22,3620.18,2,11,4
18848,2023-11-20 03:10:32,17416.90,2,11,2
18849,2025-03-07 18:01:57,9513.49,4,3,2
18850,2025-05-09 09:57:24,18271.37,2,6,3
18851,2023-12-11 21:59:16,6469.02,5,19,2
18852,2023-12-10 22:21:50,756.49,3,2,2
18853,2023-12-21 11:09:48,2870.91,2,11,3
18854,2024-04-17 12:23:37,4800.28,5,24,2
18855,2024-05-15 21:26:28,20187.70,5,19,25
18856,2024-09-19 03:26:35,18616.32,1,10,2
18857,2025-05-14 22:56:54,8722.25,3,2,2
18858,2025-03-26 18:42:24,9615.77,2,6,10
18859,2024-01-03 03:13:01,4688.53,1,10,2
18860,2023-10-03 13:25:18,6651.12,1,20,3
18861,2024-07-03 08:03:20,7083.97,3,7,2
18862,2024-09-11 22:02:57,7304.62,4,23,2
18863,2023-12-24 04:25:11,4150.20,2,6,2
18864,2024-09-11 17:26:48,17825.41,5,19,2
18865,2023-05-28 20:40:21,4660.89,2,16,2
18866,2023-09-17 03:31:20,8133.21,4,23,2
18867,2024-11-19 06:34:15,4725.92,5,14,2
18868,2024-08-28 13:45:10,12322.00,1,20,3
18869,2024-10-02 04:36:19,3649.75,5,19,2
18870,2024-05-12 09:29:50,19794.23,3,22,2
18871,2024-01-21 12:05:08,14395.82,1,20,2
18872,2024-09-01 06:14:22,9245.89,3,7,2
18873,2024-01-23 14:53:41,2455.94,3,17,2
18874,2025-04-08 05:19:54,2280.03,4,8,2
18875,2025-02-05 20:54:26,14157.95,3,17,2
18876,2024-11-11 04:12:03,13081.33,4,13,2
18877,2025-01-10 02:48:29,2313.03,2,1,2
18878,2025-04-22 20:40:28,12939.97,1,25,2
18879,2023-07-10 04:49:56,17966.07,3,17,3
18880,2024-09-06 12:05:49,2194.44,4,8,6
18881,2024-05-24 09:30:11,17136.34,3,7,3
18882,2025-03-20 04:54:58,6097.08,5,19,2
18883,2024-02-13 01:10:18,5385.22,1,5,4
18884,2023-12-21 06:51:45,10623.26,4,23,2
18885,2025-04-23 05:04:46,14918.85,1,25,5
18886,2024-05-18 22:21:48,2352.78,1,20,2
18887,2023-10-05 10:59:57,17006.04,4,3,2
18888,2024-05-22 04:48:59,11268.53,5,19,4
18889,2023-08-01 07:58:36,18296.79,2,11,2
18890,2023-10-02 14:03:24,4581.38,5,19,2
18891,2023-09-18 14:28:46,14738.89,1,10,2
18892,2023-06-11 11:55:23,1773.96,4,13,3
18893,2024-07-30 20:57:40,16562.70,1,15,2
18894,2024-09-14 11:30:49,15609.95,3,17,2
18895,2023-11-22 10:30:50,11058.84,3,2,29
18896,2024-12-27 06:18:07,11337.05,2,6,2
18897,2023-08-10 09:06:16,7342.30,3,2,2
18898,2023-12-30 22:08:47,916.75,3,2,2
18899,2024-05-17 10:03:23,4993.32,1,25,2
18900,2024-03-30 14:05:50,3134.73,2,1,2
18901,2024-04-11 05:09:54,1379.76,5,9,3
18902,2023-12-06 19:59:13,11903.04,5,24,4
18903,2025-04-25 10:48:17,9406.52,5,9,2
18904,2023-11-02 22:52:44,17333.76,1,15,2
18905,2023-12-15 04:18:05,7255.09,4,3,2
18906,2025-05-21 23:16:02,13031.84,2,6,3
18907,2024-05-25 12:09:27,6951.18,3,12,2
18908,2024-09-02 16:32:53,9753.77,4,13,2
18909,2024-11-17 03:05:34,15365.81,3,22,3
18910,2024-10-02 14:10:19,9362.59,3,22,2
18911,2023-12-20 19:15:51,8661.91,4,23,2
18912,2024-02-03 15:09:34,9186.17,2,21,4
18913,2024-12-01 04:03:55,2527.38,1,25,2
18914,2023-11-26 15:19:43,3391.75,3,2,3
18915,2023-11-08 10:36:56,5882.17,2,21,2
18916,2024-12-25 04:14:58,2531.78,5,19,4
18917,2025-01-27 04:22:11,2499.42,4,3,2
18918,2024-12-21 22:17:13,7275.19,2,16,5
18919,2024-03-12 22:08:27,6036.61,3,7,2
18920,2023-12-25 15:27:31,12290.71,1,25,11
18921,2024-04-13 15:36:33,701.88,3,7,2
18922,2024-07-16 18:46:41,9672.70,2,16,2
18923,2024-12-27 02:04:25,11522.19,1,5,4
18924,2025-03-14 07:32:30,588.64,5,24,2
18925,2024-05-24 01:05:40,5006.62,1,15,9
18926,2024-01-21 08:03:52,10194.94,1,15,2
18927,2024-06-28 22:50:49,6034.16,2,1,2
18928,2023-12-04 08:54:16,6907.59,3,12,2
18929,2023-06-19 10:48:37,12758.32,3,22,3
18930,2023-11-18 14:17:30,6318.84,3,2,6
18931,2024-09-30 16:27:06,3558.08,2,16,2
18932,2025-01-08 16:03:09,13224.15,5,4,2
18933,2023-11-08 10:32:21,7298.41,4,13,5
18934,2025-04-27 11:39:09,9837.71,1,10,3
18935,2024-12-10 20:45:02,12799.05,2,11,2
18936,2024-11-02 15:42:26,8074.28,2,16,2
18937,2024-02-01 11:49:49,1609.41,1,25,2
18938,2023-06-14 06:24:49,4884.55,2,6,2
18939,2023-07-09 09:19:56,8751.00,2,16,19
18940,2023-12-22 10:38:18,10224.40,2,11,12
18941,2024-05-03 15:05:20,4856.75,1,5,2
18942,2024-12-24 21:26:38,11365.68,3,12,5
18943,2023-11-04 14:06:40,14985.18,1,10,6
18944,2024-09-01 02:53:20,10394.51,2,21,4
18945,2024-03-03 23:21:23,15164.72,4,23,2
18946,2023-10-08 17:41:20,6969.99,1,20,2
18947,2023-06-14 19:04:49,6977.12,3,2,5
18948,2024-09-10 02:51:17,11474.82,3,2,3
18949,2023-10-16 16:10:34,9656.30,3,7,3
18950,2025-02-13 12:24:05,13796.11,4,23,2
18951,2024-10-11 15:06:04,20324.14,5,24,2
18952,2025-02-14 01:06:52,11202.69,2,11,2
18953,2023-08-19 04:50:54,7758.81,5,19,2
18954,2024-12-29 02:23:47,15857.87,1,25,2
18955,2025-04-26 11:37:48,4678.87,2,11,2
18956,2024-11-15 11:47:39,4676.36,5,19,3
18957,2024-10-01 17:56:59,10220.87,2,16,6
18958,2025-02-17 01:47:10,9399.38,1,25,3
18959,2025-03-16 15:48:59,954.05,3,7,2
18960,2023-07-04 00:23:28,6197.93,3,2,2
18961,2023-11-10 19:01:25,17019.21,1,5,2
18962,2024-05-14 21:12:52,11603.30,2,11,2
18963,2025-05-17 11:06:00,6041.12,4,23,2
18964,2024-03-02 15:19:45,10278.22,3,12,2
18965,2025-02-08 12:02:05,10031.95,1,15,2
18966,2025-02-26 02:21:06,5661.78,4,13,2
18967,2023-07-21 13:55:17,17192.00,3,7,4
18968,2024-12-21 05:06:19,5641.51,1,5,4
18969,2024-02-27 22:51:55,6587.10,4,18,2
18970,2024-06-29 20:27:34,11444.02,1,20,3
18971,2024-01-30 17:49:19,10359.46,1,25,2
18972,2023-08-22 15:26:52,1144.99,1,15,3
18973,2023-12-02 23:18:13,9043.93,3,17,2
18974,2023-12-18 18:04:25,6622.22,2,21,30
18975,2023-09-20 10:48:11,5947.20,2,1,2
18976,2025-02-08 07:47:51,9357.06,5,14,3
18977,2024-04-03 02:18:31,9551.81,1,15,4
18978,2024-10-23 01:34:02,5805.39,3,2,2
18979,2024-04-28 07:58:33,5146.54,2,21,17
18980,2024-03-01 23:47:39,11779.63,2,1,10
18981,2025-02-01 01:06:43,1386.35,1,25,3
18982,2024-05-10 13:47:46,7330.78,1,5,2
18983,2024-03-24 23:10:12,1293.87,2,16,2
18984,2025-05-04 16:25:05,11499.31,5,9,3
18985,2024-01-01 03:27:33,11659.97,5,14,3
18986,2024-08-04 05:41:11,7047.56,1,15,3
18987,2024-08-05 00:42:00,8423.38,2,21,2
18988,2025-02-07 00:19:14,5135.40,1,5,2
18989,2023-06-11 18:20:16,9761.84,1,10,2
18990,2024-08-31 01:52:07,4787.34,4,18,3
18991,2024-08-16 16:47:21,6097.85,5,19,2
18992,2023-11-21 09:28:39,8830.63,1,10,2
18993,2024-04-24 07:45:35,4080.70,4,18,5
18994,2025-04-16 07:10:50,1687.28,3,2,2
18995,2024-09-23 16:58:29,5679.60,1,15,4
18996,2024-01-30 15:11:05,1763.64,1,10,2
18997,2024-10-06 11:36:23,18943.51,1,10,2
18998,2024-10-29 12:31:55,15987.60,1,10,2
18999,2024-11-28 21:04:54,36.62,5,24,3
19000,2024-10-29 13:53:47,5363.09,2,16,2
19001,2024-05-05 01:58:22,7394.70,2,16,2
19002,2025-01-01 19:33:43,2125.88,3,17,3
19003,2025-01-18 09:26:02,12872.25,2,1,2
19004,2023-12-03 22:46:08,19732.14,1,10,4
19005,2024-07-13 16:45:07,17255.48,2,1,2
19006,2024-05-30 12:57:04,1538.84,5,14,77
19007,2025-03-21 23:55:54,12975.27,2,6,2
19008,2023-05-30 13:18:21,8565.78,2,16,2
19009,2024-03-12 10:20:29,8250.44,4,13,2
19010,2024-08-12 12:43:41,8660.95,1,15,2
19011,2025-03-30 17:29:53,8606.82,1,5,2
19012,2024-08-28 02:55:52,8379.74,5,9,2
19013,2024-02-21 18:35:25,760.01,5,24,2
19014,2023-09-27 16:00:25,678.32,5,4,5
19015,2024-05-06 18:53:57,536.47,4,8,3
19016,2024-08-06 21:35:04,11213.04,3,2,2
19017,2025-03-20 08:21:18,11601.03,1,5,5
19018,2023-12-28 15:19:40,8525.28,1,10,2
19019,2024-05-25 18:56:37,7028.77,5,14,2
19020,2024-12-30 05:10:38,14140.82,2,1,2
19021,2025-01-03 07:24:55,5231.21,2,21,2
19022,2024-07-02 09:55:31,9854.18,5,24,2
19023,2023-12-12 11:04:31,11967.51,3,17,2
19024,2024-04-23 13:23:27,422.42,2,16,3
19025,2024-05-13 10:24:19,13346.69,4,13,233
19026,2025-04-28 13:20:49,760.66,2,6,2
19027,2025-04-30 22:31:46,7473.58,2,6,2
19028,2024-09-12 05:35:56,5770.83,3,22,2
19029,2024-01-07 15:44:19,4396.65,2,21,2
19030,2024-11-10 14:32:16,11929.13,2,11,3
19031,2024-03-28 22:07:28,12630.43,1,10,2
19032,2024-07-19 14:08:51,129.65,4,13,2
19033,2023-09-02 01:47:10,8037.08,3,2,2
19034,2024-11-14 17:03:51,9557.47,2,11,2
19035,2024-11-10 12:24:36,11464.52,3,12,2
19036,2025-01-07 04:14:11,8010.31,1,15,2
19037,2025-03-22 16:30:24,7748.13,4,23,6
19038,2023-09-13 04:49:35,4124.61,4,8,2
19039,2023-12-12 05:47:15,10814.40,2,11,4
19040,2024-01-17 02:02:23,7895.02,4,23,3
19041,2025-01-26 10:42:26,12156.29,4,3,4
19042,2025-03-05 16:50:28,7533.24,3,22,2
19043,2025-02-16 17:26:29,7474.04,1,10,2
19044,2024-12-12 14:30:03,8268.06,4,8,2
19045,2025-01-23 12:33:28,20095.04,5,4,2
19046,2023-11-07 09:50:53,6925.90,2,21,60
19047,2024-05-11 04:39:51,11569.27,5,19,2
19048,2023-05-25 11:07:46,9051.06,4,13,2
19049,2024-12-07 20:22:08,9614.52,5,24,2
19050,2025-03-16 14:01:04,2566.76,4,8,6
19051,2025-03-24 08:04:22,1535.94,1,5,2
19052,2024-08-25 08:12:08,5698.83,5,14,2
19053,2025-01-05 13:06:20,5968.76,5,14,4
19054,2024-12-03 06:41:30,2280.03,1,25,2
19055,2024-01-28 05:35:42,12596.37,3,7,2
19056,2025-03-10 06:45:29,7822.41,3,17,2
19057,2024-08-08 21:27:23,2443.76,2,1,2
19058,2024-11-14 16:13:43,814.20,1,15,2
19059,2024-07-01 03:14:37,216.56,3,12,2
19060,2025-03-23 01:15:28,16439.09,1,15,2
19061,2024-12-15 14:16:02,3856.80,1,10,2
19062,2023-12-05 12:32:55,5543.00,5,14,3
19063,2025-01-06 04:51:59,4820.33,1,15,2
19064,2023-11-08 08:26:26,8396.04,3,17,2
19065,2024-12-20 20:32:37,1625.04,1,20,2
19066,2025-05-11 10:18:47,383.23,4,23,2
19067,2025-01-14 16:55:20,3539.88,4,23,3
19068,2023-07-08 04:02:15,5330.69,3,2,4
19069,2025-05-04 03:05:22,6690.37,3,2,2
19070,2024-01-08 17:02:45,7233.38,4,13,3
19071,2023-10-19 14:39:44,4116.23,1,15,2
19072,2024-10-13 06:18:22,4414.60,1,20,2
19073,2025-01-02 20:47:40,11512.33,1,20,2
19074,2023-06-18 15:26:39,12231.79,1,10,5
19075,2025-05-07 01:35:42,7871.04,3,12,3
19076,2023-06-06 00:53:43,12013.67,1,15,2
19077,2023-11-29 16:27:02,11239.54,4,13,44
19078,2024-11-27 05:36:37,12837.07,4,18,2
19079,2024-05-15 11:46:42,12318.65,4,8,2
19080,2023-10-26 16:09:14,9589.68,3,22,3
19081,2024-11-27 15:42:28,12245.68,2,21,3
19082,2024-10-19 11:52:49,5740.66,4,18,2
19083,2024-06-03 02:21:55,166.82,2,16,16
19084,2025-02-16 02:22:07,17400.93,4,3,2
19085,2024-08-02 11:46:48,15173.85,3,17,2
19086,2023-06-23 06:56:34,8002.48,5,24,2
19087,2023-12-05 14:13:59,4540.64,3,22,2
19088,2024-10-19 00:49:18,10442.59,4,13,2
19089,2025-03-12 11:04:57,19392.40,5,9,23
19090,2024-10-13 14:32:37,17224.43,5,19,2
19091,2025-01-29 19:49:07,2229.05,2,16,3
19092,2024-08-06 23:33:33,5640.06,2,16,6
19093,2023-12-08 04:39:57,21008.75,1,15,2
19094,2025-01-31 17:50:49,7479.93,1,25,2
19095,2024-07-01 13:38:49,8744.16,3,2,2
19096,2025-01-02 12:11:11,2645.80,3,2,2
19097,2023-07-26 03:22:49,10202.59,1,25,2
19098,2023-09-07 15:10:35,2435.86,1,25,3
19099,2025-04-02 14:28:26,2862.97,1,20,2
19100,2024-05-03 20:02:56,8623.10,4,18,2
19101,2024-05-01 15:07:05,894.08,4,18,17
19102,2023-08-19 15:05:00,4916.42,2,6,2
19103,2025-05-18 08:07:37,1514.00,5,4,2
19104,2024-10-01 23:14:33,4055.33,2,21,2
19105,2023-07-26 14:02:13,2652.38,3,12,2
19106,2024-02-12 11:25:42,13739.66,5,9,2
19107,2025-04-25 05:33:38,1158.94,5,14,2
19108,2023-12-06 21:52:04,2126.10,1,15,2
19109,2025-05-13 05:12:28,8633.68,4,3,6
19110,2023-12-23 15:29:38,9697.36,3,2,2
19111,2024-05-15 22:51:07,8784.48,2,16,3
19112,2025-03-30 05:31:16,1072.94,3,2,3
19113,2023-05-28 06:09:05,11994.86,3,12,3
19114,2024-08-02 00:43:05,3960.80,4,18,4
19115,2024-08-03 16:50:30,12432.49,2,11,2
19116,2023-08-06 21:09:31,6820.58,3,12,2
19117,2024-12-29 07:44:02,17579.16,4,13,35
19118,2024-02-05 00:11:18,10333.69,5,9,33
19119,2024-12-19 12:26:16,9240.01,5,24,4
19120,2025-01-02 23:43:48,14981.63,5,4,2
19121,2024-05-17 13:08:12,4576.73,1,20,10
19122,2025-01-31 05:19:13,12733.79,4,18,2
19123,2025-01-15 02:19:47,9600.73,1,15,8
19124,2023-08-09 09:54:29,2559.90,2,11,2
19125,2024-09-25 20:21:32,7135.96,2,1,16
19126,2025-01-11 15:46:13,12519.88,2,1,2
19127,2025-01-23 01:12:21,8102.28,5,9,4
19128,2024-04-25 07:58:08,4133.11,5,14,2
19129,2024-02-11 08:17:44,7915.76,5,4,2
19130,2024-09-25 13:41:06,10410.63,2,6,2
19131,2024-07-19 01:17:19,15132.23,1,5,2
19132,2024-12-07 02:24:02,1476.38,1,10,2
19133,2024-01-25 01:18:37,5018.03,4,23,4
19134,2023-10-15 05:39:58,9529.97,5,4,3
19135,2024-09-20 10:51:32,19530.51,3,2,2
19136,2024-05-04 16:21:28,12192.54,4,18,2
19137,2023-12-04 03:25:23,13538.25,4,23,2
19138,2025-03-12 08:11:46,9399.96,5,9,4
19139,2024-12-29 12:12:37,9215.22,3,17,2
19140,2024-08-06 09:57:46,18768.93,4,3,2
19141,2023-06-19 18:17:56,9402.47,5,4,24
19142,2023-06-25 13:40:53,17796.11,3,2,2
19143,2025-04-19 21:10:11,10388.41,4,13,2
19144,2024-11-07 07:45:06,13582.50,1,20,2
19145,2023-12-03 01:23:35,3517.32,4,23,5
19146,2023-06-21 09:06:25,10250.38,4,23,2
19147,2025-05-04 07:45:49,8284.52,4,13,2
19148,2023-06-29 17:59:29,19053.55,4,23,2
19149,2023-07-04 22:06:31,1362.69,2,6,2
19150,2024-04-26 07:00:30,5268.74,4,13,10
19151,2024-07-10 11:39:52,6777.00,4,13,5
19152,2024-01-13 15:27:49,14396.13,4,8,2
19153,2024-03-06 07:55:39,15635.88,1,25,3
19154,2024-12-28 17:12:47,3003.78,4,23,5
19155,2024-01-13 01:18:52,12883.04,4,8,3
19156,2024-03-14 03:57:35,2924.81,3,17,2
19157,2025-03-06 12:50:39,5027.92,4,13,3
19158,2024-06-06 05:40:35,4754.56,1,10,2
19159,2025-02-21 03:44:49,1722.96,2,6,2
19160,2025-03-25 03:25:54,956.48,3,12,2
19161,2024-11-24 21:31:02,13648.29,4,3,2
19162,2024-04-15 23:39:32,11894.47,1,15,2
19163,2023-05-29 09:11:24,7261.90,2,6,2
19164,2024-07-24 15:05:14,3792.34,2,16,4
19165,2025-01-27 22:02:00,7931.22,4,8,2
19166,2023-11-06 03:29:35,9194.98,1,10,2
19167,2024-09-24 20:14:07,6502.45,3,17,2
19168,2023-12-07 20:23:15,4445.19,1,15,2
19169,2023-11-29 06:25:53,9124.83,4,18,2
19170,2024-08-31 17:16:36,5307.40,1,10,2
19171,2024-11-08 03:45:25,8692.40,4,3,26
19172,2023-07-28 09:36:48,9025.57,5,9,2
19173,2024-05-09 09:03:44,5168.00,5,24,2
19174,2024-12-02 15:12:30,2837.65,2,6,2
19175,2023-05-28 16:39:32,1953.41,3,17,5
19176,2025-02-28 19:05:44,1404.51,2,1,4
19177,2023-12-17 12:13:23,1814.24,5,4,2
19178,2025-01-19 13:11:19,12625.59,2,6,2
19179,2023-10-30 13:57:39,11711.96,4,8,5
19180,2024-03-14 03:21:55,15036.43,2,21,2
19181,2024-10-27 22:49:43,17228.52,4,23,2
19182,2023-12-11 06:27:40,15404.80,2,11,2
19183,2024-11-16 19:28:05,12781.62,4,13,7
19184,2024-04-20 13:01:03,13713.01,4,8,2
19185,2023-11-28 12:10:23,14206.05,3,17,2
19186,2023-09-07 05:06:26,13759.49,1,15,2
19187,2024-03-06 19:10:23,14742.81,1,15,3
19188,2023-07-21 19:42:40,3099.84,1,25,2
19189,2023-08-24 09:39:09,1417.50,4,23,2
19190,2025-05-15 19:50:16,2879.48,5,4,2
19191,2025-02-23 23:09:49,13264.84,1,15,19
19192,2024-03-27 06:24:04,3234.73,1,25,2
19193,2023-10-07 09:43:02,2427.76,5,24,12
19194,2023-11-13 17:27:55,12268.19,2,1,3
19195,2023-08-14 00:10:38,14023.63,2,21,2
19196,2025-01-06 10:28:31,7593.89,4,3,4
19197,2025-04-26 17:11:47,5194.24,2,11,2
19198,2024-02-27 19:11:28,5424.56,1,25,3
19199,2024-08-02 14:20:39,4226.12,2,16,19
19200,2025-01-24 15:14:52,6321.78,1,15,2
19201,2024-03-18 12:29:56,15159.00,2,1,2
19202,2023-06-02 11:37:22,15624.22,4,8,2
19203,2025-02-21 06:33:58,4778.36,1,10,12
19204,2024-06-01 23:22:12,15881.21,3,12,3
19205,2024-03-29 16:51:18,4770.25,3,12,4
19206,2024-07-18 05:22:24,9452.78,3,22,2
19207,2024-10-14 19:47:28,6047.36,1,15,2
19208,2024-11-18 18:04:19,9011.23,4,18,8
19209,2024-11-21 12:14:50,10091.18,2,21,5
19210,2024-02-27 13:22:29,8051.14,5,9,2
19211,2024-04-04 18:20:38,5108.36,2,21,2
19212,2023-11-12 10:09:45,12217.55,3,2,2
19213,2024-06-19 15:19:39,12501.38,3,17,3
19214,2024-02-21 23:55:44,12046.83,2,21,2
19215,2024-05-02 22:53:23,6297.75,3,2,2
19216,2025-01-31 20:04:06,10325.92,1,20,2
19217,2025-04-21 14:55:50,4678.00,1,20,6
19218,2024-07-31 05:00:23,10243.33,5,4,2
19219,2025-03-25 23:04:45,3834.48,2,6,5
19220,2025-01-19 13:23:41,1563.80,1,5,2
19221,2025-05-16 04:00:47,11767.87,2,21,2
19222,2024-02-20 19:46:36,4906.29,5,19,2
19223,2025-02-19 09:39:51,7195.61,5,14,6
19224,2023-10-30 18:17:27,1135.45,1,15,3
19225,2024-03-26 23:44:39,5639.88,1,25,2
19226,2024-01-13 20:03:31,8498.92,1,25,7
19227,2024-12-10 16:29:28,15114.79,2,11,2
19228,2025-04-27 11:15:01,10032.99,3,17,3
19229,2023-10-26 01:30:34,8531.64,1,20,2
19230,2025-02-15 23:24:15,16841.26,2,21,5
19231,2024-01-08 16:02:10,9585.35,1,10,2
19232,2024-05-30 04:51:06,3775.64,5,19,4
19233,2023-08-31 17:24:14,2308.54,5,9,4
19234,2023-10-11 16:17:19,15156.22,5,4,2
19235,2023-06-24 10:28:06,20365.80,2,1,2
19236,2024-04-26 21:27:07,6358.60,5,9,2
19237,2024-08-30 22:50:29,6160.67,2,1,2
19238,2023-09-04 09:53:51,18497.05,3,17,2
19239,2024-10-15 02:15:32,8082.71,1,15,3
19240,2023-10-20 21:22:18,4558.42,3,22,4
19241,2025-01-31 10:37:50,15356.97,2,11,2
19242,2024-06-19 23:59:30,8096.79,5,19,2
19243,2023-10-15 18:24:12,8329.79,4,23,2
19244,2023-12-09 06:41:01,21164.74,2,11,4
19245,2025-03-06 20:01:48,3868.06,5,14,2
19246,2024-07-15 15:57:11,16054.20,4,23,2
19247,2025-03-26 17:03:54,12652.33,4,8,2
19248,2024-06-26 15:20:04,9742.86,4,18,2
19249,2024-05-12 13:03:52,17895.99,1,10,7
19250,2024-12-30 20:55:26,15122.24,1,15,2
19251,2024-09-17 16:16:13,6351.13,1,15,8
19252,2024-09-22 05:41:14,10593.30,3,17,10
19253,2024-11-08 17:42:59,9608.00,2,11,2
19254,2023-10-25 11:21:58,3043.41,1,10,2
19255,2024-11-23 12:43:41,964.54,3,12,2
19256,2025-03-19 07:27:16,2131.02,2,16,5
19257,2024-12-19 23:32:02,10909.88,4,13,2
19258,2024-04-16 07:51:09,2322.60,5,4,2
19259,2024-06-26 17:30:49,9085.00,4,3,2
19260,2023-10-14 06:06:25,6562.31,4,18,2
19261,2024-10-27 05:43:36,9445.24,3,2,2
19262,2025-04-27 18:13:26,15278.48,1,5,2
19263,2024-03-22 12:18:08,6254.33,5,24,9
19264,2023-10-04 11:17:51,2445.79,1,15,2
19265,2023-11-29 11:14:26,15516.78,2,1,2
19266,2024-04-27 01:54:18,7664.91,1,10,2
19267,2024-04-13 16:22:06,1844.94,4,23,7
19268,2025-05-06 22:55:07,19219.31,3,2,2
19269,2023-10-12 07:06:14,12752.59,3,22,2
19270,2024-01-02 00:53:58,11316.74,4,8,2
19271,2024-09-26 07:18:19,2426.55,2,11,3
19272,2025-02-17 07:13:21,11120.60,2,16,2
19273,2024-07-09 13:36:38,5924.73,1,5,4
19274,2024-01-27 12:49:42,13285.16,5,24,2
19275,2023-06-04 17:01:52,4861.39,5,9,2
19276,2025-03-31 00:27:50,10569.64,2,16,2
19277,2024-04-30 15:08:46,11173.59,1,20,2
19278,2025-01-26 17:14:19,21805.42,3,17,2
19279,2024-06-15 12:32:20,10603.01,4,8,2
19280,2024-12-29 14:55:34,11568.49,1,15,2
19281,2023-09-23 05:12:37,541.68,2,1,10
19282,2024-07-24 22:43:15,4324.05,1,20,8
19283,2024-04-29 05:13:58,9303.70,4,18,2
19284,2025-05-17 16:14:58,8535.75,4,18,14
19285,2025-03-29 20:26:23,5191.84,2,1,3
19286,2023-10-18 05:01:44,15052.36,1,20,2
19287,2025-02-08 14:24:19,13511.98,2,1,3
19288,2024-12-22 20:43:54,12767.55,5,24,4
19289,2025-05-02 21:39:13,8975.28,4,8,2
19290,2023-11-20 10:20:32,3695.90,1,15,3
19291,2024-03-02 10:11:33,4307.40,1,15,3
19292,2024-08-01 19:58:06,16804.23,1,25,2
19293,2024-09-16 06:56:30,5391.88,4,3,24
19294,2025-04-09 17:21:24,8032.29,1,10,5
19295,2024-08-04 15:02:32,3705.97,5,24,2
19296,2023-08-31 20:13:23,13170.78,3,12,2
19297,2025-03-26 16:04:08,9764.13,1,15,7
19298,2023-10-03 09:09:43,6898.47,4,3,2
19299,2024-11-09 10:52:04,1468.83,4,23,2
19300,2025-05-02 23:34:27,7208.01,5,19,2
19301,2024-06-29 03:52:25,14509.10,2,1,2
19302,2024-04-22 08:11:20,2293.77,1,5,2
19303,2024-06-02 23:21:48,7447.04,3,22,3
19304,2024-07-29 18:29:14,2767.33,1,5,5
19305,2024-09-21 22:40:02,1768.12,3,12,3
19306,2024-05-11 15:24:38,7987.59,3,7,2
19307,2024-12-02 23:13:48,7963.95,1,20,2
19308,2024-08-23 07:52:14,3791.20,5,4,2
19309,2024-05-09 02:27:45,4263.98,2,1,9
19310,2023-11-18 21:11:48,4259.38,1,5,2
19311,2024-02-25 21:35:08,11952.76,1,15,2
19312,2023-06-20 13:36:39,4749.62,3,17,41
19313,2023-07-01 16:34:37,16373.63,5,4,2
19314,2023-08-30 01:22:33,12172.84,2,21,2
19315,2024-08-23 22:56:11,8241.70,4,13,31
19316,2025-04-02 05:37:39,7601.76,2,11,2
19317,2024-12-15 17:18:46,5125.90,5,14,3
19318,2024-09-17 23:50:01,166.84,1,25,7
19319,2025-04-30 20:43:52,3466.84,1,25,2
19320,2023-07-11 16:59:39,943.66,1,25,2
19321,2024-11-05 09:07:30,701.88,4,3,2
19322,2023-08-22 01:32:48,6884.98,4,8,7
19323,2024-03-05 09:39:28,20776.12,2,1,2
19324,2025-01-08 19:58:43,685.71,4,3,9
19325,2024-02-18 14:53:21,13574.24,4,23,3
19326,2024-08-30 08:57:41,3079.47,2,1,2
19327,2023-06-10 06:57:22,15733.77,5,4,4
19328,2024-05-22 20:28:07,4519.39,3,22,2
19329,2025-01-14 00:12:39,10828.86,3,7,5
19330,2023-07-01 20:44:58,1550.83,5,19,2
19331,2024-06-11 05:59:25,2999.25,2,6,3
19332,2024-08-07 10:47:55,9126.41,1,25,2
19333,2025-01-16 19:50:59,5014.24,3,17,2
19334,2023-08-30 21:41:22,5617.93,5,9,2
19335,2024-12-14 06:16:19,4735.63,3,17,2
19336,2025-01-11 17:31:57,12308.74,4,23,3
19337,2024-01-01 03:21:22,15529.83,2,11,5
19338,2024-08-20 21:52:00,8986.87,5,19,5
19339,2024-05-09 19:26:31,10283.83,4,3,2
19340,2024-12-03 16:56:18,1295.76,5,4,2
19341,2025-01-10 17:59:09,3974.05,1,20,4
19342,2023-06-28 14:43:39,6547.90,2,11,4
19343,2024-04-15 20:47:55,14329.78,2,6,2
19344,2024-12-15 08:09:11,10441.20,3,2,5
19345,2024-07-23 20:15:39,10712.20,3,7,3
19346,2025-05-17 19:56:53,13670.21,1,15,2
19347,2024-10-05 08:17:45,13596.93,1,15,2
19348,2023-09-15 02:47:55,19566.99,2,1,2
19349,2025-04-22 17:01:48,15523.09,4,23,3
19350,2023-12-20 13:39:38,6024.14,5,4,2
19351,2023-08-13 04:13:43,10880.31,4,23,2
19352,2024-06-24 13:45:06,17008.93,1,20,2
19353,2024-04-18 13:01:31,11842.50,3,12,2
19354,2024-10-31 13:57:14,1072.94,1,20,2
19355,2024-01-27 15:28:04,11680.90,3,7,4
19356,2024-02-29 01:31:18,3862.34,4,8,2
19357,2024-05-04 06:37:55,853.84,4,23,2
19358,2024-04-17 21:29:42,1594.41,3,7,2
19359,2025-01-02 09:00:20,4506.54,1,10,3
19360,2025-03-15 02:39:13,6420.79,4,18,2
19361,2023-12-27 16:00:25,14347.09,5,4,9
19362,2023-12-27 21:45:30,15566.90,4,3,3
19363,2024-05-30 07:12:29,8102.91,2,21,2
19364,2025-02-10 18:08:00,12509.85,3,7,3
19365,2024-02-22 16:08:06,1195.95,4,18,7
19366,2024-08-14 12:41:28,12257.83,1,15,4
19367,2023-09-10 02:03:14,3365.42,2,11,4
19368,2024-05-16 20:23:04,6027.18,5,4,3
19369,2023-11-14 02:56:49,752.12,4,18,7
19370,2023-11-08 20:02:41,7131.63,4,18,3
19371,2023-07-11 05:47:41,1959.80,5,24,2
19372,2025-02-08 08:21:07,15936.29,4,3,2
19373,2024-02-13 05:12:06,6015.96,5,19,2
19374,2024-11-16 04:53:45,9119.70,4,8,2
19375,2024-05-26 08:48:10,14331.83,2,6,2
19376,2025-04-08 23:42:21,1689.68,1,20,2
19377,2025-04-12 07:50:34,8614.39,4,18,2
19378,2024-10-23 14:36:02,10221.36,1,5,2
19379,2024-09-28 18:57:06,5558.50,4,18,2
19380,2023-07-07 22:39:16,4460.85,2,21,2
19381,2023-07-31 17:54:21,17842.26,3,22,2
19382,2024-12-09 21:57:03,13763.46,5,24,2
19383,2025-03-08 13:54:52,4032.67,5,4,2
19384,2024-12-25 07:25:46,3556.22,4,23,2
19385,2024-05-11 01:51:46,2798.60,3,22,2
19386,2025-01-13 02:51:04,11154.98,4,3,2
19387,2023-11-12 06:29:23,15028.22,5,24,2
19388,2024-06-07 12:15:39,13709.61,1,5,2
19389,2024-06-02 01:06:24,13435.51,2,6,2
19390,2024-07-13 02:41:20,10967.13,4,23,2
19391,2024-07-01 17:07:32,866.06,1,20,2
19392,2023-12-02 06:34:32,881.82,5,4,3
19393,2024-03-08 22:09:34,10977.35,5,9,2
19394,2023-08-24 11:43:38,13291.88,5,19,5
19395,2024-11-04 08:38:29,5997.94,5,24,3
19396,2024-09-08 11:55:42,19681.04,4,3,2
19397,2024-03-03 07:19:00,10929.44,4,18,2
19398,2024-01-30 06:39:01,19174.82,1,25,3
19399,2024-06-23 06:23:06,9964.44,5,24,2
19400,2023-08-26 17:49:32,7094.35,5,4,6
19401,2024-11-23 02:51:04,13110.77,2,21,2
19402,2024-02-28 11:06:00,10178.19,1,20,2
19403,2024-09-20 18:06:55,8696.20,3,12,2
19404,2025-01-29 16:46:36,541.54,2,6,2
19405,2024-07-26 23:37:41,3101.88,4,18,6
19406,2024-01-11 12:20:33,2540.85,3,7,3
19407,2024-06-08 10:22:09,6476.02,3,22,2
19408,2024-03-30 16:39:16,11023.42,4,13,4
19409,2024-01-23 03:47:30,876.99,1,5,7
19410,2023-08-04 17:09:15,4513.41,3,12,2
19411,2023-08-30 04:41:18,11434.01,1,20,2
19412,2024-03-19 11:57:55,14148.61,2,1,2
19413,2025-03-08 01:57:51,4718.76,5,19,3
19414,2023-08-14 07:29:15,13157.37,2,6,2
19415,2024-12-05 09:59:49,12977.00,4,13,2
19416,2025-02-17 15:29:29,2849.12,3,17,2
19417,2023-12-27 03:26:36,5223.61,5,19,4
19418,2024-01-11 14:18:52,6917.85,2,21,2
19419,2023-10-05 17:46:08,13433.33,4,3,2
19420,2023-09-06 14:39:30,19242.24,3,7,2
19421,2023-12-30 16:35:46,5780.42,4,13,2
19422,2024-11-18 19:13:02,9813.07,5,24,2
19423,2025-03-11 20:37:01,4594.50,2,21,2
19424,2025-02-10 00:19:14,10311.06,2,6,7
19425,2025-02-12 14:16:46,13932.89,5,9,2
19426,2024-06-11 09:39:20,5203.99,3,2,2
19427,2024-12-22 02:04:38,16664.66,2,6,2
19428,2025-04-11 21:41:26,19865.81,1,5,2
19429,2023-12-24 13:38:43,17875.34,3,7,2
19430,2024-12-13 02:31:37,2034.96,4,3,2
19431,2023-08-10 08:34:07,5811.54,2,1,2
19432,2024-08-11 00:27:02,10331.03,3,7,3
19433,2024-10-09 03:07:31,10735.71,1,5,3
19434,2023-12-25 15:06:01,12917.08,4,18,4
19435,2025-01-30 19:17:04,1480.26,3,7,6
19436,2024-10-24 01:49:41,4058.09,4,3,2
19437,2025-03-18 01:50:52,8347.68,1,10,2
19438,2023-09-02 06:04:19,10136.01,3,7,2
19439,2023-08-03 10:21:19,11451.05,3,22,2
19440,2024-10-30 06:43:35,11199.46,1,5,3
19441,2023-12-14 23:15:34,8442.64,4,13,2
19442,2024-04-14 06:32:26,12806.23,2,1,3
19443,2023-05-24 02:25:18,9222.46,5,4,2
19444,2023-06-24 04:33:59,2034.96,3,22,5
19445,2024-06-07 03:45:05,11392.44,2,11,2
19446,2023-12-07 07:53:30,4379.90,5,24,2
19447,2025-02-09 04:14:38,12686.15,4,18,9
19448,2024-01-03 09:48:04,4837.65,1,10,2
19449,2023-09-24 22:18:55,11365.62,4,18,2
19450,2024-02-25 17:53:10,9711.55,2,6,3
19451,2025-03-27 00:22:54,3961.41,1,20,2
19452,2024-12-12 20:17:23,101.23,4,3,2
19453,2023-07-05 12:58:16,9970.16,4,8,2
19454,2025-03-19 15:50:32,4525.38,5,19,2
19455,2025-03-13 09:59:50,12470.29,5,24,2
19456,2024-07-12 18:12:56,18918.49,2,16,3
19457,2025-01-25 22:59:00,8335.93,4,23,2
19458,2024-01-21 16:45:14,18305.68,3,17,2
19459,2025-01-05 00:52:35,718.50,3,17,2
19460,2023-12-03 03:26:03,7779.75,1,25,3
19461,2024-11-28 04:13:33,9142.03,5,19,2
19462,2024-08-11 10:18:17,9434.62,2,16,2
19463,2025-02-17 19:33:34,5393.65,4,18,2
19464,2024-01-11 23:29:15,8365.20,3,2,2
19465,2024-11-28 22:15:18,4996.91,2,11,2
19466,2024-02-29 16:38:40,1618.08,4,3,5
19467,2024-09-03 06:55:56,15218.39,2,21,8
19468,2024-12-11 03:50:51,16174.43,2,1,2
19469,2025-04-29 06:16:35,8929.56,3,2,2
19470,2023-12-18 23:47:30,10602.77,2,6,2
19471,2024-02-14 00:41:09,18666.68,1,5,2
19472,2025-03-24 00:32:42,101.20,4,8,2
19473,2024-08-19 16:00:12,1448.95,4,18,4
19474,2024-02-18 13:50:30,2913.86,4,3,2
19475,2023-08-20 20:19:02,13810.40,5,9,4
19476,2024-01-20 01:40:04,2125.88,5,9,2
19477,2024-09-05 06:33:32,15453.01,1,25,11
19478,2024-08-10 19:30:01,11104.33,2,6,2
19479,2025-01-26 08:47:03,471.34,1,5,2
19480,2023-06-22 14:52:36,13156.46,1,20,4
19481,2025-03-07 09:01:04,9134.78,1,10,2
19482,2024-07-02 08:19:13,14980.97,4,23,3
19483,2024-09-05 06:50:10,4269.99,2,21,2
19484,2024-06-11 06:17:02,6406.43,5,4,2
19485,2024-04-09 16:47:27,1138.55,1,20,10
19486,2024-11-05 01:06:09,11784.83,2,6,2
19487,2023-08-09 21:01:19,7941.72,2,6,2
19488,2025-02-07 22:55:40,3782.45,4,18,2
19489,2024-09-09 22:23:19,11421.07,3,17,2
19490,2024-03-25 07:14:30,4340.24,5,4,2
19491,2024-01-28 10:41:40,14705.35,1,5,15
19492,2023-10-13 16:01:28,10069.05,2,16,2
19493,2024-10-20 12:39:15,16487.81,3,17,8
19494,2024-08-05 02:31:44,15714.66,1,15,2
19495,2024-12-29 00:11:01,3921.70,3,17,4
19496,2024-11-09 04:20:27,8935.04,4,18,2
19497,2024-05-23 06:26:04,7006.32,4,13,3
19498,2025-01-10 19:12:51,9909.95,3,2,2
19499,2024-09-28 03:47:47,15787.55,2,21,2
19500,2023-08-06 02:53:27,9242.25,1,25,2
19501,2024-11-13 15:39:50,5815.16,4,23,2
19502,2023-10-31 06:34:16,3645.24,3,2,3
19503,2023-09-03 04:58:39,8179.80,3,7,6
19504,2025-03-23 13:04:59,5420.29,1,20,2
19505,2024-01-25 09:08:22,7156.22,2,1,2
19506,2023-07-05 10:56:49,15131.81,2,6,2
19507,2023-07-04 02:35:25,11190.70,1,5,2
19508,2024-12-18 23:06:24,3959.15,1,15,3
19509,2024-10-15 16:39:21,579.47,2,11,2
19510,2023-10-11 11:01:29,7504.66,4,18,4
19511,2024-06-09 13:15:23,1820.91,4,3,3
19512,2023-08-10 05:41:13,14708.45,2,6,4
19513,2024-10-28 23:22:04,1625.04,2,1,2
19514,2025-01-10 17:47:35,6477.16,4,13,2
19515,2023-07-28 11:35:51,3007.84,5,4,2
19516,2025-03-11 18:18:43,12715.95,1,25,2
19517,2023-12-14 19:16:43,4938.09,4,8,3
19518,2024-08-28 23:00:45,101.23,3,22,3
19519,2024-02-20 18:25:39,13837.32,5,19,2
19520,2024-11-15 22:06:37,7731.70,1,10,2
19521,2025-01-10 22:29:09,4355.12,2,1,6
19522,2025-03-04 15:35:13,2109.93,4,23,6
19523,2024-06-12 20:40:56,714.38,2,21,4
19524,2024-01-08 12:36:50,13982.92,5,4,2
19525,2024-11-11 00:54:38,9260.89,3,7,2
19526,2023-11-27 09:44:31,6593.99,2,11,2
19527,2024-02-19 07:57:39,9110.18,3,2,2
19528,2023-10-09 23:15:49,8561.71,5,9,6
19529,2023-08-07 07:23:00,15134.00,4,3,2
19530,2025-01-28 15:45:32,9561.31,5,9,3
19531,2024-09-12 01:15:59,2413.44,3,7,16
19532,2024-01-27 07:56:38,11468.03,2,21,2
19533,2024-01-12 10:13:35,13198.66,3,12,6
19534,2023-06-30 03:30:17,12938.31,1,25,2
19535,2024-09-21 05:14:57,1462.16,3,12,2
19536,2025-03-24 17:23:23,14663.47,4,3,2
19537,2024-05-02 12:50:54,13215.00,1,5,2
19538,2024-08-14 11:02:29,10212.40,5,4,2
19539,2024-05-27 05:12:02,12924.62,5,24,2
19540,2024-03-29 17:22:55,4084.70,5,9,16
19541,2024-01-11 08:36:59,2228.52,4,8,9
19542,2023-07-19 06:37:28,1892.54,2,6,2
19543,2024-02-15 19:58:48,667.36,1,20,2
19544,2023-08-03 11:15:46,4714.41,1,20,3
19545,2023-08-14 18:37:41,10672.26,2,1,4
19546,2024-08-24 23:38:04,3413.83,3,22,2
19547,2025-04-25 23:10:03,12375.24,2,16,22
19548,2024-10-19 03:42:21,8289.03,4,3,2
19549,2023-05-25 20:27:37,4248.29,4,18,9
19550,2024-07-11 18:47:48,10841.83,4,23,2
19551,2024-04-26 15:17:59,15719.32,5,4,2
19552,2024-08-23 18:28:43,13075.25,4,3,2
19553,2025-03-25 01:49:06,17697.83,5,9,2
19554,2023-07-26 18:55:12,7454.58,1,15,2
19555,2024-05-10 12:20:58,7483.06,1,25,2
19556,2023-09-09 19:12:49,5160.66,2,16,2
19557,2024-05-01 00:44:45,10563.80,3,7,3
19558,2023-08-11 20:59:26,13367.07,2,1,2
19559,2024-05-04 15:49:49,14470.52,2,1,33
19560,2023-11-29 04:09:49,9243.27,2,21,3
19561,2025-01-12 20:31:15,12417.12,4,8,4
19562,2023-12-15 02:31:28,12322.46,5,19,2
19563,2023-06-30 22:38:51,17066.40,4,8,2
19564,2024-10-02 19:30:51,3730.23,1,20,2
19565,2024-08-03 13:03:41,13856.61,4,13,4
19566,2025-01-16 19:49:18,5992.23,5,4,2
19567,2023-12-02 22:46:12,20638.73,3,2,2
19568,2023-10-30 03:40:36,8474.73,1,25,2
19569,2023-10-28 17:49:01,7336.16,3,17,8
19570,2024-07-23 03:51:10,15641.79,1,10,2
19571,2024-08-18 02:28:04,1832.79,3,22,2
19572,2024-12-09 02:49:38,6003.84,3,22,4
19573,2024-01-18 07:31:00,17640.73,2,6,3
19574,2023-12-20 04:39:59,1763.64,1,10,7
19575,2025-03-01 17:19:12,5505.34,2,21,73
19576,2024-07-25 16:47:05,5871.11,2,16,2
19577,2024-08-09 19:23:45,931.20,2,6,3
19578,2023-06-08 15:24:21,348.93,1,5,2
19579,2024-05-24 01:19:29,4645.73,3,2,13
19580,2025-03-18 10:52:52,890.16,2,21,2
19581,2024-02-09 21:27:29,11829.86,1,25,22
19582,2024-11-11 08:42:49,8294.35,3,12,12
19583,2024-04-04 19:13:04,11580.40,1,15,2
19584,2024-11-08 16:10:32,2608.50,5,9,3
19585,2024-05-01 07:32:20,1549.77,4,13,5
19586,2025-01-28 06:42:48,11024.80,1,10,2
19587,2024-12-27 03:48:04,10757.90,2,16,5
19588,2023-12-05 20:45:24,8221.72,1,15,3
19589,2025-01-25 18:08:47,14745.53,3,2,4
19590,2023-08-01 20:29:42,13011.77,5,24,4
19591,2023-08-24 06:30:33,6717.74,3,12,2
19592,2023-09-20 20:52:20,8147.76,2,11,2
19593,2024-08-01 08:24:57,1366.73,1,10,2
19594,2023-07-04 15:42:09,2859.51,4,3,2
19595,2023-12-02 22:53:55,1504.24,2,6,101
19596,2023-06-22 13:46:38,15373.91,2,11,2
19597,2025-01-19 17:19:15,2490.78,2,6,8
19598,2024-09-28 16:21:27,6444.31,3,22,3
19599,2023-06-08 22:46:05,15505.14,3,7,2
19600,2025-02-10 19:18:47,5847.18,2,11,2
19601,2025-04-24 03:32:38,8366.93,1,10,2
19602,2024-12-11 12:07:08,12387.18,2,21,22
19603,2023-09-29 19:52:21,11987.42,2,21,5
19604,2024-07-05 03:19:25,14319.71,1,5,3
19605,2024-05-11 11:56:42,3381.74,5,4,2
19606,2025-01-30 19:40:45,13768.00,2,11,2
19607,2023-07-24 21:18:01,4357.80,3,12,2
19608,2024-08-27 19:55:01,7271.57,2,6,2
19609,2023-07-14 14:36:45,2425.33,2,1,2
19610,2024-12-21 23:28:35,11778.90,1,25,11
19611,2024-09-30 23:28:15,12330.53,2,6,5
19612,2023-09-29 11:09:32,16157.52,3,12,6
19613,2024-12-03 17:14:25,12113.85,5,4,2
19614,2024-03-30 20:18:14,1357.00,1,20,4
19615,2024-10-08 11:52:51,5294.86,4,13,8
19616,2024-06-07 18:39:20,2548.48,2,16,2
19617,2024-10-27 17:49:34,4856.56,5,14,3
19618,2023-07-29 19:20:58,2464.29,1,5,2
19619,2024-11-26 20:49:39,18141.48,2,16,21
19620,2023-10-04 02:16:45,6924.26,1,15,2
19621,2024-07-05 01:43:47,15750.11,4,18,4
19622,2025-02-11 01:18:16,9615.14,4,8,2
19623,2024-12-22 21:34:52,6045.19,2,16,2
19624,2023-10-26 03:52:35,231.98,4,13,2
19625,2024-08-01 14:50:27,10603.89,3,17,2
19626,2024-07-27 09:39:07,4264.70,1,25,2
19627,2025-03-24 22:01:46,13960.07,2,16,2
19628,2024-03-05 23:07:59,8851.43,5,9,3
19629,2024-03-22 09:50:34,2335.89,2,6,5
19630,2025-05-12 22:39:14,5574.97,2,11,2
19631,2025-02-21 03:54:00,5442.42,4,18,2
19632,2024-05-14 20:16:24,12724.43,3,12,2
19633,2024-10-14 19:17:43,10494.52,2,21,3
19634,2024-12-30 11:34:13,7420.86,5,9,2
19635,2024-06-07 02:06:59,6623.51,4,3,4
19636,2024-06-19 01:31:03,9409.94,2,11,2
19637,2023-10-04 21:59:57,12081.42,5,19,4
19638,2025-01-02 22:19:33,11098.92,5,24,2
19639,2024-02-15 15:26:05,21074.86,5,14,2
19640,2023-11-22 08:15:53,6038.97,5,4,5
19641,2024-11-29 19:03:20,7500.41,1,10,2
19642,2023-06-24 04:06:29,7722.26,5,14,3
19643,2024-11-16 10:39:39,23114.24,5,19,2
19644,2023-11-29 04:24:25,2126.66,4,13,2
19645,2023-06-06 01:28:51,12991.29,2,16,5
19646,2024-06-15 14:58:03,16236.46,5,19,2
19647,2025-05-10 13:07:23,10142.72,5,19,2
19648,2025-01-26 02:57:35,12014.95,5,14,2
19649,2024-07-17 12:53:47,3020.05,3,22,2
19650,2023-12-18 09:18:22,18682.51,1,25,359
19651,2024-08-30 06:14:59,9888.58,1,25,2
19652,2024-06-12 06:44:51,15767.36,5,19,2
19653,2023-07-13 01:28:50,1309.19,3,17,3
19654,2024-05-28 01:27:27,500.52,5,19,3
19655,2024-01-11 04:29:07,13841.97,3,17,6
19656,2023-07-19 04:53:44,19380.09,4,23,4
19657,2024-01-27 09:39:24,507.90,5,9,11
19658,2025-05-12 10:21:45,3994.08,2,21,20
19659,2023-09-22 11:34:28,7614.49,5,24,2
19660,2024-09-23 12:09:02,3733.11,1,25,2
19661,2024-08-29 03:57:27,4026.10,3,22,2
19662,2024-08-21 19:05:37,10158.73,1,20,2
19663,2023-08-15 08:33:01,7924.45,3,22,2
19664,2025-04-05 00:33:21,6034.99,2,11,7
19665,2024-05-27 09:19:30,3989.36,3,2,3
19666,2023-08-29 12:37:13,15691.17,3,12,2
19667,2024-11-13 20:29:10,9064.82,5,24,8
19668,2024-09-19 19:44:58,9067.48,4,18,3
19669,2024-09-04 08:17:06,4331.83,5,4,2
19670,2024-08-21 12:11:52,7471.45,2,16,3
19671,2024-05-17 16:05:41,6535.40,2,6,3
19672,2025-05-09 00:31:37,18279.54,2,6,6
19673,2024-02-13 19:12:08,5241.71,4,18,16
19674,2024-01-13 07:51:29,6460.06,2,11,9
19675,2024-11-04 23:15:35,14900.85,3,7,3
19676,2023-12-31 13:24:44,9267.85,2,21,2
19677,2023-08-23 11:14:05,1207.20,4,23,2
19678,2025-05-14 01:24:46,9166.62,2,6,6
19679,2024-12-21 16:21:52,2677.34,3,22,2
19680,2023-07-06 06:19:24,2732.44,2,6,3
19681,2025-04-14 04:02:59,517.84,4,23,6
19682,2024-08-31 14:37:43,3173.05,3,17,7
19683,2023-09-07 17:01:25,5532.15,1,25,2
19684,2024-01-20 20:54:48,15661.27,3,17,2
19685,2023-10-16 23:51:26,11485.12,3,2,82
19686,2023-12-21 11:29:40,12158.27,1,5,2
19687,2023-11-03 16:01:45,1296.31,2,21,2
19688,2024-10-04 06:34:10,14381.86,2,21,3
19689,2025-03-29 08:31:15,7332.58,1,15,2
19690,2024-03-23 23:09:34,8685.73,5,9,2
19691,2024-03-08 11:20:42,1182.64,2,16,2
19692,2024-05-10 09:58:27,12387.56,2,21,4
19693,2024-06-08 13:51:59,699.65,3,12,3
19694,2023-07-28 21:57:15,7399.88,3,12,5
19695,2024-07-20 23:03:35,12496.03,3,7,2
19696,2024-10-11 04:22:35,18138.99,3,12,2
19697,2024-10-12 19:56:36,11274.55,5,4,2
19698,2024-02-09 11:48:52,9736.57,5,4,2
19699,2023-07-28 17:53:38,11436.93,5,4,23
19700,2024-05-15 06:16:47,9163.23,3,17,2
19701,2024-03-06 09:32:49,8561.56,3,12,2
19702,2024-03-30 01:00:58,16092.65,3,7,4
19703,2024-06-12 02:03:19,12033.97,4,8,3
19704,2023-07-20 14:09:34,16282.02,2,21,2
19705,2023-08-10 07:35:16,649.68,1,25,4
19706,2023-10-20 20:58:41,6805.00,5,14,2
19707,2025-04-24 18:53:35,15462.86,1,25,8
19708,2024-12-03 07:40:05,9419.08,2,11,2
19709,2024-05-17 22:29:09,15068.43,3,22,2
19710,2024-02-29 09:49:42,15579.48,2,16,3
19711,2023-12-26 15:11:14,5700.25,1,5,2
19712,2024-05-03 14:14:58,5881.18,3,7,5
19713,2024-04-03 14:41:39,8877.52,1,10,2
19714,2024-09-29 14:48:57,7788.06,3,17,2
19715,2024-02-03 19:03:52,11309.80,5,4,2
19716,2024-05-03 00:12:17,5165.38,2,1,2
19717,2025-03-20 10:58:29,10248.79,3,2,2
19718,2024-01-13 14:25:35,3900.09,3,12,7
19719,2024-02-09 23:53:31,9716.77,3,7,2
19720,2024-11-02 23:29:24,12828.94,1,20,5
19721,2023-11-12 06:21:31,13868.84,3,17,3
19722,2025-01-04 09:53:39,13873.07,2,21,2
19723,2024-12-26 08:42:46,3560.94,4,18,4
19724,2024-02-11 23:31:37,3360.31,4,13,2
19725,2024-11-15 04:17:18,5385.05,4,13,2
19726,2024-07-24 14:30:47,11272.46,4,23,2
19727,2024-08-24 06:14:52,3319.16,4,23,2
19728,2023-12-10 11:22:25,1021.54,5,24,2
19729,2024-04-15 23:13:28,11636.85,4,13,2
19730,2023-08-16 08:41:55,8021.26,5,4,4
19731,2024-08-21 14:52:26,8497.17,4,13,2
19732,2024-05-24 14:40:48,9099.99,4,13,2
19733,2023-12-23 16:08:46,14331.66,5,9,2
19734,2024-06-06 14:10:10,1082.56,3,12,2
19735,2025-03-14 22:16:03,6373.06,5,14,2
19736,2024-10-09 03:40:16,9890.46,2,21,3
19737,2024-12-17 07:29:35,4018.53,2,1,2
19738,2024-02-19 14:33:45,11271.84,1,25,2
19739,2023-12-27 07:56:26,7178.51,3,17,2
19740,2024-12-31 06:25:45,14010.91,5,19,2
19741,2024-06-09 13:14:46,22899.75,3,17,2
19742,2024-01-10 02:44:32,14775.06,1,20,2
19743,2025-04-22 02:51:17,183.10,3,12,2
19744,2025-02-13 13:32:27,7385.62,1,5,2
19745,2023-05-23 21:27:32,6175.79,3,17,2
19746,2024-04-30 00:52:36,4338.98,3,12,2
19747,2023-07-11 03:58:41,5055.05,3,17,3
19748,2024-11-04 00:01:04,3444.57,3,12,3
19749,2023-08-17 19:23:09,9572.71,3,12,6
19750,2024-06-15 02:45:59,9313.23,2,21,2
19751,2023-10-22 11:07:57,13425.14,3,17,2
19752,2024-06-05 06:05:25,466.86,4,18,4
19753,2025-02-24 12:49:49,9692.14,5,19,4
19754,2025-05-20 12:04:46,6549.02,2,11,3
19755,2024-01-17 05:24:50,10683.00,5,4,2
19756,2024-06-10 19:57:30,5403.63,5,9,2
19757,2023-06-11 16:08:01,4860.15,2,11,2
19758,2024-01-27 06:55:44,14320.33,2,6,2
19759,2024-07-27 07:39:46,10409.83,5,4,2
19760,2023-11-15 17:19:28,12663.22,2,11,25
19761,2025-05-04 04:52:39,3403.43,2,21,2
19762,2024-12-10 04:30:11,4575.04,1,5,15
19763,2023-09-22 19:26:01,11267.44,5,4,2
19764,2023-08-08 07:02:25,642.51,5,24,2
19765,2024-10-11 18:17:59,4675.03,2,16,2
19766,2024-10-12 17:40:39,17435.85,5,24,2
19767,2024-09-02 19:17:07,876.99,2,11,2
19768,2024-02-18 20:37:19,8330.46,1,20,3
19769,2024-05-14 01:44:07,2595.33,2,11,2
19770,2024-02-08 19:49:02,9647.98,4,8,2
19771,2023-05-24 08:24:50,16728.86,3,17,2
19772,2024-05-27 18:58:10,3009.10,1,15,2
19773,2024-01-30 09:32:47,10570.74,1,10,4
19774,2024-09-02 11:16:38,9956.84,5,4,2
19775,2025-03-24 22:42:31,1850.26,5,9,4
19776,2025-05-01 18:09:58,4628.04,4,23,2
19777,2024-03-21 05:20:54,11658.68,4,18,29
19778,2024-07-05 11:35:53,7537.37,1,25,2
19779,2023-09-26 02:11:03,5644.59,3,17,4
19780,2023-12-22 21:31:53,7842.33,2,21,2
19781,2023-05-24 08:38:45,2414.52,1,5,2
19782,2024-06-03 14:09:56,9342.80,1,5,2
19783,2023-08-29 22:02:01,2707.70,4,8,4
19784,2024-12-29 20:08:04,7164.90,5,4,4
19785,2023-11-08 20:20:45,1785.44,5,4,11
19786,2024-06-02 14:57:43,1656.33,1,25,2
19787,2023-11-08 08:11:28,8005.87,2,6,2
19788,2025-01-07 18:30:38,7308.51,5,19,2
19789,2023-06-13 22:30:17,9674.01,4,8,2
19790,2024-07-25 02:07:45,13054.11,3,7,2
19791,2023-06-02 14:21:19,8058.70,3,7,6
19792,2023-10-29 11:36:57,1601.83,4,3,3
19793,2023-08-11 17:32:51,1668.64,3,22,5
19794,2024-06-07 06:07:37,16130.91,5,24,2
19795,2024-11-27 17:29:14,4622.86,4,23,4
19796,2023-11-17 16:09:52,9398.92,1,15,2
19797,2023-09-05 20:15:06,1715.96,1,5,2
19798,2023-06-18 14:53:24,8968.00,4,13,10
19799,2025-03-17 03:46:50,13259.36,4,13,2
19800,2023-11-14 20:01:42,9901.88,1,20,2
19801,2024-07-14 14:38:56,5984.80,3,2,2
19802,2023-11-13 20:32:30,10874.12,5,19,3
19803,2023-08-26 16:54:03,11108.84,2,6,14
19804,2024-08-04 10:28:55,8590.55,4,3,6
19805,2023-07-15 01:48:17,8457.40,1,20,3
19806,2024-11-25 19:31:10,1273.16,3,12,6
19807,2024-04-09 12:54:31,1510.22,4,23,2
19808,2025-01-01 17:44:07,2852.59,1,15,2
19809,2023-08-31 21:07:13,14600.81,4,3,2
19810,2023-08-03 10:24:09,8358.27,3,7,21
19811,2023-12-05 17:39:19,13382.66,1,5,2
19812,2024-11-14 07:55:46,5784.96,4,3,2
19813,2023-06-06 12:24:28,13454.03,4,23,6
19814,2024-12-16 02:20:35,8431.60,3,17,2
19815,2024-11-18 19:05:49,2625.47,2,1,3
19816,2024-08-14 01:28:26,4212.16,2,6,2
19817,2024-02-10 13:34:57,7449.75,3,22,9
19818,2025-02-11 09:14:06,20280.11,4,3,2
19819,2024-09-25 11:46:00,12014.24,3,17,2
19820,2023-09-05 20:15:52,1808.09,1,25,4
19821,2025-02-05 20:18:18,6890.69,4,23,19
19822,2023-11-20 04:15:15,12473.16,1,10,5
19823,2024-10-15 16:47:50,366.00,1,5,3
19824,2023-12-09 01:43:52,1595.18,5,4,2
19825,2023-08-30 19:15:23,16911.12,5,9,18
19826,2025-03-29 15:57:51,17406.11,3,2,2
19827,2023-07-16 06:50:18,9827.88,1,25,8
19828,2025-01-31 23:20:20,6122.12,1,10,2
19829,2024-12-18 00:56:03,13399.23,1,5,2
19830,2023-06-27 17:01:32,7624.72,2,1,2
19831,2024-06-12 07:07:45,10934.28,4,3,2
19832,2024-02-19 04:30:00,4489.00,4,13,2
19833,2024-12-29 22:51:07,18398.70,2,6,2
19834,2023-06-04 10:00:43,9644.73,2,6,2
19835,2025-05-21 12:17:13,6390.84,2,6,2
19836,2023-08-18 02:49:18,12651.18,4,23,2
19837,2023-11-20 02:34:19,6289.64,3,17,3
19838,2023-10-25 07:27:13,14730.30,5,9,2
19839,2024-08-19 08:53:46,5453.31,3,12,2
19840,2025-02-10 11:15:34,2597.32,4,8,4
19841,2025-02-21 11:43:05,6891.46,1,10,25
19842,2025-04-23 03:14:19,7777.73,2,11,2
19843,2025-04-03 09:30:25,3224.08,5,14,2
19844,2024-04-25 11:41:55,13208.20,3,7,2
19845,2025-04-17 04:08:21,3075.28,5,19,2
19846,2025-01-22 03:44:24,8808.88,2,11,3
19847,2023-05-23 17:34:38,9365.80,3,22,2
19848,2024-01-06 02:13:40,12766.84,4,23,2
19849,2024-08-15 18:51:05,15941.73,2,21,2
19850,2024-08-24 04:46:27,13534.01,4,23,2
19851,2025-01-16 18:33:05,10592.51,5,9,10
19852,2023-05-30 18:35:46,9139.23,3,12,2
19853,2024-07-19 06:45:22,7205.20,1,5,4
19854,2023-09-24 06:37:19,1403.47,4,8,8
19855,2023-09-17 05:01:20,4364.59,4,8,5
19856,2024-03-09 01:43:19,4599.16,3,12,3
19857,2023-06-14 22:45:33,12867.13,4,13,3
19858,2023-12-17 18:54:32,12847.01,1,10,3
19859,2024-10-24 16:42:22,10021.75,3,22,11
19860,2025-02-06 13:48:48,844.44,1,20,6
19861,2024-04-02 22:31:10,3993.83,3,12,6
19862,2023-09-24 19:23:01,890.16,5,4,3
19863,2024-10-19 15:07:12,7116.48,1,20,4
19864,2024-06-30 18:43:10,2854.41,1,5,4
19865,2025-04-02 11:13:07,6899.39,5,9,4
19866,2024-10-16 08:11:54,5431.94,3,7,2
19867,2024-03-19 08:18:51,7686.31,2,21,14
19868,2024-08-26 23:29:14,12699.21,3,7,2
19869,2023-10-04 00:50:34,19802.34,1,25,2
19870,2023-05-26 10:28:10,3542.56,3,7,4
19871,2024-01-31 01:20:43,2869.67,4,18,2
19872,2023-07-28 16:53:45,4356.14,5,19,2
19873,2023-07-28 05:29:29,7180.47,5,24,2
19874,2024-02-04 09:31:52,14895.71,2,21,2
19875,2023-08-07 07:39:42,1013.36,1,15,3
19876,2025-02-04 08:41:08,7756.33,1,15,2
19877,2024-09-18 16:54:26,2073.72,5,14,29
19878,2024-07-23 00:02:22,18110.82,5,14,2
19879,2025-01-14 18:10:48,9892.15,3,17,2
19880,2024-11-26 00:22:21,3284.30,2,11,2
19881,2024-07-24 20:59:59,7572.71,1,15,13
19882,2025-04-03 02:31:57,5858.59,5,19,2
19883,2023-07-16 15:05:57,11706.71,1,10,2
19884,2025-03-04 15:43:32,19446.60,1,20,5
19885,2023-05-23 05:58:41,3842.39,1,10,3
19886,2023-12-24 10:09:46,8145.51,4,13,2
19887,2025-05-13 11:27:21,9667.42,3,2,4
19888,2025-05-02 03:05:41,7051.24,1,20,2
19889,2024-02-05 06:44:51,9288.82,3,17,2
19890,2024-11-01 15:28:12,7937.45,3,7,2
19891,2024-09-13 22:43:55,18265.46,2,16,5
19892,2025-02-15 11:31:01,4030.10,2,1,2
19893,2024-10-26 13:12:40,13913.22,2,6,3
19894,2023-05-27 20:59:52,4010.09,2,21,2
19895,2025-02-20 05:54:22,7330.25,2,21,2
19896,2024-01-30 04:43:48,781.88,5,4,2
19897,2024-10-06 02:31:25,14494.84,5,24,2
19898,2025-02-07 22:06:33,13965.77,4,23,2
19899,2024-03-18 23:08:53,4201.52,4,8,2
19900,2024-08-06 09:52:21,15727.25,4,23,2
19901,2024-01-02 10:32:53,1377.12,5,19,2
19902,2025-02-28 02:01:42,11490.87,2,1,2
19903,2023-06-11 15:39:20,4743.69,2,21,2
19904,2025-04-05 16:11:30,25578.49,4,13,2
19905,2024-06-10 18:30:27,785.40,4,3,2
19906,2025-04-19 16:18:11,17035.48,4,18,2
19907,2024-09-19 00:08:11,12160.35,2,6,3
19908,2023-10-30 21:32:03,7355.12,2,16,2
19909,2023-07-26 22:53:29,10080.86,2,11,30
19910,2024-12-02 12:41:36,17361.90,2,16,2
19911,2023-08-10 09:56:26,13492.30,2,1,2
19912,2023-11-17 10:46:30,6688.96,4,8,7
19913,2024-10-24 03:50:08,18301.01,5,14,2
19914,2024-07-15 08:29:25,9078.19,4,3,2
19915,2024-03-04 10:43:23,13265.61,4,18,2
19916,2025-04-09 00:56:58,5604.36,2,21,5
19917,2025-02-18 19:07:17,9167.76,5,19,2
19918,2024-12-28 18:25:34,8911.04,4,13,2
19919,2024-04-07 23:56:36,12356.08,3,17,9
19920,2024-06-04 02:29:43,9176.53,1,15,2
19921,2024-10-16 21:04:01,7775.66,4,23,2
19922,2025-01-07 09:06:01,11869.83,5,4,6
19923,2023-11-18 09:15:48,6709.20,2,21,3
19924,2025-04-12 10:04:38,3301.68,4,13,2
19925,2024-05-20 12:36:30,1782.80,1,20,5
19926,2024-10-21 20:38:04,2011.89,3,7,2
19927,2024-10-06 23:52:23,8249.41,3,22,2
19928,2024-04-21 19:10:29,1213.36,3,2,6
19929,2025-01-30 11:35:50,6434.79,1,25,2
19930,2023-10-24 12:42:31,9911.20,5,4,2
19931,2024-11-28 07:41:11,12740.74,5,14,2
19932,2023-08-29 20:40:14,15032.20,4,8,2
19933,2023-12-04 23:43:35,5527.55,5,4,101
19934,2025-04-11 21:27:58,6635.30,4,8,5
19935,2023-12-12 05:02:18,23065.18,3,2,2
19936,2025-04-12 05:54:05,10099.26,2,21,2
19937,2024-03-31 07:04:59,4491.70,2,11,2
19938,2023-07-27 00:22:21,7359.29,5,4,3
19939,2024-04-01 08:52:01,3800.05,4,18,2
19940,2024-02-19 04:01:55,15875.51,1,25,6
19941,2024-03-12 18:16:25,3304.66,1,15,2
19942,2024-04-11 15:04:02,5302.61,5,14,50
19943,2024-05-22 11:02:47,11756.42,4,8,2
19944,2024-02-12 20:50:47,7727.47,1,20,2
19945,2023-12-17 05:56:20,9994.14,2,6,2
19946,2023-08-20 14:53:39,3842.68,2,11,3
19947,2025-03-14 02:23:58,3637.52,3,12,9
19948,2023-07-02 01:05:05,5505.74,1,20,3
19949,2024-03-25 11:08:42,6964.12,2,11,2
19950,2025-02-20 14:06:57,18412.30,5,4,4
19951,2023-07-30 16:17:45,6395.80,3,2,4
19952,2024-05-11 09:24:17,18363.73,1,25,14
19953,2023-10-02 22:34:57,3391.60,5,19,4
19954,2024-02-18 14:30:36,5105.81,4,13,3
19955,2023-11-03 01:48:44,13520.57,2,6,2
19956,2024-02-23 15:43:31,9250.44,4,13,2
19957,2023-07-01 12:36:47,7002.55,3,17,2
19958,2023-06-11 14:16:13,3028.55,2,1,2
19959,2024-08-15 08:48:11,8755.31,2,11,2
19960,2023-11-22 23:32:38,4342.56,1,20,2
19961,2025-01-07 06:18:08,16568.69,2,21,30
19962,2024-11-22 17:05:49,12201.75,3,22,2
19963,2023-08-25 05:38:12,9782.68,4,8,9
19964,2024-07-24 16:36:30,4960.37,2,21,2
19965,2023-07-17 16:24:50,13351.54,5,24,4
19966,2025-05-05 20:04:39,13009.38,2,6,6
19967,2024-03-08 10:53:31,4667.24,5,4,11
19968,2024-02-17 09:21:57,106.70,4,13,2
19969,2024-04-24 11:39:36,500.78,4,18,2
19970,2023-10-30 23:52:32,13933.46,1,25,2
19971,2023-09-18 05:23:33,2729.64,1,10,2
19972,2023-07-03 07:35:01,12981.10,4,18,16
19973,2024-10-21 00:48:45,2151.47,2,21,2
19974,2024-07-12 14:06:03,17838.03,1,10,2
19975,2023-05-24 13:54:27,14976.58,5,14,2
19976,2024-04-22 08:41:26,15594.65,5,24,42
19977,2025-04-19 16:03:27,6693.26,5,19,2
19978,2024-11-27 04:06:45,6766.00,4,3,2
19979,2024-07-17 04:00:17,1282.46,1,25,2
19980,2023-07-02 14:29:28,18225.97,1,10,3
19981,2024-06-19 04:03:10,10297.62,5,4,6
19982,2024-01-22 23:37:50,270.69,5,14,2
19983,2024-08-05 08:42:46,5710.10,2,21,2
19984,2025-01-19 13:32:51,2564.16,1,15,5
19985,2024-01-13 05:11:51,12884.97,5,14,2
19986,2024-06-26 05:14:29,6469.02,4,23,2
19987,2025-05-02 18:22:12,10376.58,4,23,3
19988,2025-02-12 19:01:19,2860.72,4,8,6
19989,2025-03-02 09:40:08,2505.24,3,2,2
19990,2024-02-14 18:57:35,10500.32,2,11,2
19991,2024-03-15 03:07:47,10031.17,3,12,14
19992,2024-03-01 05:24:09,4338.32,4,3,2
19993,2025-05-02 00:27:41,3054.65,4,13,2
19994,2023-05-24 11:00:41,7492.43,4,3,2
19995,2024-08-22 22:25:44,2634.08,5,24,2
19996,2023-07-02 17:39:21,2443.63,5,9,3
19997,2024-06-24 10:31:13,4007.83,3,12,5
19998,2024-05-21 04:59:11,2056.18,2,16,8
19999,2024-09-04 22:28:13,8509.44,3,2,3
20000,2024-02-23 20:18:06,9411.59,2,6,2
