customer_id,sale_id
2,1
4,2
2,3
2,4
3,5
2,6
6,7
2,8
2,9
2,10
3,11
2,12
2,13
2,14
3,15
3,16
2,17
2,18
4,19
2,20
2,21
2,22
2,23
3,24
2,25
2,26
2,27
6,28
2,29
2,30
2,31
5,32
2,33
5,34
2,35
2,36
2,37
4,38
9,39
2,40
5,41
5,42
3,43
2,44
2,45
2,46
11,47
2,48
2,49
2,50
6,51
10,52
2,53
2,54
2,55
2,56
2,57
18,58
3,59
2,60
27,61
2,62
2,63
3,64
2,65
11,66
2,67
70,68
2,69
2,70
3,71
2,72
2,73
2,74
4,75
3,76
3,77
4,78
16,79
2,80
2,81
6,82
3,83
2,84
2,85
3,86
2,87
3,88
2,89
2,90
3,91
3,92
4,93
2,94
3,95
2,96
2,97
38,98
5,99
3,100
2,101
2,102
3,103
12,104
2,105
2,106
2,107
7,108
2,109
3,110
2,111
2,112
3,113
10,114
2,115
3,116
2,117
2,118
2,119
6,120
2,121
5,122
3,123
2,124
3,125
3,126
5,127
2,128
2,129
2,130
2,131
3,132
3,133
3,134
2,135
2,136
2,137
2,138
2,139
2,140
2,141
2,142
3,143
2,144
3,145
2,146
2,147
2,148
2,149
18,150
2,151
2,152
2,153
2,154
7,155
6,156
2,157
2,158
106,159
2,160
2,161
8,162
2,163
2,164
2,165
11,166
2,167
3,168
2,169
2,170
2,171
2,172
2,173
2,174
3,175
2,176
2,177
4,178
2,179
2,180
2,181
5,182
2,183
2,184
2,185
2,186
2,187
4,188
27,189
2,190
2,191
2,192
2,193
2,194
3,195
2,196
2,197
2,198
2,199
2,200
3,201
4,202
2,203
4,204
3,205
2,206
2,207
79,208
3,209
7,210
2,211
2,212
7,213
2,214
2,215
3,216
2,217
3,218
9,219
2,220
5,221
4,222
2,223
2,224
2,225
11,226
2,227
2,228
2,229
2,230
2,231
3,232
2,233
2,234
2,235
2,236
10,237
4,238
2,239
2,240
2,241
2,242
2,243
3,244
2,245
3,246
2,247
2,248
2,249
3,250
2,251
2,252
3,253
2,254
3,255
2,256
2,257
2,258
2,259
3,260
5,261
2,262
3,263
2,264
2,265
3,266
2,267
3,268
2,269
2,270
2,271
2,272
2,273
2,274
2,275
6,276
2,277
3,278
5,279
2,280
3,281
2,282
2,283
2,284
3,285
2,286
2,287
2,288
2,289
5,290
2,291
2,292
2,293
17,294
2,295
2,296
2,297
2,298
3,299
2,300
2,301
2,302
2,303
4,304
2,305
2,306
2,307
3,308
2,309
3,310
2,311
2,312
2,313
2,314
2,315
2,316
5,317
2,318
4,319
4,320
2,321
2,322
3,323
2,324
2,325
3,326
2,327
4,328
3,329
2,330
2,331
2,332
8,333
3,334
2,335
6,336
2,337
2,338
4,339
2,340
2,341
2,342
12,343
3,344
2,345
2,346
2,347
2,348
3,349
2,350
2,351
2,352
2,353
3,354
5,355
3,356
2,357
2,358
2,359
3,360
2,361
4,362
2,363
2,364
2,365
5,366
3,367
2,368
6,369
4,370
2,371
2,372
2,373
2,374
2,375
6,376
2,377
3,378
3,379
3,380
2,381
5,382
8,383
2,384
2,385
3,386
2,387
2,388
2,389
2,390
2,391
2,392
2,393
3,394
2,395
2,396
3,397
2,398
2,399
2,400
2,401
4,402
3,403
4,404
2,405
3,406
2,407
2,408
2,409
4,410
4,411
2,412
2,413
2,414
13,415
21,416
2,417
2,418
2,419
18,420
2,421
12,422
4,423
18,424
2,425
2,426
2,427
2,428
2,429
2,430
2,431
2,432
8,433
8,434
485,435
5,436
2,437
5,438
2,439
2,440
2,441
2,442
2,443
82,444
2,445
2,446
5,447
2,448
19,449
3,450
114,451
3,452
2,453
2,454
5,455
2,456
197,457
2,458
4,459
6,460
2,461
3,462
2,463
2,464
3,465
2,466
2,467
4,468
2,469
4,470
7,471
2,472
6,473
4,474
2,475
2,476
8,477
6,478
2,479
2,480
6,481
2,482
3,483
3,484
5,485
5,486
28,487
2,488
4,489
2,490
2,491
2,492
2,493
4,494
5,495
2,496
2,497
4,498
2,499
2,500
2,501
4,502
2,503
3,504
21,505
2,506
2,507
2,508
63,509
10,510
2,511
3,512
8,513
32,514
2,515
5,516
2,517
4,518
2,519
2,520
2,521
2,522
2,523
2,524
3,525
5,526
2,527
2,528
2,529
3,530
3,531
2,532
2,533
2,534
2,535
3,536
6,537
2,538
3,539
2,540
2,541
2,542
2,543
2,544
3,545
2,546
2,547
8,548
42,549
2,550
3,551
3,552
2,553
2,554
2,555
2,556
4,557
2,558
81,559
2,560
2,561
11,562
2,563
12,564
3,565
4,566
2,567
35,568
7,569
2,570
2,571
2,572
2,573
33,574
3,575
5,576
34,577
2,578
2,579
2,580
2,581
3,582
2,583
2,584
3,585
2,586
2,587
2,588
2,589
2,590
2,591
2,592
2,593
2,594
2,595
2,596
2,597
34,598
4,599
8,600
2,601
8,602
2,603
2,604
2,605
2,606
706,607
44,608
3,609
9,610
2,611
5,612
6,613
3,614
2,615
2,616
2,617
2,618
2,619
3,620
3,621
2,622
3,623
2,624
2,625
3,626
23,627
2,628
2,629
2,630
2,631
2,632
2,633
6,634
2,635
4,636
2,637
2,638
2,639
4,640
3,641
27,642
6,643
2,644
2,645
3,646
2,647
5,648
6,649
4,650
3,651
3,652
2,653
2,654
3,655
2,656
3,657
82,658
4,659
2,660
2,661
4,662
2,663
2,664
2,665
2,666
2,667
2,668
2,669
3,670
2,671
3,672
2,673
2,674
2,675
2,676
5,677
14,678
2,679
3,680
2,681
2,682
2,683
2,684
2,685
3,686
2,687
3,688
13,689
2,690
2,691
2,692
5,693
2,694
2,695
2,696
2,697
13,698
2,699
2,700
2,701
2,702
30,703
2,704
2,705
3,706
3,707
2,708
5,709
2,710
2,711
62,712
2,713
2,714
4,715
2,716
3,717
2,718
2,719
2,720
5,721
2,722
2,723
5,724
3,725
2,726
25,727
2,728
2,729
2,730
2,731
4,732
2,733
2,734
5,735
4,736
2,737
2,738
2,739
3,740
2,741
2,742
3,743
2,744
4,745
2,746
2,747
2,748
3,749
2,750
2,751
2,752
2,753
3,754
2,755
3,756
2,757
5,758
3,759
2,760
14,761
2,762
2,763
18,764
2,765
2,766
13,767
5,768
2,769
2,770
2,771
6,772
4,773
3,774
2,775
2,776
2,777
2,778
6,779
3,780
3,781
2,782
3,783
5,784
4,785
24,786
2,787
2,788
273,789
2,790
2,791
4,792
3,793
5,794
3,795
3,796
3,797
3,798
2,799
2,800
2,801
5,802
2,803
2,804
2,805
3,806
3,807
2,808
7,809
3,810
2,811
2,812
2,813
2,814
2,815
2,816
2,817
2,818
2,819
4,820
2,821
5,822
3,823
24,824
2,825
2,826
11,827
2,828
2,829
2,830
2,831
11,832
3,833
2,834
2,835
16,836
2,837
2,838
2,839
2,840
3,841
2,842
2,843
7,844
3,845
2,846
3,847
2,848
2,849
2,850
3,851
2,852
6,853
2,854
2,855
2,856
5,857
2,858
2,859
2,860
2,861
3,862
2,863
6,864
2,865
2,866
3,867
5,868
12,869
2,870
5,871
2,872
2,873
2,874
3,875
2,876
2,877
6,878
31,879
3,880
9,881
2,882
3,883
2,884
2,885
6,886
4,887
2,888
2,889
2,890
2,891
2,892
2,893
2,894
3,895
2,896
2,897
3,898
4,899
4,900
2,901
2,902
2,903
4,904
2,905
2,906
2,907
4,908
2,909
2,910
3,911
44,912
2,913
2,914
2,915
2,916
4,917
6,918
8,919
4,920
2,921
2,922
2,923
2,924
4,925
4,926
10,927
2,928
5,929
7,930
2,931
3,932
2,933
3,934
2,935
5,936
10,937
3,938
3,939
2,940
2,941
2,942
4,943
3,944
2,945
2,946
2,947
36,948
2,949
3,950
2,951
2,952
2,953
2,954
6,955
3,956
15,957
2,958
2,959
2,960
140,961
2,962
2,963
3,964
6,965
3,966
2,967
3,968
2,969
2,970
2,971
5,972
2,973
4,974
3,975
4,976
11,977
3,978
2,979
2,980
3,981
2,982
2,983
4,984
4,985
2,986
2,987
12,988
2,989
2,990
2,991
2,992
10,993
2,994
3,995
2,996
2,997
4,998
2,999
84,1000
4,1001
2,1002
2,1003
2,1004
2,1005
5,1006
2,1007
2,1008
2,1009
63,1010
26,1011
2,1012
3,1013
3,1014
2,1015
2,1016
2,1017
2,1018
3,1019
3,1020
2,1021
2,1022
3,1023
3,1024
2,1025
2,1026
2,1027
2,1028
2,1029
2,1030
18,1031
2,1032
2,1033
3,1034
2,1035
5,1036
3,1037
52,1038
2,1039
7,1040
2,1041
2,1042
2,1043
4,1044
2,1045
6,1046
2,1047
2,1048
2,1049
4,1050
2,1051
2,1052
2,1053
2,1054
2,1055
3,1056
2,1057
2,1058
2,1059
2,1060
2,1061
2,1062
2,1063
2,1064
2,1065
3,1066
3,1067
2,1068
2,1069
3,1070
2,1071
2,1072
2,1073
3,1074
4,1075
2,1076
2,1077
4,1078
7,1079
2,1080
2,1081
2,1082
7,1083
2,1084
2,1085
2,1086
2,1087
3,1088
2,1089
4,1090
2,1091
2,1092
24,1093
2,1094
2,1095
2,1096
5,1097
2,1098
2,1099
2,1100
3,1101
2,1102
4,1103
3,1104
4,1105
10,1106
2,1107
2,1108
2,1109
2,1110
2,1111
2,1112
2,1113
3,1114
2,1115
4,1116
2,1117
2,1118
2,1119
5,1120
2,1121
2,1122
7,1123
5,1124
2,1125
2,1126
2,1127
4,1128
2,1129
27,1130
2,1131
2,1132
3,1133
2,1134
2,1135
13,1136
2,1137
4,1138
2,1139
3,1140
2,1141
3,1142
3,1143
2,1144
6,1145
3,1146
2,1147
2,1148
2,1149
7,1150
26,1151
3,1152
2,1153
2,1154
54,1155
5,1156
2,1157
2,1158
3,1159
2,1160
2,1161
14,1162
3,1163
2,1164
4,1165
2,1166
2,1167
2,1168
2,1169
149,1170
5,1171
2,1172
3,1173
5,1174
3,1175
3,1176
2,1177
2,1178
2,1179
2,1180
8,1181
2,1182
2,1183
10,1184
5,1185
2,1186
3,1187
2,1188
2,1189
2,1190
3,1191
2,1192
2,1193
3,1194
2,1195
2,1196
2,1197
3,1198
38,1199
2,1200
2,1201
2,1202
2,1203
2,1204
6,1205
2,1206
5,1207
3,1208
2,1209
4,1210
5,1211
21,1212
2,1213
2,1214
5,1215
3,1216
2,1217
4,1218
2,1219
2,1220
2,1221
4,1222
19,1223
2,1224
2,1225
7,1226
2,1227
2,1228
2,1229
3,1230
2,1231
2,1232
2,1233
2,1234
11,1235
4,1236
3,1237
2,1238
3,1239
4,1240
2,1241
2,1242
4,1243
2,1244
4,1245
2,1246
5,1247
2,1248
2,1249
2,1250
2,1251
2,1252
2,1253
2,1254
2,1255
2,1256
3,1257
2,1258
2,1259
3,1260
3,1261
2,1262
2,1263
4,1264
2,1265
19,1266
2,1267
2,1268
2,1269
3,1270
2,1271
2,1272
2,1273
44,1274
2,1275
2,1276
12,1277
2,1278
4,1279
3,1280
3,1281
4,1282
2,1283
4,1284
2,1285
2,1286
2,1287
4,1288
4,1289
2,1290
3,1291
2,1292
3,1293
2,1294
5,1295
3,1296
4,1297
2,1298
16,1299
6,1300
2,1301
2,1302
2,1303
14,1304
5,1305
3,1306
2,1307
2,1308
2,1309
2,1310
3,1311
2,1312
2,1313
22,1314
2,1315
2,1316
3,1317
2,1318
2,1319
2,1320
2,1321
2,1322
2,1323
3,1324
2,1325
2,1326
2,1327
2,1328
3,1329
2,1330
2,1331
2,1332
3,1333
2,1334
3,1335
4,1336
3,1337
3,1338
3,1339
2,1340
4,1341
2,1342
2,1343
2,1344
5,1345
2,1346
3,1347
2,1348
4,1349
7,1350
2,1351
2,1352
2,1353
2,1354
11,1355
2,1356
2,1357
32,1358
3,1359
2,1360
2,1361
3,1362
2,1363
2,1364
2,1365
4,1366
4,1367
2,1368
2,1369
3,1370
5,1371
6,1372
2,1373
3,1374
2,1375
3,1376
3,1377
2,1378
2,1379
2,1380
2,1381
11,1382
2,1383
4,1384
5,1385
4,1386
2,1387
2,1388
2,1389
2,1390
5,1391
2,1392
2,1393
2,1394
2,1395
2,1396
2,1397
2,1398
9,1399
2,1400
2,1401
904,1402
2,1403
2,1404
2,1405
5,1406
2,1407
2,1408
5,1409
5,1410
3,1411
5,1412
4,1413
2,1414
2,1415
2,1416
3,1417
2,1418
4,1419
18,1420
3,1421
4,1422
2,1423
3,1424
2,1425
2,1426
7,1427
2,1428
3,1429
2,1430
2,1431
2,1432
3,1433
2,1434
2,1435
2,1436
3,1437
2,1438
2,1439
363,1440
38,1441
7,1442
2,1443
2,1444
2,1445
2,1446
2,1447
2,1448
32,1449
2,1450
2,1451
2,1452
2,1453
4,1454
2,1455
2,1456
8,1457
2,1458
2,1459
6,1460
3,1461
2,1462
2,1463
2,1464
2,1465
2,1466
2,1467
3,1468
2,1469
10,1470
2,1471
4,1472
2,1473
2,1474
2,1475
2,1476
2,1477
21,1478
3,1479
2,1480
2,1481
2,1482
2,1483
2,1484
2,1485
6,1486
3,1487
2,1488
2,1489
5,1490
4,1491
2,1492
2,1493
2,1494
5,1495
2,1496
2,1497
13,1498
2,1499
2,1500
2,1501
5,1502
2,1503
5,1504
6,1505
2,1506
2,1507
3,1508
2,1509
3,1510
7,1511
2,1512
2,1513
4,1514
3,1515
2,1516
6,1517
5,1518
5,1519
4,1520
15,1521
2,1522
6,1523
5,1524
2,1525
15,1526
3,1527
2,1528
4,1529
2,1530
2,1531
4,1532
102,1533
2,1534
2,1535
2,1536
16,1537
2,1538
2,1539
2,1540
2,1541
2,1542
2,1543
5,1544
5,1545
2,1546
3,1547
2,1548
2,1549
2,1550
2,1551
2,1552
2,1553
3,1554
2,1555
3,1556
2,1557
2,1558
6,1559
2,1560
2,1561
6,1562
3,1563
2,1564
2,1565
3,1566
2,1567
3,1568
2,1569
2,1570
2,1571
2,1572
2,1573
4,1574
2,1575
2,1576
2,1577
6,1578
2,1579
6,1580
2,1581
2,1582
7,1583
2,1584
6,1585
2,1586
15,1587
3,1588
2,1589
2,1590
4,1591
2,1592
3,1593
2,1594
2,1595
2,1596
2,1597
2,1598
3,1599
2,1600
2,1601
2,1602
2,1603
3,1604
3,1605
24,1606
3,1607
5,1608
4,1609
2,1610
2,1611
12,1612
7,1613
3,1614
3,1615
2,1616
2,1617
30,1618
4,1619
19,1620
5,1621
104,1622
3,1623
4,1624
17,1625
3,1626
2,1627
2,1628
2,1629
2,1630
2,1631
3,1632
2,1633
2,1634
40,1635
2,1636
14,1637
2,1638
3,1639
2,1640
2,1641
2,1642
3,1643
2,1644
2,1645
2,1646
2,1647
2,1648
2,1649
2,1650
2,1651
5,1652
2,1653
2,1654
3,1655
5,1656
2,1657
2,1658
4,1659
2,1660
4,1661
3,1662
2,1663
2,1664
2,1665
4,1666
4,1667
2,1668
2,1669
3,1670
8,1671
2,1672
2,1673
2,1674
7,1675
6,1676
5,1677
6,1678
2,1679
5,1680
8,1681
2,1682
2,1683
3,1684
4,1685
2,1686
5,1687
4,1688
3,1689
2,1690
2,1691
7,1692
4,1693
2,1694
2,1695
2,1696
2,1697
3,1698
3,1699
2,1700
29,1701
3,1702
2,1703
3,1704
13,1705
2,1706
2,1707
2,1708
2,1709
3,1710
3,1711
4,1712
3,1713
2,1714
2,1715
2,1716
2,1717
4,1718
2,1719
3,1720
3,1721
3,1722
2,1723
2,1724
2,1725
2,1726
2,1727
2,1728
4,1729
2,1730
2,1731
2,1732
3,1733
2,1734
2,1735
7,1736
2,1737
2,1738
3,1739
2,1740
2,1741
3,1742
2,1743
4,1744
2,1745
3,1746
2,1747
2,1748
4,1749
2,1750
2,1751
2,1752
4,1753
4,1754
5,1755
2,1756
2,1757
2,1758
2,1759
2,1760
445,1761
2,1762
2,1763
2,1764
3,1765
3,1766
2,1767
3,1768
2,1769
2,1770
2,1771
2,1772
3,1773
2,1774
3,1775
2,1776
2,1777
2,1778
2,1779
5,1780
6,1781
2,1782
2,1783
2,1784
35,1785
4,1786
2,1787
4,1788
2,1789
2,1790
2,1791
2,1792
2,1793
2,1794
2,1795
3,1796
5,1797
5,1798
2,1799
3,1800
2,1801
3,1802
2,1803
5,1804
2,1805
2,1806
2,1807
2,1808
2,1809
3,1810
2,1811
2,1812
2,1813
3,1814
9,1815
25,1816
2,1817
2,1818
3,1819
2,1820
2,1821
2,1822
2,1823
20,1824
2,1825
2,1826
4,1827
2,1828
2,1829
2,1830
2,1831
3,1832
2,1833
2,1834
2,1835
4,1836
2,1837
2,1838
2,1839
134,1840
2,1841
2,1842
2,1843
2,1844
2,1845
8,1846
4,1847
2,1848
2,1849
288,1850
4,1851
2,1852
2,1853
4,1854
2,1855
3,1856
2,1857
3,1858
2,1859
2,1860
5,1861
2,1862
4,1863
2,1864
2,1865
3,1866
2,1867
2,1868
4,1869
2,1870
2,1871
3,1872
2,1873
6,1874
3,1875
2,1876
2,1877
3,1878
2,1879
2,1880
2,1881
2,1882
2,1883
2,1884
15,1885
2,1886
2,1887
3,1888
4,1889
9,1890
2,1891
2,1892
2,1893
3,1894
2,1895
5,1896
2,1897
16,1898
2,1899
3,1900
3,1901
2,1902
4,1903
2,1904
2,1905
12,1906
7,1907
23,1908
2,1909
2,1910
2,1911
2,1912
2,1913
2,1914
3,1915
2,1916
2,1917
2,1918
19,1919
8,1920
4,1921
8,1922
2,1923
2,1924
2,1925
7,1926
2,1927
3,1928
2,1929
2,1930
2,1931
4,1932
2,1933
2,1934
4,1935
2,1936
18,1937
5,1938
2,1939
2,1940
2,1941
2,1942
3,1943
2,1944
2,1945
3,1946
2,1947
5,1948
2,1949
2,1950
3,1951
2,1952
2,1953
2,1954
2,1955
4,1956
2,1957
2,1958
3,1959
2,1960
4,1961
2,1962
2,1963
2,1964
2,1965
2,1966
4,1967
2,1968
2,1969
2,1970
5,1971
8,1972
4,1973
2,1974
2,1975
2,1976
2,1977
2,1978
2,1979
3,1980
2,1981
2,1982
2,1983
2,1984
2,1985
2,1986
2,1987
2,1988
12,1989
6,1990
2,1991
2,1992
2,1993
2,1994
9,1995
2,1996
2,1997
3,1998
4,1999
2,2000
3,2001
3,2002
2,2003
2,2004
2,2005
2,2006
20,2007
5,2008
54,2009
5,2010
3,2011
2,2012
2,2013
2,2014
2,2015
2,2016
2,2017
2,2018
3,2019
2,2020
2,2021
6,2022
2,2023
2,2024
2,2025
2,2026
3,2027
2,2028
2,2029
2,2030
2,2031
2,2032
14,2033
30,2034
4,2035
9,2036
3,2037
2,2038
2,2039
5,2040
2,2041
2,2042
2,2043
27,2044
2,2045
2,2046
7,2047
3,2048
2,2049
2,2050
2,2051
2,2052
2,2053
3,2054
2,2055
2,2056
24,2057
2,2058
3,2059
2,2060
2,2061
2,2062
45,2063
3,2064
4,2065
2,2066
2,2067
2,2068
6,2069
2,2070
7,2071
8,2072
2,2073
2,2074
3,2075
2,2076
2,2077
4,2078
15,2079
2,2080
4,2081
2,2082
3,2083
2,2084
5,2085
2,2086
3,2087
2,2088
2,2089
2,2090
2,2091
2,2092
2,2093
3,2094
3,2095
4,2096
2,2097
13,2098
3,2099
2,2100
3,2101
2,2102
2,2103
7,2104
2,2105
5,2106
3,2107
2,2108
7,2109
2,2110
7,2111
2,2112
2,2113
3,2114
2,2115
2,2116
3,2117
2,2118
2,2119
5,2120
2,2121
2,2122
3,2123
2,2124
3,2125
2,2126
28,2127
3,2128
3,2129
2,2130
3,2131
2,2132
4,2133
2,2134
2,2135
3,2136
2,2137
2,2138
2,2139
2,2140
2,2141
2,2142
2,2143
9,2144
2,2145
2,2146
4,2147
17,2148
2,2149
2,2150
4,2151
2,2152
2,2153
3,2154
43,2155
6,2156
8,2157
20,2158
2,2159
2,2160
2,2161
2,2162
2,2163
2,2164
2,2165
2,2166
3,2167
4,2168
3,2169
4,2170
2,2171
48,2172
4,2173
2,2174
2,2175
4,2176
8,2177
2,2178
2,2179
2,2180
3,2181
36,2182
2,2183
8,2184
2,2185
2,2186
2,2187
2,2188
17,2189
85,2190
2,2191
2,2192
62,2193
2,2194
2,2195
2,2196
5,2197
2,2198
2,2199
5,2200
2,2201
2,2202
2,2203
3,2204
2,2205
2,2206
2,2207
2,2208
2,2209
2,2210
2,2211
2,2212
2,2213
2,2214
12,2215
2,2216
2,2217
2,2218
2,2219
3,2220
2,2221
7,2222
3,2223
3,2224
3,2225
5,2226
2,2227
2,2228
2,2229
3,2230
6,2231
2,2232
2,2233
3,2234
2,2235
2,2236
4,2237
2,2238
2,2239
2,2240
24,2241
2,2242
30,2243
2,2244
4,2245
4,2246
2,2247
2,2248
2,2249
2,2250
40,2251
2,2252
61,2253
3,2254
4,2255
3,2256
2,2257
2,2258
2,2259
2,2260
2,2261
2,2262
3,2263
2,2264
2,2265
4,2266
2,2267
6,2268
2,2269
2,2270
7,2271
4,2272
2,2273
2,2274
2,2275
5,2276
6,2277
2,2278
2,2279
2,2280
3,2281
2,2282
3,2283
3,2284
2,2285
2,2286
3,2287
2,2288
2,2289
2,2290
2,2291
7,2292
3,2293
3,2294
3,2295
2,2296
3,2297
2,2298
2,2299
3,2300
2,2301
3,2302
2,2303
2,2304
2,2305
2,2306
2,2307
2,2308
2,2309
15,2310
41,2311
3,2312
12,2313
2,2314
2,2315
2,2316
2,2317
2,2318
2,2319
2,2320
3,2321
2,2322
2,2323
2,2324
2,2325
2,2326
6,2327
2,2328
9,2329
3,2330
2,2331
2,2332
2,2333
3,2334
5,2335
2,2336
2,2337
2,2338
2,2339
3,2340
2,2341
3,2342
2,2343
2,2344
2,2345
6,2346
2,2347
7,2348
3,2349
24,2350
3,2351
4,2352
2,2353
12,2354
2,2355
2,2356
2,2357
4,2358
5,2359
2,2360
63,2361
2,2362
3,2363
12,2364
10,2365
2,2366
2,2367
4,2368
2,2369
2,2370
2,2371
5,2372
2,2373
2,2374
2,2375
6,2376
3,2377
3,2378
2,2379
2,2380
2,2381
2,2382
12,2383
3,2384
2,2385
17,2386
2,2387
2,2388
3,2389
2,2390
2,2391
3,2392
6,2393
3,2394
3,2395
2,2396
2,2397
540,2398
2,2399
2,2400
29,2401
2,2402
2,2403
2,2404
2,2405
3,2406
2,2407
6,2408
2,2409
2,2410
15,2411
7,2412
2,2413
3,2414
2,2415
265,2416
6,2417
5,2418
9,2419
3,2420
2,2421
2,2422
8,2423
2,2424
2,2425
2,2426
2,2427
2,2428
2,2429
2,2430
2,2431
4,2432
4,2433
6,2434
2,2435
2,2436
2,2437
2,2438
2,2439
2,2440
6,2441
4,2442
2,2443
2,2444
12,2445
3,2446
2,2447
2,2448
2,2449
2,2450
2,2451
4,2452
3,2453
2,2454
2,2455
2,2456
2,2457
2,2458
2,2459
2,2460
4,2461
2,2462
2,2463
2,2464
30,2465
2,2466
2,2467
5,2468
2,2469
2,2470
2,2471
2,2472
2,2473
11,2474
5,2475
2,2476
2,2477
3,2478
3,2479
26,2480
2,2481
2,2482
2,2483
2,2484
2,2485
3,2486
2,2487
3,2488
3,2489
48,2490
2,2491
2,2492
3,2493
2,2494
7,2495
2,2496
8,2497
4,2498
3,2499
5,2500
3,2501
2,2502
3,2503
2,2504
2,2505
3,2506
7,2507
2,2508
2,2509
2,2510
2,2511
2,2512
2,2513
20,2514
2,2515
2,2516
2,2517
3,2518
2,2519
2,2520
2,2521
5,2522
4,2523
2,2524
2,2525
2,2526
2,2527
2,2528
2,2529
2,2530
2,2531
2,2532
2,2533
43,2534
2,2535
2,2536
2,2537
2,2538
3,2539
2,2540
2,2541
3,2542
2,2543
2,2544
2,2545
2,2546
5,2547
3,2548
3,2549
2,2550
2,2551
2,2552
2,2553
2,2554
2,2555
2,2556
2,2557
2,2558
2,2559
3,2560
3,2561
2,2562
3,2563
2,2564
2,2565
5,2566
2,2567
4,2568
4,2569
2,2570
2,2571
4,2572
2,2573
2,2574
2,2575
2,2576
2,2577
2,2578
2,2579
2,2580
2,2581
2,2582
5,2583
3,2584
2,2585
3,2586
13,2587
3,2588
5,2589
2,2590
4,2591
2,2592
2,2593
2,2594
3,2595
7,2596
2,2597
2,2598
7,2599
54,2600
2,2601
2,2602
2,2603
3,2604
2,2605
7,2606
6,2607
2,2608
8,2609
30,2610
2,2611
21,2612
2,2613
4,2614
5,2615
2,2616
2,2617
2,2618
2,2619
4,2620
2,2621
4,2622
3,2623
3,2624
3,2625
2,2626
21,2627
2,2628
2,2629
3,2630
2,2631
2,2632
2,2633
2,2634
2,2635
2,2636
3,2637
2,2638
2,2639
3,2640
2,2641
2,2642
2,2643
2,2644
3,2645
2,2646
3,2647
2,2648
2,2649
3,2650
2,2651
2,2652
107,2653
2,2654
2,2655
2,2656
2,2657
2,2658
2,2659
7,2660
2,2661
2,2662
5,2663
86,2664
2,2665
2,2666
2,2667
9,2668
5,2669
3,2670
2,2671
2,2672
4,2673
3,2674
33,2675
2,2676
2,2677
11,2678
3,2679
2,2680
2,2681
20,2682
6,2683
3,2684
3,2685
3,2686
3,2687
3,2688
2,2689
21,2690
2,2691
3,2692
2,2693
30,2694
2,2695
2,2696
2,2697
2,2698
2,2699
2,2700
3,2701
52,2702
2,2703
5,2704
2,2705
2,2706
2,2707
14,2708
2,2709
2,2710
2,2711
31,2712
2,2713
3,2714
2,2715
2,2716
3,2717
2,2718
2,2719
2,2720
2,2721
4,2722
2,2723
3,2724
2,2725
2,2726
13,2727
2,2728
4,2729
4,2730
2,2731
2,2732
2,2733
2,2734
4,2735
2,2736
3,2737
2,2738
3,2739
2,2740
16,2741
2,2742
2,2743
2,2744
3,2745
2,2746
2,2747
6,2748
3,2749
2,2750
3,2751
3,2752
2,2753
2,2754
2,2755
2,2756
2,2757
2,2758
2,2759
2,2760
3,2761
2,2762
2,2763
2,2764
2,2765
2,2766
2,2767
3,2768
3,2769
3,2770
8,2771
4,2772
2,2773
3,2774
5,2775
3,2776
3,2777
6,2778
3,2779
2,2780
2,2781
2,2782
7,2783
2,2784
2,2785
5,2786
6,2787
3,2788
2,2789
2,2790
16,2791
2,2792
18,2793
2,2794
2,2795
2,2796
4,2797
140,2798
2,2799
2,2800
2,2801
7,2802
262,2803
2,2804
2,2805
41,2806
9,2807
2,2808
3,2809
2,2810
4,2811
94,2812
2,2813
3,2814
7,2815
6,2816
2,2817
2,2818
27,2819
2,2820
2,2821
2,2822
2,2823
4,2824
2,2825
5,2826
2,2827
2,2828
2,2829
2,2830
2,2831
2,2832
4,2833
15,2834
11,2835
2,2836
2,2837
12,2838
2,2839
12,2840
2,2841
3,2842
2,2843
2,2844
3,2845
2,2846
24,2847
3,2848
2,2849
3,2850
3,2851
7,2852
2,2853
5,2854
5,2855
2,2856
2,2857
2,2858
2,2859
15,2860
2,2861
6,2862
2,2863
2,2864
2,2865
2,2866
2,2867
7,2868
2,2869
2,2870
2,2871
2,2872
3,2873
16,2874
2,2875
3,2876
2,2877
4,2878
2,2879
2,2880
20,2881
2,2882
2,2883
4,2884
2,2885
9,2886
5,2887
2,2888
6,2889
3,2890
3,2891
2,2892
7,2893
3,2894
2,2895
2,2896
3,2897
5,2898
2,2899
7,2900
2,2901
2,2902
19,2903
2,2904
2,2905
2,2906
2,2907
3,2908
2,2909
2,2910
2,2911
2,2912
2,2913
3,2914
2,2915
2,2916
4,2917
3,2918
2,2919
2,2920
3,2921
5,2922
3,2923
15,2924
4,2925
2,2926
9,2927
15,2928
2,2929
6,2930
18,2931
2,2932
2,2933
2,2934
2,2935
3,2936
3,2937
3,2938
3,2939
2,2940
2,2941
3,2942
3,2943
2,2944
2,2945
4,2946
2,2947
7,2948
2,2949
2,2950
2,2951
2,2952
9,2953
2,2954
6,2955
4,2956
11,2957
2,2958
2,2959
2,2960
2,2961
4,2962
2,2963
4,2964
19,2965
5,2966
5,2967
2,2968
5,2969
2,2970
3,2971
2,2972
4,2973
3,2974
4,2975
8,2976
2,2977
2,2978
2,2979
2,2980
2,2981
2,2982
2,2983
3,2984
3,2985
3,2986
3,2987
6,2988
2,2989
2,2990
3,2991
16,2992
2,2993
2,2994
2,2995
2,2996
2,2997
3,2998
19,2999
2,3000
8,3001
20,3002
2,3003
2,3004
2,3005
3,3006
2,3007
2,3008
2,3009
2,3010
2,3011
2,3012
4,3013
2,3014
4,3015
6,3016
2,3017
2,3018
2,3019
3,3020
2,3021
2,3022
5,3023
3,3024
2,3025
2,3026
3,3027
4,3028
2,3029
2,3030
2,3031
2,3032
2,3033
2,3034
2,3035
6,3036
5,3037
2,3038
2,3039
2,3040
2,3041
2,3042
2,3043
2,3044
2,3045
2,3046
2,3047
18,3048
2,3049
2,3050
3,3051
18,3052
4,3053
3,3054
2,3055
2,3056
2,3057
2,3058
2,3059
4,3060
2,3061
2,3062
2,3063
4,3064
2,3065
2,3066
3,3067
3,3068
2,3069
4,3070
2,3071
2,3072
3,3073
6,3074
2,3075
2,3076
4,3077
2,3078
3,3079
2,3080
2,3081
2,3082
2,3083
2,3084
2,3085
2,3086
2,3087
2,3088
2,3089
2,3090
3,3091
2,3092
2,3093
2,3094
2,3095
2,3096
3,3097
2,3098
2,3099
3,3100
3,3101
3,3102
2,3103
3,3104
2,3105
2,3106
12,3107
2,3108
3,3109
6,3110
8,3111
2,3112
4,3113
8,3114
2,3115
2,3116
2,3117
2,3118
2,3119
2,3120
8,3121
2,3122
2,3123
2,3124
2,3125
2,3126
2,3127
5,3128
2,3129
3,3130
2,3131
3,3132
3,3133
2,3134
2,3135
5,3136
2,3137
2,3138
2,3139
5,3140
19,3141
3,3142
3,3143
2,3144
4,3145
2,3146
13,3147
6,3148
2,3149
2,3150
2,3151
3,3152
4,3153
2,3154
3,3155
2,3156
3,3157
2,3158
2,3159
2,3160
389,3161
4,3162
2,3163
2,3164
2,3165
2,3166
11,3167
2,3168
2,3169
35,3170
8,3171
2,3172
3,3173
10,3174
2,3175
2,3176
4,3177
2,3178
2,3179
2,3180
2,3181
2,3182
3,3183
2,3184
2,3185
2,3186
2,3187
2,3188
5,3189
2,3190
3,3191
8,3192
5,3193
9,3194
3,3195
2,3196
17,3197
3,3198
2,3199
4,3200
2,3201
2,3202
2,3203
2,3204
2,3205
3,3206
2,3207
2,3208
2,3209
2,3210
2,3211
2,3212
2,3213
11,3214
2,3215
3,3216
2,3217
2,3218
12,3219
3,3220
3,3221
4,3222
2,3223
2,3224
2,3225
2,3226
2,3227
2,3228
2,3229
10,3230
3,3231
2,3232
3,3233
2,3234
2,3235
3,3236
2,3237
2,3238
2,3239
10,3240
2,3241
9,3242
19,3243
2,3244
2,3245
3,3246
2,3247
4,3248
16,3249
2,3250
2,3251
74,3252
2,3253
2,3254
2,3255
2,3256
2,3257
2,3258
2,3259
2,3260
2,3261
18,3262
3,3263
2,3264
2,3265
2,3266
3,3267
2,3268
3,3269
2,3270
6,3271
2,3272
2,3273
5,3274
2,3275
2,3276
2,3277
2,3278
2,3279
2,3280
2,3281
2,3282
7,3283
3,3284
3,3285
3,3286
2,3287
2,3288
2,3289
2,3290
2,3291
6,3292
2,3293
4,3294
2,3295
3,3296
2,3297
2,3298
2,3299
2,3300
9,3301
3,3302
2,3303
4,3304
2,3305
3,3306
2,3307
17,3308
5,3309
3,3310
2,3311
3,3312
2,3313
2,3314
11,3315
2,3316
3,3317
15,3318
21,3319
3,3320
10,3321
2,3322
9,3323
2,3324
3,3325
2,3326
2,3327
2,3328
3,3329
2,3330
4,3331
2,3332
5,3333
3,3334
2,3335
2,3336
2,3337
11,3338
2,3339
3,3340
5,3341
4,3342
7,3343
3,3344
2,3345
2,3346
2,3347
6,3348
2,3349
6,3350
2,3351
2,3352
5,3353
2,3354
2,3355
50,3356
2,3357
2,3358
4,3359
8,3360
2,3361
6,3362
2,3363
2,3364
3,3365
20,3366
30,3367
2,3368
2,3369
2,3370
6,3371
3,3372
2,3373
2,3374
2,3375
4,3376
2,3377
8,3378
2,3379
2,3380
2,3381
2,3382
2,3383
2,3384
4,3385
2,3386
2,3387
2,3388
2,3389
2,3390
8,3391
5,3392
35,3393
4,3394
2,3395
3,3396
2,3397
3,3398
21,3399
2,3400
2,3401
2,3402
5,3403
4,3404
2,3405
27,3406
2,3407
2,3408
2,3409
2,3410
2,3411
3,3412
2,3413
2,3414
2,3415
2,3416
2,3417
2,3418
3,3419
8,3420
2,3421
2,3422
4,3423
3,3424
2,3425
16,3426
3,3427
2,3428
2,3429
2,3430
2,3431
2,3432
3,3433
2,3434
8,3435
2,3436
2,3437
2,3438
3,3439
2,3440
5,3441
2,3442
3,3443
2,3444
2,3445
2,3446
2,3447
2,3448
2,3449
2,3450
5,3451
6,3452
3,3453
3,3454
2,3455
2,3456
3,3457
3,3458
2,3459
2,3460
8,3461
2,3462
2,3463
2,3464
3,3465
2,3466
5,3467
4,3468
2,3469
2,3470
2,3471
2,3472
2,3473
2,3474
8,3475
2,3476
2,3477
2,3478
2,3479
8,3480
4,3481
6,3482
5,3483
17,3484
2,3485
6,3486
2,3487
6,3488
2,3489
6,3490
7,3491
2,3492
2,3493
2,3494
6,3495
2,3496
2,3497
3,3498
2,3499
2,3500
3,3501
2,3502
3,3503
3,3504
2,3505
41,3506
3,3507
3,3508
3,3509
2,3510
3,3511
2,3512
2,3513
3,3514
2,3515
2,3516
2,3517
5,3518
5,3519
3,3520
2,3521
2,3522
2,3523
2,3524
2,3525
2,3526
26,3527
2,3528
3,3529
2,3530
3,3531
2,3532
2,3533
4,3534
4,3535
19,3536
3,3537
24,3538
2,3539
228,3540
2,3541
2,3542
2,3543
2,3544
2,3545
2,3546
2,3547
2,3548
6,3549
2,3550
2,3551
2,3552
2,3553
2,3554
2,3555
2,3556
12,3557
2,3558
2,3559
2,3560
2,3561
2,3562
3,3563
2,3564
4,3565
12,3566
3,3567
2,3568
2,3569
3,3570
2,3571
6,3572
2,3573
12,3574
3,3575
2,3576
2,3577
2,3578
2,3579
2,3580
2,3581
2,3582
8,3583
4,3584
2,3585
2,3586
9,3587
2,3588
3,3589
7,3590
2,3591
4,3592
3,3593
3,3594
2,3595
8,3596
2,3597
4,3598
2,3599
147,3600
2,3601
24,3602
2,3603
251,3604
2,3605
2,3606
2,3607
4,3608
2,3609
2,3610
6,3611
3,3612
6,3613
2,3614
3,3615
2,3616
4,3617
2,3618
2,3619
2,3620
3,3621
2,3622
2,3623
2,3624
3,3625
4,3626
2,3627
19,3628
2,3629
2,3630
2,3631
3,3632
2,3633
2,3634
2,3635
2,3636
2,3637
2,3638
2,3639
3,3640
2,3641
2,3642
2,3643
4,3644
2,3645
6,3646
3,3647
3,3648
9,3649
2,3650
2,3651
2,3652
2,3653
2,3654
2,3655
2,3656
2,3657
2,3658
3,3659
2,3660
3,3661
2,3662
2,3663
3,3664
2,3665
2,3666
2,3667
2,3668
2,3669
5,3670
2,3671
2,3672
3,3673
20,3674
39,3675
5,3676
2,3677
2,3678
3,3679
2,3680
2,3681
10,3682
2,3683
2,3684
2,3685
2,3686
5,3687
2,3688
2,3689
2,3690
2,3691
7,3692
3,3693
3,3694
3,3695
2,3696
2,3697
9,3698
3,3699
2,3700
2,3701
4,3702
18,3703
3,3704
13,3705
2,3706
2,3707
2,3708
13,3709
2,3710
2,3711
2,3712
3,3713
2,3714
2,3715
3,3716
13,3717
4,3718
14,3719
2,3720
2,3721
3,3722
2,3723
2,3724
2,3725
52,3726
2,3727
2,3728
2,3729
2,3730
3,3731
3,3732
8,3733
2,3734
2,3735
3,3736
2,3737
3,3738
2,3739
2,3740
2,3741
3,3742
2,3743
2,3744
2,3745
2,3746
2,3747
2,3748
2,3749
2,3750
2,3751
2,3752
3,3753
3,3754
3,3755
2,3756
2,3757
2,3758
2,3759
3,3760
3,3761
2,3762
2,3763
6,3764
2,3765
2,3766
2,3767
2,3768
2,3769
12,3770
4,3771
3,3772
2,3773
2,3774
2,3775
2,3776
2,3777
2,3778
2,3779
2,3780
2,3781
3,3782
3,3783
333,3784
2,3785
2,3786
2,3787
2,3788
4,3789
2,3790
42,3791
2,3792
2,3793
22,3794
6,3795
2,3796
8,3797
2,3798
5,3799
3,3800
2,3801
2,3802
2,3803
2,3804
4,3805
2,3806
2,3807
2,3808
2,3809
2,3810
2,3811
2,3812
2,3813
16,3814
2,3815
2,3816
2,3817
2,3818
18,3819
3,3820
2,3821
10,3822
2,3823
2,3824
2,3825
3,3826
5,3827
3,3828
2,3829
2,3830
27,3831
4,3832
2,3833
2,3834
3,3835
2,3836
2,3837
3,3838
5,3839
7,3840
2,3841
2,3842
2,3843
2,3844
2,3845
3,3846
2,3847
2,3848
4,3849
11,3850
7,3851
4,3852
19,3853
3,3854
15,3855
3,3856
5,3857
2,3858
2,3859
7,3860
2,3861
3,3862
2,3863
2,3864
2,3865
14,3866
4,3867
2,3868
2,3869
2,3870
2,3871
2,3872
2,3873
2,3874
2,3875
5,3876
2,3877
5,3878
2,3879
4,3880
6,3881
2,3882
2,3883
2,3884
3,3885
4,3886
2,3887
2,3888
2,3889
4,3890
2,3891
3,3892
3,3893
18,3894
2,3895
7,3896
4,3897
2,3898
2,3899
2,3900
4,3901
3,3902
6,3903
3,3904
2,3905
3,3906
2,3907
5,3908
2,3909
2,3910
2,3911
2,3912
4,3913
2,3914
2,3915
9,3916
2,3917
7,3918
2,3919
2,3920
5,3921
5,3922
2,3923
2,3924
4,3925
9,3926
2,3927
3,3928
12,3929
2,3930
2,3931
2,3932
2,3933
2,3934
4,3935
3,3936
2,3937
2,3938
2,3939
2,3940
5,3941
2,3942
3,3943
3,3944
3,3945
2,3946
2,3947
6,3948
4,3949
2,3950
4,3951
2,3952
2,3953
2,3954
2,3955
2,3956
2,3957
2,3958
8,3959
2,3960
3,3961
4,3962
4,3963
3,3964
2,3965
9,3966
2,3967
2,3968
2,3969
2,3970
3,3971
2,3972
3,3973
2,3974
23,3975
3,3976
2,3977
2,3978
2,3979
3,3980
2,3981
3,3982
2,3983
3,3984
2,3985
2,3986
10,3987
2,3988
2,3989
2,3990
2,3991
2,3992
2,3993
2,3994
2,3995
2,3996
2,3997
4,3998
2,3999
4,4000
6,4001
4,4002
2,4003
2,4004
2,4005
2,4006
2,4007
2,4008
2,4009
2,4010
2,4011
2,4012
3,4013
4,4014
2,4015
2,4016
2,4017
2,4018
2,4019
6,4020
2,4021
4,4022
11,4023
4,4024
2,4025
2,4026
2,4027
2,4028
2,4029
2,4030
2,4031
16,4032
2,4033
2,4034
2,4035
2,4036
5,4037
3,4038
2,4039
2,4040
3,4041
19,4042
3,4043
2,4044
2,4045
2,4046
2,4047
2,4048
2,4049
20,4050
3,4051
3,4052
2,4053
3,4054
2,4055
2,4056
31,4057
2,4058
2,4059
2,4060
5,4061
2,4062
2,4063
2,4064
2,4065
2,4066
2,4067
2,4068
2,4069
5,4070
2,4071
6,4072
2,4073
2,4074
2,4075
4,4076
4,4077
2,4078
2,4079
2,4080
5,4081
2,4082
2,4083
2,4084
2,4085
2,4086
2,4087
14,4088
9,4089
72,4090
5,4091
2,4092
5,4093
2,4094
2,4095
2,4096
3,4097
2,4098
2,4099
3,4100
2,4101
5,4102
2,4103
4,4104
2,4105
2,4106
3,4107
2,4108
4,4109
2,4110
2,4111
2,4112
2,4113
2,4114
10,4115
2,4116
2,4117
7,4118
3,4119
2,4120
8,4121
2,4122
2,4123
7,4124
4,4125
2,4126
12,4127
2,4128
2,4129
3,4130
2,4131
4,4132
2,4133
2,4134
2,4135
2,4136
4,4137
4,4138
6,4139
2,4140
2,4141
13,4142
7,4143
2,4144
2,4145
2,4146
2,4147
2,4148
2,4149
2,4150
3,4151
3,4152
2,4153
6,4154
2,4155
2,4156
2,4157
17,4158
2,4159
2,4160
2,4161
3,4162
3,4163
2,4164
2,4165
4,4166
3,4167
2,4168
2,4169
4,4170
4,4171
2,4172
24,4173
2,4174
2,4175
2,4176
2,4177
8,4178
2,4179
2,4180
2,4181
2,4182
2,4183
2,4184
2,4185
2,4186
2,4187
2,4188
14,4189
3,4190
2,4191
2,4192
2,4193
12,4194
4,4195
3,4196
2,4197
3,4198
10,4199
3,4200
13,4201
2,4202
5,4203
2,4204
6,4205
11,4206
3,4207
2,4208
3,4209
2,4210
3,4211
2,4212
3,4213
59,4214
2,4215
2,4216
3,4217
3,4218
2,4219
4,4220
5,4221
2,4222
2,4223
6,4224
3,4225
2,4226
54,4227
4,4228
2,4229
2,4230
2,4231
4,4232
2,4233
2,4234
2,4235
2,4236
2,4237
2,4238
3,4239
154,4240
3,4241
2,4242
2,4243
3,4244
2,4245
14,4246
5,4247
8,4248
9,4249
2,4250
5,4251
2,4252
3,4253
2,4254
12,4255
2,4256
2,4257
3,4258
3,4259
2,4260
5,4261
3,4262
4,4263
2,4264
3,4265
2,4266
3,4267
2,4268
2,4269
2,4270
3,4271
2,4272
2,4273
5,4274
2,4275
42,4276
2,4277
3,4278
3,4279
29,4280
2,4281
2,4282
3,4283
8,4284
5,4285
5,4286
6,4287
3,4288
2,4289
2,4290
2,4291
64,4292
4,4293
2,4294
16,4295
3,4296
8,4297
6,4298
2,4299
2,4300
2,4301
49,4302
13,4303
2,4304
2,4305
2,4306
2,4307
3,4308
3,4309
2,4310
2,4311
8,4312
2,4313
2,4314
2,4315
11,4316
11,4317
43,4318
22,4319
4,4320
2,4321
4,4322
3,4323
23,4324
2,4325
2,4326
2,4327
4,4328
2,4329
2,4330
2,4331
2,4332
2,4333
2,4334
11,4335
2,4336
3,4337
3,4338
2,4339
2,4340
5,4341
2,4342
2,4343
6,4344
3,4345
2,4346
3,4347
403,4348
2,4349
2,4350
10,4351
2,4352
9,4353
3,4354
2,4355
3,4356
3,4357
2,4358
2,4359
38,4360
2,4361
3,4362
2,4363
4,4364
2,4365
2,4366
3,4367
2,4368
2,4369
2,4370
3,4371
11,4372
2,4373
2,4374
2,4375
2,4376
2,4377
6,4378
2,4379
2,4380
3,4381
2,4382
2,4383
5,4384
6,4385
4,4386
2,4387
2,4388
2,4389
5,4390
2,4391
2,4392
3,4393
2,4394
2,4395
3,4396
3,4397
2,4398
2,4399
4,4400
5,4401
2,4402
4,4403
2,4404
2,4405
3,4406
3,4407
3,4408
8,4409
2,4410
3,4411
10,4412
22,4413
3,4414
2,4415
3,4416
2,4417
11,4418
2,4419
2,4420
3,4421
4,4422
2,4423
2,4424
2,4425
2,4426
2,4427
7,4428
2,4429
2,4430
2,4431
2,4432
3,4433
2,4434
6,4435
2,4436
3,4437
2,4438
2,4439
2,4440
2,4441
2,4442
2,4443
2,4444
7,4445
2,4446
3,4447
2,4448
2,4449
2,4450
5,4451
2,4452
2,4453
7,4454
2,4455
2,4456
2,4457
2,4458
9,4459
3,4460
2,4461
4,4462
11,4463
2,4464
2,4465
2,4466
2,4467
2,4468
2,4469
2,4470
5,4471
4,4472
23,4473
32,4474
4,4475
2,4476
2,4477
2,4478
3,4479
3,4480
3,4481
37,4482
2,4483
2,4484
4,4485
4,4486
2,4487
2,4488
2,4489
5,4490
2,4491
5,4492
2,4493
2,4494
2,4495
2,4496
2,4497
2,4498
3,4499
2,4500
2,4501
2,4502
2,4503
4,4504
3,4505
2,4506
2,4507
2,4508
2,4509
2,4510
5,4511
25,4512
4,4513
2,4514
4,4515
5,4516
6,4517
2,4518
2,4519
5,4520
2,4521
2,4522
74,4523
2,4524
5,4525
2,4526
4,4527
2,4528
2,4529
23,4530
4,4531
2,4532
7,4533
2,4534
2,4535
3,4536
7,4537
8,4538
2,4539
17,4540
3,4541
2,4542
4,4543
20,4544
2,4545
2,4546
2,4547
3,4548
2,4549
3,4550
12,4551
2,4552
2,4553
2,4554
2,4555
3,4556
2,4557
6,4558
7,4559
7,4560
3,4561
2,4562
2,4563
3,4564
3,4565
2,4566
7,4567
2,4568
2,4569
8,4570
2,4571
3,4572
4,4573
2,4574
5,4575
7,4576
8,4577
2,4578
2,4579
11,4580
2,4581
3,4582
2,4583
2,4584
2,4585
2,4586
2,4587
2,4588
2,4589
2,4590
2,4591
10,4592
2,4593
3,4594
2,4595
2,4596
4,4597
2,4598
4,4599
9,4600
2,4601
2,4602
3,4603
7,4604
8,4605
2,4606
3,4607
3,4608
2,4609
4,4610
3,4611
26,4612
2,4613
4,4614
11,4615
2,4616
2,4617
6,4618
2,4619
2,4620
3,4621
3,4622
2,4623
2,4624
2,4625
2,4626
85,4627
2,4628
5,4629
2,4630
2,4631
3,4632
2,4633
2,4634
2,4635
2,4636
2,4637
260,4638
2,4639
4,4640
2,4641
2,4642
2,4643
2,4644
5,4645
4,4646
5,4647
2,4648
3,4649
2,4650
14,4651
5,4652
4,4653
2,4654
2,4655
7,4656
2,4657
5,4658
2,4659
3,4660
2,4661
2,4662
2,4663
2,4664
2,4665
2,4666
6,4667
18,4668
3,4669
2,4670
2,4671
2,4672
2,4673
3,4674
5,4675
2,4676
2,4677
3,4678
2,4679
2,4680
7,4681
2,4682
2,4683
5,4684
2,4685
2,4686
3,4687
7,4688
2,4689
2,4690
2,4691
2,4692
2,4693
5,4694
2,4695
2,4696
2,4697
2,4698
2,4699
2,4700
2,4701
2,4702
3,4703
2,4704
2,4705
10,4706
2,4707
3,4708
4,4709
15,4710
2,4711
3,4712
2,4713
2,4714
2,4715
30,4716
9,4717
19,4718
2,4719
3,4720
3,4721
2,4722
2,4723
3,4724
2,4725
3,4726
2,4727
22,4728
4,4729
2,4730
2,4731
3,4732
2,4733
3,4734
2,4735
19,4736
2,4737
7,4738
7,4739
2,4740
2,4741
8,4742
2,4743
2,4744
2,4745
19,4746
2,4747
2,4748
2,4749
5,4750
2,4751
5,4752
5,4753
5,4754
2,4755
2,4756
2,4757
15,4758
5,4759
13,4760
4,4761
2,4762
2,4763
3,4764
2,4765
2,4766
99,4767
2,4768
3,4769
5,4770
2,4771
2,4772
9,4773
2,4774
3,4775
2,4776
2,4777
2,4778
14,4779
5,4780
4,4781
6,4782
2,4783
2,4784
2,4785
49,4786
6,4787
2,4788
2,4789
2,4790
2,4791
10,4792
2,4793
2,4794
2,4795
72,4796
2,4797
2,4798
3,4799
4,4800
2,4801
2,4802
2,4803
695,4804
4,4805
3,4806
2,4807
3,4808
3,4809
2,4810
2,4811
5,4812
17,4813
2,4814
3,4815
2,4816
2,4817
2,4818
4,4819
9,4820
2,4821
2,4822
7,4823
4,4824
2,4825
4,4826
2,4827
2,4828
3,4829
35,4830
11,4831
2,4832
11,4833
3,4834
6,4835
6,4836
2,4837
2,4838
3,4839
2,4840
2,4841
8,4842
6,4843
2,4844
2,4845
2,4846
2,4847
5,4848
2,4849
3,4850
2,4851
2,4852
2,4853
3,4854
2,4855
2,4856
2,4857
2,4858
2,4859
11,4860
2,4861
2,4862
2,4863
13,4864
3,4865
2,4866
2,4867
5,4868
2,4869
2,4870
3,4871
2,4872
2,4873
2,4874
2,4875
2,4876
2,4877
2,4878
2,4879
5,4880
4,4881
2,4882
2,4883
2,4884
2,4885
3,4886
2,4887
3,4888
20,4889
2,4890
2,4891
2,4892
2,4893
2,4894
11,4895
2,4896
2,4897
2,4898
2,4899
7,4900
4,4901
2,4902
2,4903
2,4904
2,4905
2,4906
3,4907
2,4908
2,4909
4,4910
2,4911
2,4912
3,4913
4,4914
2,4915
2,4916
6,4917
2,4918
2,4919
4,4920
2,4921
12,4922
4,4923
3,4924
2,4925
2,4926
2,4927
2,4928
2,4929
76,4930
2,4931
2,4932
2,4933
6,4934
125,4935
2,4936
2,4937
2,4938
2,4939
2,4940
193,4941
4,4942
2,4943
2,4944
2,4945
3,4946
5,4947
2,4948
6,4949
2,4950
2,4951
2,4952
3,4953
2,4954
2,4955
56,4956
2,4957
2,4958
3,4959
3,4960
12,4961
5,4962
2,4963
3,4964
77,4965
2,4966
6,4967
2,4968
2,4969
4,4970
2,4971
3,4972
4,4973
2,4974
2,4975
2,4976
4,4977
2,4978
4,4979
5,4980
2,4981
2,4982
2,4983
6,4984
2,4985
2,4986
2,4987
2,4988
4,4989
2,4990
2,4991
5,4992
2,4993
2,4994
2,4995
2,4996
3,4997
151,4998
2,4999
2,5000
3,5001
9,5002
2,5003
2,5004
2,5005
2,5006
2,5007
2,5008
2,5009
3,5010
2,5011
2,5012
2,5013
26,5014
45,5015
8,5016
17,5017
3,5018
2,5019
2,5020
2,5021
25,5022
2,5023
2,5024
2,5025
2,5026
2,5027
4,5028
2,5029
3,5030
5,5031
9,5032
2,5033
3,5034
3,5035
7,5036
4,5037
2,5038
6,5039
2,5040
4,5041
6,5042
2,5043
3,5044
15,5045
2,5046
8,5047
2,5048
2,5049
2,5050
2,5051
2,5052
3,5053
2,5054
2,5055
3,5056
3,5057
2,5058
2,5059
3,5060
2,5061
4,5062
2,5063
2,5064
5,5065
2,5066
2,5067
2,5068
228,5069
2,5070
2,5071
2,5072
2,5073
4,5074
3,5075
2,5076
2,5077
5,5078
2,5079
4,5080
2,5081
2,5082
2,5083
2,5084
2,5085
3,5086
2,5087
2,5088
2,5089
3,5090
2,5091
3,5092
2,5093
2,5094
3,5095
2,5096
2,5097
2,5098
3,5099
2,5100
4,5101
3,5102
3,5103
2,5104
6,5105
2,5106
2,5107
2,5108
2,5109
2,5110
3,5111
3,5112
2,5113
2,5114
2,5115
2,5116
5,5117
2,5118
3,5119
2,5120
2,5121
2,5122
2,5123
2,5124
2,5125
2,5126
5,5127
5,5128
2,5129
55,5130
5,5131
5,5132
2,5133
3,5134
14,5135
2,5136
4,5137
4,5138
2,5139
2,5140
2,5141
5,5142
2,5143
2,5144
87,5145
2,5146
2,5147
2,5148
2,5149
12,5150
2,5151
3,5152
2,5153
4,5154
2,5155
2,5156
2,5157
2,5158
2,5159
5,5160
12,5161
2,5162
2,5163
5,5164
3,5165
2,5166
2,5167
2,5168
2,5169
2,5170
3,5171
2,5172
5,5173
3,5174
3,5175
6,5176
2,5177
2,5178
2,5179
2,5180
2,5181
3,5182
2,5183
5,5184
25,5185
6,5186
3,5187
3,5188
4,5189
2,5190
769,5191
2,5192
2,5193
2,5194
2,5195
5,5196
46,5197
2,5198
2,5199
2,5200
72,5201
9,5202
2,5203
2,5204
2,5205
12,5206
2,5207
4,5208
2,5209
2,5210
2,5211
2,5212
2,5213
2,5214
2,5215
3,5216
2,5217
4,5218
2,5219
2,5220
2,5221
4,5222
2,5223
2,5224
6,5225
2,5226
2,5227
3,5228
6,5229
2,5230
2,5231
2,5232
2,5233
2,5234
5,5235
2,5236
2,5237
2,5238
3,5239
2,5240
2,5241
3,5242
2,5243
2,5244
2,5245
3,5246
2,5247
2,5248
19,5249
2,5250
3,5251
2,5252
2,5253
3,5254
4,5255
5,5256
2,5257
4,5258
3,5259
2,5260
3,5261
2,5262
2,5263
2,5264
2,5265
2,5266
2,5267
4,5268
3,5269
2,5270
2,5271
6,5272
2,5273
2,5274
2,5275
2,5276
17,5277
2,5278
2,5279
3,5280
2,5281
2,5282
4,5283
2,5284
2,5285
2,5286
2,5287
2,5288
2,5289
2,5290
4,5291
2,5292
4,5293
2,5294
2,5295
2,5296
3,5297
2,5298
2,5299
4,5300
2,5301
3,5302
4,5303
3,5304
4,5305
2,5306
16,5307
2,5308
2,5309
2,5310
2,5311
2,5312
3,5313
2,5314
2,5315
4,5316
3,5317
3,5318
2,5319
3,5320
2,5321
2,5322
3,5323
2,5324
10,5325
2,5326
2,5327
2,5328
2,5329
2,5330
2,5331
2,5332
2,5333
5,5334
2,5335
4,5336
2,5337
2,5338
2,5339
5,5340
2,5341
2,5342
2,5343
2,5344
2,5345
6,5346
4,5347
3,5348
4,5349
2,5350
2,5351
2,5352
2,5353
2,5354
2,5355
2,5356
2,5357
15,5358
5,5359
2,5360
2,5361
2,5362
2,5363
13,5364
2,5365
7,5366
2,5367
2,5368
2,5369
2,5370
9,5371
2,5372
2,5373
2,5374
3,5375
2,5376
3,5377
2,5378
25,5379
3,5380
3,5381
3,5382
2,5383
2,5384
3,5385
2,5386
2,5387
2,5388
9,5389
9,5390
2,5391
260,5392
7,5393
2,5394
2,5395
8,5396
2,5397
2,5398
2,5399
2,5400
3,5401
3,5402
3,5403
2,5404
2,5405
2,5406
2,5407
3,5408
9,5409
2,5410
3,5411
2,5412
2,5413
2,5414
6,5415
2,5416
2,5417
3,5418
6,5419
2,5420
2,5421
2,5422
2,5423
2,5424
19,5425
2,5426
11,5427
2,5428
2,5429
2,5430
39,5431
20,5432
2,5433
2,5434
3,5435
4,5436
7,5437
2,5438
3,5439
2,5440
2,5441
2,5442
2,5443
2,5444
3,5445
2,5446
2,5447
2,5448
14,5449
2,5450
2,5451
6,5452
5,5453
2,5454
2,5455
3,5456
2,5457
2,5458
2,5459
2,5460
2,5461
2,5462
4,5463
2,5464
2,5465
2,5466
2,5467
2,5468
2,5469
4,5470
2,5471
33,5472
2,5473
2,5474
3,5475
2,5476
25,5477
3,5478
2,5479
2,5480
2,5481
4,5482
4,5483
3,5484
17,5485
9,5486
22,5487
2,5488
2,5489
2,5490
2,5491
2,5492
2,5493
12,5494
3,5495
3,5496
2,5497
2,5498
3,5499
3,5500
2,5501
2,5502
5,5503
2,5504
2,5505
2,5506
2,5507
7,5508
2,5509
2,5510
2,5511
2,5512
4,5513
2,5514
2,5515
2,5516
7,5517
2,5518
2,5519
2,5520
2,5521
2,5522
6,5523
2,5524
2,5525
2,5526
2,5527
3,5528
4,5529
2,5530
2,5531
2,5532
2,5533
4,5534
2,5535
2,5536
2,5537
4,5538
3,5539
2,5540
5,5541
3,5542
9,5543
2,5544
3,5545
3,5546
2,5547
2,5548
3,5549
3,5550
15,5551
2,5552
2,5553
3,5554
2,5555
4,5556
3,5557
3,5558
2,5559
2,5560
2,5561
2,5562
7,5563
2,5564
6,5565
2,5566
3,5567
3,5568
2,5569
11,5570
2,5571
2,5572
8,5573
2,5574
2,5575
2,5576
2,5577
6,5578
7,5579
2,5580
2,5581
2,5582
4,5583
2,5584
3,5585
3,5586
2,5587
2,5588
2,5589
3,5590
2,5591
2,5592
2,5593
2,5594
2,5595
2,5596
13,5597
2,5598
16,5599
2,5600
2,5601
2,5602
2,5603
2,5604
2,5605
7,5606
2,5607
2,5608
2,5609
6,5610
5,5611
10,5612
2,5613
2,5614
106,5615
41,5616
2,5617
3,5618
2,5619
2,5620
2,5621
2,5622
2,5623
2,5624
4,5625
3,5626
3,5627
2,5628
7,5629
2,5630
4,5631
14,5632
2,5633
2,5634
2,5635
2,5636
2,5637
2,5638
2,5639
2,5640
2,5641
2,5642
2,5643
6,5644
3,5645
12,5646
2,5647
2,5648
2,5649
7,5650
2,5651
2,5652
2,5653
3,5654
8,5655
2,5656
6,5657
6,5658
2,5659
2,5660
2,5661
3,5662
2,5663
2,5664
2,5665
16,5666
2,5667
2,5668
2,5669
2,5670
18,5671
2,5672
2,5673
2,5674
3,5675
2,5676
2,5677
2,5678
2,5679
2,5680
2,5681
2,5682
2,5683
2,5684
2,5685
2,5686
2,5687
2,5688
2,5689
2,5690
5,5691
3,5692
3,5693
3,5694
3,5695
4,5696
3,5697
2,5698
2,5699
2,5700
2,5701
5,5702
3,5703
2,5704
2,5705
2,5706
2,5707
2,5708
2,5709
7,5710
5,5711
2,5712
2,5713
5,5714
3,5715
19,5716
2,5717
4,5718
2,5719
3,5720
2,5721
5,5722
2,5723
2,5724
2,5725
2,5726
2,5727
2,5728
4,5729
2,5730
2,5731
3,5732
2,5733
4,5734
2,5735
2,5736
2,5737
2,5738
2,5739
2,5740
2,5741
5,5742
2,5743
5,5744
2,5745
224,5746
2,5747
2,5748
4,5749
2,5750
10,5751
30,5752
5,5753
2,5754
2,5755
6,5756
2,5757
3,5758
2,5759
3,5760
2,5761
39,5762
3,5763
2,5764
2,5765
2,5766
2,5767
2,5768
2,5769
2,5770
2,5771
4,5772
3,5773
2,5774
67,5775
2,5776
2,5777
3,5778
2,5779
2,5780
5,5781
3,5782
5,5783
2,5784
3,5785
2,5786
3,5787
2,5788
4,5789
2,5790
2,5791
3,5792
3,5793
28,5794
2,5795
3,5796
13,5797
7,5798
7,5799
2,5800
14,5801
2,5802
2,5803
3,5804
2,5805
6,5806
2,5807
2,5808
3,5809
2,5810
2,5811
2,5812
2,5813
2,5814
2,5815
3,5816
2,5817
16,5818
5,5819
2,5820
5,5821
3,5822
2,5823
2,5824
2,5825
25,5826
2,5827
2,5828
2,5829
2,5830
8,5831
12,5832
2,5833
2,5834
3,5835
2,5836
2,5837
2,5838
18,5839
29,5840
6,5841
2,5842
3,5843
3,5844
2,5845
2,5846
9,5847
2,5848
3,5849
2,5850
3,5851
2,5852
2,5853
12,5854
3,5855
4,5856
2,5857
2,5858
2,5859
3,5860
28,5861
5,5862
3,5863
2,5864
2,5865
3,5866
2,5867
2,5868
36,5869
2,5870
4,5871
2,5872
24,5873
2,5874
2,5875
5,5876
3,5877
6,5878
2,5879
2,5880
2,5881
72,5882
3,5883
3,5884
4,5885
3,5886
2,5887
2,5888
4,5889
2,5890
4,5891
2,5892
3,5893
3,5894
3,5895
2,5896
2,5897
8,5898
2,5899
4,5900
2,5901
2,5902
2,5903
5,5904
2,5905
2,5906
2,5907
9,5908
3,5909
2,5910
2,5911
2,5912
2,5913
2,5914
2,5915
4,5916
2,5917
2,5918
14,5919
2,5920
2,5921
2,5922
2,5923
2,5924
2,5925
3,5926
3,5927
2,5928
2,5929
2,5930
17,5931
3,5932
7,5933
5,5934
2,5935
2,5936
2,5937
2,5938
2,5939
2,5940
2,5941
2,5942
4,5943
20,5944
10,5945
3,5946
2,5947
2,5948
2,5949
5,5950
2,5951
2,5952
5,5953
5,5954
2,5955
6,5956
3,5957
2,5958
2,5959
2,5960
2,5961
2,5962
2,5963
3,5964
2,5965
9,5966
2,5967
3,5968
2,5969
2,5970
2,5971
2,5972
2,5973
2,5974
2,5975
2,5976
76,5977
2,5978
2,5979
2,5980
2,5981
2,5982
60,5983
2,5984
5,5985
2,5986
2,5987
2,5988
2,5989
2,5990
3,5991
14,5992
5,5993
2,5994
2,5995
3,5996
2,5997
6,5998
3,5999
3,6000
4,6001
33,6002
4,6003
2,6004
4,6005
3,6006
2,6007
13,6008
4,6009
3,6010
2,6011
2,6012
2,6013
10,6014
9,6015
2,6016
2,6017
2,6018
2,6019
69,6020
2,6021
3,6022
2,6023
2,6024
2,6025
2,6026
2,6027
2,6028
2,6029
2,6030
2,6031
4,6032
5,6033
2,6034
2,6035
2,6036
9,6037
2,6038
2,6039
2,6040
23,6041
9,6042
2,6043
2,6044
6,6045
2,6046
5,6047
3,6048
8,6049
2,6050
2,6051
2,6052
3,6053
3,6054
2,6055
2,6056
2,6057
3,6058
4,6059
2,6060
2,6061
5,6062
2,6063
2,6064
2,6065
2,6066
2,6067
5,6068
58,6069
3,6070
6,6071
2,6072
2,6073
2,6074
2,6075
3,6076
2,6077
2,6078
5,6079
10,6080
2,6081
2,6082
2,6083
3,6084
2,6085
3,6086
2,6087
4,6088
5,6089
5,6090
6,6091
2,6092
2,6093
2,6094
2,6095
2,6096
2,6097
2,6098
3,6099
2,6100
2,6101
2,6102
2,6103
2,6104
3,6105
4,6106
5,6107
2,6108
22,6109
6,6110
2,6111
2,6112
2,6113
182,6114
3,6115
12,6116
3,6117
2,6118
2,6119
3,6120
3,6121
2,6122
3,6123
2,6124
3,6125
33,6126
2,6127
3,6128
2,6129
8,6130
6,6131
2,6132
2,6133
2,6134
2,6135
3,6136
2,6137
3,6138
4,6139
2,6140
14,6141
2,6142
2,6143
2,6144
2,6145
2,6146
2,6147
4,6148
2,6149
2,6150
3,6151
2,6152
2,6153
2,6154
17,6155
2,6156
2,6157
2,6158
3,6159
3,6160
2,6161
2,6162
2,6163
2,6164
2,6165
3,6166
2,6167
6,6168
4,6169
2,6170
2,6171
2,6172
2,6173
2,6174
3,6175
4,6176
2,6177
3,6178
2,6179
2,6180
4,6181
4,6182
2,6183
2,6184
2,6185
5,6186
2,6187
4,6188
6,6189
3,6190
2,6191
2,6192
4,6193
2,6194
2,6195
3,6196
2,6197
2,6198
2,6199
2,6200
2,6201
2,6202
4,6203
2,6204
5,6205
4,6206
13,6207
3,6208
16,6209
2,6210
2,6211
3,6212
2,6213
2,6214
2,6215
2,6216
2,6217
2,6218
2,6219
3,6220
5,6221
3,6222
3,6223
9,6224
2,6225
2,6226
2,6227
132,6228
2,6229
2,6230
3,6231
2,6232
105,6233
5,6234
2,6235
2,6236
4,6237
2,6238
3,6239
2,6240
2,6241
3,6242
2,6243
65,6244
3,6245
2,6246
2,6247
2,6248
2,6249
2,6250
2,6251
2,6252
2,6253
8,6254
3,6255
2,6256
4,6257
2,6258
2,6259
2,6260
2,6261
2,6262
2,6263
2,6264
2,6265
2,6266
2,6267
2,6268
15,6269
3,6270
15,6271
2,6272
2,6273
4,6274
2,6275
2,6276
6,6277
3,6278
2,6279
2,6280
3,6281
2,6282
4,6283
2,6284
2,6285
2,6286
3,6287
11,6288
2,6289
2,6290
3,6291
3,6292
2,6293
3,6294
8,6295
2,6296
12,6297
5,6298
2,6299
2,6300
4,6301
17,6302
22,6303
3,6304
2,6305
2,6306
2,6307
2,6308
2,6309
2,6310
2,6311
4,6312
2,6313
3,6314
2,6315
5,6316
2,6317
2,6318
2,6319
48,6320
2,6321
2,6322
2,6323
3,6324
2,6325
2,6326
2,6327
11,6328
8,6329
3,6330
8,6331
2,6332
2,6333
2,6334
2,6335
13,6336
2,6337
2,6338
2,6339
2,6340
2,6341
6,6342
5,6343
2,6344
2,6345
5,6346
3,6347
3,6348
2,6349
2,6350
2,6351
2,6352
2,6353
2,6354
2,6355
13,6356
3,6357
2,6358
2,6359
11,6360
3,6361
96,6362
2,6363
3,6364
7,6365
2,6366
2,6367
2,6368
5,6369
2,6370
2,6371
3,6372
43,6373
2,6374
3,6375
2,6376
2,6377
4,6378
2,6379
2,6380
2,6381
2,6382
2,6383
2,6384
9,6385
2,6386
7,6387
8,6388
2,6389
2,6390
4,6391
2,6392
6,6393
9,6394
2,6395
2,6396
2,6397
2,6398
2,6399
13,6400
2,6401
3,6402
3,6403
7,6404
15,6405
4,6406
2,6407
4,6408
9,6409
2,6410
2,6411
2,6412
2,6413
3,6414
8,6415
3,6416
2,6417
5,6418
4,6419
8,6420
3,6421
2,6422
2,6423
2,6424
3,6425
89,6426
2,6427
8,6428
4,6429
2,6430
2,6431
2,6432
3,6433
3,6434
4,6435
22,6436
3,6437
3,6438
7,6439
2,6440
2,6441
3,6442
2,6443
2,6444
2,6445
2,6446
5,6447
2,6448
2,6449
2,6450
2,6451
2,6452
2,6453
2,6454
3,6455
3,6456
2,6457
12,6458
2,6459
2,6460
3,6461
2,6462
2,6463
3,6464
2,6465
2,6466
2,6467
2,6468
3,6469
5,6470
2,6471
3,6472
2,6473
8,6474
9,6475
2,6476
2,6477
18,6478
2,6479
2,6480
2,6481
2,6482
3,6483
4,6484
2,6485
2,6486
4,6487
2,6488
2,6489
4,6490
3,6491
2,6492
8,6493
3,6494
303,6495
2,6496
2,6497
9,6498
2,6499
2,6500
3,6501
2,6502
10,6503
2,6504
2,6505
2,6506
5,6507
4,6508
2,6509
2,6510
2,6511
2,6512
3,6513
3,6514
3,6515
2,6516
2,6517
12,6518
6,6519
2,6520
15,6521
2,6522
2,6523
3,6524
2,6525
3,6526
2,6527
2,6528
2,6529
2,6530
3,6531
2,6532
2,6533
2,6534
2,6535
2,6536
2,6537
5,6538
13,6539
2,6540
2,6541
13,6542
3,6543
2,6544
2,6545
2,6546
2,6547
3,6548
2,6549
2,6550
2,6551
3,6552
2,6553
2,6554
3,6555
2,6556
3,6557
3,6558
2,6559
2,6560
2,6561
2,6562
2,6563
3,6564
2,6565
2,6566
5,6567
2,6568
2,6569
2,6570
2,6571
2,6572
3,6573
2,6574
2,6575
9,6576
2,6577
3,6578
2,6579
2,6580
2,6581
5,6582
2,6583
2,6584
2,6585
4,6586
2,6587
6,6588
11,6589
2,6590
2,6591
2,6592
2,6593
2,6594
2,6595
7,6596
2,6597
2,6598
3,6599
3,6600
8,6601
2,6602
3,6603
2,6604
2,6605
2,6606
2,6607
2,6608
5,6609
4,6610
2,6611
2,6612
2,6613
2,6614
2,6615
2,6616
16,6617
2,6618
5,6619
7,6620
2,6621
2,6622
2,6623
2,6624
2,6625
2,6626
9,6627
2,6628
2,6629
2,6630
2,6631
3,6632
2,6633
2,6634
2,6635
20,6636
2,6637
2,6638
5,6639
3,6640
3,6641
4,6642
3,6643
2,6644
9,6645
16,6646
2,6647
2,6648
3,6649
51,6650
4,6651
3,6652
17,6653
3,6654
2,6655
2,6656
40,6657
2,6658
3,6659
2,6660
2,6661
2,6662
2,6663
2,6664
6,6665
2,6666
2,6667
8,6668
5,6669
2,6670
3,6671
2,6672
2,6673
2,6674
13,6675
5,6676
2,6677
2,6678
2,6679
2,6680
2,6681
2,6682
2,6683
2,6684
9,6685
2,6686
5,6687
3,6688
2,6689
2,6690
4,6691
2,6692
2,6693
3,6694
3,6695
5,6696
2,6697
2,6698
2,6699
2,6700
16,6701
2,6702
2,6703
3,6704
9,6705
11,6706
11,6707
2,6708
2,6709
19,6710
2,6711
2,6712
2,6713
3,6714
3,6715
2,6716
2,6717
3,6718
3,6719
2,6720
2,6721
2,6722
2,6723
374,6724
3,6725
3,6726
2,6727
2,6728
2,6729
4,6730
3,6731
4,6732
2,6733
208,6734
16,6735
4,6736
32,6737
2,6738
2,6739
2,6740
8,6741
2,6742
2,6743
2,6744
2,6745
2,6746
4,6747
4,6748
2,6749
2,6750
3,6751
2,6752
3,6753
2,6754
4,6755
2,6756
2,6757
2,6758
4,6759
2,6760
2,6761
2,6762
4,6763
2,6764
5,6765
2,6766
2,6767
2,6768
6,6769
2,6770
2,6771
2,6772
2,6773
2,6774
3,6775
2,6776
2,6777
3,6778
2,6779
2,6780
2,6781
2,6782
2,6783
2,6784
11,6785
2,6786
2,6787
2,6788
3,6789
2,6790
2,6791
2,6792
3,6793
2,6794
2,6795
2,6796
2,6797
2,6798
8,6799
2,6800
3,6801
2,6802
2,6803
2,6804
2,6805
2,6806
3,6807
8,6808
2,6809
2,6810
2,6811
3,6812
2,6813
2,6814
2,6815
2,6816
2,6817
2,6818
2,6819
3,6820
4,6821
4,6822
2,6823
3,6824
2,6825
2,6826
2,6827
6,6828
2,6829
4,6830
2,6831
2,6832
2,6833
11,6834
7,6835
2,6836
2,6837
2,6838
2,6839
2,6840
2,6841
2,6842
4,6843
2,6844
2,6845
6,6846
2,6847
2,6848
2,6849
2,6850
2,6851
30,6852
77,6853
2,6854
2,6855
2,6856
2,6857
2,6858
2,6859
3,6860
2,6861
3,6862
2,6863
9,6864
3,6865
8,6866
2,6867
4,6868
2,6869
7,6870
3,6871
2,6872
2,6873
2,6874
2,6875
3,6876
2,6877
5,6878
3,6879
124,6880
2,6881
2,6882
2,6883
19,6884
3,6885
2,6886
4,6887
3,6888
288,6889
2,6890
2,6891
2,6892
4,6893
2,6894
2,6895
2,6896
2,6897
3,6898
3,6899
2,6900
2,6901
2,6902
2,6903
2,6904
2,6905
3,6906
2,6907
2,6908
2,6909
2,6910
2,6911
3,6912
2,6913
2,6914
2,6915
6,6916
2,6917
3,6918
7,6919
2,6920
19,6921
2,6922
2,6923
2,6924
8,6925
3,6926
2,6927
5,6928
2,6929
4,6930
3,6931
3,6932
3,6933
2,6934
2,6935
2,6936
2,6937
3,6938
4,6939
5,6940
4,6941
4,6942
7,6943
2,6944
4,6945
3,6946
4,6947
2,6948
2,6949
2,6950
2,6951
2,6952
5,6953
3,6954
2,6955
3,6956
6,6957
2,6958
7,6959
5,6960
2,6961
4,6962
2,6963
3,6964
2,6965
2,6966
6,6967
3,6968
5,6969
3,6970
3,6971
2,6972
2,6973
2,6974
2,6975
2,6976
3,6977
2,6978
2,6979
2,6980
3,6981
2,6982
4,6983
11,6984
3,6985
2,6986
2,6987
2,6988
3,6989
3,6990
2,6991
3,6992
4,6993
3,6994
2,6995
3,6996
2,6997
10,6998
4,6999
6,7000
2,7001
2,7002
2,7003
6,7004
2,7005
2,7006
3,7007
2,7008
2,7009
4,7010
3,7011
2,7012
3,7013
2,7014
4,7015
2,7016
2,7017
2,7018
2,7019
10,7020
18,7021
2,7022
2,7023
3,7024
2,7025
2,7026
2,7027
3,7028
2,7029
2,7030
2,7031
9,7032
4,7033
2,7034
2,7035
2,7036
24,7037
46,7038
2,7039
4,7040
3,7041
4,7042
2,7043
2,7044
2,7045
2,7046
5,7047
2,7048
2,7049
2,7050
3,7051
2,7052
3,7053
4,7054
10,7055
2,7056
3,7057
2,7058
2,7059
2,7060
2,7061
5,7062
3,7063
3,7064
2,7065
2,7066
2,7067
3,7068
2,7069
2,7070
3,7071
3,7072
2,7073
3,7074
2,7075
4,7076
2,7077
10,7078
6,7079
2,7080
3,7081
3,7082
2,7083
2,7084
2,7085
5,7086
2,7087
27,7088
4,7089
2,7090
3,7091
2,7092
4,7093
2,7094
3,7095
2,7096
3,7097
2,7098
2,7099
2,7100
2,7101
2,7102
5,7103
3,7104
3,7105
3,7106
4,7107
2,7108
3,7109
5,7110
4,7111
3,7112
6,7113
2,7114
2,7115
2,7116
2,7117
2,7118
2,7119
2,7120
2,7121
2,7122
2,7123
2,7124
2,7125
2,7126
3,7127
2,7128
2,7129
3,7130
5,7131
3,7132
4,7133
2,7134
3,7135
2,7136
36,7137
3,7138
3,7139
2,7140
2,7141
2,7142
3,7143
2,7144
2,7145
2,7146
2,7147
5,7148
5,7149
10,7150
2,7151
2,7152
2,7153
3,7154
2,7155
3,7156
2,7157
2,7158
2,7159
2,7160
3,7161
4,7162
2,7163
2,7164
3,7165
2,7166
2,7167
6,7168
2,7169
2,7170
3,7171
5,7172
3,7173
2,7174
10,7175
2,7176
3,7177
3,7178
5,7179
4,7180
2,7181
2,7182
2,7183
2,7184
5,7185
2,7186
2,7187
3,7188
3,7189
2,7190
2,7191
3,7192
13,7193
3,7194
2,7195
2,7196
2,7197
2,7198
30,7199
2,7200
2,7201
3,7202
5,7203
2,7204
2,7205
2,7206
2,7207
2,7208
2,7209
2,7210
2,7211
2,7212
3,7213
3,7214
13,7215
2,7216
2,7217
2,7218
100,7219
3,7220
2,7221
2,7222
2,7223
3,7224
10,7225
2,7226
2,7227
2,7228
58,7229
3,7230
2,7231
19,7232
2,7233
2,7234
3,7235
2,7236
2,7237
70,7238
5,7239
2,7240
2,7241
2,7242
4,7243
4,7244
8,7245
2,7246
15,7247
13,7248
2,7249
2,7250
2,7251
2,7252
13,7253
3,7254
3,7255
2,7256
2,7257
2,7258
4,7259
15,7260
3,7261
2,7262
2,7263
9,7264
3,7265
2,7266
2,7267
20,7268
2,7269
5,7270
7,7271
2,7272
2,7273
13,7274
2,7275
3,7276
3,7277
4,7278
3,7279
2,7280
2,7281
2,7282
3,7283
2,7284
2,7285
3,7286
2,7287
2,7288
2,7289
2,7290
2,7291
2,7292
2,7293
2,7294
2,7295
2,7296
5,7297
4,7298
2,7299
21,7300
2,7301
2,7302
3,7303
4,7304
2,7305
2,7306
2,7307
2,7308
2,7309
2,7310
2,7311
2,7312
2,7313
2,7314
2,7315
2,7316
2,7317
3,7318
3,7319
3,7320
2,7321
4,7322
3,7323
4,7324
3,7325
4,7326
2,7327
2,7328
11,7329
2,7330
2,7331
5,7332
2,7333
2,7334
4,7335
9,7336
2,7337
8,7338
2,7339
2,7340
2,7341
11,7342
2,7343
2,7344
3,7345
2,7346
2,7347
3,7348
4,7349
2,7350
2,7351
2,7352
76,7353
2,7354
4,7355
3,7356
2,7357
4,7358
2,7359
2,7360
2,7361
2,7362
2,7363
2,7364
7,7365
2,7366
2,7367
2,7368
2,7369
2,7370
2,7371
10,7372
2,7373
12,7374
2,7375
2,7376
2,7377
24,7378
2,7379
2,7380
9,7381
2,7382
3,7383
2,7384
7,7385
6,7386
4,7387
2,7388
2,7389
2,7390
2,7391
2,7392
2,7393
2,7394
8,7395
30,7396
105,7397
2,7398
2,7399
3,7400
2,7401
3,7402
2,7403
18,7404
2,7405
5,7406
2,7407
3,7408
2,7409
22,7410
4,7411
2,7412
2,7413
2,7414
2,7415
2,7416
2,7417
2,7418
2,7419
2,7420
3,7421
2,7422
11,7423
2,7424
2,7425
3,7426
2,7427
2,7428
2,7429
2,7430
2,7431
3,7432
2,7433
2,7434
2,7435
5,7436
3,7437
3,7438
3,7439
3,7440
2,7441
2,7442
2,7443
5,7444
2,7445
2,7446
2,7447
2,7448
2,7449
7,7450
2,7451
2,7452
2,7453
3,7454
3,7455
2,7456
2,7457
4,7458
4,7459
2,7460
4,7461
2,7462
2,7463
4,7464
3,7465
2,7466
9,7467
2,7468
3,7469
2,7470
2,7471
2,7472
2,7473
3,7474
4,7475
2,7476
4,7477
2,7478
7,7479
2,7480
2,7481
2,7482
10,7483
2,7484
2,7485
2,7486
2,7487
3,7488
2,7489
2,7490
6,7491
2,7492
2,7493
2,7494
3,7495
2,7496
2,7497
2,7498
2,7499
2,7500
2,7501
2,7502
3,7503
2,7504
2,7505
2,7506
5,7507
2,7508
2,7509
2,7510
2,7511
2,7512
2,7513
2,7514
4,7515
2,7516
4,7517
3,7518
2,7519
2,7520
4,7521
2,7522
4,7523
2,7524
2,7525
2,7526
3,7527
9,7528
2,7529
2,7530
2,7531
2,7532
2,7533
2,7534
3,7535
4,7536
2,7537
3,7538
2,7539
2,7540
4,7541
3,7542
2,7543
2,7544
2,7545
5,7546
2,7547
4,7548
2,7549
2,7550
2,7551
3,7552
2,7553
2,7554
2,7555
2,7556
2,7557
4,7558
6,7559
2,7560
5,7561
2,7562
2,7563
3,7564
2,7565
2,7566
2,7567
2,7568
22,7569
2,7570
7,7571
2,7572
6,7573
13,7574
2,7575
2,7576
2,7577
3,7578
2,7579
2,7580
3,7581
2,7582
2,7583
2,7584
2,7585
4,7586
2,7587
5,7588
2,7589
3,7590
2,7591
5,7592
2,7593
2,7594
5,7595
2,7596
3,7597
23,7598
2,7599
2,7600
2,7601
2,7602
2,7603
2,7604
2,7605
18,7606
2,7607
3,7608
2,7609
6,7610
3,7611
2,7612
2,7613
3,7614
2,7615
2,7616
2,7617
2,7618
6,7619
5,7620
2,7621
2,7622
2,7623
2,7624
3,7625
3,7626
2,7627
3,7628
2,7629
2,7630
4,7631
2,7632
2,7633
2,7634
43,7635
4,7636
2,7637
2,7638
2,7639
3,7640
8,7641
2,7642
2,7643
2,7644
3,7645
2,7646
3,7647
2,7648
2,7649
3,7650
3,7651
2,7652
3,7653
2,7654
5,7655
9,7656
3,7657
96,7658
2,7659
4,7660
4,7661
3,7662
2,7663
3,7664
6,7665
4,7666
2,7667
2,7668
2,7669
2,7670
2,7671
3,7672
2,7673
2,7674
4,7675
2,7676
2,7677
2,7678
2,7679
2,7680
7,7681
3,7682
2,7683
2,7684
2,7685
2,7686
3,7687
2,7688
2,7689
2,7690
4,7691
2,7692
2,7693
2,7694
5,7695
4,7696
2,7697
2,7698
2,7699
4,7700
2,7701
2,7702
2,7703
7,7704
15,7705
13,7706
3,7707
5,7708
2,7709
2,7710
3,7711
2,7712
2,7713
12,7714
2,7715
3,7716
2,7717
6,7718
2,7719
2,7720
2,7721
5,7722
2,7723
2,7724
2,7725
2,7726
2,7727
2,7728
2,7729
3,7730
2,7731
4,7732
2,7733
3,7734
4,7735
2,7736
8,7737
2,7738
2,7739
2,7740
2,7741
2,7742
31,7743
2,7744
3,7745
2,7746
2,7747
2,7748
2,7749
2,7750
12,7751
3,7752
2,7753
2,7754
2,7755
2,7756
2,7757
5,7758
2,7759
3,7760
2,7761
2,7762
3,7763
4,7764
2,7765
2,7766
2,7767
2,7768
2,7769
92,7770
2,7771
2,7772
2,7773
71,7774
2,7775
2,7776
2,7777
2,7778
2,7779
22,7780
2,7781
4,7782
10,7783
2,7784
2,7785
20,7786
41,7787
2,7788
2,7789
2,7790
2,7791
2,7792
2,7793
4,7794
2,7795
2,7796
2,7797
4,7798
2,7799
2,7800
2,7801
3,7802
2,7803
17,7804
2,7805
2,7806
2,7807
3,7808
2,7809
2,7810
13,7811
2,7812
3,7813
2,7814
4,7815
2,7816
2,7817
2,7818
4,7819
2,7820
4,7821
2,7822
2,7823
2,7824
2,7825
2,7826
4,7827
2,7828
2,7829
2,7830
3,7831
35,7832
2,7833
2,7834
2,7835
3,7836
3,7837
2,7838
2,7839
3,7840
3,7841
2,7842
3,7843
2,7844
2,7845
3,7846
8,7847
2,7848
2,7849
10,7850
7,7851
2,7852
2,7853
2,7854
2,7855
5,7856
2,7857
2,7858
2,7859
2,7860
2,7861
2,7862
2,7863
2,7864
2,7865
14,7866
2,7867
4,7868
14,7869
4,7870
2,7871
3,7872
2,7873
2,7874
2,7875
2,7876
4,7877
2,7878
10,7879
2,7880
2,7881
2,7882
2,7883
2,7884
2,7885
16,7886
2,7887
2,7888
2,7889
2,7890
2,7891
3,7892
3,7893
2,7894
14,7895
3,7896
2,7897
2,7898
3,7899
3,7900
2,7901
2,7902
2,7903
2,7904
6,7905
15,7906
60,7907
2,7908
2,7909
2,7910
2,7911
4,7912
2,7913
2,7914
2,7915
3,7916
2,7917
25,7918
2,7919
2,7920
3,7921
3,7922
2,7923
2,7924
2,7925
2,7926
3,7927
4,7928
6,7929
6,7930
2,7931
3,7932
2,7933
3,7934
2,7935
8,7936
2,7937
2,7938
2,7939
3,7940
3,7941
8,7942
3,7943
2,7944
2,7945
3,7946
2,7947
2,7948
2,7949
4,7950
3,7951
4,7952
3,7953
8,7954
6,7955
2,7956
2,7957
8,7958
2,7959
2,7960
2,7961
2,7962
2,7963
2,7964
2,7965
2,7966
2,7967
3,7968
3,7969
21,7970
2,7971
2,7972
351,7973
4,7974
2,7975
6,7976
2,7977
2,7978
2,7979
2,7980
2,7981
2,7982
2,7983
2,7984
2,7985
3,7986
3,7987
2,7988
2,7989
2,7990
2,7991
2,7992
2,7993
2,7994
24,7995
5,7996
2,7997
2,7998
4,7999
5,8000
2,8001
3,8002
11,8003
2,8004
2,8005
2,8006
2,8007
4,8008
3,8009
5,8010
2,8011
3,8012
3,8013
3,8014
3,8015
2,8016
2,8017
9,8018
2,8019
2,8020
2,8021
17,8022
2,8023
2,8024
2,8025
3,8026
2,8027
2,8028
14,8029
2,8030
2,8031
2,8032
3,8033
2,8034
2,8035
2,8036
4,8037
7,8038
9,8039
2,8040
2,8041
2,8042
2,8043
2,8044
2,8045
2,8046
2,8047
36,8048
3,8049
6,8050
2,8051
2,8052
2,8053
3,8054
2,8055
3,8056
7,8057
2,8058
2,8059
3,8060
5,8061
2,8062
2,8063
2,8064
2,8065
2,8066
852,8067
3,8068
3,8069
9,8070
15,8071
4,8072
4,8073
2,8074
2,8075
2,8076
2,8077
2,8078
2,8079
7,8080
5,8081
3,8082
2,8083
4,8084
5,8085
2,8086
5,8087
2,8088
2,8089
476,8090
2,8091
3,8092
573,8093
10,8094
4,8095
2,8096
2,8097
4,8098
3,8099
5,8100
2,8101
2,8102
2,8103
4,8104
2,8105
12,8106
2,8107
2,8108
2,8109
2,8110
3,8111
2,8112
3,8113
2,8114
4,8115
3,8116
2,8117
8,8118
37,8119
2,8120
3,8121
2,8122
2,8123
3,8124
2,8125
4,8126
2,8127
7,8128
2,8129
2,8130
7,8131
2,8132
2,8133
4,8134
3,8135
2,8136
4,8137
2,8138
46,8139
2,8140
2,8141
2,8142
2,8143
2,8144
2,8145
12,8146
3,8147
2,8148
2,8149
2,8150
2,8151
2,8152
2,8153
3,8154
4,8155
2,8156
3,8157
28,8158
2,8159
61,8160
2,8161
3,8162
10,8163
2,8164
2,8165
5,8166
2,8167
4,8168
2,8169
2,8170
2,8171
2,8172
3,8173
2,8174
2,8175
2,8176
4,8177
8,8178
19,8179
2,8180
2,8181
3,8182
3,8183
2,8184
10,8185
3,8186
2,8187
2,8188
17,8189
2,8190
2,8191
6,8192
2,8193
3,8194
2,8195
4,8196
2,8197
2,8198
2,8199
2,8200
2,8201
2,8202
2,8203
2,8204
3,8205
4,8206
2,8207
2,8208
2,8209
2,8210
4,8211
3,8212
2,8213
4,8214
2,8215
2,8216
13,8217
2,8218
2,8219
2,8220
2,8221
3,8222
4,8223
2,8224
2,8225
2,8226
3,8227
2,8228
22,8229
2,8230
2,8231
5,8232
2,8233
2,8234
2,8235
2,8236
2,8237
3,8238
2,8239
2,8240
3,8241
2,8242
4,8243
3,8244
2,8245
2,8246
2,8247
10,8248
7,8249
2,8250
2,8251
2,8252
2,8253
2,8254
2,8255
4,8256
2,8257
2,8258
26,8259
4,8260
2,8261
2,8262
2,8263
3,8264
2,8265
2,8266
3,8267
2,8268
2,8269
5,8270
4,8271
2,8272
3,8273
10,8274
2,8275
4,8276
2,8277
2,8278
2,8279
3,8280
2,8281
2,8282
13,8283
2,8284
2,8285
2,8286
2,8287
5,8288
2,8289
5,8290
4,8291
2,8292
2,8293
2,8294
3,8295
4,8296
3,8297
2,8298
19,8299
11,8300
2,8301
3,8302
3,8303
2,8304
3,8305
2,8306
2,8307
3,8308
4,8309
2,8310
2,8311
6,8312
2,8313
2,8314
5,8315
6,8316
2,8317
3,8318
14,8319
2,8320
2,8321
2,8322
2,8323
2,8324
2,8325
2,8326
2,8327
2,8328
90,8329
2,8330
2,8331
8,8332
2,8333
2,8334
2,8335
4,8336
2,8337
3,8338
2,8339
3,8340
2,8341
2,8342
8,8343
3,8344
2,8345
2,8346
6,8347
5,8348
2,8349
3,8350
2,8351
4,8352
2,8353
2,8354
7,8355
2,8356
3,8357
3,8358
6,8359
7,8360
6,8361
2,8362
2,8363
3,8364
2,8365
3,8366
2,8367
2,8368
5,8369
2,8370
7,8371
2,8372
3,8373
2,8374
10,8375
2,8376
2,8377
4,8378
7,8379
7,8380
3,8381
3,8382
2,8383
2,8384
2,8385
2,8386
2,8387
3,8388
2,8389
2,8390
2,8391
3,8392
2,8393
5,8394
6,8395
5,8396
54,8397
2,8398
8,8399
2,8400
2,8401
2,8402
2,8403
2,8404
61,8405
2,8406
2,8407
16,8408
2,8409
2,8410
5,8411
2,8412
2,8413
3,8414
2,8415
3,8416
13,8417
2,8418
2,8419
2,8420
2,8421
4,8422
2,8423
4,8424
2,8425
3,8426
3,8427
10,8428
2,8429
3,8430
14,8431
3,8432
2,8433
12,8434
2,8435
3,8436
2,8437
2,8438
2,8439
2,8440
2,8441
2,8442
3,8443
3,8444
2,8445
2,8446
3,8447
2,8448
50,8449
2,8450
2,8451
2,8452
2,8453
2,8454
3,8455
2,8456
7,8457
8,8458
7,8459
2,8460
5,8461
37,8462
2,8463
2,8464
3,8465
2,8466
2,8467
2,8468
3,8469
2,8470
2,8471
3,8472
2,8473
33,8474
2,8475
2,8476
6,8477
16,8478
2,8479
2,8480
2,8481
2,8482
2,8483
3,8484
29,8485
5,8486
3,8487
2,8488
2,8489
2,8490
2,8491
2,8492
3,8493
4,8494
2,8495
4,8496
2,8497
2,8498
6,8499
2,8500
2,8501
2,8502
8,8503
2,8504
2,8505
2,8506
7,8507
2,8508
2,8509
2,8510
2,8511
2,8512
2,8513
2,8514
3,8515
2,8516
2,8517
35,8518
8,8519
2,8520
2,8521
2,8522
2,8523
2,8524
3,8525
2,8526
2,8527
2,8528
4,8529
2,8530
9,8531
3,8532
2,8533
3,8534
7,8535
2,8536
2,8537
2,8538
2,8539
2,8540
3,8541
6,8542
2,8543
4,8544
2,8545
9,8546
2,8547
5,8548
3,8549
2,8550
2,8551
2,8552
6,8553
7,8554
24,8555
2,8556
5,8557
66,8558
21,8559
2,8560
2,8561
2,8562
2,8563
2,8564
2,8565
2,8566
3,8567
2,8568
2,8569
2,8570
3,8571
2,8572
3,8573
2,8574
10,8575
2,8576
4,8577
2,8578
2,8579
3,8580
16,8581
4,8582
2,8583
3,8584
2,8585
2,8586
2,8587
2,8588
2,8589
2,8590
14,8591
8,8592
3,8593
31,8594
9,8595
2,8596
2,8597
5,8598
2,8599
2,8600
6,8601
3,8602
2,8603
2,8604
13,8605
3,8606
2,8607
2,8608
2,8609
8,8610
3,8611
2,8612
2,8613
15,8614
17,8615
2,8616
5,8617
9,8618
13,8619
9,8620
2,8621
2,8622
6,8623
2,8624
6,8625
3,8626
2,8627
4,8628
2,8629
3,8630
2,8631
2,8632
2,8633
3,8634
3,8635
2,8636
2,8637
2,8638
4,8639
144,8640
2,8641
2,8642
7,8643
19,8644
14,8645
4,8646
3,8647
2,8648
2,8649
2,8650
2,8651
2,8652
12,8653
6,8654
4,8655
4,8656
5,8657
2,8658
6,8659
2,8660
5,8661
5,8662
2,8663
19,8664
2,8665
3,8666
6,8667
2,8668
3,8669
2,8670
2,8671
3,8672
2,8673
2,8674
2,8675
2,8676
2,8677
3,8678
5,8679
4,8680
2,8681
24,8682
3,8683
3,8684
3,8685
7,8686
2,8687
2,8688
3,8689
3,8690
2,8691
2,8692
2,8693
2,8694
2,8695
2,8696
2,8697
2,8698
2,8699
4,8700
2,8701
12,8702
5,8703
2,8704
4,8705
2,8706
2,8707
3,8708
2,8709
12,8710
3,8711
2,8712
2,8713
2,8714
2,8715
2,8716
2,8717
20,8718
2,8719
4,8720
2,8721
5,8722
2,8723
3,8724
2,8725
39,8726
2,8727
3,8728
315,8729
2,8730
4,8731
3,8732
2,8733
2,8734
2,8735
2,8736
2,8737
2,8738
2,8739
3,8740
2,8741
2,8742
2,8743
6,8744
4,8745
2,8746
2,8747
2,8748
2,8749
3,8750
2,8751
2,8752
2,8753
2,8754
2,8755
4,8756
4,8757
2,8758
7,8759
2,8760
2,8761
17,8762
2,8763
5,8764
2,8765
2,8766
2,8767
2,8768
2,8769
2,8770
2,8771
3,8772
3,8773
3,8774
2,8775
2,8776
2,8777
4,8778
2,8779
24,8780
2,8781
6,8782
2,8783
2,8784
2,8785
2,8786
2,8787
5,8788
2,8789
2,8790
4,8791
2,8792
2,8793
3,8794
4,8795
2,8796
2,8797
3,8798
2,8799
7,8800
2,8801
17,8802
2,8803
4,8804
2,8805
3,8806
2,8807
2,8808
4,8809
2,8810
3,8811
2,8812
2,8813
2,8814
3,8815
7,8816
3,8817
4,8818
6,8819
3,8820
3,8821
2,8822
2,8823
16,8824
11,8825
2,8826
2,8827
2,8828
5,8829
2,8830
2,8831
2,8832
3,8833
2,8834
2,8835
2,8836
2,8837
4,8838
2,8839
11,8840
8,8841
2,8842
4,8843
2,8844
3,8845
4,8846
5,8847
2,8848
2,8849
4,8850
2,8851
3,8852
2,8853
2,8854
2,8855
2,8856
3,8857
4,8858
2,8859
2,8860
2,8861
6,8862
6,8863
3,8864
2,8865
2,8866
3,8867
2,8868
2,8869
2,8870
2,8871
3,8872
2,8873
2,8874
2,8875
2,8876
3,8877
2,8878
4,8879
8,8880
3,8881
3,8882
3,8883
2,8884
2,8885
7,8886
4,8887
2,8888
2,8889
3,8890
2,8891
2,8892
3,8893
2,8894
3,8895
2,8896
2,8897
3,8898
3,8899
3,8900
3,8901
4,8902
2,8903
2,8904
2,8905
2,8906
5,8907
2,8908
2,8909
2,8910
7,8911
3,8912
4,8913
2,8914
2,8915
9,8916
2,8917
2,8918
7,8919
2,8920
3,8921
5,8922
2,8923
2,8924
2,8925
2,8926
2,8927
2,8928
4,8929
2,8930
2,8931
5,8932
3,8933
2,8934
2,8935
3,8936
2,8937
2,8938
2,8939
2,8940
12,8941
11,8942
2,8943
5,8944
7,8945
5,8946
2,8947
2,8948
3,8949
2,8950
2,8951
4,8952
2,8953
3,8954
2,8955
2,8956
2,8957
2,8958
2,8959
2,8960
2,8961
2,8962
5,8963
2,8964
2,8965
23,8966
3,8967
2,8968
2,8969
4,8970
2,8971
2,8972
2,8973
4,8974
3,8975
4,8976
4,8977
2,8978
11,8979
2,8980
4,8981
3,8982
2,8983
2,8984
2,8985
2,8986
2,8987
2,8988
3,8989
2,8990
2,8991
2,8992
2,8993
3,8994
4,8995
2,8996
2,8997
4,8998
2,8999
2,9000
2,9001
2,9002
2,9003
2,9004
3,9005
2,9006
3,9007
3,9008
3,9009
2,9010
3,9011
2,9012
2,9013
27,9014
3,9015
2,9016
3,9017
8,9018
21,9019
3,9020
2,9021
2,9022
3,9023
8,9024
4,9025
2,9026
2,9027
3,9028
6,9029
4,9030
5,9031
2,9032
2,9033
4,9034
2,9035
2,9036
2,9037
5,9038
2,9039
2,9040
5,9041
4,9042
3,9043
3,9044
2,9045
2,9046
2,9047
2,9048
2,9049
22,9050
2,9051
3,9052
2,9053
12,9054
2,9055
3,9056
2,9057
2,9058
5,9059
5,9060
2,9061
3,9062
3,9063
2,9064
5,9065
26,9066
4,9067
2,9068
2,9069
3,9070
2,9071
3,9072
2,9073
4,9074
4,9075
4,9076
2,9077
10,9078
6,9079
2,9080
3,9081
2,9082
2,9083
2,9084
2,9085
4,9086
13,9087
2,9088
2,9089
8,9090
2,9091
7,9092
3,9093
2,9094
2,9095
2,9096
2,9097
2,9098
3,9099
4,9100
2,9101
2,9102
2,9103
2,9104
3,9105
2,9106
2,9107
10,9108
7,9109
5,9110
2,9111
3,9112
7,9113
2,9114
2,9115
2,9116
3,9117
2,9118
36,9119
2,9120
5,9121
3,9122
26,9123
383,9124
4,9125
2,9126
2,9127
2,9128
2,9129
2,9130
2,9131
2,9132
2,9133
2,9134
8,9135
15,9136
2,9137
9,9138
2,9139
2,9140
2,9141
2,9142
2,9143
3,9144
2,9145
2,9146
3,9147
2,9148
3,9149
2,9150
2,9151
2,9152
2,9153
2,9154
2,9155
8,9156
3,9157
2,9158
2,9159
2,9160
5,9161
6,9162
5,9163
8,9164
17,9165
3,9166
2,9167
5,9168
2,9169
2,9170
4,9171
2,9172
2,9173
4,9174
3,9175
9,9176
7,9177
2,9178
2,9179
2,9180
2,9181
2,9182
2,9183
2,9184
7,9185
2,9186
2,9187
68,9188
4,9189
3,9190
2,9191
2,9192
3,9193
3,9194
2,9195
6,9196
2,9197
10,9198
2,9199
2,9200
2,9201
2,9202
2,9203
2,9204
4,9205
2,9206
82,9207
4,9208
3,9209
9,9210
2,9211
2,9212
2,9213
2,9214
2,9215
2,9216
3,9217
17,9218
2,9219
2,9220
2,9221
10,9222
2,9223
3,9224
2,9225
3,9226
2,9227
5,9228
21,9229
3,9230
2,9231
3,9232
2,9233
3,9234
2,9235
3,9236
2,9237
2,9238
2,9239
3,9240
2,9241
11,9242
2,9243
2,9244
2,9245
5,9246
2,9247
6,9248
28,9249
2,9250
6,9251
2,9252
4,9253
4,9254
5,9255
4,9256
4,9257
2,9258
21,9259
2,9260
2,9261
2,9262
2,9263
2,9264
2,9265
2,9266
2,9267
2,9268
2,9269
4,9270
3,9271
2,9272
3,9273
2,9274
12,9275
8,9276
2,9277
17,9278
3,9279
2,9280
4,9281
2,9282
2,9283
6,9284
2,9285
2,9286
2,9287
3,9288
2,9289
2,9290
2,9291
2,9292
3,9293
2,9294
2,9295
2,9296
2,9297
3,9298
4,9299
2,9300
3,9301
3,9302
5,9303
3,9304
8,9305
3,9306
2,9307
2,9308
2,9309
3,9310
4,9311
2,9312
4,9313
2,9314
2,9315
2,9316
4,9317
38,9318
3,9319
2,9320
4,9321
2,9322
2,9323
7,9324
2,9325
2,9326
2,9327
2,9328
8,9329
6,9330
2,9331
2,9332
2,9333
2,9334
2,9335
2,9336
5,9337
3,9338
2,9339
2,9340
2,9341
2,9342
2,9343
3,9344
3,9345
2,9346
2,9347
2,9348
2,9349
4,9350
3,9351
2,9352
4,9353
3,9354
2,9355
9,9356
2,9357
2,9358
2,9359
3,9360
2,9361
13,9362
2,9363
2,9364
2,9365
2,9366
2,9367
2,9368
5,9369
2,9370
3,9371
12,9372
3,9373
2,9374
2,9375
2,9376
2,9377
2,9378
2,9379
3,9380
2,9381
2,9382
5,9383
2,9384
2,9385
2,9386
3,9387
9,9388
7,9389
2,9390
4,9391
2,9392
2,9393
3,9394
2,9395
2,9396
2,9397
2,9398
5,9399
6,9400
2,9401
4,9402
2,9403
3,9404
5,9405
3,9406
5,9407
4,9408
2,9409
2,9410
2,9411
2,9412
5,9413
2,9414
5,9415
4,9416
2,9417
2,9418
2,9419
2,9420
3,9421
3,9422
2,9423
2,9424
2,9425
2,9426
2,9427
3,9428
2,9429
2,9430
3,9431
2,9432
2,9433
2,9434
2,9435
2,9436
2,9437
2,9438
6,9439
11,9440
2,9441
2,9442
2,9443
2,9444
2,9445
2,9446
5,9447
3,9448
2,9449
4,9450
2,9451
2,9452
2,9453
2,9454
5,9455
2,9456
4,9457
2,9458
2,9459
4,9460
2,9461
2,9462
2,9463
2,9464
5,9465
2,9466
30,9467
3,9468
2,9469
2,9470
4,9471
3,9472
2,9473
2,9474
3,9475
2,9476
2,9477
3,9478
9,9479
4,9480
2,9481
2,9482
3,9483
5,9484
20,9485
3,9486
2,9487
7,9488
4,9489
2,9490
2,9491
2,9492
2,9493
4,9494
5,9495
2,9496
4,9497
2,9498
21,9499
3,9500
4,9501
5,9502
2,9503
2,9504
2,9505
7,9506
2,9507
2,9508
2,9509
2,9510
2,9511
5,9512
3,9513
3,9514
2,9515
17,9516
2,9517
5,9518
6,9519
4,9520
4,9521
3,9522
2,9523
2,9524
7,9525
2,9526
4,9527
2,9528
2,9529
2,9530
3,9531
3,9532
16,9533
2,9534
2,9535
2,9536
3,9537
2,9538
3,9539
2,9540
2,9541
2,9542
2,9543
2,9544
2,9545
3,9546
2,9547
6,9548
2,9549
2,9550
3,9551
2,9552
11,9553
31,9554
11,9555
2,9556
2,9557
2,9558
46,9559
2,9560
4,9561
2,9562
3,9563
2,9564
2,9565
3,9566
2,9567
30,9568
2,9569
20,9570
8,9571
13,9572
3,9573
2,9574
2,9575
2,9576
4,9577
84,9578
2,9579
2,9580
2,9581
2,9582
4,9583
3,9584
3,9585
2,9586
2,9587
3,9588
2,9589
4,9590
2,9591
3,9592
2,9593
5,9594
2,9595
2,9596
2,9597
2,9598
2,9599
2,9600
4,9601
2,9602
6,9603
2,9604
2,9605
2,9606
2,9607
2,9608
2,9609
3,9610
7,9611
13,9612
2,9613
2,9614
5,9615
5,9616
2,9617
2,9618
2,9619
3,9620
2,9621
2,9622
3,9623
2,9624
2,9625
2,9626
2,9627
2,9628
11,9629
5,9630
2,9631
2,9632
2,9633
7,9634
3,9635
6,9636
2,9637
2,9638
4,9639
2,9640
6,9641
2,9642
2,9643
4,9644
9,9645
2,9646
9,9647
2,9648
2,9649
2,9650
2,9651
2,9652
2,9653
4,9654
13,9655
66,9656
4,9657
6,9658
2,9659
3,9660
2,9661
2,9662
2,9663
3,9664
2,9665
14,9666
2,9667
3,9668
2,9669
2,9670
2,9671
2,9672
2,9673
2,9674
2,9675
10,9676
58,9677
7,9678
2,9679
2,9680
3,9681
2,9682
2,9683
2,9684
30,9685
4,9686
2,9687
49,9688
2,9689
3,9690
2,9691
5,9692
3,9693
2,9694
10,9695
3,9696
2,9697
3,9698
2,9699
2,9700
3,9701
2,9702
2,9703
4,9704
2,9705
3,9706
2,9707
2,9708
2,9709
2,9710
2,9711
2,9712
3,9713
2,9714
21,9715
2,9716
2,9717
2,9718
5,9719
2,9720
10,9721
2,9722
2,9723
5,9724
2,9725
3,9726
2,9727
2,9728
3,9729
2,9730
8,9731
3,9732
2,9733
2,9734
2,9735
2,9736
4,9737
10,9738
8,9739
17,9740
2,9741
2,9742
2,9743
2,9744
5,9745
2,9746
3,9747
2,9748
2,9749
2,9750
2,9751
10,9752
2,9753
2,9754
3,9755
2,9756
2,9757
2,9758
7,9759
11,9760
2,9761
2,9762
2,9763
2,9764
178,9765
2,9766
8,9767
9,9768
2,9769
3,9770
4,9771
4,9772
2,9773
4,9774
2,9775
3,9776
2,9777
2,9778
2,9779
2,9780
2,9781
2,9782
2,9783
2,9784
3,9785
2,9786
2,9787
2,9788
2,9789
2,9790
2,9791
2,9792
2,9793
2,9794
2,9795
6,9796
11,9797
2,9798
2,9799
6,9800
3,9801
2,9802
2,9803
2,9804
2,9805
3,9806
5,9807
2,9808
2,9809
2,9810
5,9811
4,9812
2,9813
4,9814
3,9815
2,9816
2,9817
2,9818
3,9819
6,9820
4,9821
2,9822
3,9823
2,9824
2,9825
3,9826
3,9827
2,9828
2,9829
3,9830
2,9831
4,9832
2,9833
3,9834
2,9835
2,9836
2,9837
2,9838
2,9839
3,9840
2,9841
2,9842
2,9843
2,9844
3,9845
3,9846
3,9847
3,9848
2,9849
9,9850
2,9851
4,9852
2,9853
2,9854
2,9855
2,9856
4,9857
2,9858
2,9859
2,9860
2,9861
2,9862
2,9863
2,9864
2,9865
4,9866
2,9867
51,9868
3,9869
2,9870
2,9871
2,9872
9,9873
2,9874
2,9875
2,9876
2,9877
22,9878
2,9879
24,9880
2,9881
2,9882
2,9883
2,9884
2,9885
2,9886
2,9887
2,9888
2,9889
3,9890
2,9891
3,9892
4,9893
3,9894
2,9895
2,9896
18,9897
31,9898
2,9899
3,9900
2,9901
4,9902
7,9903
2,9904
49,9905
2,9906
2,9907
2,9908
2,9909
2,9910
3,9911
2,9912
2,9913
6,9914
2,9915
4,9916
2,9917
2,9918
2,9919
2,9920
3,9921
2,9922
2,9923
2,9924
2,9925
2,9926
3,9927
5,9928
2,9929
2,9930
4,9931
2,9932
3,9933
2,9934
5,9935
3,9936
16,9937
5,9938
3,9939
3,9940
2,9941
8,9942
2,9943
2,9944
2,9945
2,9946
3,9947
2,9948
27,9949
3,9950
2,9951
5,9952
2,9953
2,9954
2,9955
4,9956
3,9957
2,9958
2,9959
2,9960
2,9961
2,9962
2,9963
5,9964
2,9965
2,9966
2,9967
2,9968
2,9969
3,9970
21,9971
3,9972
2,9973
11,9974
2,9975
4,9976
2,9977
2,9978
2,9979
2,9980
2,9981
3,9982
2,9983
2,9984
2,9985
5,9986
3,9987
2,9988
3,9989
8,9990
3,9991
2,9992
4,9993
4,9994
2,9995
2,9996
3,9997
2,9998
3,9999
2,10000
4,10001
4,10002
2,10003
3,10004
2,10005
3,10006
5,10007
5,10008
4,10009
20,10010
4,10011
2,10012
5,10013
2,10014
4,10015
3,10016
6,10017
3,10018
2,10019
2,10020
7,10021
2,10022
3,10023
2,10024
2,10025
2,10026
3,10027
2,10028
2,10029
2,10030
6,10031
2,10032
2,10033
5,10034
6,10035
5,10036
3,10037
18,10038
3,10039
2,10040
4,10041
3,10042
2,10043
2,10044
2,10045
2,10046
2,10047
2,10048
2,10049
2,10050
2,10051
5,10052
2,10053
3,10054
3,10055
2,10056
4,10057
2,10058
2,10059
3,10060
3,10061
2,10062
7,10063
11,10064
3,10065
12,10066
2,10067
2,10068
2,10069
3,10070
2,10071
2,10072
2,10073
3,10074
2,10075
23,10076
2,10077
2,10078
2,10079
2,10080
2,10081
6,10082
2,10083
2,10084
2,10085
2,10086
2,10087
2,10088
2,10089
2,10090
2,10091
2,10092
2,10093
16,10094
2,10095
3,10096
2,10097
2,10098
7,10099
2,10100
8,10101
2,10102
60,10103
2,10104
2,10105
2,10106
2,10107
3,10108
2,10109
2,10110
2,10111
2,10112
2,10113
3,10114
2,10115
3,10116
10,10117
2,10118
3,10119
3,10120
3,10121
2,10122
2,10123
2,10124
2,10125
2,10126
2,10127
16,10128
2,10129
2,10130
2,10131
2,10132
2,10133
2,10134
2,10135
4,10136
3,10137
2,10138
2,10139
3,10140
102,10141
2,10142
2,10143
3,10144
2,10145
2,10146
3,10147
2,10148
2,10149
2,10150
7,10151
2,10152
2,10153
2,10154
2,10155
4,10156
4,10157
6,10158
3,10159
2,10160
3,10161
2,10162
2,10163
3,10164
2,10165
2,10166
15,10167
25,10168
3,10169
2,10170
7,10171
3,10172
2,10173
2,10174
4,10175
2,10176
3,10177
2,10178
2,10179
2,10180
2,10181
2,10182
2,10183
2,10184
2,10185
3,10186
2,10187
4,10188
4,10189
3,10190
3,10191
2,10192
2,10193
2,10194
2,10195
4,10196
4,10197
3,10198
2,10199
2,10200
2,10201
3,10202
2,10203
2,10204
3,10205
3,10206
2,10207
2,10208
4,10209
2,10210
2,10211
8,10212
2,10213
3,10214
2,10215
6,10216
2,10217
2,10218
3,10219
2,10220
2,10221
2,10222
2,10223
54,10224
3,10225
4,10226
2,10227
5,10228
2,10229
4,10230
2,10231
2,10232
3,10233
2,10234
2,10235
261,10236
2,10237
3,10238
2,10239
4,10240
4,10241
64,10242
2,10243
2,10244
2,10245
3,10246
2,10247
2,10248
2,10249
2,10250
2,10251
2,10252
2,10253
2,10254
2,10255
2,10256
3,10257
2,10258
2,10259
2,10260
2,10261
2,10262
2,10263
7,10264
9,10265
2,10266
3,10267
3,10268
3,10269
2,10270
4,10271
3,10272
12,10273
2,10274
2,10275
3,10276
2,10277
2,10278
11,10279
4,10280
2,10281
9,10282
2,10283
3,10284
2,10285
2,10286
2,10287
3,10288
5,10289
2,10290
3,10291
2,10292
2,10293
2,10294
3,10295
2,10296
22,10297
17,10298
3,10299
2,10300
4,10301
3,10302
2,10303
7,10304
2,10305
22,10306
6,10307
70,10308
2,10309
8,10310
3,10311
2,10312
2,10313
2,10314
2,10315
3,10316
2,10317
12,10318
3,10319
2,10320
2,10321
2,10322
3,10323
2,10324
13,10325
2,10326
2,10327
3,10328
2,10329
2,10330
2,10331
2,10332
2,10333
2,10334
2,10335
3,10336
4,10337
2,10338
2,10339
4,10340
24,10341
2,10342
2,10343
2,10344
7,10345
5,10346
2,10347
2,10348
2,10349
4,10350
2,10351
2,10352
3,10353
3,10354
2,10355
4,10356
2,10357
2,10358
2,10359
2,10360
2,10361
2,10362
5,10363
5,10364
2,10365
18,10366
3,10367
2,10368
2,10369
2,10370
2,10371
2,10372
2,10373
2,10374
2,10375
3,10376
2,10377
4,10378
3,10379
2,10380
2,10381
2,10382
2,10383
2,10384
2,10385
3,10386
2,10387
2,10388
2,10389
2,10390
5,10391
2,10392
6,10393
2,10394
3,10395
10,10396
4,10397
2,10398
6,10399
3,10400
2,10401
2,10402
2,10403
2,10404
3,10405
2,10406
2,10407
2,10408
2,10409
2,10410
2,10411
2,10412
2,10413
4,10414
2,10415
3,10416
2,10417
2,10418
2,10419
2,10420
68,10421
2,10422
2,10423
4,10424
2,10425
2,10426
3,10427
3,10428
2,10429
2,10430
2,10431
3,10432
3,10433
2,10434
4,10435
2,10436
2,10437
2,10438
6,10439
3,10440
2,10441
10,10442
16,10443
2,10444
2,10445
2,10446
2,10447
5,10448
2,10449
2,10450
2,10451
2,10452
37,10453
2,10454
2,10455
2,10456
2,10457
4,10458
2,10459
2,10460
2,10461
8,10462
2,10463
2,10464
2,10465
2,10466
2,10467
2,10468
3,10469
2,10470
2,10471
9,10472
2,10473
3,10474
3,10475
27,10476
3,10477
4,10478
2,10479
2,10480
3,10481
2,10482
2,10483
3,10484
2,10485
8,10486
2,10487
2,10488
2,10489
2,10490
3,10491
4,10492
3,10493
3,10494
3,10495
2,10496
2,10497
5,10498
2,10499
2,10500
2,10501
4,10502
5,10503
2,10504
2,10505
2,10506
2,10507
3,10508
2,10509
2,10510
2,10511
2,10512
2,10513
2,10514
2,10515
4,10516
9,10517
2,10518
2,10519
2,10520
3,10521
2,10522
2,10523
2,10524
2,10525
2,10526
7,10527
2,10528
2,10529
5,10530
2,10531
2,10532
2,10533
2,10534
2,10535
17,10536
7,10537
2,10538
2,10539
2,10540
2,10541
6,10542
2,10543
2,10544
3,10545
4,10546
2,10547
2,10548
2,10549
2,10550
3,10551
2,10552
7,10553
29,10554
2,10555
4,10556
4,10557
6,10558
2,10559
3,10560
2,10561
2,10562
2,10563
2,10564
2,10565
2,10566
2,10567
2,10568
3,10569
2,10570
2,10571
2,10572
2,10573
2,10574
3,10575
2,10576
2,10577
3,10578
2,10579
38,10580
16,10581
5,10582
2,10583
2,10584
6,10585
2,10586
2,10587
2,10588
2,10589
9,10590
6,10591
3,10592
4,10593
2,10594
2,10595
2,10596
6,10597
8,10598
2,10599
2,10600
4,10601
2,10602
6,10603
3,10604
3,10605
196,10606
2,10607
7,10608
4,10609
5,10610
2,10611
4,10612
3,10613
2,10614
2,10615
2,10616
15,10617
2,10618
5,10619
4,10620
7,10621
18,10622
3,10623
37,10624
2,10625
2,10626
3,10627
2,10628
11,10629
2,10630
2,10631
2,10632
4,10633
5,10634
3,10635
3,10636
3,10637
2,10638
2,10639
2,10640
76,10641
3,10642
2,10643
2,10644
2,10645
2,10646
7,10647
3,10648
2,10649
3,10650
2,10651
3,10652
2,10653
2,10654
3,10655
2,10656
2,10657
2,10658
4,10659
2,10660
3,10661
2,10662
2,10663
4,10664
2,10665
2,10666
2,10667
2,10668
2,10669
2,10670
2,10671
2,10672
2,10673
2,10674
2,10675
2,10676
88,10677
7,10678
2,10679
2,10680
2,10681
2,10682
2,10683
2,10684
2,10685
2,10686
2,10687
4,10688
3,10689
3,10690
2,10691
2,10692
2,10693
2,10694
3,10695
2,10696
2,10697
2,10698
2,10699
2,10700
2,10701
3,10702
2,10703
2,10704
3,10705
2,10706
2,10707
48,10708
2,10709
21,10710
2,10711
45,10712
4,10713
2,10714
2,10715
4,10716
2,10717
6,10718
2,10719
2,10720
2,10721
2,10722
2,10723
3,10724
2,10725
3,10726
2,10727
2,10728
2,10729
2,10730
3,10731
3,10732
2,10733
2,10734
2,10735
6,10736
2,10737
3,10738
4,10739
2,10740
2,10741
2,10742
2,10743
38,10744
2,10745
2,10746
5,10747
3,10748
4,10749
2,10750
14,10751
2,10752
2,10753
2,10754
2,10755
4,10756
3,10757
3,10758
4,10759
4,10760
3,10761
7,10762
2,10763
3,10764
13,10765
2,10766
5,10767
3,10768
2,10769
5,10770
2,10771
5,10772
2,10773
2,10774
5,10775
3,10776
2,10777
3,10778
6,10779
2,10780
2,10781
2,10782
2,10783
2,10784
2,10785
2,10786
2,10787
43,10788
3,10789
2,10790
3,10791
2,10792
2,10793
2,10794
2,10795
2,10796
5,10797
16,10798
2,10799
2,10800
2,10801
2,10802
5,10803
3,10804
3,10805
4,10806
2,10807
2,10808
2,10809
2,10810
2,10811
2,10812
65,10813
3,10814
2,10815
2,10816
8,10817
2,10818
2,10819
3,10820
2,10821
7,10822
2,10823
11,10824
2,10825
2,10826
15,10827
3,10828
2,10829
19,10830
2,10831
2,10832
2,10833
5,10834
2,10835
7,10836
2,10837
2,10838
2,10839
2,10840
49,10841
2,10842
3,10843
2,10844
2,10845
28,10846
2,10847
4,10848
2,10849
3,10850
2,10851
2,10852
3,10853
3,10854
3,10855
490,10856
2,10857
2,10858
2,10859
2,10860
2,10861
6,10862
2,10863
2,10864
2,10865
2,10866
6,10867
3,10868
11,10869
2,10870
3,10871
2,10872
2,10873
16,10874
4,10875
2,10876
2,10877
2,10878
42,10879
2,10880
2,10881
2,10882
2,10883
4,10884
2,10885
2,10886
3,10887
24,10888
2,10889
3,10890
2,10891
2,10892
2,10893
2,10894
7,10895
3,10896
2,10897
2,10898
2,10899
2,10900
12,10901
2,10902
3,10903
2,10904
2,10905
2,10906
2,10907
2,10908
2,10909
12,10910
3,10911
6,10912
5,10913
2,10914
4,10915
2,10916
2,10917
2,10918
5,10919
3,10920
2,10921
5,10922
54,10923
12,10924
5,10925
4,10926
2,10927
8,10928
11,10929
10,10930
2,10931
2,10932
13,10933
16,10934
6,10935
3,10936
2,10937
4,10938
3,10939
2,10940
4,10941
5,10942
6,10943
6,10944
2,10945
2,10946
2,10947
3,10948
3,10949
2,10950
2,10951
2,10952
2,10953
4,10954
2,10955
4,10956
9,10957
89,10958
3,10959
2,10960
2,10961
2,10962
31,10963
4,10964
5,10965
2,10966
2,10967
3,10968
133,10969
2,10970
3,10971
7,10972
2,10973
2,10974
2,10975
2,10976
3,10977
2,10978
2,10979
2,10980
3,10981
2,10982
2,10983
2,10984
2,10985
6,10986
2,10987
3,10988
3,10989
2,10990
3,10991
2,10992
2,10993
2,10994
2,10995
2,10996
2,10997
4,10998
5,10999
3,11000
2,11001
2,11002
3,11003
2,11004
2,11005
2,11006
3,11007
4,11008
3,11009
2,11010
2,11011
4,11012
2,11013
2,11014
2,11015
158,11016
181,11017
2,11018
2,11019
3,11020
5,11021
6,11022
3,11023
2,11024
2,11025
12,11026
6,11027
2,11028
170,11029
2,11030
5,11031
2,11032
2,11033
13,11034
4,11035
2,11036
2,11037
2,11038
2,11039
2,11040
5,11041
2,11042
4,11043
2,11044
2,11045
3,11046
3,11047
2,11048
3,11049
3,11050
2,11051
3,11052
2,11053
2,11054
2,11055
2,11056
2,11057
4,11058
2,11059
2,11060
2,11061
3,11062
3,11063
6,11064
2,11065
3,11066
2,11067
2,11068
7,11069
3,11070
2,11071
2,11072
2,11073
2,11074
2,11075
3,11076
2,11077
2,11078
3,11079
2,11080
3,11081
2,11082
2,11083
2,11084
2,11085
5,11086
3,11087
3,11088
2,11089
2,11090
2,11091
2,11092
3,11093
3,11094
2,11095
2,11096
2,11097
8,11098
12,11099
3,11100
2,11101
2,11102
14,11103
2,11104
2,11105
2,11106
2,11107
6,11108
7,11109
2,11110
2,11111
2,11112
2,11113
2,11114
3,11115
2,11116
3,11117
2,11118
4,11119
2,11120
2,11121
2,11122
2,11123
2,11124
3,11125
4,11126
6,11127
2,11128
2,11129
3,11130
2,11131
2,11132
2,11133
5,11134
2,11135
2,11136
2,11137
7,11138
2,11139
2,11140
3,11141
3,11142
5,11143
15,11144
2,11145
2,11146
2,11147
3,11148
5,11149
7,11150
2,11151
2,11152
3,11153
2,11154
3,11155
9,11156
3,11157
2,11158
2,11159
37,11160
2,11161
2,11162
5,11163
2,11164
2,11165
2,11166
20,11167
2,11168
2,11169
2,11170
2,11171
2,11172
2,11173
19,11174
3,11175
5,11176
2,11177
2,11178
4,11179
2,11180
13,11181
3,11182
2,11183
2,11184
2,11185
3,11186
2,11187
3,11188
2,11189
2,11190
2,11191
2,11192
2,11193
17,11194
2,11195
2,11196
2,11197
2,11198
697,11199
2,11200
2,11201
2,11202
2,11203
2,11204
3,11205
2,11206
4,11207
2,11208
2,11209
2,11210
92,11211
2,11212
2,11213
13,11214
5,11215
6,11216
2,11217
2,11218
9,11219
2,11220
7,11221
2,11222
22,11223
4,11224
2,11225
2,11226
2,11227
2,11228
9,11229
4,11230
2,11231
2,11232
2,11233
4,11234
2,11235
3,11236
2,11237
3,11238
2,11239
2,11240
2,11241
2,11242
4,11243
2,11244
2,11245
2,11246
3,11247
2,11248
2,11249
2,11250
2,11251
7,11252
3,11253
13,11254
4,11255
2,11256
2,11257
2,11258
2,11259
2,11260
11,11261
3,11262
2,11263
3,11264
2,11265
3,11266
3,11267
5,11268
5,11269
2,11270
2,11271
2,11272
3,11273
3,11274
5,11275
2,11276
2,11277
2,11278
4,11279
3,11280
11,11281
2,11282
2,11283
2,11284
3,11285
2,11286
2,11287
2,11288
3,11289
2,11290
4,11291
2,11292
2,11293
2,11294
2,11295
2,11296
5,11297
3,11298
2,11299
2,11300
2,11301
36,11302
10,11303
2,11304
3,11305
2,11306
2,11307
2,11308
2,11309
2,11310
2,11311
2,11312
2,11313
3,11314
2,11315
2,11316
23,11317
9,11318
16,11319
2,11320
2,11321
2,11322
2,11323
3,11324
4,11325
5,11326
4,11327
4,11328
2,11329
2,11330
2,11331
3,11332
2,11333
3,11334
2,11335
4,11336
43,11337
3,11338
2,11339
2,11340
186,11341
2,11342
4,11343
2,11344
26,11345
2,11346
2,11347
12,11348
3,11349
2,11350
2,11351
2,11352
2,11353
2,11354
3,11355
2,11356
3,11357
2,11358
2,11359
2,11360
25,11361
3,11362
2,11363
2,11364
5,11365
2,11366
2,11367
2,11368
3,11369
2,11370
2,11371
2,11372
2,11373
2,11374
2,11375
2,11376
2,11377
4,11378
12,11379
2,11380
2,11381
2,11382
2,11383
4,11384
2,11385
3,11386
2,11387
2,11388
2,11389
6,11390
4,11391
2,11392
3,11393
3,11394
2,11395
3,11396
7,11397
2,11398
3,11399
2,11400
6,11401
2,11402
2,11403
2,11404
6,11405
2,11406
2,11407
2,11408
2,11409
8,11410
2,11411
2,11412
2,11413
6,11414
3,11415
2,11416
2,11417
2,11418
3,11419
2,11420
3,11421
2,11422
3,11423
3,11424
3,11425
2,11426
5,11427
2,11428
2,11429
2,11430
2,11431
2,11432
2,11433
2,11434
2,11435
2,11436
4,11437
2,11438
5,11439
2,11440
2,11441
2,11442
2,11443
4,11444
2,11445
2,11446
2,11447
3,11448
3,11449
2,11450
2,11451
2,11452
2,11453
2,11454
2,11455
8,11456
2,11457
2,11458
2,11459
2,11460
2,11461
2,11462
2,11463
2,11464
2,11465
2,11466
2,11467
2,11468
5,11469
3,11470
3,11471
4,11472
2,11473
7,11474
50,11475
2,11476
15,11477
2,11478
2,11479
12,11480
5,11481
2,11482
4,11483
2,11484
4,11485
2,11486
2,11487
3,11488
5,11489
3,11490
2,11491
3,11492
2,11493
2,11494
3,11495
2,11496
11,11497
2,11498
3,11499
5,11500
2,11501
2,11502
2,11503
2,11504
8,11505
6,11506
2,11507
4,11508
3,11509
2,11510
2,11511
2,11512
2,11513
9,11514
2,11515
12,11516
2,11517
2,11518
2,11519
2,11520
2,11521
4,11522
3,11523
2,11524
2,11525
2,11526
4,11527
2,11528
2,11529
2,11530
2,11531
4,11532
2,11533
2,11534
3,11535
6,11536
2,11537
3,11538
2,11539
22,11540
5,11541
2,11542
2,11543
2,11544
2,11545
2,11546
2,11547
2,11548
8,11549
2,11550
2,11551
3,11552
2,11553
2,11554
2,11555
2,11556
2,11557
7,11558
3,11559
2,11560
4,11561
2,11562
4,11563
3,11564
2,11565
2,11566
2,11567
2,11568
2,11569
3,11570
2,11571
2,11572
2,11573
5,11574
2,11575
2,11576
2,11577
2,11578
2,11579
2,11580
2,11581
2,11582
7,11583
7,11584
2,11585
2,11586
7,11587
2,11588
2,11589
11,11590
2,11591
5,11592
3,11593
2,11594
126,11595
3,11596
3,11597
2,11598
2,11599
2,11600
2,11601
2,11602
2,11603
2,11604
2,11605
2,11606
2,11607
3,11608
2,11609
2,11610
3,11611
2,11612
2,11613
2,11614
5,11615
40,11616
5,11617
8,11618
2,11619
2,11620
3,11621
2,11622
2,11623
2,11624
3,11625
2,11626
2,11627
10,11628
5,11629
2,11630
2,11631
4,11632
3,11633
3,11634
2,11635
2,11636
2,11637
2,11638
3,11639
6,11640
3,11641
3,11642
2,11643
2,11644
2,11645
2,11646
2,11647
3,11648
4,11649
4,11650
2,11651
2,11652
19,11653
2,11654
3,11655
2,11656
3,11657
2,11658
2,11659
2,11660
3,11661
2,11662
2,11663
3,11664
7,11665
2,11666
2,11667
3,11668
22,11669
2,11670
3,11671
2,11672
2,11673
2,11674
2,11675
114,11676
2,11677
3,11678
4,11679
2,11680
2,11681
9,11682
2,11683
2,11684
2,11685
2,11686
2,11687
12,11688
2,11689
7,11690
2,11691
2,11692
2,11693
6,11694
2,11695
2,11696
2,11697
2,11698
2,11699
2,11700
2,11701
4,11702
20,11703
2,11704
2,11705
3,11706
2,11707
2,11708
3,11709
2,11710
2,11711
10,11712
2,11713
6,11714
3,11715
2,11716
2,11717
3,11718
2,11719
2,11720
5,11721
2,11722
3,11723
13,11724
3,11725
2,11726
2,11727
2,11728
3,11729
2,11730
2,11731
2,11732
2,11733
2,11734
21,11735
2,11736
2,11737
2,11738
4,11739
2,11740
2,11741
3,11742
5,11743
2,11744
3,11745
2,11746
2,11747
19,11748
2,11749
6,11750
2,11751
3,11752
3,11753
3,11754
2,11755
2,11756
7,11757
3,11758
2,11759
3,11760
2,11761
2,11762
3,11763
2,11764
3,11765
3,11766
3,11767
2,11768
2,11769
2,11770
3,11771
2,11772
2,11773
3,11774
2,11775
2,11776
2,11777
2,11778
3,11779
6,11780
6,11781
3,11782
10,11783
3,11784
2,11785
2,11786
4,11787
6,11788
7,11789
4,11790
7,11791
5,11792
3,11793
3,11794
2,11795
2,11796
9,11797
3,11798
2,11799
2,11800
2,11801
5,11802
71,11803
3,11804
24,11805
3,11806
2,11807
3,11808
2,11809
2,11810
2,11811
2,11812
3,11813
2,11814
7,11815
2,11816
2,11817
6,11818
4,11819
4,11820
2,11821
2,11822
2,11823
2,11824
4,11825
2,11826
5,11827
2,11828
2,11829
2,11830
2,11831
2,11832
3,11833
2,11834
3,11835
389,11836
2,11837
2,11838
2,11839
5,11840
2,11841
2,11842
3,11843
12,11844
2,11845
2,11846
3,11847
3,11848
2,11849
2,11850
3,11851
3,11852
2,11853
2,11854
2,11855
11,11856
4,11857
2,11858
2,11859
2,11860
2,11861
2,11862
2,11863
2,11864
5,11865
2,11866
3,11867
2,11868
3,11869
2,11870
2,11871
4,11872
12,11873
2,11874
3,11875
2,11876
2,11877
3,11878
2,11879
2,11880
2,11881
2,11882
3,11883
4,11884
3,11885
2,11886
2,11887
5,11888
12,11889
9,11890
2,11891
3,11892
4,11893
2,11894
2,11895
2,11896
2,11897
3,11898
4,11899
2,11900
2,11901
2,11902
2,11903
2,11904
2,11905
2,11906
16,11907
2,11908
3,11909
4,11910
2,11911
3,11912
2,11913
4,11914
2,11915
3,11916
2,11917
3,11918
2,11919
3,11920
10,11921
2,11922
2,11923
2,11924
2,11925
2,11926
2,11927
2,11928
2,11929
486,11930
2,11931
2,11932
2,11933
2,11934
2,11935
2,11936
3,11937
2,11938
2,11939
2,11940
3,11941
3,11942
2,11943
5,11944
2,11945
4,11946
2,11947
4,11948
2,11949
3,11950
3,11951
2,11952
2,11953
2,11954
2,11955
3,11956
2,11957
5,11958
3,11959
2,11960
2,11961
2,11962
2,11963
2,11964
2,11965
3,11966
2,11967
2,11968
7,11969
2,11970
10,11971
2,11972
2,11973
2,11974
20,11975
2,11976
8,11977
8,11978
2,11979
2,11980
2,11981
2,11982
4,11983
2,11984
7,11985
2,11986
2,11987
2,11988
2,11989
6,11990
2,11991
7,11992
2,11993
3,11994
9,11995
2,11996
2,11997
2,11998
2,11999
4,12000
2,12001
2,12002
2,12003
2,12004
2,12005
2,12006
3,12007
2,12008
3,12009
2,12010
2,12011
3,12012
3,12013
2,12014
2,12015
8,12016
2,12017
2,12018
2,12019
2,12020
2,12021
2,12022
2,12023
2,12024
2,12025
2,12026
2,12027
2,12028
3,12029
2,12030
2,12031
3,12032
3,12033
2,12034
3,12035
4,12036
2,12037
3,12038
2,12039
2,12040
2,12041
2,12042
2,12043
8,12044
2,12045
2,12046
6,12047
2,12048
2,12049
2,12050
2,12051
2,12052
3,12053
2,12054
8,12055
2,12056
6,12057
3,12058
2,12059
2,12060
2,12061
3,12062
2,12063
2,12064
2,12065
2,12066
7,12067
3,12068
3,12069
3,12070
2,12071
2,12072
2,12073
3,12074
2,12075
9,12076
3,12077
2,12078
4,12079
2,12080
2,12081
2,12082
2,12083
2,12084
3,12085
2,12086
2,12087
3,12088
2,12089
2,12090
2,12091
2,12092
2,12093
10,12094
3,12095
2,12096
2,12097
2,12098
3,12099
3,12100
2,12101
2,12102
2,12103
2,12104
2,12105
2,12106
2,12107
3,12108
2,12109
2,12110
2,12111
2,12112
3,12113
2,12114
2,12115
2,12116
2,12117
2,12118
2,12119
2,12120
2,12121
3,12122
3,12123
2,12124
2,12125
5,12126
2,12127
2,12128
2,12129
4,12130
2,12131
4,12132
4,12133
2,12134
2,12135
2,12136
4,12137
2,12138
2,12139
2,12140
2,12141
2,12142
3,12143
2,12144
3,12145
3,12146
2,12147
2,12148
3,12149
6,12150
2,12151
2,12152
2,12153
5,12154
3,12155
3,12156
2,12157
3,12158
2,12159
2,12160
5,12161
4,12162
2,12163
10,12164
2,12165
2,12166
2,12167
2,12168
2,12169
2,12170
6,12171
4,12172
11,12173
2,12174
2,12175
2,12176
3,12177
2,12178
2,12179
138,12180
3,12181
2,12182
2,12183
2,12184
2,12185
2,12186
122,12187
2,12188
5,12189
2,12190
2,12191
2,12192
3,12193
3,12194
3,12195
2,12196
2,12197
2,12198
2,12199
2,12200
3,12201
2,12202
2,12203
5,12204
2,12205
2,12206
2,12207
2,12208
2,12209
2,12210
2,12211
2,12212
2,12213
3,12214
2,12215
2,12216
2,12217
13,12218
2,12219
2,12220
2,12221
7,12222
2,12223
3,12224
3,12225
3,12226
2,12227
7,12228
2,12229
2,12230
2,12231
3,12232
444,12233
4,12234
2,12235
3,12236
2,12237
3,12238
5,12239
2,12240
180,12241
2,12242
4,12243
2,12244
4,12245
4,12246
2,12247
6,12248
15,12249
5,12250
121,12251
2,12252
17,12253
3,12254
5,12255
2,12256
2,12257
2,12258
3,12259
2,12260
2,12261
4,12262
12,12263
5,12264
11,12265
4,12266
2,12267
2,12268
7,12269
20,12270
2,12271
2,12272
2,12273
2,12274
2,12275
2,12276
3,12277
4,12278
2,12279
2,12280
2,12281
2,12282
4,12283
3,12284
2,12285
2,12286
2,12287
2,12288
2,12289
2,12290
2,12291
4,12292
2,12293
2,12294
2,12295
2,12296
4,12297
2,12298
2,12299
2,12300
2,12301
2,12302
5,12303
11,12304
2,12305
2,12306
2,12307
3,12308
5,12309
6,12310
2,12311
2,12312
2,12313
4,12314
3,12315
5,12316
3,12317
3,12318
4,12319
2,12320
2,12321
2,12322
2,12323
2,12324
7,12325
11,12326
2,12327
16,12328
2,12329
2,12330
2,12331
2,12332
2,12333
2,12334
3,12335
2,12336
2,12337
2,12338
2,12339
2,12340
2,12341
2,12342
2,12343
2,12344
3,12345
2,12346
2,12347
2,12348
2,12349
4,12350
2,12351
3,12352
29,12353
3,12354
6,12355
4,12356
2,12357
2,12358
2,12359
3,12360
21,12361
2,12362
5,12363
2,12364
2,12365
3,12366
71,12367
35,12368
2,12369
2,12370
3,12371
2,12372
2,12373
2,12374
2,12375
6,12376
3,12377
4,12378
6,12379
2,12380
2,12381
2,12382
2,12383
3,12384
2,12385
5,12386
3,12387
4,12388
11,12389
2,12390
4,12391
2,12392
2,12393
5,12394
2,12395
2,12396
2,12397
4,12398
3,12399
2,12400
2,12401
2,12402
4,12403
5,12404
6,12405
2,12406
17,12407
13,12408
14,12409
2,12410
4,12411
5,12412
3,12413
2,12414
7,12415
2,12416
2,12417
2,12418
22,12419
6,12420
2,12421
2,12422
2,12423
3,12424
2,12425
2,12426
3,12427
2,12428
5,12429
2,12430
3,12431
12,12432
8,12433
2,12434
6,12435
2,12436
3,12437
2,12438
2,12439
4,12440
5,12441
2,12442
8,12443
4,12444
6,12445
3,12446
4,12447
2,12448
24,12449
10,12450
2,12451
2,12452
4,12453
3,12454
2,12455
2,12456
3,12457
2,12458
2,12459
8,12460
2,12461
2,12462
2,12463
2,12464
2,12465
2,12466
2,12467
6,12468
2,12469
2,12470
2,12471
2,12472
2,12473
2,12474
6,12475
2,12476
5,12477
2,12478
2,12479
2,12480
2,12481
2,12482
2,12483
3,12484
2,12485
2,12486
2,12487
2,12488
3,12489
2,12490
2,12491
2,12492
3,12493
2,12494
3,12495
2,12496
2,12497
2,12498
6,12499
4,12500
2,12501
2,12502
2,12503
7,12504
8,12505
2,12506
2,12507
2,12508
2,12509
2,12510
2,12511
2,12512
3,12513
2,12514
8,12515
2,12516
3,12517
2,12518
2,12519
9,12520
2,12521
6,12522
4,12523
2,12524
2,12525
2,12526
2,12527
2,12528
2,12529
4,12530
2,12531
2,12532
2,12533
2,12534
3,12535
2,12536
2,12537
2,12538
3,12539
2,12540
2,12541
32,12542
2,12543
5,12544
2,12545
2,12546
2,12547
2,12548
5,12549
4,12550
2,12551
2,12552
5,12553
2,12554
3,12555
2,12556
2,12557
3,12558
2,12559
2,12560
4,12561
2,12562
2,12563
3,12564
5,12565
2,12566
27,12567
2,12568
3,12569
9,12570
6,12571
2,12572
2,12573
2,12574
2,12575
2,12576
2,12577
2,12578
2,12579
26,12580
3,12581
4,12582
2,12583
2,12584
15,12585
2,12586
2,12587
6,12588
2,12589
2,12590
5,12591
2,12592
2,12593
12,12594
2,12595
3,12596
2,12597
3,12598
9,12599
3,12600
3,12601
8,12602
4,12603
2,12604
9,12605
2,12606
75,12607
4,12608
3,12609
2,12610
2,12611
2,12612
2,12613
2,12614
2,12615
4,12616
20,12617
2,12618
2,12619
2,12620
2,12621
2,12622
2,12623
5,12624
25,12625
2,12626
2,12627
2,12628
2,12629
4,12630
17,12631
2,12632
5,12633
2,12634
3,12635
64,12636
3,12637
2,12638
3,12639
2,12640
6,12641
3,12642
2,12643
2,12644
4,12645
4,12646
2,12647
2,12648
3,12649
2,12650
7,12651
2,12652
2,12653
2,12654
23,12655
5,12656
2,12657
2,12658
2,12659
2,12660
2,12661
2,12662
9,12663
2,12664
2,12665
3,12666
2,12667
2,12668
2,12669
3,12670
2,12671
2,12672
4,12673
2,12674
16,12675
3,12676
4,12677
2,12678
238,12679
4,12680
2,12681
2,12682
2,12683
2,12684
3,12685
24,12686
7,12687
2,12688
4,12689
5,12690
12,12691
3,12692
2,12693
2,12694
9,12695
5,12696
3,12697
3,12698
2,12699
2,12700
2,12701
4,12702
2,12703
3,12704
3,12705
3,12706
2,12707
3,12708
2,12709
3,12710
2,12711
5,12712
2,12713
7,12714
2,12715
2,12716
2,12717
3,12718
4,12719
2,12720
3,12721
444,12722
2,12723
33,12724
2,12725
2,12726
2,12727
6,12728
2,12729
2,12730
3,12731
3,12732
2,12733
2,12734
4,12735
2,12736
2,12737
2,12738
5,12739
2,12740
2,12741
2,12742
2,12743
2,12744
2,12745
2,12746
2,12747
5,12748
2,12749
5,12750
6,12751
3,12752
11,12753
7,12754
2,12755
2,12756
2,12757
2,12758
2,12759
2,12760
2,12761
2,12762
2,12763
3,12764
4,12765
2,12766
2,12767
3,12768
2,12769
19,12770
2,12771
2,12772
2,12773
2,12774
2,12775
2,12776
2,12777
2,12778
2,12779
3,12780
4,12781
2,12782
2,12783
31,12784
2,12785
2,12786
3,12787
7,12788
48,12789
3,12790
2,12791
2,12792
58,12793
2,12794
3,12795
2,12796
2,12797
3,12798
70,12799
3,12800
4,12801
2,12802
2,12803
2,12804
2,12805
3,12806
2,12807
9,12808
4,12809
2,12810
3,12811
2,12812
2,12813
2,12814
3,12815
2,12816
9,12817
2,12818
3,12819
2,12820
4,12821
2,12822
2,12823
2,12824
2,12825
5,12826
3,12827
2,12828
2,12829
3,12830
2,12831
2,12832
2,12833
4,12834
2,12835
2,12836
2,12837
2,12838
11,12839
4,12840
2,12841
16,12842
4,12843
2,12844
2,12845
2,12846
2,12847
2,12848
2,12849
2,12850
4,12851
2,12852
2,12853
4,12854
3,12855
8,12856
2,12857
2,12858
3,12859
2,12860
3,12861
3,12862
2,12863
2,12864
2,12865
2,12866
2,12867
2,12868
2,12869
2,12870
2,12871
2,12872
2,12873
3,12874
2,12875
3,12876
2,12877
2,12878
2,12879
7,12880
2,12881
3,12882
3,12883
5,12884
2,12885
13,12886
11,12887
2,12888
2,12889
2,12890
2,12891
2,12892
4,12893
12,12894
2,12895
2,12896
2,12897
2,12898
2,12899
9,12900
2,12901
5,12902
2,12903
2,12904
2,12905
2,12906
2,12907
23,12908
7,12909
2,12910
385,12911
7,12912
2,12913
10,12914
2,12915
2,12916
2,12917
2,12918
6,12919
16,12920
2,12921
2,12922
2,12923
2,12924
2,12925
2,12926
2,12927
2,12928
2,12929
2,12930
4,12931
2,12932
2,12933
4,12934
2,12935
11,12936
6,12937
2,12938
3,12939
2,12940
2,12941
4,12942
2,12943
3,12944
3,12945
754,12946
2,12947
3,12948
2,12949
2,12950
2,12951
2,12952
2,12953
2,12954
8,12955
3,12956
2,12957
2,12958
6,12959
2,12960
4,12961
4,12962
2,12963
2,12964
2,12965
10,12966
2,12967
2,12968
2,12969
2,12970
8,12971
10,12972
2,12973
2,12974
3,12975
2,12976
2,12977
2,12978
12,12979
2,12980
22,12981
7,12982
24,12983
38,12984
22,12985
4,12986
2,12987
20,12988
2,12989
3,12990
2,12991
2,12992
2,12993
2,12994
3,12995
2,12996
2,12997
2,12998
2,12999
3,13000
13,13001
2,13002
2,13003
2,13004
2,13005
6,13006
4,13007
10,13008
2,13009
2,13010
2,13011
3,13012
9,13013
3,13014
3,13015
2,13016
2,13017
2,13018
2,13019
8,13020
2,13021
2,13022
2,13023
2,13024
2,13025
5,13026
2,13027
2,13028
2,13029
2,13030
2,13031
2,13032
2,13033
2,13034
2,13035
2,13036
2,13037
2,13038
2,13039
2,13040
2,13041
2,13042
2,13043
2,13044
2,13045
2,13046
2,13047
71,13048
3,13049
2,13050
39,13051
2,13052
2,13053
2,13054
2,13055
2,13056
2,13057
2,13058
2,13059
4,13060
2,13061
2,13062
4,13063
3,13064
5,13065
3,13066
2,13067
3,13068
4,13069
3,13070
3,13071
89,13072
4,13073
2,13074
2,13075
8,13076
2,13077
2,13078
2,13079
3,13080
2,13081
2,13082
2,13083
2,13084
6,13085
3,13086
2,13087
2,13088
5,13089
5,13090
3,13091
2,13092
3,13093
2,13094
2,13095
4,13096
2,13097
10,13098
3,13099
2,13100
2,13101
2,13102
14,13103
2,13104
2,13105
3,13106
2,13107
2,13108
2,13109
2,13110
2,13111
6,13112
2,13113
5,13114
4,13115
2,13116
2,13117
2,13118
2,13119
2,13120
2,13121
3,13122
2,13123
4,13124
2,13125
18,13126
2,13127
2,13128
2,13129
2,13130
2,13131
2,13132
2,13133
2,13134
4,13135
2,13136
2,13137
3,13138
2,13139
2,13140
2,13141
3,13142
3,13143
3,13144
2,13145
2,13146
2,13147
3,13148
5,13149
5,13150
10,13151
8,13152
2,13153
3,13154
2,13155
4,13156
3,13157
4,13158
3,13159
2,13160
2,13161
2,13162
2,13163
11,13164
3,13165
2,13166
2,13167
4,13168
7,13169
618,13170
2,13171
2,13172
2,13173
2,13174
2,13175
3,13176
6,13177
2,13178
2,13179
2,13180
4,13181
10,13182
7,13183
4,13184
3,13185
2,13186
2,13187
8,13188
2,13189
3,13190
2,13191
6,13192
2,13193
2,13194
2,13195
2,13196
2,13197
4,13198
2,13199
3,13200
6,13201
3,13202
2,13203
2,13204
3,13205
3,13206
2,13207
2,13208
2,13209
2,13210
3,13211
2,13212
2,13213
6,13214
2,13215
2,13216
2,13217
3,13218
2,13219
2,13220
2,13221
3,13222
30,13223
2,13224
6,13225
134,13226
2,13227
2,13228
2,13229
2,13230
3,13231
2,13232
2,13233
22,13234
2,13235
2,13236
2,13237
2,13238
3,13239
8,13240
2,13241
3,13242
4,13243
2,13244
2,13245
2,13246
2,13247
2,13248
6,13249
2,13250
13,13251
9,13252
2,13253
11,13254
2,13255
2,13256
3,13257
2,13258
14,13259
2,13260
3,13261
3,13262
4,13263
2,13264
4,13265
2,13266
2,13267
3,13268
3,13269
2,13270
2,13271
2,13272
2,13273
3,13274
2,13275
4,13276
2,13277
2,13278
2,13279
2,13280
3,13281
3,13282
32,13283
2,13284
3,13285
2,13286
2,13287
2,13288
2,13289
2,13290
4,13291
2,13292
3,13293
2,13294
2,13295
4,13296
2,13297
2,13298
2,13299
2,13300
2,13301
4,13302
7,13303
2,13304
3,13305
2,13306
2,13307
4,13308
2,13309
4,13310
5,13311
2,13312
4,13313
2,13314
18,13315
2,13316
2,13317
2,13318
2,13319
3,13320
15,13321
2,13322
3,13323
4,13324
4,13325
4,13326
45,13327
58,13328
4,13329
6,13330
6,13331
2,13332
2,13333
2,13334
3,13335
2,13336
34,13337
3,13338
3,13339
2,13340
7,13341
3,13342
3,13343
2,13344
22,13345
2,13346
2,13347
12,13348
2,13349
2,13350
3,13351
2,13352
5,13353
5,13354
2,13355
2,13356
4,13357
2,13358
2,13359
4,13360
7,13361
2,13362
4,13363
2,13364
2,13365
2,13366
3,13367
2,13368
3,13369
2,13370
2,13371
3,13372
2,13373
4,13374
8,13375
2,13376
3,13377
2,13378
3,13379
4,13380
3,13381
2,13382
2,13383
3,13384
2,13385
3,13386
2,13387
4,13388
3,13389
4,13390
2,13391
3,13392
4,13393
2,13394
2,13395
2,13396
2,13397
3,13398
2,13399
2,13400
35,13401
2,13402
2,13403
2,13404
5,13405
2,13406
2,13407
2,13408
5,13409
2,13410
2,13411
12,13412
3,13413
26,13414
2,13415
2,13416
6,13417
2,13418
8,13419
4,13420
2,13421
2,13422
4,13423
2,13424
2,13425
2,13426
12,13427
5,13428
2,13429
3,13430
3,13431
2,13432
3,13433
2,13434
3,13435
3,13436
2,13437
3,13438
2,13439
2,13440
2,13441
4,13442
2,13443
4,13444
2,13445
3,13446
2,13447
2,13448
3,13449
2,13450
2,13451
15,13452
2,13453
2,13454
2,13455
2,13456
3,13457
2,13458
2,13459
4,13460
5,13461
2,13462
2,13463
14,13464
2,13465
3,13466
2,13467
2,13468
3,13469
2,13470
2,13471
3,13472
2,13473
2,13474
2,13475
6,13476
2,13477
12,13478
2,13479
2,13480
2,13481
2,13482
7,13483
2,13484
2,13485
2,13486
4,13487
2,13488
2,13489
2,13490
2,13491
4,13492
3,13493
2,13494
2,13495
3,13496
5,13497
2,13498
2,13499
2,13500
2,13501
2,13502
2,13503
6,13504
2,13505
2,13506
2,13507
6,13508
3,13509
2,13510
4,13511
2,13512
2,13513
2,13514
2,13515
4,13516
10,13517
3,13518
2,13519
2,13520
2,13521
720,13522
2,13523
9,13524
3,13525
2,13526
2,13527
2,13528
2,13529
3,13530
2,13531
9,13532
2,13533
2,13534
4,13535
3,13536
3,13537
2,13538
2,13539
2,13540
46,13541
2,13542
2,13543
3,13544
3,13545
3,13546
2,13547
2,13548
2,13549
2,13550
2,13551
2,13552
9,13553
3,13554
21,13555
3,13556
2,13557
4,13558
2,13559
16,13560
5,13561
2,13562
5,13563
3,13564
2,13565
3,13566
2,13567
3,13568
2,13569
9,13570
3,13571
3,13572
2,13573
2,13574
2,13575
2,13576
4,13577
3,13578
15,13579
2,13580
2,13581
2,13582
2,13583
3,13584
3,13585
2,13586
8,13587
3,13588
2,13589
5,13590
2,13591
2,13592
2,13593
2,13594
12,13595
7,13596
4,13597
4,13598
11,13599
2,13600
2,13601
2,13602
3,13603
3,13604
19,13605
3,13606
2,13607
2,13608
2,13609
2,13610
2,13611
2,13612
2,13613
2,13614
3,13615
71,13616
2,13617
2,13618
2,13619
2,13620
2,13621
3,13622
2,13623
2,13624
3,13625
2,13626
2,13627
2,13628
2,13629
2,13630
2,13631
6,13632
2,13633
2,13634
2,13635
2,13636
4,13637
4,13638
3,13639
2,13640
2,13641
2,13642
2,13643
13,13644
2,13645
2,13646
2,13647
3,13648
2,13649
6,13650
6,13651
3,13652
5,13653
4,13654
5,13655
2,13656
2,13657
2,13658
3,13659
2,13660
2,13661
2,13662
2,13663
2,13664
3,13665
2,13666
2,13667
2,13668
2,13669
2,13670
2,13671
3,13672
2,13673
2,13674
2,13675
2,13676
3,13677
2,13678
3,13679
5,13680
2,13681
2,13682
5,13683
2,13684
2,13685
2,13686
88,13687
4,13688
2,13689
2,13690
2,13691
2,13692
2,13693
2,13694
16,13695
2,13696
2,13697
4,13698
2,13699
13,13700
16,13701
2,13702
162,13703
2,13704
2,13705
3,13706
13,13707
7,13708
44,13709
4,13710
2,13711
2,13712
3,13713
2,13714
9,13715
3,13716
5,13717
18,13718
2,13719
2,13720
2,13721
2,13722
2,13723
2,13724
2,13725
2,13726
4,13727
2,13728
3,13729
2,13730
4,13731
2,13732
3,13733
5,13734
2,13735
9,13736
6,13737
2,13738
2,13739
3,13740
2,13741
4,13742
2,13743
10,13744
2,13745
2,13746
2,13747
2,13748
2,13749
2,13750
2,13751
2,13752
4,13753
15,13754
2,13755
3,13756
3,13757
2,13758
2,13759
4,13760
4,13761
2,13762
2,13763
2,13764
2,13765
2,13766
2,13767
2,13768
9,13769
3,13770
2,13771
2,13772
2,13773
54,13774
2,13775
2,13776
2,13777
3,13778
2,13779
2,13780
7,13781
2,13782
2,13783
2,13784
2,13785
15,13786
2,13787
4,13788
11,13789
3,13790
3,13791
2,13792
2,13793
2,13794
10,13795
2,13796
4,13797
2,13798
3,13799
2,13800
113,13801
5,13802
2,13803
2,13804
2,13805
3,13806
2,13807
3,13808
3,13809
2,13810
2,13811
4,13812
2,13813
3,13814
173,13815
3,13816
3,13817
6,13818
7,13819
8,13820
4,13821
4,13822
2,13823
2,13824
4,13825
3,13826
2,13827
3,13828
2,13829
2,13830
2,13831
3,13832
6,13833
2,13834
2,13835
3,13836
2,13837
75,13838
3,13839
3,13840
2,13841
2,13842
2,13843
2,13844
9,13845
2,13846
2,13847
2,13848
2,13849
2,13850
4,13851
4,13852
5,13853
2,13854
2,13855
2,13856
2,13857
2,13858
2,13859
2,13860
2,13861
10,13862
2,13863
11,13864
2,13865
3,13866
2,13867
2,13868
8,13869
2,13870
3,13871
5,13872
5,13873
2,13874
2,13875
2,13876
2,13877
2,13878
5,13879
2,13880
2,13881
3,13882
2,13883
2,13884
4,13885
2,13886
3,13887
2,13888
2,13889
2,13890
2,13891
20,13892
4,13893
2,13894
6,13895
2,13896
2,13897
101,13898
2,13899
2,13900
2,13901
2,13902
2,13903
3,13904
3,13905
2,13906
2,13907
3,13908
2,13909
56,13910
2,13911
2,13912
49,13913
6,13914
2,13915
2,13916
2,13917
2,13918
2,13919
2,13920
2,13921
2,13922
3,13923
4,13924
6,13925
2,13926
2,13927
3,13928
2,13929
3,13930
5,13931
2,13932
3,13933
2,13934
2,13935
2,13936
2,13937
2,13938
2,13939
2,13940
4,13941
2,13942
2,13943
2,13944
2,13945
2,13946
3,13947
2,13948
3,13949
2,13950
10,13951
2,13952
3,13953
2,13954
3,13955
2,13956
2,13957
2,13958
3,13959
4,13960
2,13961
6,13962
2,13963
19,13964
2,13965
2,13966
8,13967
6,13968
5,13969
3,13970
2,13971
26,13972
3,13973
70,13974
2,13975
2,13976
2,13977
2,13978
3,13979
2,13980
2,13981
2,13982
3,13983
2,13984
2,13985
4,13986
2,13987
2,13988
2,13989
3,13990
2,13991
2,13992
2,13993
25,13994
2,13995
3,13996
2,13997
2,13998
5,13999
3,14000
2,14001
6,14002
4,14003
2,14004
11,14005
6,14006
7,14007
2,14008
4,14009
2,14010
2,14011
2,14012
2,14013
2,14014
2,14015
7,14016
3,14017
2,14018
2,14019
2,14020
3,14021
2,14022
19,14023
2,14024
12,14025
2,14026
2,14027
18,14028
2,14029
5,14030
2,14031
2,14032
38,14033
7,14034
6,14035
2,14036
2,14037
2,14038
6,14039
3,14040
19,14041
2,14042
2,14043
2,14044
3,14045
40,14046
2,14047
3,14048
2,14049
2,14050
2,14051
2,14052
2,14053
2,14054
3,14055
28,14056
3,14057
6,14058
2,14059
3,14060
2,14061
3,14062
2,14063
2,14064
4,14065
2,14066
2,14067
2,14068
4,14069
2,14070
2,14071
5,14072
2,14073
2,14074
2,14075
2,14076
2,14077
2,14078
2,14079
2,14080
7,14081
12,14082
2,14083
2,14084
2,14085
6,14086
2,14087
5,14088
6,14089
2,14090
4,14091
2,14092
3,14093
2,14094
2,14095
2,14096
2,14097
666,14098
3,14099
2,14100
2,14101
2,14102
2,14103
2,14104
2,14105
2,14106
2,14107
3,14108
9,14109
2,14110
2,14111
2,14112
3,14113
2,14114
5,14115
7,14116
3,14117
2,14118
6,14119
2,14120
3,14121
2,14122
7,14123
2,14124
6,14125
2,14126
2,14127
2,14128
2,14129
4,14130
2,14131
2,14132
3,14133
2,14134
60,14135
11,14136
2,14137
2,14138
2,14139
2,14140
2,14141
4,14142
2,14143
3,14144
2,14145
4,14146
3,14147
2,14148
2,14149
2,14150
6,14151
2,14152
2,14153
2,14154
2,14155
2,14156
2,14157
4,14158
9,14159
2,14160
2,14161
2,14162
2,14163
2,14164
2,14165
2,14166
2,14167
2,14168
2,14169
2,14170
3,14171
2,14172
2,14173
2,14174
3,14175
2,14176
2,14177
2,14178
2,14179
4,14180
2,14181
9,14182
2,14183
2,14184
2,14185
2,14186
9,14187
2,14188
8,14189
3,14190
2,14191
4,14192
8,14193
2,14194
3,14195
2,14196
2,14197
4,14198
3,14199
2,14200
2,14201
2,14202
2,14203
2,14204
2,14205
2,14206
2,14207
3,14208
2,14209
3,14210
6,14211
2,14212
4,14213
3,14214
7,14215
2,14216
4,14217
9,14218
3,14219
2,14220
12,14221
2,14222
2,14223
2,14224
2,14225
3,14226
63,14227
2,14228
2,14229
49,14230
2,14231
2,14232
4,14233
2,14234
2,14235
12,14236
3,14237
2,14238
11,14239
2,14240
2,14241
2,14242
2,14243
2,14244
5,14245
2,14246
2,14247
3,14248
4,14249
4,14250
7,14251
2,14252
2,14253
2,14254
2,14255
2,14256
2,14257
2,14258
2,14259
18,14260
5,14261
9,14262
2,14263
2,14264
2,14265
6,14266
3,14267
2,14268
2,14269
2,14270
2,14271
3,14272
5,14273
2,14274
2,14275
2,14276
3,14277
5,14278
2,14279
2,14280
2,14281
2,14282
7,14283
2,14284
2,14285
2,14286
2,14287
2,14288
7,14289
2,14290
2,14291
2,14292
3,14293
3,14294
2,14295
4,14296
5,14297
3,14298
2,14299
3,14300
2,14301
2,14302
3,14303
2,14304
11,14305
3,14306
2,14307
3,14308
2,14309
2,14310
2,14311
2,14312
2,14313
2,14314
2,14315
2,14316
2,14317
2,14318
2,14319
2,14320
2,14321
3,14322
2,14323
5,14324
2,14325
4,14326
3,14327
2,14328
12,14329
2,14330
2,14331
2,14332
11,14333
2,14334
2,14335
4,14336
6,14337
8,14338
2,14339
3,14340
2,14341
4,14342
2,14343
2,14344
5,14345
4,14346
2,14347
2,14348
2,14349
2,14350
2,14351
4,14352
3,14353
2,14354
3,14355
2,14356
2,14357
2,14358
8,14359
2,14360
2,14361
2,14362
3,14363
4,14364
2,14365
4,14366
209,14367
6,14368
2,14369
3,14370
3,14371
3,14372
7,14373
2,14374
2,14375
4,14376
2,14377
2,14378
3,14379
2,14380
4,14381
2,14382
4,14383
3,14384
2,14385
4,14386
2,14387
2,14388
4,14389
2,14390
2,14391
2,14392
21,14393
2,14394
8,14395
2,14396
2,14397
4,14398
2,14399
2,14400
2,14401
2,14402
2,14403
2,14404
2,14405
3,14406
3,14407
4,14408
2,14409
3,14410
14,14411
2,14412
2,14413
3,14414
3,14415
2,14416
2,14417
2,14418
6,14419
3,14420
6,14421
2,14422
2,14423
2,14424
2,14425
2,14426
2,14427
2,14428
2,14429
2,14430
4,14431
2,14432
5,14433
2,14434
4,14435
3,14436
3,14437
2,14438
3,14439
2,14440
2,14441
3,14442
2,14443
26,14444
3,14445
4,14446
3,14447
2,14448
8,14449
2,14450
8,14451
7,14452
2,14453
2,14454
2,14455
3,14456
2,14457
4,14458
3,14459
2,14460
4,14461
3,14462
2,14463
28,14464
2,14465
2,14466
2,14467
2,14468
2,14469
4,14470
2,14471
4,14472
3,14473
7,14474
2,14475
2,14476
2,14477
2,14478
2,14479
3,14480
2,14481
4,14482
2,14483
2,14484
3,14485
2,14486
2,14487
3,14488
3,14489
2,14490
2,14491
3,14492
5,14493
2,14494
2,14495
2,14496
2,14497
7,14498
2,14499
3,14500
2,14501
2,14502
5,14503
2,14504
3,14505
2,14506
2,14507
3,14508
9,14509
2,14510
2,14511
3,14512
2,14513
3,14514
2,14515
3,14516
3,14517
2,14518
2,14519
12,14520
2,14521
2,14522
2,14523
2,14524
4,14525
11,14526
2,14527
2,14528
2,14529
2,14530
2,14531
2,14532
5,14533
4,14534
2,14535
2,14536
2,14537
2,14538
2,14539
2,14540
2,14541
3,14542
2,14543
2,14544
2,14545
2,14546
2,14547
2,14548
3,14549
7,14550
2,14551
5,14552
2,14553
2,14554
2,14555
2,14556
3,14557
3,14558
2,14559
3,14560
257,14561
2,14562
42,14563
2,14564
17,14565
4,14566
2,14567
2,14568
2,14569
2,14570
2,14571
2,14572
3,14573
2,14574
2,14575
2,14576
2,14577
3,14578
3,14579
2,14580
2,14581
137,14582
10,14583
2,14584
2,14585
3,14586
3,14587
3,14588
2,14589
3,14590
2,14591
3,14592
2,14593
2,14594
7,14595
3,14596
4,14597
4,14598
2,14599
6,14600
2,14601
3,14602
2,14603
2,14604
2,14605
34,14606
2,14607
2,14608
2,14609
2,14610
325,14611
2,14612
6,14613
2,14614
2,14615
3,14616
2,14617
2,14618
7,14619
3,14620
5,14621
2,14622
12,14623
5,14624
2,14625
4,14626
2,14627
2,14628
2,14629
2,14630
30,14631
14,14632
2,14633
3,14634
2,14635
2,14636
2,14637
2,14638
2,14639
5,14640
2,14641
2,14642
23,14643
2,14644
3,14645
2,14646
5,14647
4,14648
2,14649
2,14650
2,14651
2,14652
2,14653
2,14654
2,14655
2,14656
2,14657
2,14658
11,14659
3,14660
2,14661
2,14662
2,14663
3,14664
2,14665
2,14666
2,14667
3,14668
3,14669
2,14670
2,14671
2,14672
2,14673
2,14674
2,14675
2,14676
8,14677
2,14678
2,14679
2,14680
2,14681
2,14682
2,14683
2,14684
6,14685
2,14686
4,14687
2,14688
3,14689
2,14690
3,14691
2,14692
2,14693
3,14694
2,14695
2,14696
22,14697
2,14698
2,14699
4,14700
2,14701
2,14702
2,14703
2,14704
2,14705
2,14706
3,14707
6,14708
6,14709
2,14710
3,14711
2,14712
2,14713
2,14714
4,14715
2,14716
3,14717
2,14718
2,14719
2,14720
5,14721
2,14722
2,14723
12,14724
4,14725
5,14726
4,14727
23,14728
2,14729
3,14730
2,14731
2,14732
2,14733
4,14734
3,14735
2,14736
7,14737
2,14738
2,14739
2,14740
2,14741
2,14742
2,14743
2,14744
2,14745
2,14746
2,14747
4,14748
6,14749
15,14750
12,14751
4,14752
2,14753
3,14754
3,14755
2,14756
2,14757
111,14758
2,14759
2,14760
3,14761
4,14762
37,14763
11,14764
2,14765
2,14766
3,14767
2,14768
2,14769
3,14770
54,14771
3,14772
2,14773
2,14774
3,14775
2,14776
8,14777
2,14778
2,14779
2,14780
2,14781
3,14782
2,14783
2,14784
2,14785
2,14786
7,14787
2,14788
3,14789
2,14790
4,14791
5,14792
4,14793
4,14794
3,14795
4,14796
2,14797
2,14798
8,14799
2,14800
2,14801
2,14802
4,14803
2,14804
2,14805
2,14806
2,14807
3,14808
4,14809
5,14810
2,14811
2,14812
2,14813
2,14814
2,14815
7,14816
2,14817
2,14818
2,14819
11,14820
9,14821
2,14822
2,14823
8,14824
2,14825
2,14826
2,14827
3,14828
2,14829
12,14830
2,14831
2,14832
2,14833
2,14834
4,14835
2,14836
4,14837
3,14838
5,14839
2,14840
3,14841
3,14842
3,14843
2,14844
2,14845
2,14846
2,14847
2,14848
2,14849
2,14850
2,14851
2,14852
2,14853
2,14854
2,14855
227,14856
3,14857
6,14858
2,14859
2,14860
3,14861
2,14862
4,14863
2,14864
2,14865
2,14866
2,14867
4,14868
2,14869
2,14870
2,14871
2,14872
3,14873
2,14874
2,14875
23,14876
5,14877
2,14878
3,14879
2,14880
2,14881
2,14882
6,14883
2,14884
2,14885
2,14886
2,14887
4,14888
3,14889
2,14890
3,14891
7,14892
2,14893
2,14894
2,14895
2,14896
2,14897
2,14898
2,14899
2,14900
2,14901
10,14902
3,14903
3,14904
2,14905
4,14906
2,14907
2,14908
3,14909
2,14910
9,14911
4,14912
3,14913
2,14914
2,14915
3,14916
2,14917
2,14918
5,14919
2,14920
3,14921
2,14922
2,14923
2,14924
2,14925
2,14926
4,14927
3,14928
2,14929
2,14930
2,14931
2,14932
2,14933
3,14934
2,14935
2,14936
29,14937
2,14938
2,14939
3,14940
2,14941
2,14942
2,14943
2,14944
6,14945
2,14946
2,14947
2,14948
2,14949
3,14950
2,14951
2,14952
2,14953
2,14954
4,14955
2,14956
2,14957
3,14958
4,14959
2,14960
2,14961
3,14962
4,14963
2,14964
2,14965
2,14966
2,14967
3,14968
2,14969
2,14970
6,14971
2,14972
3,14973
3,14974
3,14975
51,14976
2,14977
3,14978
2,14979
2,14980
2,14981
2,14982
2,14983
2,14984
2,14985
2,14986
2,14987
2,14988
28,14989
2,14990
2,14991
3,14992
3,14993
2,14994
2,14995
2,14996
3,14997
2,14998
2,14999
4,15000
2,15001
3,15002
2,15003
2,15004
2,15005
2,15006
2,15007
2,15008
2,15009
136,15010
15,15011
3,15012
5,15013
2,15014
2,15015
10,15016
3,15017
2,15018
6,15019
3,15020
2,15021
2,15022
2,15023
2,15024
2,15025
147,15026
17,15027
2,15028
7,15029
29,15030
2,15031
2,15032
6,15033
3,15034
2,15035
2,15036
2,15037
5,15038
2,15039
2,15040
5,15041
3,15042
2,15043
12,15044
2,15045
2,15046
2,15047
2,15048
2,15049
2,15050
2,15051
2,15052
2,15053
2,15054
21,15055
8,15056
22,15057
50,15058
2,15059
2,15060
29,15061
3,15062
6,15063
49,15064
2,15065
4,15066
5,15067
2,15068
4,15069
3,15070
4,15071
2,15072
2,15073
2,15074
2,15075
3,15076
9,15077
4,15078
2,15079
2,15080
3,15081
2,15082
2,15083
2,15084
3,15085
2,15086
5,15087
2,15088
2,15089
8,15090
2,15091
2,15092
5,15093
2,15094
2,15095
2,15096
4,15097
2,15098
3,15099
2,15100
2,15101
4,15102
2,15103
2,15104
2,15105
2,15106
5,15107
3,15108
2,15109
2,15110
2,15111
2,15112
3,15113
4,15114
3,15115
2,15116
2,15117
133,15118
2,15119
6,15120
2,15121
2,15122
2,15123
4,15124
2,15125
2,15126
2,15127
2,15128
2,15129
2,15130
2,15131
2,15132
10,15133
2,15134
22,15135
2,15136
2,15137
2,15138
3,15139
2,15140
2,15141
3,15142
2,15143
2,15144
2,15145
2,15146
2,15147
2,15148
3,15149
2,15150
5,15151
4,15152
2,15153
2,15154
2,15155
2,15156
4,15157
2,15158
15,15159
2,15160
4,15161
2,15162
11,15163
6,15164
2,15165
2,15166
2,15167
2,15168
3,15169
2,15170
2,15171
8,15172
2,15173
5,15174
2,15175
2,15176
2,15177
2,15178
2,15179
2,15180
3,15181
5,15182
29,15183
3,15184
2,15185
3,15186
2,15187
2,15188
2,15189
3,15190
4,15191
2,15192
2,15193
2,15194
3,15195
35,15196
3,15197
2,15198
5,15199
11,15200
3,15201
3,15202
2,15203
2,15204
2,15205
2,15206
3,15207
3,15208
2,15209
3,15210
2,15211
3,15212
2,15213
4,15214
4,15215
2,15216
3,15217
3,15218
2,15219
2,15220
2,15221
3,15222
2,15223
4,15224
9,15225
2,15226
2,15227
218,15228
2,15229
3,15230
5,15231
3,15232
3,15233
5,15234
2,15235
2,15236
3,15237
2,15238
4,15239
2,15240
82,15241
2,15242
8,15243
2,15244
2,15245
2,15246
4,15247
2,15248
6,15249
9,15250
86,15251
3,15252
2,15253
2,15254
2,15255
2,15256
2,15257
2,15258
5,15259
2,15260
3,15261
2,15262
2,15263
2,15264
2,15265
3,15266
3,15267
2,15268
2,15269
6,15270
12,15271
8,15272
2,15273
2,15274
7,15275
2,15276
3,15277
9,15278
2,15279
2,15280
3,15281
2,15282
3,15283
2,15284
2,15285
2,15286
2,15287
5,15288
2,15289
4,15290
2,15291
2,15292
6,15293
2,15294
297,15295
26,15296
2,15297
8,15298
4,15299
8,15300
2,15301
25,15302
2,15303
5,15304
2,15305
2,15306
2,15307
2,15308
2,15309
2,15310
2,15311
9,15312
2,15313
4,15314
2,15315
2,15316
2,15317
2,15318
2,15319
2,15320
2,15321
3,15322
2,15323
6,15324
2,15325
100,15326
12,15327
2,15328
3,15329
2,15330
2,15331
2,15332
2,15333
2,15334
3,15335
2,15336
2,15337
2,15338
16,15339
3,15340
2,15341
7,15342
2,15343
2,15344
3,15345
3,15346
3,15347
3,15348
3,15349
2,15350
2,15351
2,15352
4,15353
2,15354
2,15355
4,15356
2,15357
4,15358
4,15359
3,15360
2,15361
5,15362
2,15363
2,15364
8,15365
2,15366
2,15367
2,15368
2,15369
7,15370
14,15371
17,15372
2,15373
10,15374
2,15375
2,15376
2,15377
2,15378
2,15379
3,15380
2,15381
2,15382
3,15383
2,15384
6,15385
2,15386
2,15387
2,15388
2,15389
2,15390
2,15391
2,15392
2,15393
3,15394
2,15395
2,15396
2,15397
3,15398
2,15399
2,15400
2,15401
3,15402
2,15403
3,15404
2,15405
2,15406
3,15407
5,15408
3,15409
2,15410
3,15411
8,15412
2,15413
2,15414
6,15415
3,15416
7,15417
2,15418
4,15419
2,15420
2,15421
2,15422
2,15423
2,15424
3,15425
2,15426
2,15427
5,15428
2,15429
2,15430
2,15431
3,15432
2,15433
2,15434
2,15435
2,15436
2,15437
2,15438
2,15439
2,15440
3,15441
2,15442
5,15443
3,15444
2,15445
2,15446
3,15447
2,15448
2,15449
2,15450
2,15451
3,15452
3,15453
7,15454
2,15455
2,15456
2,15457
2,15458
10,15459
3,15460
2,15461
9,15462
3,15463
3,15464
2,15465
2,15466
5,15467
2,15468
3,15469
11,15470
2,15471
3,15472
3,15473
3,15474
2,15475
2,15476
2,15477
2,15478
2,15479
9,15480
2,15481
2,15482
2,15483
2,15484
2,15485
2,15486
2,15487
3,15488
2,15489
2,15490
2,15491
2,15492
2,15493
3,15494
2,15495
3,15496
4,15497
3,15498
15,15499
2,15500
2,15501
4,15502
6,15503
2,15504
2,15505
4,15506
3,15507
2,15508
7,15509
3,15510
4,15511
2,15512
2,15513
2,15514
2,15515
2,15516
4,15517
2,15518
3,15519
2,15520
2,15521
2,15522
2,15523
2,15524
2,15525
2,15526
2,15527
2,15528
2,15529
2,15530
2,15531
2,15532
7,15533
3,15534
32,15535
6,15536
2,15537
2,15538
2,15539
2,15540
2,15541
2,15542
2,15543
2,15544
2,15545
4,15546
2,15547
3,15548
2,15549
41,15550
2,15551
4,15552
2,15553
24,15554
4,15555
4,15556
2,15557
2,15558
3,15559
2,15560
3,15561
2,15562
5,15563
2,15564
12,15565
2,15566
2,15567
2,15568
2,15569
3,15570
3,15571
7,15572
2,15573
2,15574
18,15575
2,15576
3,15577
2,15578
3,15579
9,15580
3,15581
2,15582
2,15583
2,15584
2,15585
2,15586
2,15587
2,15588
2,15589
2,15590
2,15591
3,15592
2,15593
2,15594
2,15595
13,15596
111,15597
2,15598
3,15599
4,15600
2,15601
2,15602
2,15603
5,15604
2,15605
2,15606
12,15607
5,15608
3,15609
2,15610
2,15611
8,15612
2,15613
2,15614
2,15615
2,15616
2,15617
2,15618
2,15619
2,15620
3,15621
2,15622
2,15623
2,15624
4,15625
2,15626
2,15627
2,15628
2,15629
2,15630
2,15631
2,15632
2,15633
5,15634
4,15635
4,15636
2,15637
2,15638
2,15639
2,15640
2,15641
3,15642
2,15643
2,15644
2,15645
2,15646
3,15647
3,15648
2,15649
2,15650
2,15651
10,15652
2,15653
2,15654
17,15655
2,15656
2,15657
4,15658
2,15659
15,15660
2,15661
2,15662
3,15663
2,15664
2,15665
3,15666
3,15667
2,15668
2,15669
2,15670
4,15671
25,15672
3,15673
2,15674
3,15675
2,15676
2,15677
6,15678
2,15679
2,15680
2,15681
11,15682
2,15683
3,15684
2,15685
2,15686
2,15687
3,15688
5,15689
2,15690
2,15691
3,15692
5,15693
3,15694
4,15695
2,15696
2,15697
2,15698
2,15699
14,15700
5,15701
2,15702
2,15703
2,15704
3,15705
3,15706
70,15707
4,15708
4,15709
3,15710
2,15711
11,15712
13,15713
2,15714
2,15715
32,15716
3,15717
13,15718
93,15719
3,15720
7,15721
3,15722
2,15723
6,15724
2,15725
3,15726
6,15727
18,15728
8,15729
2,15730
2,15731
2,15732
2,15733
3,15734
2,15735
2,15736
9,15737
2,15738
3,15739
7,15740
2,15741
9,15742
4,15743
2,15744
2,15745
2,15746
4,15747
2,15748
2,15749
2,15750
2,15751
2,15752
2,15753
3,15754
8,15755
7,15756
2,15757
2,15758
6,15759
9,15760
2,15761
8,15762
2,15763
2,15764
2,15765
2,15766
2,15767
7,15768
2,15769
4,15770
2,15771
2,15772
3,15773
2,15774
3,15775
2,15776
2,15777
3,15778
3,15779
18,15780
2,15781
2,15782
2,15783
2,15784
15,15785
5,15786
2,15787
2,15788
2,15789
3,15790
4,15791
2,15792
2,15793
2,15794
2,15795
2,15796
2,15797
2,15798
2,15799
2,15800
2,15801
6,15802
2,15803
2,15804
2,15805
2,15806
3,15807
2,15808
9,15809
2,15810
2,15811
6,15812
2,15813
3,15814
5,15815
5,15816
4,15817
2,15818
2,15819
2,15820
2,15821
3,15822
3,15823
6,15824
3,15825
4,15826
2,15827
2,15828
3,15829
6,15830
2,15831
2,15832
3,15833
2,15834
2,15835
2,15836
2,15837
4,15838
3,15839
2,15840
3,15841
2,15842
3,15843
2,15844
3,15845
7,15846
2,15847
3,15848
2,15849
6,15850
2,15851
2,15852
2,15853
2,15854
6,15855
2,15856
12,15857
2,15858
2,15859
3,15860
2,15861
2,15862
2,15863
3,15864
3,15865
2,15866
2,15867
2,15868
12,15869
2,15870
3,15871
2,15872
5,15873
2,15874
2,15875
2,15876
2,15877
2,15878
2,15879
5,15880
4,15881
2,15882
4,15883
2,15884
2,15885
3,15886
12,15887
2,15888
9,15889
4,15890
2,15891
2,15892
3,15893
6,15894
2,15895
2,15896
6,15897
2,15898
2,15899
2,15900
3,15901
2,15902
2,15903
2,15904
2,15905
3,15906
6,15907
2,15908
2,15909
5,15910
3,15911
3,15912
2,15913
5,15914
5,15915
3,15916
2,15917
2,15918
6,15919
2,15920
11,15921
2,15922
2,15923
3,15924
2,15925
2,15926
3,15927
13,15928
2,15929
14,15930
2,15931
3,15932
2,15933
4,15934
2,15935
2,15936
3,15937
2,15938
2,15939
2,15940
3,15941
13,15942
2,15943
2,15944
3,15945
6,15946
4,15947
2,15948
4,15949
2,15950
2,15951
2,15952
4,15953
2,15954
5,15955
2,15956
2,15957
2,15958
2,15959
2,15960
2,15961
3,15962
2,15963
3,15964
2,15965
2,15966
3,15967
3,15968
2,15969
2,15970
4,15971
6,15972
3,15973
3,15974
2,15975
2,15976
2,15977
2,15978
2,15979
2,15980
3,15981
2,15982
2,15983
3,15984
2,15985
3,15986
4,15987
2,15988
2,15989
3,15990
36,15991
11,15992
5,15993
2,15994
12,15995
2,15996
2,15997
5,15998
2,15999
2,16000
2,16001
2,16002
4,16003
2,16004
3,16005
4,16006
3,16007
3,16008
2,16009
4,16010
2,16011
2,16012
2,16013
2,16014
2,16015
2,16016
2,16017
3,16018
2,16019
2,16020
2,16021
2,16022
5,16023
2,16024
7,16025
2,16026
2,16027
2,16028
6,16029
2,16030
2,16031
2,16032
3,16033
2,16034
2,16035
4,16036
2,16037
2,16038
2,16039
2,16040
15,16041
2,16042
4,16043
19,16044
2,16045
2,16046
15,16047
2,16048
2,16049
13,16050
2,16051
2,16052
2,16053
2,16054
2,16055
3,16056
132,16057
2,16058
2,16059
2,16060
3,16061
2,16062
3,16063
2,16064
2,16065
3,16066
2,16067
9,16068
2,16069
2,16070
2,16071
2,16072
2,16073
2,16074
2,16075
3,16076
2,16077
2,16078
2,16079
2,16080
9,16081
4,16082
7,16083
7,16084
2,16085
21,16086
5,16087
2,16088
3,16089
3,16090
2,16091
3,16092
5,16093
3,16094
2,16095
5,16096
2,16097
2,16098
5,16099
2,16100
3,16101
2,16102
2,16103
2,16104
5,16105
2,16106
3,16107
3,16108
2,16109
3,16110
2,16111
2,16112
2,16113
2,16114
2,16115
6,16116
2,16117
43,16118
2,16119
2,16120
6,16121
4,16122
2,16123
4,16124
2,16125
2,16126
2,16127
2,16128
16,16129
7,16130
3,16131
3,16132
2,16133
2,16134
2,16135
2,16136
2,16137
2,16138
4,16139
3,16140
2,16141
5,16142
3,16143
2,16144
3,16145
4,16146
2,16147
2,16148
2,16149
3,16150
3,16151
2,16152
4,16153
2,16154
2,16155
2,16156
3,16157
2,16158
3,16159
2,16160
2,16161
2,16162
2,16163
6,16164
6,16165
3,16166
2,16167
3,16168
2,16169
4,16170
2,16171
2,16172
3,16173
3,16174
4,16175
2,16176
2,16177
8,16178
2,16179
2,16180
3,16181
2,16182
2,16183
2,16184
2,16185
2,16186
2,16187
2,16188
3,16189
4,16190
4,16191
2,16192
3,16193
2,16194
2,16195
5,16196
2,16197
2,16198
8,16199
2,16200
3,16201
2,16202
2,16203
2,16204
2,16205
2,16206
13,16207
2,16208
2,16209
2,16210
2,16211
2,16212
6,16213
2,16214
4,16215
2,16216
2,16217
3,16218
2,16219
4,16220
3,16221
2,16222
2,16223
2,16224
2,16225
2,16226
3,16227
2,16228
2,16229
2,16230
2,16231
8,16232
3,16233
2,16234
2,16235
3,16236
2,16237
2,16238
29,16239
3,16240
5,16241
5,16242
2,16243
8,16244
3,16245
2,16246
3,16247
2,16248
2,16249
2,16250
3,16251
2,16252
2,16253
2,16254
2,16255
2,16256
2,16257
2,16258
5,16259
2,16260
2,16261
2,16262
4,16263
20,16264
2,16265
3,16266
2,16267
2,16268
2,16269
3,16270
2,16271
2,16272
2,16273
4,16274
5,16275
2,16276
22,16277
2,16278
7,16279
59,16280
2,16281
3,16282
3,16283
2,16284
8,16285
2,16286
7,16287
2,16288
2,16289
2,16290
4,16291
3,16292
2,16293
2,16294
15,16295
4,16296
4,16297
2,16298
2,16299
2,16300
2,16301
3,16302
7,16303
2,16304
2,16305
5,16306
2,16307
2,16308
25,16309
3,16310
2,16311
2,16312
3,16313
3,16314
2,16315
15,16316
14,16317
2,16318
2,16319
14,16320
2,16321
2,16322
2,16323
4,16324
2,16325
2,16326
2,16327
3,16328
3,16329
2,16330
2,16331
4,16332
22,16333
2,16334
2,16335
35,16336
6,16337
2,16338
2,16339
2,16340
2,16341
2,16342
5,16343
2,16344
3,16345
2,16346
2,16347
2,16348
5,16349
12,16350
8,16351
2,16352
2,16353
20,16354
3,16355
110,16356
2,16357
2,16358
2,16359
10,16360
2,16361
3,16362
2,16363
2,16364
2,16365
5,16366
8,16367
2,16368
3,16369
3,16370
2,16371
2,16372
2,16373
2,16374
6,16375
2,16376
2,16377
2,16378
3,16379
2,16380
2,16381
2,16382
2,16383
3,16384
5,16385
2,16386
3,16387
2,16388
2,16389
3,16390
4,16391
69,16392
2,16393
2,16394
2,16395
4,16396
2,16397
12,16398
2,16399
2,16400
2,16401
157,16402
9,16403
3,16404
3,16405
21,16406
2,16407
2,16408
3,16409
2,16410
2,16411
4,16412
4,16413
7,16414
2,16415
2,16416
2,16417
5,16418
14,16419
6,16420
2,16421
2,16422
2,16423
2,16424
2,16425
2,16426
2,16427
4,16428
2,16429
2,16430
9,16431
3,16432
3,16433
2,16434
2,16435
2,16436
4,16437
4,16438
5,16439
3,16440
2,16441
2,16442
3,16443
2,16444
2,16445
3,16446
2,16447
2,16448
16,16449
6,16450
5,16451
2,16452
10,16453
2,16454
2,16455
3,16456
2,16457
2,16458
7,16459
2,16460
2,16461
2,16462
5,16463
7,16464
2,16465
9,16466
2,16467
2,16468
2,16469
32,16470
3,16471
4,16472
2,16473
2,16474
2,16475
3,16476
5,16477
2,16478
2,16479
2,16480
2,16481
2,16482
3,16483
2,16484
2,16485
2,16486
2,16487
5,16488
2,16489
2,16490
6,16491
2,16492
2,16493
3,16494
2,16495
3,16496
4,16497
2,16498
2,16499
6,16500
3,16501
34,16502
2,16503
5,16504
2,16505
2,16506
2,16507
3,16508
2,16509
9,16510
2,16511
2,16512
10,16513
2,16514
2,16515
2,16516
2,16517
2,16518
2,16519
7,16520
3,16521
3,16522
5,16523
2,16524
2,16525
2,16526
2,16527
2,16528
4,16529
2,16530
24,16531
2,16532
2,16533
2,16534
2,16535
26,16536
2,16537
2,16538
2,16539
14,16540
9,16541
2,16542
2,16543
2,16544
3,16545
2,16546
2,16547
2,16548
2,16549
2,16550
2,16551
2,16552
2,16553
2,16554
2,16555
2,16556
2,16557
5,16558
3,16559
2,16560
108,16561
25,16562
3,16563
3,16564
2,16565
2,16566
2,16567
2,16568
3,16569
2,16570
2,16571
2,16572
3,16573
2,16574
9,16575
2,16576
3,16577
2,16578
6,16579
2,16580
2,16581
6,16582
3,16583
2,16584
2,16585
2,16586
4,16587
9,16588
11,16589
2,16590
3,16591
3,16592
9,16593
5,16594
2,16595
2,16596
2,16597
2,16598
2,16599
3,16600
2,16601
2,16602
3,16603
2,16604
3,16605
9,16606
2,16607
2,16608
2,16609
2,16610
2,16611
3,16612
124,16613
2,16614
2,16615
4,16616
2,16617
4,16618
10,16619
2,16620
2,16621
3,16622
3,16623
2,16624
2,16625
2,16626
2,16627
6,16628
2,16629
2,16630
3,16631
3,16632
2,16633
2,16634
2,16635
2,16636
9,16637
5,16638
3,16639
12,16640
3,16641
5,16642
4,16643
2,16644
2,16645
3,16646
2,16647
3,16648
2,16649
2,16650
2,16651
2,16652
3,16653
19,16654
2,16655
2,16656
4,16657
5,16658
2,16659
4,16660
2,16661
2,16662
6,16663
3,16664
2,16665
2,16666
2,16667
4,16668
2,16669
2,16670
5,16671
19,16672
2,16673
2,16674
10,16675
5,16676
2,16677
2,16678
14,16679
2,16680
4,16681
2,16682
3,16683
2,16684
2,16685
2,16686
3,16687
2,16688
2,16689
3,16690
2,16691
3,16692
2,16693
44,16694
2,16695
2,16696
3,16697
2,16698
15,16699
4,16700
2,16701
2,16702
2,16703
3,16704
2,16705
2,16706
5,16707
2,16708
3,16709
3,16710
2,16711
4,16712
2,16713
2,16714
6,16715
2,16716
2,16717
2,16718
3,16719
2,16720
3,16721
2,16722
2,16723
2,16724
2,16725
3,16726
2,16727
2,16728
2,16729
2,16730
2,16731
8,16732
2,16733
2,16734
6,16735
2,16736
2,16737
2,16738
3,16739
2,16740
2,16741
23,16742
3,16743
2,16744
2,16745
4,16746
3,16747
2,16748
2,16749
2,16750
2,16751
3,16752
2,16753
171,16754
2,16755
2,16756
2,16757
2,16758
2,16759
2,16760
2,16761
10,16762
2,16763
2,16764
2,16765
2,16766
2,16767
2,16768
2,16769
3,16770
2,16771
5,16772
40,16773
6,16774
3,16775
2,16776
3,16777
3,16778
2,16779
2,16780
2,16781
2,16782
2,16783
121,16784
2,16785
2,16786
2,16787
83,16788
9,16789
2,16790
3,16791
2,16792
14,16793
2,16794
6,16795
2,16796
2,16797
3,16798
2,16799
2,16800
3,16801
5,16802
13,16803
2,16804
3,16805
2,16806
2,16807
5,16808
9,16809
2,16810
2,16811
2,16812
2,16813
2,16814
2,16815
2,16816
5,16817
2,16818
2,16819
2,16820
125,16821
2,16822
2,16823
3,16824
3,16825
6,16826
2,16827
5,16828
2,16829
3,16830
2,16831
4,16832
2,16833
2,16834
2,16835
2,16836
2,16837
9,16838
10,16839
12,16840
2,16841
5,16842
2,16843
2,16844
2,16845
3,16846
2,16847
2,16848
12,16849
2,16850
2,16851
2,16852
2,16853
2,16854
2,16855
2,16856
7,16857
9,16858
2,16859
3,16860
2,16861
3,16862
15,16863
2,16864
10,16865
5,16866
2,16867
4,16868
2,16869
9,16870
2,16871
4,16872
98,16873
2,16874
2,16875
2,16876
9,16877
3,16878
4,16879
14,16880
2,16881
12,16882
6,16883
2,16884
2,16885
2,16886
2,16887
2,16888
2,16889
34,16890
101,16891
2,16892
2,16893
2,16894
3,16895
3,16896
2,16897
2,16898
5,16899
3,16900
4,16901
35,16902
2,16903
108,16904
4,16905
2,16906
2,16907
6,16908
7,16909
2,16910
6,16911
2,16912
7,16913
2,16914
19,16915
2,16916
2,16917
2,16918
200,16919
3,16920
3,16921
2,16922
2,16923
2,16924
3,16925
2,16926
3,16927
2,16928
3,16929
2,16930
10,16931
3,16932
2,16933
2,16934
21,16935
2,16936
2,16937
2,16938
2,16939
2,16940
2,16941
2,16942
3,16943
2,16944
2,16945
2,16946
85,16947
3,16948
10,16949
3,16950
2,16951
2,16952
2,16953
2,16954
3,16955
2,16956
3,16957
3,16958
2,16959
4,16960
2,16961
3,16962
5,16963
3,16964
2,16965
2,16966
2,16967
2,16968
3,16969
2,16970
2,16971
2,16972
3,16973
2,16974
2,16975
2,16976
2,16977
5,16978
4,16979
3,16980
10,16981
3,16982
46,16983
20,16984
2,16985
2,16986
2,16987
5,16988
2,16989
2,16990
3,16991
3,16992
2,16993
2,16994
2,16995
2,16996
2,16997
5,16998
2,16999
164,17000
2,17001
2,17002
4,17003
2,17004
2,17005
2,17006
2,17007
2,17008
2,17009
7,17010
22,17011
2,17012
2,17013
2,17014
4,17015
2,17016
3,17017
2,17018
7,17019
3,17020
2,17021
2,17022
4,17023
2,17024
4,17025
3,17026
3,17027
5,17028
2,17029
115,17030
8,17031
7,17032
2,17033
2,17034
2,17035
2,17036
2,17037
2,17038
2,17039
2,17040
2,17041
2,17042
2,17043
2,17044
2,17045
2,17046
2,17047
95,17048
2,17049
2,17050
2,17051
2,17052
5,17053
2,17054
2,17055
2,17056
4,17057
2,17058
2,17059
2,17060
2,17061
2,17062
2,17063
2,17064
2,17065
3,17066
2,17067
2,17068
10,17069
2,17070
3,17071
2,17072
2,17073
2,17074
6,17075
2,17076
2,17077
3,17078
2,17079
2,17080
2,17081
4,17082
7,17083
2,17084
2,17085
2,17086
2,17087
3,17088
7,17089
9,17090
4,17091
2,17092
2,17093
2,17094
3,17095
2,17096
2,17097
3,17098
9,17099
2,17100
7,17101
3,17102
2,17103
2,17104
3,17105
2,17106
3,17107
4,17108
2,17109
3,17110
3,17111
2,17112
2,17113
2,17114
2,17115
2,17116
6,17117
2,17118
2,17119
5,17120
2,17121
3,17122
10,17123
2,17124
3,17125
2,17126
2,17127
2,17128
2,17129
3,17130
3,17131
2,17132
2,17133
3,17134
2,17135
2,17136
2,17137
3,17138
2,17139
2,17140
2,17141
7,17142
12,17143
2,17144
2,17145
6,17146
3,17147
2,17148
3,17149
2,17150
3,17151
298,17152
2,17153
2,17154
2,17155
3,17156
3,17157
2,17158
2,17159
2,17160
4,17161
2,17162
3,17163
2,17164
3,17165
2,17166
2,17167
3,17168
2,17169
3,17170
2,17171
2,17172
2,17173
2,17174
4,17175
2,17176
2,17177
2,17178
2,17179
2,17180
9,17181
2,17182
2,17183
42,17184
2,17185
2,17186
2,17187
4,17188
2,17189
2,17190
2,17191
2,17192
2,17193
2,17194
2,17195
5,17196
2,17197
2,17198
5,17199
39,17200
2,17201
3,17202
4,17203
2,17204
6,17205
2,17206
26,17207
2,17208
2,17209
2,17210
2,17211
3,17212
2,17213
2,17214
7,17215
2,17216
2,17217
17,17218
3,17219
2,17220
2,17221
15,17222
6,17223
2,17224
2,17225
3,17226
2,17227
8,17228
2,17229
2,17230
2,17231
2,17232
2,17233
2,17234
9,17235
3,17236
5,17237
2,17238
2,17239
24,17240
2,17241
2,17242
2,17243
2,17244
3,17245
4,17246
7,17247
2,17248
13,17249
5,17250
11,17251
2,17252
19,17253
2,17254
2,17255
2,17256
10,17257
5,17258
3,17259
2,17260
8,17261
2,17262
2,17263
2,17264
2,17265
2,17266
2,17267
3,17268
2,17269
2,17270
3,17271
9,17272
4,17273
2,17274
7,17275
2,17276
2,17277
2,17278
13,17279
2,17280
2,17281
6,17282
2,17283
2,17284
2,17285
2,17286
2,17287
5,17288
3,17289
2,17290
6,17291
2,17292
3,17293
2,17294
4,17295
2,17296
3,17297
2,17298
2,17299
2,17300
2,17301
5,17302
3,17303
2,17304
2,17305
2,17306
2,17307
2,17308
2,17309
2,17310
3,17311
2,17312
2,17313
2,17314
4,17315
2,17316
5,17317
3,17318
2,17319
54,17320
2,17321
2,17322
2,17323
13,17324
3,17325
2,17326
2,17327
2,17328
4,17329
2,17330
2,17331
14,17332
2,17333
2,17334
2,17335
4,17336
2,17337
2,17338
8,17339
5,17340
2,17341
2,17342
2,17343
2,17344
2,17345
7,17346
3,17347
2,17348
2,17349
4,17350
6,17351
2,17352
9,17353
2,17354
18,17355
5,17356
2,17357
2,17358
3,17359
2,17360
2,17361
3,17362
5,17363
4,17364
482,17365
4,17366
2,17367
2,17368
2,17369
3,17370
2,17371
2,17372
4,17373
2,17374
143,17375
124,17376
2,17377
2,17378
2,17379
2,17380
3,17381
2,17382
2,17383
4,17384
4,17385
77,17386
2,17387
3,17388
5,17389
2,17390
2,17391
2,17392
2,17393
3,17394
3,17395
2,17396
2,17397
3,17398
2,17399
3,17400
2,17401
2,17402
2,17403
4,17404
3,17405
4,17406
2,17407
2,17408
2,17409
3,17410
2,17411
259,17412
2,17413
2,17414
2,17415
12,17416
2,17417
2,17418
3,17419
3,17420
2,17421
2,17422
2,17423
2,17424
5,17425
2,17426
3,17427
3,17428
10,17429
2,17430
3,17431
2,17432
3,17433
3,17434
4,17435
3,17436
5,17437
2,17438
5,17439
2,17440
2,17441
3,17442
2,17443
2,17444
3,17445
3,17446
2,17447
2,17448
4,17449
2,17450
3,17451
11,17452
3,17453
4,17454
2,17455
2,17456
2,17457
2,17458
2,17459
2,17460
4,17461
3,17462
2,17463
4,17464
2,17465
4,17466
9,17467
48,17468
4,17469
2,17470
2,17471
2,17472
2,17473
2,17474
7,17475
2,17476
2,17477
3,17478
3,17479
5,17480
2,17481
2,17482
2,17483
13,17484
2,17485
2,17486
2,17487
3,17488
2,17489
12,17490
2,17491
2,17492
2,17493
2,17494
2,17495
2,17496
2,17497
2,17498
2,17499
2,17500
2,17501
2,17502
21,17503
3,17504
2,17505
5,17506
8,17507
2,17508
59,17509
2,17510
2,17511
2,17512
4,17513
27,17514
9,17515
2,17516
4,17517
2,17518
2,17519
2,17520
2,17521
2,17522
2,17523
2,17524
2,17525
2,17526
70,17527
4,17528
2,17529
2,17530
2,17531
2,17532
2,17533
3,17534
2,17535
2,17536
3,17537
2,17538
2,17539
11,17540
41,17541
4,17542
2,17543
2,17544
2,17545
2,17546
3,17547
2,17548
5,17549
6,17550
3,17551
2,17552
3,17553
65,17554
3,17555
16,17556
73,17557
2,17558
2,17559
3,17560
2,17561
2,17562
2,17563
2,17564
2,17565
2,17566
2,17567
4,17568
2,17569
7,17570
3,17571
3,17572
3,17573
2,17574
2,17575
3,17576
2,17577
2,17578
7,17579
2,17580
2,17581
2,17582
2,17583
2,17584
2,17585
2,17586
3,17587
2,17588
5,17589
2,17590
2,17591
2,17592
2,17593
2,17594
4,17595
2,17596
2,17597
2,17598
3,17599
2,17600
6,17601
2,17602
2,17603
3,17604
2,17605
3,17606
2,17607
12,17608
2,17609
2,17610
2,17611
3,17612
4,17613
3,17614
2,17615
2,17616
2,17617
3,17618
2,17619
9,17620
2,17621
6,17622
3,17623
2,17624
4,17625
2,17626
3,17627
2,17628
2,17629
3,17630
9,17631
3,17632
2,17633
2,17634
2,17635
16,17636
2,17637
2,17638
2,17639
2,17640
2,17641
3,17642
8,17643
2,17644
2,17645
4,17646
2,17647
2,17648
3,17649
3,17650
3,17651
3,17652
5,17653
2,17654
5,17655
2,17656
5,17657
3,17658
2,17659
2,17660
2,17661
3,17662
2,17663
2,17664
4,17665
6,17666
206,17667
2,17668
2,17669
4,17670
2,17671
2,17672
4,17673
2,17674
2,17675
4,17676
9,17677
2,17678
2,17679
3,17680
2,17681
2,17682
2,17683
2,17684
7,17685
6,17686
2,17687
4,17688
2,17689
2,17690
3,17691
2,17692
6,17693
2,17694
5,17695
2,17696
2,17697
2,17698
3,17699
4,17700
2,17701
2,17702
2,17703
25,17704
2,17705
2,17706
7,17707
2,17708
3,17709
3,17710
2,17711
2,17712
2,17713
5,17714
2,17715
3,17716
2,17717
3,17718
8,17719
2,17720
2,17721
2,17722
2,17723
2,17724
2,17725
2,17726
2,17727
4,17728
3,17729
20,17730
2,17731
2,17732
2,17733
3,17734
3,17735
2,17736
2,17737
3,17738
2,17739
2,17740
2,17741
11,17742
2,17743
2,17744
2,17745
3,17746
2,17747
4,17748
2,17749
5,17750
2,17751
5,17752
2,17753
5,17754
2,17755
16,17756
2,17757
3,17758
2,17759
2,17760
3,17761
2,17762
16,17763
2,17764
3,17765
2,17766
2,17767
2,17768
3,17769
6,17770
2,17771
2,17772
2,17773
2,17774
42,17775
7,17776
6,17777
4,17778
12,17779
2,17780
2,17781
2,17782
2,17783
2,17784
2,17785
13,17786
2,17787
4,17788
4,17789
2,17790
3,17791
2,17792
10,17793
2,17794
2,17795
2,17796
3,17797
2,17798
2,17799
9,17800
4,17801
2,17802
8,17803
2,17804
2,17805
2,17806
2,17807
32,17808
2,17809
2,17810
2,17811
2,17812
2,17813
2,17814
2,17815
4,17816
2,17817
2,17818
2,17819
2,17820
15,17821
2,17822
2,17823
2,17824
2,17825
2,17826
2,17827
2,17828
16,17829
123,17830
2,17831
3,17832
2,17833
2,17834
3,17835
2,17836
2,17837
2,17838
3,17839
4,17840
2,17841
5,17842
6,17843
2,17844
2,17845
105,17846
2,17847
3,17848
4,17849
2,17850
2,17851
7,17852
6,17853
3,17854
4,17855
2,17856
3,17857
2,17858
2,17859
3,17860
2,17861
2,17862
3,17863
2,17864
3,17865
4,17866
5,17867
2,17868
2,17869
3,17870
11,17871
2,17872
5,17873
7,17874
5,17875
5,17876
2,17877
4,17878
2,17879
2,17880
2,17881
2,17882
3,17883
2,17884
6,17885
8,17886
4,17887
2,17888
5,17889
2,17890
2,17891
2,17892
3,17893
2,17894
2,17895
16,17896
3,17897
2,17898
2,17899
4,17900
3,17901
2,17902
3,17903
3,17904
2,17905
2,17906
2,17907
2,17908
2,17909
2,17910
19,17911
2,17912
15,17913
2,17914
16,17915
2,17916
2,17917
2,17918
2,17919
18,17920
2,17921
3,17922
6,17923
2,17924
2,17925
8,17926
4,17927
2,17928
3,17929
5,17930
3,17931
2,17932
10,17933
2,17934
2,17935
8,17936
2,17937
2,17938
2,17939
2,17940
5,17941
11,17942
5,17943
2,17944
2,17945
2,17946
2,17947
6,17948
3,17949
2,17950
2,17951
2,17952
2,17953
2,17954
3,17955
8,17956
2,17957
2,17958
2,17959
3,17960
14,17961
2,17962
3,17963
2,17964
24,17965
2,17966
2,17967
2,17968
3,17969
2,17970
3,17971
8,17972
2,17973
2,17974
6,17975
2,17976
2,17977
2,17978
3,17979
2,17980
5,17981
2,17982
3,17983
2,17984
3,17985
5,17986
4,17987
8,17988
2,17989
2,17990
2,17991
4,17992
2,17993
2,17994
2,17995
2,17996
3,17997
2,17998
2,17999
2,18000
2,18001
2,18002
3,18003
3,18004
2,18005
4,18006
2,18007
2,18008
2,18009
2,18010
2,18011
2,18012
3,18013
2,18014
2,18015
3,18016
2,18017
3,18018
2,18019
2,18020
2,18021
2,18022
4,18023
2,18024
2,18025
2,18026
3,18027
2,18028
6,18029
4,18030
2,18031
8,18032
2,18033
2,18034
2,18035
2,18036
2,18037
2,18038
2,18039
656,18040
2,18041
2,18042
2,18043
2,18044
6,18045
3,18046
2,18047
3,18048
4,18049
4,18050
2,18051
2,18052
2,18053
3,18054
2,18055
2,18056
2,18057
2,18058
3,18059
2,18060
3,18061
2,18062
2,18063
2,18064
3,18065
19,18066
3,18067
3,18068
2,18069
2,18070
4,18071
2,18072
3,18073
2,18074
3,18075
2,18076
5,18077
34,18078
2,18079
3,18080
2,18081
2,18082
2,18083
2,18084
2,18085
2,18086
2,18087
2,18088
3,18089
2,18090
2,18091
2,18092
2,18093
2,18094
2,18095
2,18096
14,18097
3,18098
2,18099
2,18100
2,18101
4,18102
3,18103
2,18104
2,18105
2,18106
6,18107
2,18108
2,18109
2,18110
4,18111
4,18112
2,18113
2,18114
2,18115
3,18116
2,18117
3,18118
2,18119
2,18120
2,18121
4,18122
15,18123
2,18124
2,18125
4,18126
2,18127
3,18128
4,18129
3,18130
2,18131
2,18132
4,18133
5,18134
3,18135
2,18136
4,18137
2,18138
2,18139
2,18140
3,18141
13,18142
2,18143
3,18144
2,18145
2,18146
2,18147
2,18148
2,18149
2,18150
2,18151
2,18152
2,18153
2,18154
6,18155
2,18156
2,18157
2,18158
7,18159
2,18160
2,18161
2,18162
2,18163
2,18164
2,18165
2,18166
5,18167
4,18168
2,18169
3,18170
3,18171
8,18172
2,18173
7,18174
3,18175
2,18176
4,18177
8,18178
2,18179
3,18180
3,18181
3,18182
19,18183
2,18184
2,18185
2,18186
21,18187
2,18188
6,18189
12,18190
8,18191
3,18192
2,18193
2,18194
4,18195
2,18196
5,18197
3,18198
3,18199
2,18200
2,18201
2,18202
10,18203
30,18204
2,18205
2,18206
2,18207
3,18208
2,18209
3,18210
4,18211
3,18212
2,18213
2,18214
6,18215
2,18216
5,18217
3,18218
2,18219
3,18220
9,18221
2,18222
4,18223
2,18224
2,18225
2,18226
2,18227
3,18228
2,18229
2,18230
2,18231
2,18232
40,18233
2,18234
2,18235
3,18236
3,18237
4,18238
6,18239
2,18240
2,18241
3,18242
12,18243
3,18244
2,18245
39,18246
2,18247
2,18248
2,18249
2,18250
2,18251
5,18252
8,18253
2,18254
4,18255
2,18256
2,18257
2,18258
2,18259
2,18260
2,18261
2,18262
5,18263
7,18264
2,18265
2,18266
2,18267
5,18268
2,18269
2,18270
2,18271
4,18272
2,18273
2,18274
2,18275
2,18276
2,18277
2,18278
4,18279
2,18280
2,18281
2,18282
4,18283
5,18284
2,18285
2,18286
2,18287
8,18288
2,18289
3,18290
3,18291
85,18292
2,18293
8,18294
2,18295
2,18296
5,18297
3,18298
5,18299
4,18300
2,18301
3,18302
3,18303
4,18304
2,18305
2,18306
4,18307
3,18308
2,18309
2,18310
23,18311
2,18312
2,18313
4,18314
3,18315
2,18316
2,18317
5,18318
2,18319
5,18320
2,18321
3,18322
2,18323
2,18324
2,18325
2,18326
5,18327
2,18328
2,18329
2,18330
2,18331
2,18332
16,18333
2,18334
3,18335
3,18336
2,18337
2,18338
2,18339
2,18340
2,18341
4,18342
3,18343
2,18344
3,18345
2,18346
2,18347
2,18348
57,18349
3,18350
2,18351
2,18352
2,18353
3,18354
630,18355
2,18356
3,18357
2,18358
2,18359
2,18360
4,18361
3,18362
2,18363
2,18364
9,18365
2,18366
3,18367
2,18368
3,18369
3,18370
2,18371
2,18372
4,18373
2,18374
2,18375
2,18376
2,18377
2,18378
2,18379
9,18380
2,18381
3,18382
2,18383
2,18384
226,18385
2,18386
2,18387
2,18388
51,18389
2,18390
2,18391
8,18392
2,18393
2,18394
2,18395
12,18396
2,18397
4,18398
2,18399
3,18400
2,18401
2,18402
2,18403
12,18404
3,18405
3,18406
2,18407
13,18408
2,18409
2,18410
9,18411
2,18412
6,18413
2,18414
2,18415
4,18416
3,18417
6,18418
2,18419
2,18420
2,18421
2,18422
4,18423
11,18424
2,18425
2,18426
2,18427
2,18428
2,18429
12,18430
2,18431
2,18432
4,18433
2,18434
4,18435
2,18436
2,18437
5,18438
2,18439
2,18440
2,18441
6,18442
3,18443
3,18444
46,18445
3,18446
3,18447
2,18448
2,18449
2,18450
2,18451
2,18452
3,18453
2,18454
2,18455
2,18456
2,18457
2,18458
2,18459
2,18460
2,18461
2,18462
6,18463
4,18464
2,18465
2,18466
2,18467
13,18468
3,18469
2,18470
3,18471
7,18472
2,18473
3,18474
3,18475
5,18476
2,18477
2,18478
3,18479
22,18480
3,18481
4,18482
2,18483
2,18484
2,18485
2,18486
3,18487
2,18488
11,18489
2,18490
2,18491
3,18492
2,18493
2,18494
4,18495
2,18496
2,18497
8,18498
12,18499
2,18500
2,18501
2,18502
2,18503
2,18504
2,18505
2,18506
6,18507
4,18508
2,18509
6,18510
2,18511
5,18512
2,18513
2,18514
2,18515
3,18516
2,18517
2,18518
2,18519
2,18520
2,18521
2,18522
2,18523
4,18524
4,18525
6,18526
2,18527
12,18528
2,18529
2,18530
2,18531
3,18532
4,18533
2,18534
2,18535
3,18536
3,18537
2,18538
3,18539
22,18540
2,18541
3,18542
2,18543
2,18544
2,18545
2,18546
2,18547
3,18548
2,18549
2,18550
2,18551
3,18552
5,18553
2,18554
2,18555
2,18556
2,18557
29,18558
11,18559
2,18560
2,18561
2,18562
2,18563
2,18564
28,18565
2,18566
2,18567
2,18568
11,18569
2,18570
2,18571
2,18572
2,18573
2,18574
2,18575
3,18576
6,18577
2,18578
2,18579
2,18580
2,18581
2,18582
2,18583
2,18584
2,18585
7,18586
2,18587
11,18588
2,18589
5,18590
2,18591
5,18592
2,18593
3,18594
2,18595
2,18596
2,18597
2,18598
2,18599
2,18600
2,18601
2,18602
2,18603
2,18604
2,18605
2,18606
2,18607
4,18608
2,18609
4,18610
2,18611
11,18612
2,18613
3,18614
2,18615
2,18616
2,18617
2,18618
12,18619
2,18620
3,18621
2,18622
2,18623
2,18624
3,18625
4,18626
8,18627
2,18628
2,18629
2,18630
4,18631
2,18632
2,18633
5,18634
2,18635
2,18636
3,18637
2,18638
6,18639
2,18640
2,18641
9,18642
118,18643
2,18644
2,18645
3,18646
2,18647
2,18648
2,18649
2,18650
3,18651
5,18652
4,18653
4,18654
2,18655
2,18656
2,18657
2,18658
3,18659
3,18660
2,18661
2,18662
5,18663
5,18664
2,18665
2,18666
3,18667
3,18668
6,18669
3,18670
3,18671
5,18672
2,18673
5,18674
6,18675
2,18676
8,18677
2,18678
2,18679
2,18680
2,18681
4,18682
2,18683
3,18684
2,18685
2,18686
3,18687
2,18688
2,18689
2,18690
2,18691
2,18692
2,18693
2,18694
3,18695
3,18696
2,18697
2,18698
2,18699
167,18700
2,18701
3,18702
6,18703
3,18704
11,18705
4,18706
3,18707
2,18708
6,18709
2,18710
4,18711
2,18712
2,18713
3,18714
7,18715
2,18716
4,18717
5,18718
2,18719
187,18720
2,18721
2,18722
2,18723
2,18724
2,18725
10,18726
7,18727
2,18728
2,18729
2,18730
2,18731
4,18732
2,18733
2,18734
2,18735
2,18736
3,18737
2,18738
3,18739
2,18740
2,18741
2,18742
3,18743
2,18744
2,18745
2,18746
2,18747
2,18748
2,18749
2,18750
2,18751
2,18752
2,18753
2,18754
3,18755
3,18756
2,18757
2,18758
3,18759
17,18760
4,18761
3,18762
2,18763
5,18764
2,18765
5,18766
9,18767
2,18768
6,18769
2,18770
6,18771
2,18772
2,18773
2,18774
2,18775
2,18776
2,18777
6,18778
2,18779
2,18780
7,18781
2,18782
2,18783
2,18784
2,18785
2,18786
3,18787
3,18788
2,18789
2,18790
7,18791
2,18792
7,18793
3,18794
2,18795
3,18796
16,18797
2,18798
2,18799
3,18800
4,18801
2,18802
3,18803
5,18804
2,18805
2,18806
2,18807
2,18808
2,18809
2,18810
2,18811
3,18812
4,18813
2,18814
11,18815
2,18816
4,18817
2,18818
3,18819
2,18820
2,18821
3,18822
2,18823
2,18824
2,18825
3,18826
2,18827
2,18828
19,18829
3,18830
2,18831
4,18832
2,18833
3,18834
3,18835
2,18836
2,18837
9,18838
2,18839
2,18840
3,18841
3,18842
3,18843
11,18844
2,18845
2,18846
4,18847
2,18848
2,18849
3,18850
2,18851
2,18852
3,18853
2,18854
25,18855
2,18856
2,18857
10,18858
2,18859
3,18860
2,18861
2,18862
2,18863
2,18864
2,18865
2,18866
2,18867
3,18868
2,18869
2,18870
2,18871
2,18872
2,18873
2,18874
2,18875
2,18876
2,18877
2,18878
3,18879
6,18880
3,18881
2,18882
4,18883
2,18884
5,18885
2,18886
2,18887
4,18888
2,18889
2,18890
2,18891
3,18892
2,18893
2,18894
29,18895
2,18896
2,18897
2,18898
2,18899
2,18900
3,18901
4,18902
2,18903
2,18904
2,18905
3,18906
2,18907
2,18908
3,18909
2,18910
2,18911
4,18912
2,18913
3,18914
2,18915
4,18916
2,18917
5,18918
2,18919
11,18920
2,18921
2,18922
4,18923
2,18924
9,18925
2,18926
2,18927
2,18928
3,18929
6,18930
2,18931
2,18932
5,18933
3,18934
2,18935
2,18936
2,18937
2,18938
19,18939
12,18940
2,18941
5,18942
6,18943
4,18944
2,18945
2,18946
5,18947
3,18948
3,18949
2,18950
2,18951
2,18952
2,18953
2,18954
2,18955
3,18956
6,18957
3,18958
2,18959
2,18960
2,18961
2,18962
2,18963
2,18964
2,18965
2,18966
4,18967
4,18968
2,18969
3,18970
2,18971
3,18972
2,18973
30,18974
2,18975
3,18976
4,18977
2,18978
17,18979
10,18980
3,18981
2,18982
2,18983
3,18984
3,18985
3,18986
2,18987
2,18988
2,18989
3,18990
2,18991
2,18992
5,18993
2,18994
4,18995
2,18996
2,18997
2,18998
3,18999
2,19000
2,19001
3,19002
2,19003
4,19004
2,19005
77,19006
2,19007
2,19008
2,19009
2,19010
2,19011
2,19012
2,19013
5,19014
3,19015
2,19016
5,19017
2,19018
2,19019
2,19020
2,19021
2,19022
2,19023
3,19024
233,19025
2,19026
2,19027
2,19028
2,19029
3,19030
2,19031
2,19032
2,19033
2,19034
2,19035
2,19036
6,19037
2,19038
4,19039
3,19040
4,19041
2,19042
2,19043
2,19044
2,19045
60,19046
2,19047
2,19048
2,19049
6,19050
2,19051
2,19052
4,19053
2,19054
2,19055
2,19056
2,19057
2,19058
2,19059
2,19060
2,19061
3,19062
2,19063
2,19064
2,19065
2,19066
3,19067
4,19068
2,19069
3,19070
2,19071
2,19072
2,19073
5,19074
3,19075
2,19076
44,19077
2,19078
2,19079
3,19080
3,19081
2,19082
16,19083
2,19084
2,19085
2,19086
2,19087
2,19088
23,19089
2,19090
3,19091
6,19092
2,19093
2,19094
2,19095
2,19096
2,19097
3,19098
2,19099
2,19100
17,19101
2,19102
2,19103
2,19104
2,19105
2,19106
2,19107
2,19108
6,19109
2,19110
3,19111
3,19112
3,19113
4,19114
2,19115
2,19116
35,19117
33,19118
4,19119
2,19120
10,19121
2,19122
8,19123
2,19124
16,19125
2,19126
4,19127
2,19128
2,19129
2,19130
2,19131
2,19132
4,19133
3,19134
2,19135
2,19136
2,19137
4,19138
2,19139
2,19140
24,19141
2,19142
2,19143
2,19144
5,19145
2,19146
2,19147
2,19148
2,19149
10,19150
5,19151
2,19152
3,19153
5,19154
3,19155
2,19156
3,19157
2,19158
2,19159
2,19160
2,19161
2,19162
2,19163
4,19164
2,19165
2,19166
2,19167
2,19168
2,19169
2,19170
26,19171
2,19172
2,19173
2,19174
5,19175
4,19176
2,19177
2,19178
5,19179
2,19180
2,19181
2,19182
7,19183
2,19184
2,19185
2,19186
3,19187
2,19188
2,19189
2,19190
19,19191
2,19192
12,19193
3,19194
2,19195
4,19196
2,19197
3,19198
19,19199
2,19200
2,19201
2,19202
12,19203
3,19204
4,19205
2,19206
2,19207
8,19208
5,19209
2,19210
2,19211
2,19212
3,19213
2,19214
2,19215
2,19216
6,19217
2,19218
5,19219
2,19220
2,19221
2,19222
6,19223
3,19224
2,19225
7,19226
2,19227
3,19228
2,19229
5,19230
2,19231
4,19232
4,19233
2,19234
2,19235
2,19236
2,19237
2,19238
3,19239
4,19240
2,19241
2,19242
2,19243
4,19244
2,19245
2,19246
2,19247
2,19248
7,19249
2,19250
8,19251
10,19252
2,19253
2,19254
2,19255
5,19256
2,19257
2,19258
2,19259
2,19260
2,19261
2,19262
9,19263
2,19264
2,19265
2,19266
7,19267
2,19268
2,19269
2,19270
3,19271
2,19272
4,19273
2,19274
2,19275
2,19276
2,19277
2,19278
2,19279
2,19280
10,19281
8,19282
2,19283
14,19284
3,19285
2,19286
3,19287
4,19288
2,19289
3,19290
3,19291
2,19292
24,19293
5,19294
2,19295
2,19296
7,19297
2,19298
2,19299
2,19300
2,19301
2,19302
3,19303
5,19304
3,19305
2,19306
2,19307
2,19308
9,19309
2,19310
2,19311
41,19312
2,19313
2,19314
31,19315
2,19316
3,19317
7,19318
2,19319
2,19320
2,19321
7,19322
2,19323
9,19324
3,19325
2,19326
4,19327
2,19328
5,19329
2,19330
3,19331
2,19332
2,19333
2,19334
2,19335
3,19336
5,19337
5,19338
2,19339
2,19340
4,19341
4,19342
2,19343
5,19344
3,19345
2,19346
2,19347
2,19348
3,19349
2,19350
2,19351
2,19352
2,19353
2,19354
4,19355
2,19356
2,19357
2,19358
3,19359
2,19360
9,19361
3,19362
2,19363
3,19364
7,19365
4,19366
4,19367
3,19368
7,19369
3,19370
2,19371
2,19372
2,19373
2,19374
2,19375
2,19376
2,19377
2,19378
2,19379
2,19380
2,19381
2,19382
2,19383
2,19384
2,19385
2,19386
2,19387
2,19388
2,19389
2,19390
2,19391
3,19392
2,19393
5,19394
3,19395
2,19396
2,19397
3,19398
2,19399
6,19400
2,19401
2,19402
2,19403
2,19404
6,19405
3,19406
2,19407
4,19408
7,19409
2,19410
2,19411
2,19412
3,19413
2,19414
2,19415
2,19416
4,19417
2,19418
2,19419
2,19420
2,19421
2,19422
2,19423
7,19424
2,19425
2,19426
2,19427
2,19428
2,19429
2,19430
2,19431
3,19432
3,19433
4,19434
6,19435
2,19436
2,19437
2,19438
2,19439
3,19440
2,19441
3,19442
2,19443
5,19444
2,19445
2,19446
9,19447
2,19448
2,19449
3,19450
2,19451
2,19452
2,19453
2,19454
2,19455
3,19456
2,19457
2,19458
2,19459
3,19460
2,19461
2,19462
2,19463
2,19464
2,19465
5,19466
8,19467
2,19468
2,19469
2,19470
2,19471
2,19472
4,19473
2,19474
4,19475
2,19476
11,19477
2,19478
2,19479
4,19480
2,19481
3,19482
2,19483
2,19484
10,19485
2,19486
2,19487
2,19488
2,19489
2,19490
15,19491
2,19492
8,19493
2,19494
4,19495
2,19496
3,19497
2,19498
2,19499
2,19500
2,19501
3,19502
6,19503
2,19504
2,19505
2,19506
2,19507
3,19508
2,19509
4,19510
3,19511
4,19512
2,19513
2,19514
2,19515
2,19516
3,19517
3,19518
2,19519
2,19520
6,19521
6,19522
4,19523
2,19524
2,19525
2,19526
2,19527
6,19528
2,19529
3,19530
16,19531
2,19532
6,19533
2,19534
2,19535
2,19536
2,19537
2,19538
2,19539
16,19540
9,19541
2,19542
2,19543
3,19544
4,19545
2,19546
22,19547
2,19548
9,19549
2,19550
2,19551
2,19552
2,19553
2,19554
2,19555
2,19556
3,19557
2,19558
33,19559
3,19560
4,19561
2,19562
2,19563
2,19564
4,19565
2,19566
2,19567
2,19568
8,19569
2,19570
2,19571
4,19572
3,19573
7,19574
73,19575
2,19576
3,19577
2,19578
13,19579
2,19580
22,19581
12,19582
2,19583
3,19584
5,19585
2,19586
5,19587
3,19588
4,19589
4,19590
2,19591
2,19592
2,19593
2,19594
101,19595
2,19596
8,19597
3,19598
2,19599
2,19600
2,19601
22,19602
5,19603
3,19604
2,19605
2,19606
2,19607
2,19608
2,19609
11,19610
5,19611
6,19612
2,19613
4,19614
8,19615
2,19616
3,19617
2,19618
21,19619
2,19620
4,19621
2,19622
2,19623
2,19624
2,19625
2,19626
2,19627
3,19628
5,19629
2,19630
2,19631
2,19632
3,19633
2,19634
4,19635
2,19636
4,19637
2,19638
2,19639
5,19640
2,19641
3,19642
2,19643
2,19644
5,19645
2,19646
2,19647
2,19648
2,19649
359,19650
2,19651
2,19652
3,19653
3,19654
6,19655
4,19656
11,19657
20,19658
2,19659
2,19660
2,19661
2,19662
2,19663
7,19664
3,19665
2,19666
8,19667
3,19668
2,19669
3,19670
3,19671
6,19672
16,19673
9,19674
3,19675
2,19676
2,19677
6,19678
2,19679
3,19680
6,19681
7,19682
2,19683
2,19684
82,19685
2,19686
2,19687
3,19688
2,19689
2,19690
2,19691
4,19692
3,19693
5,19694
2,19695
2,19696
2,19697
2,19698
23,19699
2,19700
2,19701
4,19702
3,19703
2,19704
4,19705
2,19706
8,19707
2,19708
2,19709
3,19710
2,19711
5,19712
2,19713
2,19714
2,19715
2,19716
2,19717
7,19718
2,19719
5,19720
3,19721
2,19722
4,19723
2,19724
2,19725
2,19726
2,19727
2,19728
2,19729
4,19730
2,19731
2,19732
2,19733
2,19734
2,19735
3,19736
2,19737
2,19738
2,19739
2,19740
2,19741
2,19742
2,19743
2,19744
2,19745
2,19746
3,19747
3,19748
6,19749
2,19750
2,19751
4,19752
4,19753
3,19754
2,19755
2,19756
2,19757
2,19758
2,19759
25,19760
2,19761
15,19762
2,19763
2,19764
2,19765
2,19766
2,19767
3,19768
2,19769
2,19770
2,19771
2,19772
4,19773
2,19774
4,19775
2,19776
29,19777
2,19778
4,19779
2,19780
2,19781
2,19782
4,19783
4,19784
11,19785
2,19786
2,19787
2,19788
2,19789
2,19790
6,19791
3,19792
5,19793
2,19794
4,19795
2,19796
2,19797
10,19798
2,19799
2,19800
2,19801
3,19802
14,19803
6,19804
3,19805
6,19806
2,19807
2,19808
2,19809
21,19810
2,19811
2,19812
6,19813
2,19814
3,19815
2,19816
9,19817
2,19818
2,19819
4,19820
19,19821
5,19822
3,19823
2,19824
18,19825
2,19826
8,19827
2,19828
2,19829
2,19830
2,19831
2,19832
2,19833
2,19834
2,19835
2,19836
3,19837
2,19838
2,19839
4,19840
25,19841
2,19842
2,19843
2,19844
2,19845
3,19846
2,19847
2,19848
2,19849
2,19850
10,19851
2,19852
4,19853
8,19854
5,19855
3,19856
3,19857
3,19858
11,19859
6,19860
6,19861
3,19862
4,19863
4,19864
4,19865
2,19866
14,19867
2,19868
2,19869
4,19870
2,19871
2,19872
2,19873
2,19874
3,19875
2,19876
29,19877
2,19878
2,19879
2,19880
13,19881
2,19882
2,19883
5,19884
3,19885
2,19886
4,19887
2,19888
2,19889
2,19890
5,19891
2,19892
3,19893
2,19894
2,19895
2,19896
2,19897
2,19898
2,19899
2,19900
2,19901
2,19902
2,19903
2,19904
2,19905
2,19906
3,19907
2,19908
30,19909
2,19910
2,19911
7,19912
2,19913
2,19914
2,19915
5,19916
2,19917
2,19918
9,19919
2,19920
2,19921
6,19922
3,19923
2,19924
5,19925
2,19926
2,19927
6,19928
2,19929
2,19930
2,19931
2,19932
101,19933
5,19934
2,19935
2,19936
2,19937
3,19938
2,19939
6,19940
2,19941
50,19942
2,19943
2,19944
2,19945
3,19946
9,19947
3,19948
2,19949
4,19950
4,19951
14,19952
4,19953
3,19954
2,19955
2,19956
2,19957
2,19958
2,19959
2,19960
30,19961
2,19962
9,19963
2,19964
4,19965
6,19966
11,19967
2,19968
2,19969
2,19970
2,19971
16,19972
2,19973
2,19974
2,19975
42,19976
2,19977
2,19978
2,19979
3,19980
6,19981
2,19982
2,19983
5,19984
2,19985
2,19986
3,19987
6,19988
2,19989
2,19990
14,19991
2,19992
2,19993
2,19994
2,19995
3,19996
5,19997
8,19998
3,19999
2,20000
