sale_id,store_id
1,2
2,4
3,1
4,3
5,4
6,1
7,1
8,2
9,2
10,2
11,5
12,4
13,2
14,1
15,1
16,5
17,5
18,3
19,3
20,5
21,1
22,1
23,4
24,2
25,3
26,2
27,4
28,3
29,4
30,5
31,4
32,3
33,3
34,3
35,5
36,5
37,4
38,1
39,3
40,2
41,2
42,5
43,4
44,3
45,2
46,2
47,5
48,2
49,3
50,1
51,5
52,4
53,3
54,2
55,4
56,1
57,1
58,3
59,3
60,3
61,1
62,1
63,5
64,1
65,3
66,5
67,4
68,3
69,4
70,4
71,3
72,2
73,2
74,2
75,1
76,5
77,1
78,1
79,1
80,4
81,1
82,3
83,2
84,2
85,4
86,3
87,4
88,5
89,4
90,1
91,2
92,3
93,5
94,2
95,5
96,2
97,5
98,2
99,5
100,4
101,3
102,5
103,1
104,4
105,5
106,4
107,3
108,5
109,4
110,2
111,5
112,2
113,2
114,4
115,1
116,2
117,2
118,4
119,4
120,5
121,5
122,2
123,3
124,2
125,4
126,3
127,4
128,3
129,1
130,1
131,1
132,2
133,4
134,5
135,5
136,4
137,4
138,2
139,3
140,5
141,2
142,1
143,1
144,4
145,4
146,4
147,3
148,4
149,4
150,3
151,1
152,4
153,1
154,5
155,3
156,3
157,4
158,1
159,1
160,3
161,4
162,1
163,3
164,4
165,3
166,5
167,2
168,1
169,3
170,5
171,2
172,1
173,1
174,4
175,3
176,2
177,2
178,3
179,4
180,2
181,3
182,2
183,3
184,1
185,5
186,4
187,1
188,1
189,2
190,2
191,3
192,2
193,1
194,1
195,4
196,4
197,1
198,2
199,5
200,5
201,5
202,5
203,1
204,1
205,3
206,3
207,1
208,1
209,3
210,2
211,2
212,2
213,2
214,3
215,4
216,4
217,1
218,2
219,5
220,2
221,5
222,4
223,4
224,3
225,2
226,1
227,4
228,2
229,1
230,4
231,2
232,4
233,3
234,1
235,1
236,4
237,4
238,3
239,3
240,4
241,2
242,4
243,5
244,2
245,3
246,3
247,3
248,4
249,2
250,1
251,2
252,5
253,3
254,3
255,3
256,2
257,2
258,3
259,2
260,1
261,2
262,4
263,2
264,5
265,1
266,5
267,1
268,4
269,1
270,1
271,2
272,3
273,3
274,5
275,2
276,5
277,4
278,1
279,5
280,1
281,1
282,3
283,2
284,4
285,3
286,5
287,4
288,3
289,5
290,1
291,5
292,4
293,1
294,5
295,5
296,5
297,3
298,2
299,2
300,4
301,5
302,5
303,3
304,2
305,2
306,4
307,3
308,4
309,1
310,3
311,2
312,3
313,5
314,3
315,3
316,5
317,2
318,2
319,2
320,1
321,2
322,1
323,3
324,5
325,2
326,1
327,3
328,5
329,5
330,5
331,5
332,1
333,3
334,2
335,2
336,1
337,3
338,1
339,4
340,2
341,2
342,2
343,3
344,4
345,3
346,4
347,2
348,1
349,3
350,3
351,4
352,5
353,3
354,1
355,3
356,2
357,2
358,1
359,2
360,5
361,5
362,2
363,5
364,3
365,2
366,1
367,1
368,5
369,1
370,3
371,5
372,4
373,3
374,3
375,3
376,2
377,1
378,3
379,1
380,5
381,4
382,4
383,2
384,4
385,5
386,1
387,4
388,2
389,5
390,4
391,5
392,1
393,5
394,4
395,2
396,3
397,5
398,3
399,5
400,3
401,2
402,1
403,2
404,4
405,5
406,2
407,3
408,2
409,2
410,3
411,5
412,3
413,5
414,4
415,3
416,4
417,4
418,1
419,1
420,1
421,3
422,1
423,1
424,4
425,5
426,2
427,5
428,4
429,5
430,2
431,2
432,4
433,4
434,3
435,1
436,4
437,3
438,3
439,5
440,2
441,3
442,5
443,4
444,5
445,1
446,5
447,1
448,3
449,1
450,2
451,4
452,3
453,1
454,4
455,2
456,4
457,2
458,4
459,5
460,1
461,5
462,1
463,5
464,4
465,1
466,2
467,5
468,2
469,1
470,2
471,4
472,3
473,4
474,5
475,4
476,5
477,3
478,4
479,5
480,5
481,1
482,1
483,4
484,1
485,5
486,5
487,5
488,2
489,4
490,5
491,2
492,3
493,3
494,4
495,5
496,4
497,3
498,4
499,5
500,2
501,3
502,2
503,2
504,2
505,5
506,2
507,4
508,2
509,5
510,2
511,4
512,3
513,1
514,4
515,4
516,3
517,2
518,2
519,1
520,5
521,2
522,2
523,5
524,3
525,3
526,4
527,3
528,3
529,3
530,5
531,4
532,1
533,3
534,1
535,4
536,5
537,4
538,4
539,5
540,5
541,5
542,4
543,1
544,1
545,3
546,3
547,4
548,2
549,4
550,2
551,3
552,2
553,2
554,3
555,2
556,2
557,4
558,5
559,1
560,4
561,1
562,1
563,4
564,4
565,4
566,2
567,1
568,4
569,4
570,5
571,1
572,5
573,1
574,2
575,5
576,3
577,2
578,3
579,3
580,5
581,3
582,1
583,4
584,2
585,4
586,2
587,2
588,4
589,4
590,5
591,3
592,5
593,3
594,1
595,4
596,1
597,2
598,3
599,2
600,1
601,1
602,4
603,4
604,1
605,1
606,2
607,5
608,5
609,5
610,5
611,4
612,1
613,4
614,4
615,5
616,1
617,3
618,4
619,1
620,1
621,4
622,1
623,4
624,1
625,4
626,1
627,3
628,4
629,3
630,3
631,3
632,4
633,3
634,5
635,2
636,3
637,2
638,1
639,5
640,2
641,3
642,1
643,3
644,2
645,2
646,4
647,5
648,1
649,1
650,4
651,4
652,4
653,2
654,2
655,3
656,4
657,1
658,4
659,1
660,2
661,3
662,2
663,2
664,3
665,1
666,2
667,4
668,2
669,2
670,1
671,3
672,3
673,2
674,3
675,2
676,2
677,2
678,5
679,2
680,2
681,4
682,5
683,1
684,1
685,1
686,1
687,2
688,1
689,4
690,2
691,3
692,3
693,3
694,1
695,4
696,4
697,2
698,2
699,3
700,3
701,2
702,2
703,4
704,4
705,5
706,4
707,4
708,2
709,3
710,2
711,2
712,5
713,3
714,2
715,2
716,3
717,1
718,3
719,5
720,4
721,2
722,1
723,5
724,5
725,4
726,3
727,1
728,2
729,4
730,4
731,2
732,1
733,5
734,3
735,5
736,1
737,4
738,1
739,4
740,4
741,3
742,1
743,1
744,1
745,4
746,2
747,1
748,5
749,3
750,2
751,4
752,2
753,5
754,4
755,1
756,3
757,2
758,5
759,3
760,3
761,4
762,4
763,3
764,4
765,2
766,2
767,1
768,2
769,1
770,3
771,4
772,3
773,1
774,2
775,1
776,2
777,5
778,5
779,1
780,5
781,2
782,2
783,2
784,3
785,3
786,4
787,4
788,1
789,1
790,2
791,1
792,4
793,4
794,4
795,5
796,5
797,1
798,4
799,4
800,1
801,4
802,3
803,5
804,1
805,2
806,5
807,1
808,3
809,1
810,5
811,5
812,2
813,1
814,5
815,3
816,1
817,1
818,4
819,1
820,4
821,1
822,2
823,2
824,3
825,1
826,4
827,4
828,1
829,1
830,2
831,2
832,1
833,3
834,3
835,5
836,3
837,5
838,2
839,3
840,3
841,2
842,1
843,2
844,1
845,3
846,4
847,3
848,3
849,1
850,3
851,5
852,1
853,4
854,4
855,5
856,1
857,5
858,5
859,2
860,4
861,1
862,4
863,1
864,4
865,1
866,3
867,5
868,1
869,5
870,5
871,1
872,3
873,2
874,5
875,1
876,3
877,5
878,1
879,2
880,1
881,4
882,3
883,1
884,1
885,3
886,4
887,4
888,1
889,2
890,5
891,5
892,1
893,3
894,4
895,5
896,1
897,3
898,1
899,2
900,5
901,4
902,4
903,5
904,1
905,1
906,2
907,1
908,5
909,5
910,2
911,2
912,3
913,4
914,4
915,4
916,2
917,1
918,5
919,1
920,1
921,5
922,3
923,2
924,2
925,4
926,4
927,4
928,5
929,5
930,4
931,5
932,1
933,4
934,1
935,2
936,1
937,1
938,5
939,4
940,1
941,1
942,4
943,1
944,5
945,1
946,2
947,3
948,2
949,4
950,2
951,5
952,3
953,5
954,5
955,2
956,2
957,4
958,2
959,5
960,1
961,4
962,1
963,5
964,4
965,1
966,3
967,5
968,4
969,2
970,3
971,5
972,2
973,3
974,4
975,1
976,5
977,1
978,2
979,3
980,1
981,3
982,5
983,3
984,5
985,3
986,1
987,5
988,4
989,1
990,4
991,2
992,3
993,5
994,5
995,2
996,4
997,2
998,1
999,1
1000,2
1001,5
1002,3
1003,2
1004,4
1005,5
1006,5
1007,2
1008,2
1009,4
1010,3
1011,2
1012,1
1013,5
1014,4
1015,3
1016,3
1017,5
1018,2
1019,1
1020,5
1021,1
1022,3
1023,1
1024,4
1025,1
1026,2
1027,1
1028,3
1029,2
1030,2
1031,3
1032,5
1033,1
1034,1
1035,2
1036,1
1037,2
1038,5
1039,5
1040,3
1041,2
1042,3
1043,5
1044,2
1045,2
1046,5
1047,4
1048,3
1049,3
1050,3
1051,4
1052,1
1053,3
1054,3
1055,4
1056,1
1057,4
1058,1
1059,3
1060,3
1061,1
1062,3
1063,5
1064,5
1065,5
1066,2
1067,5
1068,2
1069,5
1070,5
1071,1
1072,4
1073,1
1074,5
1075,4
1076,2
1077,1
1078,3
1079,3
1080,2
1081,5
1082,5
1083,5
1084,4
1085,1
1086,3
1087,2
1088,5
1089,1
1090,4
1091,3
1092,3
1093,2
1094,1
1095,1
1096,5
1097,2
1098,2
1099,2
1100,1
1101,2
1102,5
1103,4
1104,1
1105,2
1106,5
1107,1
1108,1
1109,2
1110,5
1111,4
1112,2
1113,3
1114,1
1115,4
1116,1
1117,5
1118,3
1119,2
1120,1
1121,5
1122,1
1123,1
1124,2
1125,3
1126,4
1127,3
1128,4
1129,4
1130,2
1131,4
1132,2
1133,2
1134,5
1135,4
1136,1
1137,5
1138,5
1139,1
1140,3
1141,1
1142,5
1143,1
1144,3
1145,1
1146,3
1147,1
1148,1
1149,4
1150,3
1151,5
1152,3
1153,3
1154,1
1155,2
1156,2
1157,1
1158,1
1159,4
1160,4
1161,4
1162,5
1163,3
1164,5
1165,5
1166,4
1167,1
1168,2
1169,1
1170,4
1171,1
1172,1
1173,3
1174,3
1175,4
1176,2
1177,2
1178,1
1179,4
1180,5
1181,2
1182,3
1183,4
1184,3
1185,4
1186,5
1187,3
1188,4
1189,3
1190,2
1191,2
1192,4
1193,2
1194,1
1195,1
1196,3
1197,3
1198,5
1199,2
1200,2
1201,4
1202,4
1203,5
1204,1
1205,3
1206,4
1207,3
1208,5
1209,3
1210,3
1211,1
1212,4
1213,5
1214,1
1215,1
1216,3
1217,3
1218,1
1219,4
1220,4
1221,4
1222,5
1223,5
1224,5
1225,1
1226,3
1227,1
1228,3
1229,4
1230,2
1231,4
1232,4
1233,4
1234,3
1235,5
1236,4
1237,2
1238,1
1239,3
1240,1
1241,4
1242,1
1243,5
1244,5
1245,1
1246,3
1247,4
1248,2
1249,4
1250,5
1251,3
1252,5
1253,3
1254,4
1255,4
1256,3
1257,2
1258,1
1259,3
1260,1
1261,5
1262,5
1263,5
1264,1
1265,5
1266,3
1267,1
1268,5
1269,2
1270,5
1271,4
1272,3
1273,2
1274,2
1275,3
1276,1
1277,1
1278,5
1279,1
1280,2
1281,1
1282,5
1283,2
1284,1
1285,1
1286,2
1287,2
1288,1
1289,2
1290,1
1291,5
1292,1
1293,4
1294,1
1295,2
1296,1
1297,2
1298,5
1299,3
1300,3
1301,1
1302,4
1303,4
1304,5
1305,4
1306,1
1307,3
1308,3
1309,4
1310,1
1311,2
1312,2
1313,5
1314,4
1315,3
1316,5
1317,1
1318,1
1319,1
1320,2
1321,3
1322,1
1323,1
1324,2
1325,5
1326,4
1327,1
1328,5
1329,5
1330,5
1331,3
1332,1
1333,3
1334,5
1335,2
1336,1
1337,2
1338,3
1339,4
1340,1
1341,2
1342,4
1343,1
1344,4
1345,1
1346,1
1347,1
1348,5
1349,4
1350,4
1351,3
1352,4
1353,5
1354,1
1355,5
1356,1
1357,4
1358,4
1359,2
1360,1
1361,2
1362,4
1363,3
1364,5
1365,1
1366,2
1367,3
1368,5
1369,1
1370,4
1371,3
1372,5
1373,3
1374,2
1375,3
1376,3
1377,2
1378,4
1379,2
1380,1
1381,2
1382,1
1383,2
1384,4
1385,3
1386,4
1387,3
1388,3
1389,3
1390,1
1391,3
1392,3
1393,5
1394,5
1395,2
1396,4
1397,1
1398,2
1399,3
1400,2
1401,5
1402,1
1403,4
1404,4
1405,1
1406,3
1407,4
1408,1
1409,2
1410,5
1411,1
1412,4
1413,4
1414,5
1415,3
1416,1
1417,4
1418,1
1419,5
1420,4
1421,4
1422,3
1423,2
1424,5
1425,5
1426,4
1427,1
1428,4
1429,5
1430,5
1431,4
1432,3
1433,1
1434,5
1435,1
1436,4
1437,3
1438,1
1439,3
1440,1
1441,5
1442,4
1443,4
1444,2
1445,1
1446,3
1447,3
1448,4
1449,1
1450,2
1451,3
1452,5
1453,1
1454,2
1455,2
1456,5
1457,3
1458,3
1459,4
1460,5
1461,3
1462,2
1463,1
1464,3
1465,3
1466,2
1467,2
1468,3
1469,5
1470,2
1471,1
1472,1
1473,4
1474,5
1475,3
1476,4
1477,1
1478,4
1479,5
1480,1
1481,5
1482,5
1483,4
1484,4
1485,1
1486,1
1487,3
1488,4
1489,1
1490,3
1491,5
1492,1
1493,3
1494,1
1495,5
1496,1
1497,4
1498,5
1499,2
1500,3
1501,1
1502,3
1503,1
1504,5
1505,3
1506,2
1507,3
1508,2
1509,1
1510,5
1511,1
1512,5
1513,2
1514,5
1515,1
1516,4
1517,4
1518,2
1519,5
1520,3
1521,4
1522,1
1523,5
1524,2
1525,1
1526,5
1527,3
1528,3
1529,1
1530,2
1531,2
1532,2
1533,3
1534,3
1535,2
1536,4
1537,3
1538,3
1539,2
1540,3
1541,4
1542,2
1543,4
1544,5
1545,1
1546,1
1547,4
1548,3
1549,1
1550,5
1551,1
1552,4
1553,2
1554,2
1555,1
1556,2
1557,4
1558,4
1559,5
1560,2
1561,3
1562,5
1563,1
1564,4
1565,5
1566,1
1567,4
1568,5
1569,5
1570,4
1571,5
1572,4
1573,5
1574,3
1575,3
1576,1
1577,5
1578,4
1579,4
1580,5
1581,3
1582,2
1583,4
1584,3
1585,5
1586,1
1587,2
1588,1
1589,3
1590,1
1591,1
1592,2
1593,2
1594,2
1595,3
1596,5
1597,4
1598,5
1599,5
1600,2
1601,1
1602,4
1603,3
1604,3
1605,2
1606,4
1607,4
1608,3
1609,1
1610,5
1611,1
1612,5
1613,3
1614,4
1615,2
1616,3
1617,5
1618,3
1619,3
1620,3
1621,2
1622,3
1623,2
1624,5
1625,5
1626,2
1627,3
1628,1
1629,2
1630,4
1631,3
1632,3
1633,1
1634,1
1635,2
1636,4
1637,4
1638,2
1639,2
1640,5
1641,2
1642,3
1643,2
1644,4
1645,5
1646,5
1647,1
1648,1
1649,3
1650,4
1651,2
1652,2
1653,5
1654,3
1655,4
1656,3
1657,4
1658,3
1659,2
1660,2
1661,2
1662,4
1663,2
1664,3
1665,4
1666,5
1667,3
1668,4
1669,2
1670,3
1671,1
1672,3
1673,1
1674,3
1675,2
1676,1
1677,1
1678,1
1679,2
1680,5
1681,5
1682,4
1683,3
1684,5
1685,2
1686,4
1687,1
1688,5
1689,4
1690,3
1691,4
1692,5
1693,1
1694,2
1695,1
1696,4
1697,1
1698,5
1699,4
1700,3
1701,2
1702,2
1703,2
1704,3
1705,2
1706,5
1707,1
1708,5
1709,4
1710,1
1711,3
1712,4
1713,1
1714,5
1715,5
1716,5
1717,2
1718,2
1719,1
1720,1
1721,4
1722,5
1723,5
1724,5
1725,5
1726,3
1727,4
1728,5
1729,2
1730,2
1731,1
1732,1
1733,1
1734,2
1735,4
1736,1
1737,2
1738,4
1739,3
1740,4
1741,1
1742,5
1743,4
1744,3
1745,3
1746,5
1747,1
1748,3
1749,4
1750,1
1751,5
1752,4
1753,5
1754,2
1755,5
1756,2
1757,4
1758,3
1759,3
1760,5
1761,1
1762,1
1763,1
1764,3
1765,3
1766,1
1767,5
1768,4
1769,3
1770,4
1771,3
1772,2
1773,4
1774,2
1775,2
1776,3
1777,5
1778,3
1779,2
1780,3
1781,2
1782,3
1783,1
1784,5
1785,5
1786,1
1787,3
1788,3
1789,5
1790,2
1791,5
1792,4
1793,4
1794,3
1795,5
1796,3
1797,4
1798,2
1799,2
1800,2
1801,2
1802,2
1803,2
1804,5
1805,2
1806,2
1807,1
1808,4
1809,4
1810,2
1811,2
1812,4
1813,5
1814,3
1815,3
1816,2
1817,2
1818,3
1819,5
1820,2
1821,4
1822,2
1823,5
1824,3
1825,1
1826,5
1827,5
1828,3
1829,5
1830,4
1831,1
1832,2
1833,2
1834,5
1835,3
1836,5
1837,4
1838,3
1839,1
1840,4
1841,4
1842,1
1843,5
1844,3
1845,1
1846,3
1847,4
1848,4
1849,4
1850,5
1851,5
1852,4
1853,4
1854,5
1855,5
1856,5
1857,2
1858,1
1859,3
1860,2
1861,3
1862,5
1863,1
1864,1
1865,3
1866,5
1867,5
1868,5
1869,3
1870,5
1871,2
1872,3
1873,1
1874,4
1875,5
1876,3
1877,5
1878,3
1879,4
1880,4
1881,5
1882,2
1883,1
1884,4
1885,2
1886,3
1887,5
1888,1
1889,2
1890,3
1891,3
1892,1
1893,2
1894,4
1895,2
1896,1
1897,5
1898,1
1899,2
1900,5
1901,2
1902,2
1903,5
1904,5
1905,2
1906,4
1907,3
1908,5
1909,1
1910,3
1911,1
1912,3
1913,5
1914,4
1915,4
1916,2
1917,2
1918,4
1919,4
1920,4
1921,4
1922,4
1923,4
1924,5
1925,3
1926,5
1927,3
1928,1
1929,5
1930,5
1931,5
1932,3
1933,1
1934,2
1935,5
1936,4
1937,2
1938,5
1939,2
1940,5
1941,3
1942,4
1943,3
1944,5
1945,3
1946,2
1947,5
1948,2
1949,3
1950,2
1951,1
1952,3
1953,3
1954,3
1955,2
1956,2
1957,2
1958,2
1959,3
1960,4
1961,4
1962,3
1963,4
1964,5
1965,1
1966,2
1967,2
1968,4
1969,5
1970,3
1971,2
1972,1
1973,1
1974,1
1975,5
1976,2
1977,4
1978,1
1979,2
1980,2
1981,1
1982,2
1983,1
1984,2
1985,3
1986,2
1987,1
1988,4
1989,4
1990,4
1991,2
1992,1
1993,4
1994,5
1995,1
1996,2
1997,1
1998,2
1999,4
2000,3
2001,5
2002,3
2003,1
2004,1
2005,1
2006,3
2007,5
2008,5
2009,5
2010,2
2011,5
2012,2
2013,2
2014,5
2015,4
2016,4
2017,2
2018,4
2019,1
2020,1
2021,5
2022,4
2023,3
2024,4
2025,3
2026,2
2027,3
2028,1
2029,2
2030,5
2031,3
2032,4
2033,1
2034,1
2035,2
2036,5
2037,3
2038,5
2039,4
2040,3
2041,1
2042,4
2043,3
2044,4
2045,3
2046,3
2047,4
2048,2
2049,4
2050,2
2051,1
2052,1
2053,2
2054,2
2055,3
2056,5
2057,4
2058,4
2059,1
2060,4
2061,2
2062,2
2063,3
2064,3
2065,2
2066,3
2067,2
2068,1
2069,4
2070,1
2071,5
2072,2
2073,4
2074,1
2075,4
2076,3
2077,1
2078,3
2079,5
2080,5
2081,1
2082,3
2083,4
2084,4
2085,3
2086,2
2087,2
2088,2
2089,4
2090,5
2091,2
2092,5
2093,1
2094,2
2095,4
2096,4
2097,2
2098,2
2099,1
2100,2
2101,4
2102,1
2103,3
2104,3
2105,2
2106,2
2107,4
2108,1
2109,2
2110,1
2111,1
2112,5
2113,1
2114,5
2115,5
2116,4
2117,4
2118,3
2119,4
2120,5
2121,5
2122,5
2123,4
2124,4
2125,3
2126,3
2127,1
2128,2
2129,4
2130,1
2131,4
2132,4
2133,3
2134,2
2135,1
2136,4
2137,2
2138,3
2139,3
2140,1
2141,2
2142,4
2143,3
2144,1
2145,4
2146,1
2147,2
2148,3
2149,2
2150,4
2151,3
2152,2
2153,5
2154,4
2155,1
2156,4
2157,5
2158,2
2159,5
2160,3
2161,2
2162,1
2163,2
2164,2
2165,1
2166,4
2167,1
2168,1
2169,1
2170,4
2171,5
2172,4
2173,3
2174,4
2175,3
2176,1
2177,5
2178,5
2179,2
2180,1
2181,2
2182,5
2183,5
2184,1
2185,4
2186,5
2187,5
2188,2
2189,5
2190,3
2191,4
2192,3
2193,5
2194,1
2195,5
2196,2
2197,2
2198,5
2199,1
2200,3
2201,1
2202,2
2203,2
2204,4
2205,2
2206,2
2207,2
2208,2
2209,1
2210,4
2211,5
2212,4
2213,4
2214,4
2215,4
2216,1
2217,5
2218,1
2219,5
2220,1
2221,5
2222,5
2223,3
2224,2
2225,4
2226,2
2227,5
2228,3
2229,2
2230,5
2231,3
2232,2
2233,1
2234,3
2235,5
2236,3
2237,2
2238,2
2239,2
2240,4
2241,5
2242,2
2243,5
2244,3
2245,5
2246,5
2247,5
2248,4
2249,2
2250,2
2251,2
2252,3
2253,1
2254,5
2255,5
2256,5
2257,2
2258,1
2259,3
2260,1
2261,1
2262,2
2263,3
2264,5
2265,5
2266,1
2267,1
2268,5
2269,5
2270,1
2271,5
2272,5
2273,2
2274,3
2275,3
2276,4
2277,2
2278,3
2279,1
2280,5
2281,5
2282,3
2283,4
2284,5
2285,1
2286,3
2287,1
2288,2
2289,3
2290,1
2291,5
2292,3
2293,1
2294,2
2295,4
2296,2
2297,5
2298,3
2299,1
2300,3
2301,5
2302,1
2303,5
2304,4
2305,4
2306,3
2307,3
2308,2
2309,3
2310,1
2311,1
2312,3
2313,4
2314,3
2315,1
2316,4
2317,5
2318,4
2319,4
2320,5
2321,4
2322,5
2323,2
2324,1
2325,5
2326,2
2327,5
2328,5
2329,4
2330,3
2331,2
2332,3
2333,4
2334,1
2335,3
2336,4
2337,3
2338,3
2339,5
2340,4
2341,4
2342,2
2343,2
2344,2
2345,5
2346,2
2347,5
2348,3
2349,1
2350,4
2351,4
2352,5
2353,1
2354,3
2355,1
2356,4
2357,2
2358,2
2359,3
2360,4
2361,2
2362,3
2363,3
2364,3
2365,5
2366,4
2367,4
2368,1
2369,1
2370,3
2371,5
2372,4
2373,5
2374,3
2375,1
2376,3
2377,5
2378,1
2379,3
2380,2
2381,2
2382,2
2383,1
2384,3
2385,1
2386,3
2387,3
2388,5
2389,1
2390,1
2391,5
2392,5
2393,5
2394,5
2395,1
2396,5
2397,2
2398,4
2399,3
2400,1
2401,3
2402,1
2403,4
2404,2
2405,3
2406,4
2407,3
2408,2
2409,5
2410,1
2411,3
2412,4
2413,2
2414,1
2415,1
2416,5
2417,3
2418,3
2419,4
2420,2
2421,3
2422,1
2423,5
2424,2
2425,4
2426,5
2427,2
2428,1
2429,3
2430,4
2431,1
2432,1
2433,1
2434,1
2435,4
2436,2
2437,4
2438,3
2439,1
2440,3
2441,5
2442,3
2443,2
2444,2
2445,1
2446,1
2447,3
2448,5
2449,4
2450,2
2451,5
2452,2
2453,5
2454,2
2455,5
2456,1
2457,4
2458,5
2459,2
2460,2
2461,4
2462,1
2463,4
2464,2
2465,5
2466,3
2467,4
2468,4
2469,5
2470,2
2471,3
2472,2
2473,3
2474,4
2475,2
2476,1
2477,2
2478,4
2479,3
2480,1
2481,2
2482,3
2483,2
2484,2
2485,5
2486,3
2487,4
2488,4
2489,5
2490,4
2491,3
2492,3
2493,4
2494,3
2495,3
2496,3
2497,1
2498,2
2499,4
2500,2
2501,4
2502,2
2503,2
2504,4
2505,2
2506,3
2507,4
2508,2
2509,4
2510,1
2511,2
2512,1
2513,4
2514,2
2515,5
2516,5
2517,3
2518,4
2519,5
2520,5
2521,2
2522,4
2523,4
2524,1
2525,5
2526,5
2527,1
2528,4
2529,4
2530,2
2531,1
2532,2
2533,4
2534,1
2535,4
2536,5
2537,3
2538,5
2539,5
2540,1
2541,2
2542,5
2543,4
2544,3
2545,2
2546,4
2547,4
2548,3
2549,4
2550,2
2551,2
2552,4
2553,5
2554,1
2555,2
2556,3
2557,2
2558,1
2559,5
2560,2
2561,2
2562,3
2563,5
2564,4
2565,3
2566,4
2567,4
2568,3
2569,2
2570,3
2571,4
2572,3
2573,1
2574,4
2575,2
2576,4
2577,3
2578,3
2579,3
2580,1
2581,2
2582,1
2583,3
2584,3
2585,1
2586,5
2587,2
2588,2
2589,3
2590,5
2591,5
2592,5
2593,4
2594,4
2595,5
2596,1
2597,2
2598,3
2599,2
2600,4
2601,4
2602,3
2603,1
2604,2
2605,3
2606,3
2607,3
2608,2
2609,3
2610,2
2611,3
2612,3
2613,5
2614,5
2615,3
2616,2
2617,1
2618,3
2619,1
2620,2
2621,3
2622,4
2623,2
2624,2
2625,5
2626,3
2627,3
2628,1
2629,4
2630,3
2631,5
2632,4
2633,5
2634,5
2635,2
2636,4
2637,5
2638,4
2639,5
2640,4
2641,3
2642,4
2643,2
2644,2
2645,2
2646,2
2647,3
2648,3
2649,5
2650,1
2651,2
2652,2
2653,5
2654,3
2655,1
2656,4
2657,5
2658,4
2659,2
2660,4
2661,2
2662,5
2663,4
2664,3
2665,1
2666,5
2667,3
2668,5
2669,1
2670,4
2671,1
2672,2
2673,5
2674,2
2675,1
2676,3
2677,3
2678,5
2679,1
2680,3
2681,1
2682,4
2683,1
2684,5
2685,2
2686,4
2687,1
2688,4
2689,3
2690,5
2691,4
2692,4
2693,4
2694,4
2695,5
2696,4
2697,2
2698,4
2699,5
2700,3
2701,5
2702,5
2703,2
2704,2
2705,2
2706,4
2707,5
2708,2
2709,3
2710,4
2711,2
2712,2
2713,1
2714,5
2715,2
2716,1
2717,1
2718,2
2719,2
2720,4
2721,4
2722,5
2723,5
2724,5
2725,5
2726,1
2727,1
2728,1
2729,4
2730,1
2731,2
2732,2
2733,5
2734,5
2735,4
2736,2
2737,4
2738,5
2739,5
2740,5
2741,4
2742,3
2743,3
2744,4
2745,1
2746,5
2747,4
2748,2
2749,4
2750,2
2751,4
2752,3
2753,5
2754,1
2755,1
2756,5
2757,3
2758,4
2759,3
2760,4
2761,3
2762,1
2763,1
2764,3
2765,2
2766,1
2767,1
2768,2
2769,5
2770,1
2771,5
2772,5
2773,3
2774,2
2775,4
2776,3
2777,2
2778,4
2779,3
2780,3
2781,5
2782,5
2783,1
2784,5
2785,1
2786,3
2787,2
2788,3
2789,2
2790,4
2791,2
2792,3
2793,4
2794,1
2795,4
2796,4
2797,2
2798,2
2799,1
2800,5
2801,1
2802,2
2803,5
2804,2
2805,5
2806,1
2807,4
2808,3
2809,4
2810,2
2811,1
2812,1
2813,5
2814,3
2815,2
2816,3
2817,4
2818,3
2819,3
2820,2
2821,2
2822,4
2823,3
2824,4
2825,1
2826,5
2827,2
2828,4
2829,4
2830,3
2831,5
2832,5
2833,2
2834,2
2835,3
2836,5
2837,2
2838,1
2839,3
2840,3
2841,1
2842,3
2843,3
2844,5
2845,1
2846,5
2847,5
2848,5
2849,2
2850,1
2851,2
2852,3
2853,4
2854,1
2855,1
2856,5
2857,5
2858,5
2859,2
2860,3
2861,5
2862,4
2863,1
2864,5
2865,2
2866,4
2867,5
2868,5
2869,3
2870,2
2871,2
2872,2
2873,1
2874,5
2875,5
2876,3
2877,2
2878,4
2879,3
2880,4
2881,5
2882,3
2883,2
2884,5
2885,5
2886,5
2887,5
2888,3
2889,4
2890,1
2891,1
2892,4
2893,5
2894,5
2895,2
2896,4
2897,1
2898,3
2899,1
2900,1
2901,3
2902,4
2903,5
2904,3
2905,3
2906,1
2907,4
2908,5
2909,3
2910,5
2911,2
2912,1
2913,3
2914,1
2915,1
2916,2
2917,4
2918,3
2919,5
2920,5
2921,1
2922,5
2923,4
2924,3
2925,5
2926,3
2927,1
2928,4
2929,1
2930,5
2931,3
2932,3
2933,1
2934,4
2935,5
2936,4
2937,1
2938,2
2939,5
2940,5
2941,2
2942,1
2943,4
2944,1
2945,4
2946,2
2947,1
2948,3
2949,2
2950,2
2951,4
2952,3
2953,4
2954,1
2955,5
2956,1
2957,4
2958,5
2959,4
2960,3
2961,3
2962,4
2963,1
2964,4
2965,1
2966,4
2967,2
2968,3
2969,5
2970,1
2971,3
2972,2
2973,4
2974,3
2975,2
2976,5
2977,2
2978,1
2979,3
2980,5
2981,5
2982,4
2983,4
2984,4
2985,5
2986,2
2987,5
2988,3
2989,2
2990,2
2991,3
2992,2
2993,1
2994,2
2995,1
2996,1
2997,3
2998,3
2999,2
3000,2
3001,3
3002,4
3003,1
3004,2
3005,2
3006,3
3007,3
3008,4
3009,3
3010,2
3011,2
3012,4
3013,2
3014,2
3015,3
3016,2
3017,5
3018,5
3019,4
3020,3
3021,5
3022,5
3023,1
3024,1
3025,1
3026,1
3027,5
3028,1
3029,5
3030,3
3031,2
3032,5
3033,3
3034,4
3035,5
3036,5
3037,3
3038,3
3039,4
3040,4
3041,3
3042,1
3043,2
3044,1
3045,4
3046,3
3047,1
3048,4
3049,3
3050,2
3051,5
3052,4
3053,4
3054,2
3055,1
3056,2
3057,3
3058,3
3059,3
3060,5
3061,3
3062,4
3063,5
3064,3
3065,4
3066,1
3067,1
3068,5
3069,5
3070,3
3071,1
3072,5
3073,5
3074,5
3075,3
3076,4
3077,1
3078,4
3079,2
3080,3
3081,3
3082,3
3083,4
3084,5
3085,2
3086,2
3087,2
3088,4
3089,2
3090,2
3091,5
3092,2
3093,4
3094,3
3095,5
3096,1
3097,1
3098,1
3099,2
3100,4
3101,5
3102,5
3103,1
3104,5
3105,2
3106,3
3107,4
3108,3
3109,4
3110,5
3111,4
3112,2
3113,1
3114,4
3115,4
3116,5
3117,2
3118,2
3119,2
3120,1
3121,2
3122,2
3123,5
3124,2
3125,3
3126,2
3127,4
3128,5
3129,2
3130,3
3131,3
3132,4
3133,1
3134,4
3135,1
3136,5
3137,4
3138,4
3139,2
3140,3
3141,1
3142,2
3143,3
3144,2
3145,5
3146,1
3147,4
3148,5
3149,4
3150,2
3151,5
3152,3
3153,1
3154,2
3155,5
3156,4
3157,4
3158,2
3159,1
3160,4
3161,4
3162,5
3163,1
3164,3
3165,2
3166,1
3167,5
3168,1
3169,2
3170,5
3171,1
3172,4
3173,5
3174,5
3175,3
3176,5
3177,5
3178,4
3179,1
3180,5
3181,3
3182,1
3183,4
3184,3
3185,1
3186,3
3187,2
3188,2
3189,2
3190,2
3191,2
3192,5
3193,1
3194,5
3195,5
3196,3
3197,5
3198,4
3199,5
3200,3
3201,1
3202,1
3203,5
3204,2
3205,5
3206,4
3207,3
3208,5
3209,1
3210,4
3211,3
3212,1
3213,5
3214,3
3215,3
3216,1
3217,5
3218,3
3219,4
3220,1
3221,4
3222,1
3223,1
3224,3
3225,3
3226,2
3227,2
3228,3
3229,1
3230,4
3231,3
3232,1
3233,3
3234,1
3235,2
3236,4
3237,5
3238,1
3239,2
3240,1
3241,5
3242,1
3243,1
3244,2
3245,4
3246,4
3247,2
3248,3
3249,4
3250,5
3251,5
3252,2
3253,5
3254,5
3255,4
3256,2
3257,5
3258,4
3259,3
3260,5
3261,1
3262,5
3263,2
3264,4
3265,2
3266,4
3267,3
3268,5
3269,4
3270,4
3271,4
3272,4
3273,4
3274,4
3275,1
3276,3
3277,5
3278,3
3279,5
3280,1
3281,4
3282,5
3283,5
3284,4
3285,3
3286,1
3287,5
3288,1
3289,1
3290,2
3291,2
3292,4
3293,5
3294,2
3295,2
3296,4
3297,3
3298,2
3299,1
3300,2
3301,4
3302,1
3303,1
3304,5
3305,4
3306,2
3307,3
3308,5
3309,4
3310,4
3311,3
3312,3
3313,5
3314,5
3315,4
3316,1
3317,3
3318,1
3319,5
3320,2
3321,2
3322,4
3323,4
3324,5
3325,1
3326,3
3327,2
3328,3
3329,1
3330,4
3331,4
3332,5
3333,2
3334,2
3335,2
3336,4
3337,4
3338,5
3339,5
3340,4
3341,3
3342,5
3343,5
3344,3
3345,5
3346,3
3347,5
3348,5
3349,3
3350,4
3351,5
3352,3
3353,1
3354,3
3355,5
3356,4
3357,5
3358,3
3359,2
3360,1
3361,4
3362,2
3363,4
3364,5
3365,1
3366,4
3367,2
3368,5
3369,4
3370,2
3371,2
3372,3
3373,4
3374,5
3375,5
3376,2
3377,1
3378,5
3379,5
3380,4
3381,5
3382,2
3383,2
3384,1
3385,5
3386,4
3387,1
3388,5
3389,5
3390,4
3391,1
3392,5
3393,3
3394,4
3395,1
3396,3
3397,4
3398,4
3399,3
3400,4
3401,1
3402,2
3403,3
3404,2
3405,2
3406,3
3407,4
3408,4
3409,3
3410,2
3411,3
3412,4
3413,5
3414,3
3415,1
3416,3
3417,3
3418,4
3419,2
3420,2
3421,4
3422,3
3423,3
3424,4
3425,5
3426,5
3427,2
3428,2
3429,1
3430,2
3431,5
3432,4
3433,2
3434,5
3435,4
3436,3
3437,5
3438,1
3439,4
3440,3
3441,2
3442,1
3443,4
3444,3
3445,2
3446,2
3447,4
3448,1
3449,2
3450,5
3451,3
3452,3
3453,3
3454,2
3455,4
3456,5
3457,2
3458,2
3459,3
3460,5
3461,3
3462,4
3463,2
3464,4
3465,3
3466,3
3467,4
3468,3
3469,4
3470,4
3471,3
3472,2
3473,4
3474,5
3475,5
3476,4
3477,5
3478,5
3479,3
3480,4
3481,3
3482,3
3483,2
3484,4
3485,2
3486,4
3487,1
3488,2
3489,4
3490,3
3491,3
3492,3
3493,4
3494,1
3495,1
3496,5
3497,5
3498,1
3499,2
3500,5
3501,3
3502,1
3503,3
3504,4
3505,3
3506,5
3507,2
3508,3
3509,5
3510,4
3511,4
3512,4
3513,1
3514,1
3515,3
3516,3
3517,4
3518,2
3519,5
3520,4
3521,3
3522,5
3523,4
3524,5
3525,4
3526,4
3527,5
3528,2
3529,3
3530,1
3531,3
3532,3
3533,1
3534,1
3535,1
3536,2
3537,5
3538,2
3539,4
3540,3
3541,3
3542,1
3543,3
3544,4
3545,2
3546,2
3547,1
3548,5
3549,5
3550,2
3551,4
3552,4
3553,4
3554,4
3555,5
3556,2
3557,5
3558,4
3559,5
3560,3
3561,5
3562,5
3563,4
3564,3
3565,4
3566,1
3567,2
3568,2
3569,2
3570,2
3571,4
3572,1
3573,4
3574,5
3575,4
3576,2
3577,2
3578,4
3579,4
3580,5
3581,4
3582,4
3583,5
3584,1
3585,2
3586,5
3587,5
3588,1
3589,2
3590,1
3591,4
3592,1
3593,1
3594,3
3595,5
3596,4
3597,2
3598,1
3599,3
3600,3
3601,1
3602,4
3603,1
3604,2
3605,1
3606,2
3607,5
3608,5
3609,1
3610,5
3611,4
3612,3
3613,4
3614,4
3615,2
3616,1
3617,1
3618,4
3619,1
3620,5
3621,5
3622,5
3623,5
3624,4
3625,1
3626,4
3627,5
3628,3
3629,1
3630,3
3631,3
3632,4
3633,5
3634,5
3635,1
3636,3
3637,2
3638,2
3639,3
3640,1
3641,2
3642,4
3643,3
3644,4
3645,3
3646,5
3647,5
3648,2
3649,2
3650,1
3651,1
3652,4
3653,5
3654,3
3655,2
3656,3
3657,1
3658,5
3659,1
3660,3
3661,5
3662,4
3663,5
3664,4
3665,4
3666,5
3667,1
3668,2
3669,1
3670,4
3671,2
3672,4
3673,1
3674,4
3675,1
3676,1
3677,5
3678,2
3679,2
3680,3
3681,1
3682,4
3683,4
3684,4
3685,1
3686,5
3687,1
3688,5
3689,4
3690,3
3691,2
3692,5
3693,2
3694,1
3695,3
3696,2
3697,1
3698,5
3699,5
3700,4
3701,1
3702,5
3703,4
3704,4
3705,5
3706,4
3707,1
3708,1
3709,2
3710,4
3711,5
3712,3
3713,2
3714,1
3715,2
3716,2
3717,1
3718,1
3719,4
3720,3
3721,1
3722,2
3723,5
3724,2
3725,4
3726,1
3727,3
3728,4
3729,4
3730,1
3731,5
3732,5
3733,1
3734,5
3735,1
3736,1
3737,2
3738,2
3739,4
3740,3
3741,2
3742,1
3743,3
3744,5
3745,3
3746,4
3747,4
3748,5
3749,2
3750,5
3751,3
3752,1
3753,4
3754,1
3755,2
3756,5
3757,5
3758,2
3759,3
3760,4
3761,5
3762,4
3763,4
3764,4
3765,2
3766,4
3767,4
3768,5
3769,1
3770,4
3771,2
3772,4
3773,5
3774,4
3775,3
3776,3
3777,2
3778,3
3779,5
3780,1
3781,3
3782,1
3783,5
3784,2
3785,1
3786,3
3787,4
3788,5
3789,3
3790,1
3791,2
3792,5
3793,5
3794,1
3795,4
3796,2
3797,5
3798,4
3799,1
3800,3
3801,1
3802,5
3803,3
3804,1
3805,3
3806,5
3807,1
3808,3
3809,3
3810,1
3811,1
3812,1
3813,5
3814,3
3815,4
3816,4
3817,2
3818,4
3819,2
3820,2
3821,1
3822,5
3823,3
3824,2
3825,1
3826,5
3827,2
3828,3
3829,1
3830,4
3831,2
3832,3
3833,4
3834,1
3835,1
3836,1
3837,1
3838,5
3839,4
3840,3
3841,2
3842,1
3843,5
3844,2
3845,1
3846,2
3847,5
3848,5
3849,4
3850,1
3851,5
3852,4
3853,1
3854,5
3855,5
3856,5
3857,3
3858,5
3859,3
3860,2
3861,3
3862,4
3863,1
3864,3
3865,5
3866,2
3867,3
3868,1
3869,5
3870,5
3871,5
3872,1
3873,1
3874,4
3875,3
3876,2
3877,3
3878,4
3879,4
3880,1
3881,4
3882,5
3883,1
3884,1
3885,3
3886,2
3887,3
3888,2
3889,1
3890,3
3891,4
3892,2
3893,2
3894,1
3895,2
3896,2
3897,2
3898,3
3899,3
3900,3
3901,2
3902,2
3903,4
3904,2
3905,3
3906,3
3907,1
3908,2
3909,5
3910,4
3911,5
3912,3
3913,5
3914,2
3915,2
3916,2
3917,1
3918,3
3919,1
3920,3
3921,3
3922,5
3923,1
3924,2
3925,3
3926,1
3927,1
3928,2
3929,4
3930,4
3931,4
3932,2
3933,2
3934,1
3935,1
3936,5
3937,2
3938,2
3939,1
3940,2
3941,4
3942,5
3943,2
3944,5
3945,5
3946,4
3947,1
3948,2
3949,2
3950,2
3951,1
3952,2
3953,3
3954,5
3955,5
3956,2
3957,4
3958,3
3959,3
3960,2
3961,5
3962,2
3963,3
3964,5
3965,1
3966,5
3967,5
3968,4
3969,5
3970,1
3971,5
3972,1
3973,3
3974,5
3975,4
3976,3
3977,4
3978,1
3979,3
3980,4
3981,1
3982,3
3983,3
3984,3
3985,4
3986,5
3987,5
3988,4
3989,1
3990,1
3991,2
3992,3
3993,5
3994,5
3995,4
3996,2
3997,4
3998,2
3999,4
4000,1
4001,2
4002,4
4003,2
4004,5
4005,2
4006,4
4007,2
4008,4
4009,1
4010,1
4011,1
4012,3
4013,1
4014,2
4015,3
4016,4
4017,5
4018,1
4019,5
4020,2
4021,3
4022,5
4023,1
4024,1
4025,3
4026,3
4027,3
4028,2
4029,3
4030,2
4031,5
4032,4
4033,3
4034,2
4035,2
4036,2
4037,3
4038,3
4039,2
4040,1
4041,3
4042,2
4043,2
4044,1
4045,4
4046,4
4047,5
4048,1
4049,2
4050,2
4051,3
4052,3
4053,5
4054,3
4055,4
4056,5
4057,4
4058,3
4059,5
4060,1
4061,2
4062,3
4063,2
4064,3
4065,5
4066,3
4067,3
4068,4
4069,5
4070,3
4071,5
4072,4
4073,2
4074,1
4075,4
4076,5
4077,3
4078,5
4079,5
4080,5
4081,4
4082,3
4083,3
4084,3
4085,4
4086,1
4087,2
4088,5
4089,5
4090,4
4091,3
4092,4
4093,4
4094,4
4095,3
4096,4
4097,3
4098,2
4099,3
4100,2
4101,5
4102,5
4103,4
4104,1
4105,5
4106,2
4107,3
4108,1
4109,2
4110,3
4111,5
4112,3
4113,4
4114,3
4115,3
4116,5
4117,4
4118,3
4119,3
4120,4
4121,1
4122,5
4123,3
4124,5
4125,1
4126,5
4127,5
4128,2
4129,3
4130,3
4131,1
4132,2
4133,3
4134,3
4135,1
4136,1
4137,1
4138,1
4139,2
4140,1
4141,3
4142,4
4143,3
4144,5
4145,2
4146,4
4147,4
4148,3
4149,1
4150,3
4151,5
4152,2
4153,2
4154,1
4155,3
4156,3
4157,5
4158,4
4159,4
4160,1
4161,2
4162,1
4163,2
4164,3
4165,5
4166,1
4167,3
4168,5
4169,3
4170,2
4171,4
4172,1
4173,2
4174,4
4175,2
4176,2
4177,3
4178,5
4179,3
4180,4
4181,5
4182,5
4183,3
4184,2
4185,3
4186,4
4187,2
4188,3
4189,5
4190,5
4191,3
4192,3
4193,1
4194,3
4195,2
4196,4
4197,1
4198,3
4199,5
4200,5
4201,3
4202,2
4203,1
4204,1
4205,5
4206,1
4207,5
4208,5
4209,1
4210,2
4211,4
4212,3
4213,2
4214,4
4215,2
4216,4
4217,3
4218,4
4219,2
4220,3
4221,1
4222,3
4223,4
4224,5
4225,5
4226,5
4227,4
4228,2
4229,1
4230,1
4231,1
4232,4
4233,5
4234,3
4235,4
4236,1
4237,4
4238,1
4239,1
4240,3
4241,5
4242,1
4243,4
4244,2
4245,5
4246,2
4247,4
4248,1
4249,2
4250,3
4251,5
4252,5
4253,1
4254,4
4255,3
4256,3
4257,3
4258,1
4259,5
4260,4
4261,2
4262,1
4263,4
4264,2
4265,4
4266,4
4267,3
4268,5
4269,3
4270,5
4271,5
4272,3
4273,4
4274,5
4275,1
4276,3
4277,2
4278,5
4279,2
4280,1
4281,5
4282,2
4283,5
4284,3
4285,3
4286,2
4287,5
4288,3
4289,1
4290,3
4291,2
4292,1
4293,4
4294,5
4295,2
4296,3
4297,4
4298,2
4299,2
4300,3
4301,5
4302,4
4303,3
4304,3
4305,4
4306,4
4307,1
4308,1
4309,3
4310,5
4311,2
4312,2
4313,3
4314,4
4315,5
4316,5
4317,5
4318,1
4319,5
4320,2
4321,3
4322,1
4323,1
4324,1
4325,3
4326,3
4327,5
4328,2
4329,4
4330,4
4331,5
4332,3
4333,4
4334,1
4335,5
4336,2
4337,3
4338,4
4339,2
4340,4
4341,5
4342,2
4343,3
4344,5
4345,1
4346,5
4347,1
4348,2
4349,5
4350,4
4351,1
4352,4
4353,3
4354,4
4355,4
4356,5
4357,2
4358,3
4359,1
4360,1
4361,5
4362,3
4363,1
4364,1
4365,3
4366,1
4367,4
4368,5
4369,2
4370,2
4371,1
4372,4
4373,1
4374,4
4375,3
4376,2
4377,5
4378,2
4379,5
4380,5
4381,2
4382,5
4383,5
4384,1
4385,1
4386,4
4387,4
4388,1
4389,1
4390,4
4391,3
4392,5
4393,2
4394,3
4395,3
4396,5
4397,1
4398,5
4399,5
4400,4
4401,1
4402,2
4403,5
4404,1
4405,2
4406,4
4407,4
4408,3
4409,4
4410,4
4411,2
4412,3
4413,4
4414,5
4415,4
4416,5
4417,3
4418,2
4419,3
4420,5
4421,3
4422,2
4423,3
4424,2
4425,2
4426,1
4427,5
4428,3
4429,3
4430,4
4431,1
4432,2
4433,5
4434,1
4435,4
4436,5
4437,5
4438,2
4439,5
4440,1
4441,5
4442,4
4443,2
4444,4
4445,2
4446,1
4447,1
4448,2
4449,4
4450,3
4451,5
4452,3
4453,3
4454,2
4455,2
4456,1
4457,5
4458,1
4459,1
4460,4
4461,2
4462,4
4463,5
4464,2
4465,2
4466,2
4467,3
4468,2
4469,5
4470,5
4471,4
4472,2
4473,4
4474,1
4475,3
4476,3
4477,5
4478,1
4479,4
4480,3
4481,3
4482,5
4483,1
4484,3
4485,2
4486,5
4487,1
4488,1
4489,5
4490,1
4491,5
4492,1
4493,4
4494,4
4495,5
4496,3
4497,3
4498,5
4499,4
4500,1
4501,5
4502,4
4503,5
4504,3
4505,1
4506,5
4507,1
4508,3
4509,3
4510,5
4511,4
4512,2
4513,4
4514,5
4515,5
4516,4
4517,2
4518,3
4519,1
4520,1
4521,1
4522,1
4523,2
4524,1
4525,3
4526,2
4527,5
4528,2
4529,3
4530,5
4531,5
4532,1
4533,4
4534,2
4535,5
4536,2
4537,1
4538,1
4539,2
4540,3
4541,4
4542,1
4543,3
4544,2
4545,2
4546,4
4547,2
4548,2
4549,4
4550,5
4551,4
4552,2
4553,1
4554,1
4555,5
4556,3
4557,2
4558,2
4559,1
4560,1
4561,3
4562,1
4563,1
4564,4
4565,4
4566,1
4567,3
4568,4
4569,1
4570,1
4571,1
4572,2
4573,1
4574,4
4575,2
4576,3
4577,3
4578,5
4579,1
4580,1
4581,2
4582,4
4583,1
4584,4
4585,3
4586,5
4587,5
4588,1
4589,1
4590,1
4591,4
4592,3
4593,5
4594,5
4595,3
4596,4
4597,5
4598,2
4599,2
4600,2
4601,3
4602,2
4603,3
4604,2
4605,3
4606,5
4607,5
4608,5
4609,4
4610,4
4611,4
4612,4
4613,2
4614,5
4615,2
4616,4
4617,4
4618,5
4619,2
4620,5
4621,1
4622,3
4623,1
4624,1
4625,5
4626,3
4627,3
4628,3
4629,3
4630,2
4631,2
4632,5
4633,5
4634,5
4635,2
4636,2
4637,3
4638,2
4639,2
4640,2
4641,4
4642,1
4643,3
4644,4
4645,5
4646,3
4647,3
4648,4
4649,1
4650,4
4651,3
4652,2
4653,3
4654,1
4655,5
4656,4
4657,5
4658,1
4659,5
4660,4
4661,2
4662,3
4663,3
4664,1
4665,2
4666,5
4667,3
4668,3
4669,2
4670,1
4671,5
4672,1
4673,1
4674,1
4675,2
4676,5
4677,3
4678,4
4679,5
4680,4
4681,1
4682,3
4683,5
4684,5
4685,5
4686,2
4687,4
4688,1
4689,5
4690,2
4691,1
4692,3
4693,5
4694,1
4695,1
4696,1
4697,1
4698,1
4699,4
4700,3
4701,4
4702,2
4703,4
4704,1
4705,4
4706,5
4707,5
4708,5
4709,5
4710,5
4711,2
4712,5
4713,4
4714,2
4715,2
4716,5
4717,4
4718,4
4719,5
4720,3
4721,2
4722,5
4723,5
4724,3
4725,1
4726,2
4727,1
4728,5
4729,5
4730,5
4731,4
4732,2
4733,3
4734,4
4735,5
4736,4
4737,5
4738,5
4739,1
4740,5
4741,3
4742,1
4743,3
4744,1
4745,1
4746,1
4747,3
4748,5
4749,5
4750,1
4751,2
4752,4
4753,1
4754,5
4755,3
4756,3
4757,1
4758,5
4759,5
4760,2
4761,5
4762,2
4763,1
4764,5
4765,2
4766,3
4767,3
4768,4
4769,5
4770,4
4771,1
4772,2
4773,5
4774,4
4775,4
4776,4
4777,4
4778,4
4779,3
4780,2
4781,5
4782,3
4783,1
4784,2
4785,4
4786,1
4787,1
4788,3
4789,3
4790,4
4791,3
4792,5
4793,2
4794,1
4795,2
4796,5
4797,3
4798,4
4799,5
4800,5
4801,4
4802,5
4803,3
4804,3
4805,1
4806,1
4807,1
4808,4
4809,3
4810,4
4811,3
4812,4
4813,2
4814,5
4815,1
4816,5
4817,2
4818,3
4819,3
4820,5
4821,5
4822,2
4823,2
4824,5
4825,3
4826,4
4827,4
4828,3
4829,5
4830,3
4831,4
4832,3
4833,4
4834,1
4835,5
4836,5
4837,1
4838,1
4839,1
4840,5
4841,5
4842,5
4843,3
4844,5
4845,2
4846,4
4847,4
4848,3
4849,2
4850,1
4851,5
4852,3
4853,2
4854,2
4855,4
4856,2
4857,5
4858,4
4859,3
4860,2
4861,2
4862,3
4863,1
4864,4
4865,4
4866,5
4867,5
4868,1
4869,3
4870,2
4871,3
4872,1
4873,4
4874,2
4875,5
4876,3
4877,3
4878,5
4879,4
4880,5
4881,2
4882,3
4883,1
4884,4
4885,4
4886,1
4887,2
4888,4
4889,3
4890,4
4891,3
4892,5
4893,1
4894,3
4895,3
4896,4
4897,2
4898,2
4899,4
4900,3
4901,3
4902,4
4903,3
4904,4
4905,4
4906,1
4907,1
4908,3
4909,3
4910,2
4911,4
4912,2
4913,3
4914,1
4915,5
4916,4
4917,4
4918,3
4919,4
4920,4
4921,2
4922,4
4923,2
4924,5
4925,1
4926,3
4927,2
4928,5
4929,2
4930,2
4931,5
4932,1
4933,3
4934,1
4935,3
4936,1
4937,5
4938,3
4939,4
4940,5
4941,3
4942,1
4943,2
4944,1
4945,4
4946,5
4947,1
4948,2
4949,1
4950,2
4951,2
4952,1
4953,3
4954,1
4955,1
4956,3
4957,2
4958,3
4959,4
4960,3
4961,3
4962,4
4963,2
4964,2
4965,5
4966,1
4967,2
4968,2
4969,5
4970,1
4971,5
4972,3
4973,2
4974,1
4975,3
4976,3
4977,2
4978,3
4979,5
4980,2
4981,2
4982,1
4983,3
4984,3
4985,5
4986,2
4987,2
4988,4
4989,2
4990,3
4991,4
4992,1
4993,4
4994,4
4995,4
4996,1
4997,2
4998,3
4999,4
5000,1
5001,3
5002,4
5003,1
5004,2
5005,1
5006,3
5007,2
5008,1
5009,4
5010,2
5011,1
5012,1
5013,3
5014,5
5015,2
5016,2
5017,4
5018,5
5019,5
5020,5
5021,2
5022,1
5023,1
5024,5
5025,5
5026,4
5027,5
5028,4
5029,1
5030,2
5031,1
5032,4
5033,3
5034,3
5035,3
5036,4
5037,1
5038,1
5039,5
5040,1
5041,2
5042,4
5043,4
5044,4
5045,2
5046,2
5047,3
5048,1
5049,2
5050,3
5051,4
5052,1
5053,4
5054,5
5055,5
5056,2
5057,4
5058,2
5059,2
5060,1
5061,3
5062,2
5063,1
5064,3
5065,4
5066,4
5067,2
5068,3
5069,5
5070,1
5071,5
5072,4
5073,1
5074,3
5075,2
5076,4
5077,3
5078,3
5079,4
5080,1
5081,3
5082,4
5083,3
5084,1
5085,4
5086,5
5087,1
5088,5
5089,4
5090,2
5091,1
5092,5
5093,4
5094,1
5095,4
5096,2
5097,5
5098,4
5099,3
5100,5
5101,3
5102,3
5103,2
5104,3
5105,5
5106,4
5107,3
5108,4
5109,1
5110,2
5111,2
5112,2
5113,5
5114,4
5115,3
5116,1
5117,1
5118,4
5119,5
5120,1
5121,1
5122,4
5123,1
5124,2
5125,5
5126,1
5127,3
5128,1
5129,1
5130,2
5131,1
5132,3
5133,5
5134,5
5135,1
5136,3
5137,5
5138,1
5139,5
5140,2
5141,5
5142,2
5143,3
5144,3
5145,1
5146,2
5147,3
5148,1
5149,5
5150,1
5151,3
5152,5
5153,5
5154,1
5155,2
5156,1
5157,1
5158,2
5159,4
5160,2
5161,3
5162,5
5163,3
5164,2
5165,3
5166,1
5167,1
5168,5
5169,1
5170,3
5171,5
5172,2
5173,2
5174,1
5175,5
5176,3
5177,5
5178,2
5179,2
5180,5
5181,3
5182,3
5183,3
5184,1
5185,5
5186,1
5187,1
5188,2
5189,1
5190,4
5191,5
5192,5
5193,3
5194,2
5195,3
5196,1
5197,2
5198,2
5199,2
5200,4
5201,4
5202,3
5203,1
5204,2
5205,1
5206,5
5207,2
5208,5
5209,2
5210,1
5211,4
5212,1
5213,1
5214,5
5215,4
5216,2
5217,3
5218,1
5219,1
5220,4
5221,3
5222,3
5223,1
5224,2
5225,1
5226,1
5227,5
5228,3
5229,3
5230,3
5231,5
5232,2
5233,2
5234,4
5235,1
5236,2
5237,5
5238,5
5239,2
5240,3
5241,2
5242,5
5243,2
5244,2
5245,2
5246,2
5247,3
5248,3
5249,5
5250,4
5251,5
5252,4
5253,5
5254,2
5255,2
5256,1
5257,3
5258,3
5259,4
5260,5
5261,4
5262,5
5263,1
5264,2
5265,3
5266,3
5267,4
5268,5
5269,2
5270,2
5271,5
5272,3
5273,3
5274,3
5275,3
5276,5
5277,2
5278,1
5279,1
5280,3
5281,4
5282,4
5283,2
5284,5
5285,3
5286,3
5287,2
5288,1
5289,4
5290,3
5291,4
5292,2
5293,3
5294,2
5295,1
5296,2
5297,5
5298,5
5299,4
5300,3
5301,1
5302,1
5303,5
5304,1
5305,5
5306,2
5307,3
5308,5
5309,3
5310,5
5311,3
5312,4
5313,1
5314,2
5315,5
5316,1
5317,3
5318,5
5319,1
5320,4
5321,1
5322,4
5323,3
5324,5
5325,2
5326,1
5327,5
5328,5
5329,5
5330,3
5331,4
5332,5
5333,1
5334,3
5335,1
5336,3
5337,1
5338,3
5339,5
5340,2
5341,1
5342,5
5343,1
5344,3
5345,4
5346,4
5347,2
5348,1
5349,1
5350,1
5351,5
5352,4
5353,3
5354,1
5355,4
5356,5
5357,3
5358,2
5359,5
5360,1
5361,1
5362,5
5363,5
5364,2
5365,4
5366,1
5367,5
5368,4
5369,1
5370,2
5371,2
5372,2
5373,2
5374,5
5375,4
5376,5
5377,4
5378,4
5379,2
5380,5
5381,4
5382,3
5383,4
5384,2
5385,3
5386,2
5387,3
5388,1
5389,4
5390,2
5391,4
5392,2
5393,1
5394,5
5395,5
5396,4
5397,5
5398,2
5399,5
5400,2
5401,4
5402,5
5403,2
5404,2
5405,4
5406,2
5407,1
5408,3
5409,2
5410,1
5411,4
5412,3
5413,1
5414,3
5415,2
5416,2
5417,5
5418,5
5419,1
5420,2
5421,3
5422,3
5423,2
5424,4
5425,2
5426,4
5427,2
5428,4
5429,1
5430,5
5431,4
5432,3
5433,5
5434,5
5435,5
5436,5
5437,3
5438,3
5439,5
5440,4
5441,2
5442,2
5443,3
5444,3
5445,5
5446,3
5447,2
5448,2
5449,2
5450,3
5451,3
5452,3
5453,5
5454,5
5455,5
5456,2
5457,4
5458,4
5459,3
5460,2
5461,2
5462,5
5463,2
5464,1
5465,3
5466,1
5467,1
5468,2
5469,4
5470,2
5471,4
5472,1
5473,2
5474,5
5475,4
5476,2
5477,1
5478,4
5479,2
5480,4
5481,1
5482,1
5483,5
5484,4
5485,1
5486,3
5487,1
5488,5
5489,4
5490,4
5491,4
5492,2
5493,1
5494,4
5495,1
5496,4
5497,5
5498,5
5499,2
5500,2
5501,4
5502,1
5503,4
5504,5
5505,3
5506,1
5507,2
5508,3
5509,5
5510,1
5511,4
5512,5
5513,1
5514,4
5515,3
5516,1
5517,3
5518,4
5519,5
5520,3
5521,3
5522,3
5523,1
5524,3
5525,2
5526,1
5527,4
5528,3
5529,2
5530,3
5531,1
5532,4
5533,5
5534,2
5535,2
5536,2
5537,3
5538,4
5539,3
5540,4
5541,1
5542,4
5543,3
5544,5
5545,5
5546,5
5547,1
5548,2
5549,2
5550,5
5551,4
5552,1
5553,1
5554,2
5555,2
5556,3
5557,5
5558,5
5559,5
5560,1
5561,4
5562,2
5563,2
5564,4
5565,4
5566,1
5567,3
5568,5
5569,1
5570,2
5571,2
5572,4
5573,2
5574,2
5575,5
5576,3
5577,1
5578,5
5579,5
5580,1
5581,1
5582,2
5583,3
5584,2
5585,1
5586,5
5587,5
5588,3
5589,5
5590,3
5591,1
5592,1
5593,1
5594,4
5595,3
5596,1
5597,5
5598,4
5599,3
5600,5
5601,4
5602,3
5603,5
5604,5
5605,3
5606,3
5607,4
5608,5
5609,3
5610,4
5611,5
5612,2
5613,4
5614,4
5615,2
5616,2
5617,5
5618,2
5619,5
5620,5
5621,2
5622,2
5623,3
5624,3
5625,4
5626,3
5627,2
5628,1
5629,2
5630,5
5631,5
5632,4
5633,5
5634,2
5635,3
5636,5
5637,5
5638,1
5639,5
5640,1
5641,1
5642,5
5643,2
5644,1
5645,4
5646,2
5647,2
5648,3
5649,1
5650,4
5651,2
5652,2
5653,2
5654,2
5655,4
5656,1
5657,5
5658,5
5659,4
5660,5
5661,5
5662,3
5663,4
5664,4
5665,4
5666,4
5667,3
5668,1
5669,3
5670,3
5671,2
5672,4
5673,4
5674,5
5675,3
5676,3
5677,4
5678,1
5679,3
5680,1
5681,5
5682,5
5683,2
5684,5
5685,4
5686,3
5687,1
5688,5
5689,1
5690,2
5691,3
5692,5
5693,1
5694,2
5695,5
5696,4
5697,1
5698,5
5699,4
5700,4
5701,4
5702,3
5703,4
5704,1
5705,2
5706,2
5707,4
5708,3
5709,4
5710,5
5711,3
5712,2
5713,4
5714,4
5715,4
5716,3
5717,1
5718,1
5719,2
5720,5
5721,1
5722,2
5723,1
5724,4
5725,3
5726,5
5727,3
5728,1
5729,3
5730,3
5731,4
5732,3
5733,4
5734,5
5735,4
5736,1
5737,4
5738,5
5739,1
5740,5
5741,2
5742,4
5743,5
5744,3
5745,1
5746,4
5747,2
5748,1
5749,4
5750,3
5751,5
5752,3
5753,2
5754,4
5755,3
5756,3
5757,4
5758,4
5759,3
5760,5
5761,1
5762,3
5763,3
5764,1
5765,5
5766,1
5767,1
5768,4
5769,3
5770,2
5771,1
5772,2
5773,1
5774,5
5775,1
5776,2
5777,2
5778,4
5779,1
5780,1
5781,4
5782,4
5783,3
5784,5
5785,5
5786,2
5787,3
5788,1
5789,2
5790,3
5791,2
5792,5
5793,1
5794,1
5795,4
5796,4
5797,1
5798,5
5799,5
5800,3
5801,2
5802,1
5803,1
5804,2
5805,5
5806,5
5807,1
5808,1
5809,2
5810,2
5811,3
5812,3
5813,5
5814,4
5815,1
5816,1
5817,2
5818,1
5819,2
5820,1
5821,3
5822,2
5823,3
5824,3
5825,2
5826,2
5827,2
5828,4
5829,4
5830,2
5831,4
5832,1
5833,2
5834,5
5835,1
5836,3
5837,1
5838,2
5839,4
5840,1
5841,4
5842,1
5843,1
5844,5
5845,2
5846,5
5847,3
5848,4
5849,4
5850,1
5851,5
5852,3
5853,1
5854,4
5855,2
5856,4
5857,3
5858,1
5859,5
5860,1
5861,4
5862,3
5863,5
5864,5
5865,1
5866,2
5867,2
5868,1
5869,2
5870,1
5871,1
5872,1
5873,2
5874,4
5875,5
5876,4
5877,4
5878,5
5879,5
5880,1
5881,3
5882,4
5883,4
5884,3
5885,5
5886,2
5887,2
5888,3
5889,1
5890,2
5891,2
5892,5
5893,5
5894,5
5895,2
5896,3
5897,1
5898,5
5899,1
5900,1
5901,2
5902,1
5903,3
5904,3
5905,5
5906,2
5907,1
5908,4
5909,5
5910,2
5911,4
5912,3
5913,5
5914,3
5915,2
5916,3
5917,3
5918,3
5919,1
5920,1
5921,4
5922,5
5923,5
5924,1
5925,1
5926,3
5927,1
5928,5
5929,2
5930,3
5931,2
5932,5
5933,1
5934,5
5935,4
5936,3
5937,1
5938,4
5939,1
5940,3
5941,1
5942,5
5943,1
5944,4
5945,5
5946,3
5947,5
5948,2
5949,3
5950,4
5951,2
5952,1
5953,4
5954,5
5955,2
5956,5
5957,1
5958,3
5959,4
5960,1
5961,2
5962,2
5963,1
5964,5
5965,3
5966,3
5967,3
5968,1
5969,3
5970,1
5971,1
5972,3
5973,2
5974,3
5975,2
5976,5
5977,5
5978,1
5979,3
5980,1
5981,4
5982,4
5983,5
5984,1
5985,5
5986,2
5987,4
5988,1
5989,2
5990,2
5991,5
5992,2
5993,3
5994,3
5995,1
5996,5
5997,1
5998,1
5999,4
6000,4
6001,5
6002,5
6003,3
6004,5
6005,1
6006,5
6007,5
6008,4
6009,3
6010,4
6011,5
6012,5
6013,5
6014,1
6015,1
6016,5
6017,3
6018,1
6019,5
6020,4
6021,3
6022,1
6023,3
6024,1
6025,3
6026,5
6027,4
6028,1
6029,1
6030,4
6031,4
6032,1
6033,5
6034,4
6035,2
6036,4
6037,2
6038,5
6039,3
6040,5
6041,2
6042,5
6043,5
6044,2
6045,4
6046,1
6047,2
6048,5
6049,1
6050,2
6051,5
6052,3
6053,4
6054,1
6055,3
6056,1
6057,5
6058,2
6059,1
6060,2
6061,4
6062,5
6063,2
6064,4
6065,3
6066,2
6067,1
6068,5
6069,1
6070,4
6071,3
6072,2
6073,1
6074,1
6075,5
6076,3
6077,1
6078,5
6079,3
6080,3
6081,2
6082,4
6083,4
6084,4
6085,4
6086,2
6087,2
6088,4
6089,3
6090,1
6091,2
6092,1
6093,1
6094,3
6095,1
6096,2
6097,2
6098,1
6099,2
6100,2
6101,4
6102,3
6103,2
6104,4
6105,5
6106,2
6107,2
6108,2
6109,2
6110,5
6111,4
6112,2
6113,5
6114,1
6115,5
6116,3
6117,1
6118,4
6119,2
6120,3
6121,4
6122,4
6123,1
6124,5
6125,1
6126,1
6127,5
6128,1
6129,5
6130,2
6131,4
6132,1
6133,5
6134,4
6135,1
6136,2
6137,3
6138,3
6139,5
6140,1
6141,2
6142,3
6143,2
6144,4
6145,5
6146,2
6147,4
6148,3
6149,2
6150,3
6151,1
6152,4
6153,5
6154,3
6155,4
6156,2
6157,1
6158,2
6159,1
6160,1
6161,2
6162,5
6163,4
6164,4
6165,4
6166,3
6167,1
6168,2
6169,5
6170,3
6171,2
6172,4
6173,2
6174,3
6175,4
6176,4
6177,3
6178,1
6179,2
6180,2
6181,1
6182,4
6183,5
6184,3
6185,2
6186,1
6187,3
6188,2
6189,4
6190,3
6191,4
6192,2
6193,3
6194,4
6195,3
6196,4
6197,5
6198,2
6199,3
6200,5
6201,1
6202,4
6203,2
6204,3
6205,2
6206,2
6207,2
6208,1
6209,4
6210,5
6211,4
6212,3
6213,3
6214,1
6215,1
6216,2
6217,1
6218,4
6219,4
6220,1
6221,2
6222,4
6223,1
6224,4
6225,4
6226,2
6227,5
6228,3
6229,2
6230,1
6231,5
6232,3
6233,2
6234,3
6235,5
6236,4
6237,3
6238,4
6239,1
6240,4
6241,2
6242,5
6243,3
6244,3
6245,4
6246,1
6247,2
6248,3
6249,3
6250,5
6251,2
6252,5
6253,2
6254,5
6255,5
6256,3
6257,5
6258,5
6259,3
6260,4
6261,5
6262,3
6263,1
6264,3
6265,4
6266,4
6267,5
6268,3
6269,5
6270,3
6271,4
6272,3
6273,5
6274,5
6275,4
6276,2
6277,1
6278,4
6279,5
6280,1
6281,2
6282,4
6283,4
6284,4
6285,5
6286,5
6287,1
6288,1
6289,1
6290,5
6291,3
6292,3
6293,1
6294,4
6295,5
6296,5
6297,2
6298,2
6299,5
6300,3
6301,3
6302,3
6303,3
6304,4
6305,2
6306,3
6307,1
6308,2
6309,3
6310,3
6311,4
6312,5
6313,3
6314,5
6315,3
6316,3
6317,4
6318,4
6319,1
6320,3
6321,1
6322,5
6323,4
6324,1
6325,2
6326,1
6327,4
6328,4
6329,1
6330,3
6331,1
6332,2
6333,4
6334,3
6335,3
6336,4
6337,2
6338,3
6339,3
6340,4
6341,4
6342,1
6343,1
6344,1
6345,1
6346,1
6347,3
6348,2
6349,5
6350,4
6351,2
6352,3
6353,1
6354,1
6355,5
6356,2
6357,2
6358,3
6359,3
6360,2
6361,4
6362,5
6363,1
6364,3
6365,2
6366,3
6367,1
6368,1
6369,1
6370,5
6371,1
6372,4
6373,2
6374,3
6375,4
6376,2
6377,5
6378,3
6379,4
6380,2
6381,5
6382,3
6383,3
6384,3
6385,5
6386,5
6387,2
6388,4
6389,5
6390,4
6391,5
6392,5
6393,5
6394,4
6395,4
6396,1
6397,2
6398,5
6399,3
6400,3
6401,3
6402,4
6403,4
6404,1
6405,2
6406,4
6407,2
6408,4
6409,5
6410,5
6411,2
6412,5
6413,4
6414,5
6415,3
6416,1
6417,5
6418,5
6419,2
6420,2
6421,3
6422,4
6423,5
6424,2
6425,1
6426,1
6427,4
6428,4
6429,1
6430,1
6431,3
6432,1
6433,3
6434,3
6435,5
6436,2
6437,3
6438,3
6439,4
6440,5
6441,4
6442,1
6443,5
6444,3
6445,1
6446,5
6447,4
6448,1
6449,3
6450,5
6451,4
6452,2
6453,5
6454,5
6455,2
6456,3
6457,1
6458,2
6459,4
6460,3
6461,1
6462,1
6463,2
6464,1
6465,5
6466,3
6467,1
6468,2
6469,3
6470,5
6471,1
6472,3
6473,4
6474,1
6475,5
6476,3
6477,5
6478,1
6479,5
6480,2
6481,3
6482,5
6483,5
6484,2
6485,5
6486,3
6487,1
6488,2
6489,3
6490,5
6491,2
6492,5
6493,3
6494,1
6495,1
6496,2
6497,3
6498,2
6499,3
6500,1
6501,5
6502,5
6503,1
6504,1
6505,1
6506,2
6507,5
6508,2
6509,1
6510,4
6511,4
6512,1
6513,2
6514,1
6515,4
6516,3
6517,1
6518,5
6519,2
6520,1
6521,5
6522,5
6523,2
6524,4
6525,5
6526,3
6527,4
6528,3
6529,4
6530,1
6531,2
6532,4
6533,2
6534,5
6535,2
6536,3
6537,5
6538,2
6539,1
6540,2
6541,3
6542,4
6543,2
6544,2
6545,3
6546,4
6547,3
6548,5
6549,4
6550,5
6551,3
6552,5
6553,3
6554,1
6555,4
6556,4
6557,2
6558,2
6559,4
6560,2
6561,1
6562,3
6563,4
6564,4
6565,1
6566,2
6567,2
6568,4
6569,5
6570,2
6571,5
6572,3
6573,1
6574,4
6575,5
6576,5
6577,2
6578,3
6579,1
6580,1
6581,2
6582,4
6583,2
6584,5
6585,5
6586,3
6587,3
6588,5
6589,1
6590,1
6591,5
6592,1
6593,2
6594,1
6595,4
6596,5
6597,3
6598,1
6599,5
6600,5
6601,1
6602,2
6603,1
6604,2
6605,4
6606,3
6607,1
6608,5
6609,3
6610,1
6611,1
6612,3
6613,5
6614,3
6615,3
6616,5
6617,3
6618,5
6619,2
6620,1
6621,1
6622,1
6623,1
6624,2
6625,4
6626,4
6627,2
6628,1
6629,1
6630,4
6631,5
6632,1
6633,4
6634,1
6635,1
6636,4
6637,5
6638,5
6639,2
6640,5
6641,4
6642,1
6643,1
6644,1
6645,4
6646,5
6647,2
6648,3
6649,4
6650,1
6651,4
6652,5
6653,1
6654,4
6655,5
6656,4
6657,3
6658,2
6659,5
6660,3
6661,1
6662,2
6663,2
6664,2
6665,4
6666,2
6667,5
6668,2
6669,4
6670,3
6671,5
6672,4
6673,1
6674,4
6675,5
6676,1
6677,3
6678,3
6679,4
6680,3
6681,1
6682,2
6683,3
6684,1
6685,3
6686,5
6687,4
6688,1
6689,4
6690,4
6691,1
6692,4
6693,4
6694,3
6695,3
6696,5
6697,1
6698,3
6699,1
6700,4
6701,3
6702,1
6703,5
6704,2
6705,1
6706,3
6707,1
6708,4
6709,4
6710,4
6711,3
6712,2
6713,1
6714,2
6715,5
6716,4
6717,1
6718,3
6719,1
6720,5
6721,4
6722,4
6723,3
6724,4
6725,5
6726,3
6727,4
6728,3
6729,4
6730,3
6731,2
6732,2
6733,1
6734,2
6735,3
6736,1
6737,4
6738,2
6739,3
6740,3
6741,5
6742,4
6743,2
6744,3
6745,3
6746,2
6747,3
6748,2
6749,1
6750,3
6751,5
6752,3
6753,1
6754,3
6755,4
6756,1
6757,3
6758,3
6759,2
6760,3
6761,1
6762,5
6763,1
6764,2
6765,2
6766,3
6767,2
6768,1
6769,4
6770,2
6771,4
6772,1
6773,3
6774,1
6775,3
6776,3
6777,1
6778,5
6779,5
6780,3
6781,3
6782,2
6783,3
6784,5
6785,3
6786,5
6787,3
6788,1
6789,1
6790,1
6791,4
6792,1
6793,2
6794,1
6795,5
6796,5
6797,3
6798,2
6799,2
6800,3
6801,2
6802,3
6803,5
6804,5
6805,4
6806,2
6807,1
6808,1
6809,4
6810,5
6811,4
6812,4
6813,3
6814,2
6815,2
6816,4
6817,4
6818,2
6819,5
6820,1
6821,1
6822,5
6823,3
6824,5
6825,1
6826,1
6827,3
6828,5
6829,3
6830,5
6831,3
6832,2
6833,3
6834,3
6835,3
6836,4
6837,5
6838,5
6839,3
6840,4
6841,2
6842,1
6843,4
6844,3
6845,1
6846,4
6847,1
6848,4
6849,1
6850,3
6851,3
6852,3
6853,5
6854,5
6855,1
6856,3
6857,1
6858,3
6859,1
6860,2
6861,5
6862,5
6863,3
6864,4
6865,1
6866,3
6867,1
6868,5
6869,4
6870,3
6871,1
6872,1
6873,4
6874,4
6875,1
6876,3
6877,2
6878,4
6879,3
6880,3
6881,4
6882,1
6883,1
6884,1
6885,1
6886,3
6887,2
6888,4
6889,3
6890,3
6891,5
6892,4
6893,1
6894,4
6895,5
6896,5
6897,5
6898,2
6899,4
6900,3
6901,2
6902,4
6903,1
6904,4
6905,3
6906,2
6907,2
6908,3
6909,5
6910,5
6911,5
6912,2
6913,2
6914,2
6915,5
6916,3
6917,3
6918,3
6919,4
6920,2
6921,1
6922,5
6923,1
6924,1
6925,5
6926,3
6927,5
6928,4
6929,1
6930,3
6931,4
6932,3
6933,1
6934,5
6935,2
6936,5
6937,5
6938,5
6939,4
6940,1
6941,5
6942,4
6943,1
6944,1
6945,3
6946,2
6947,5
6948,3
6949,1
6950,3
6951,2
6952,2
6953,5
6954,1
6955,5
6956,5
6957,2
6958,1
6959,5
6960,5
6961,1
6962,5
6963,3
6964,3
6965,2
6966,5
6967,1
6968,3
6969,5
6970,5
6971,5
6972,4
6973,2
6974,1
6975,4
6976,3
6977,3
6978,5
6979,5
6980,5
6981,5
6982,1
6983,2
6984,2
6985,3
6986,5
6987,2
6988,2
6989,4
6990,3
6991,2
6992,2
6993,1
6994,2
6995,4
6996,2
6997,3
6998,1
6999,4
7000,4
7001,5
7002,5
7003,4
7004,4
7005,5
7006,4
7007,1
7008,1
7009,4
7010,1
7011,4
7012,1
7013,3
7014,2
7015,4
7016,4
7017,5
7018,4
7019,1
7020,2
7021,4
7022,1
7023,3
7024,5
7025,4
7026,3
7027,1
7028,3
7029,3
7030,2
7031,3
7032,5
7033,4
7034,1
7035,4
7036,2
7037,2
7038,4
7039,4
7040,5
7041,1
7042,1
7043,3
7044,5
7045,2
7046,4
7047,1
7048,4
7049,4
7050,2
7051,5
7052,4
7053,1
7054,3
7055,1
7056,2
7057,3
7058,1
7059,5
7060,3
7061,2
7062,4
7063,4
7064,1
7065,3
7066,2
7067,5
7068,5
7069,3
7070,1
7071,5
7072,3
7073,3
7074,1
7075,4
7076,4
7077,5
7078,5
7079,3
7080,2
7081,2
7082,4
7083,1
7084,1
7085,3
7086,2
7087,1
7088,2
7089,4
7090,3
7091,5
7092,3
7093,1
7094,5
7095,4
7096,3
7097,5
7098,3
7099,5
7100,2
7101,2
7102,2
7103,3
7104,1
7105,3
7106,5
7107,4
7108,3
7109,2
7110,3
7111,5
7112,5
7113,2
7114,2
7115,1
7116,3
7117,1
7118,5
7119,5
7120,3
7121,5
7122,5
7123,1
7124,4
7125,3
7126,2
7127,2
7128,2
7129,2
7130,4
7131,5
7132,5
7133,5
7134,2
7135,4
7136,5
7137,2
7138,3
7139,1
7140,5
7141,4
7142,1
7143,2
7144,4
7145,2
7146,3
7147,3
7148,3
7149,5
7150,4
7151,2
7152,4
7153,3
7154,1
7155,5
7156,5
7157,5
7158,4
7159,5
7160,3
7161,4
7162,2
7163,2
7164,5
7165,2
7166,3
7167,2
7168,4
7169,4
7170,2
7171,3
7172,5
7173,3
7174,1
7175,1
7176,4
7177,5
7178,4
7179,3
7180,2
7181,5
7182,3
7183,5
7184,3
7185,4
7186,4
7187,5
7188,1
7189,4
7190,4
7191,3
7192,2
7193,2
7194,4
7195,4
7196,3
7197,2
7198,2
7199,1
7200,5
7201,4
7202,2
7203,1
7204,2
7205,3
7206,3
7207,1
7208,5
7209,5
7210,5
7211,4
7212,4
7213,3
7214,3
7215,5
7216,1
7217,2
7218,4
7219,5
7220,1
7221,5
7222,3
7223,1
7224,3
7225,5
7226,2
7227,3
7228,3
7229,1
7230,2
7231,5
7232,3
7233,5
7234,4
7235,3
7236,1
7237,4
7238,5
7239,2
7240,5
7241,1
7242,3
7243,5
7244,1
7245,1
7246,1
7247,5
7248,5
7249,3
7250,4
7251,1
7252,4
7253,2
7254,1
7255,3
7256,4
7257,2
7258,1
7259,2
7260,5
7261,4
7262,2
7263,5
7264,2
7265,4
7266,1
7267,2
7268,2
7269,5
7270,4
7271,1
7272,2
7273,5
7274,1
7275,4
7276,5
7277,4
7278,1
7279,5
7280,2
7281,1
7282,2
7283,2
7284,3
7285,5
7286,1
7287,2
7288,2
7289,4
7290,5
7291,1
7292,2
7293,4
7294,3
7295,5
7296,3
7297,2
7298,4
7299,2
7300,4
7301,4
7302,2
7303,3
7304,3
7305,4
7306,2
7307,2
7308,4
7309,1
7310,2
7311,4
7312,4
7313,2
7314,3
7315,5
7316,1
7317,5
7318,2
7319,3
7320,4
7321,2
7322,5
7323,1
7324,1
7325,2
7326,4
7327,5
7328,2
7329,1
7330,5
7331,1
7332,4
7333,2
7334,5
7335,1
7336,1
7337,1
7338,5
7339,1
7340,5
7341,1
7342,3
7343,3
7344,5
7345,5
7346,4
7347,2
7348,1
7349,1
7350,4
7351,4
7352,3
7353,5
7354,4
7355,2
7356,2
7357,3
7358,1
7359,4
7360,4
7361,4
7362,2
7363,3
7364,3
7365,1
7366,4
7367,4
7368,4
7369,5
7370,3
7371,1
7372,4
7373,3
7374,4
7375,5
7376,5
7377,3
7378,3
7379,4
7380,4
7381,1
7382,5
7383,4
7384,3
7385,3
7386,3
7387,2
7388,5
7389,1
7390,3
7391,5
7392,4
7393,4
7394,5
7395,4
7396,5
7397,1
7398,3
7399,1
7400,1
7401,1
7402,1
7403,5
7404,2
7405,2
7406,2
7407,3
7408,2
7409,5
7410,1
7411,1
7412,5
7413,5
7414,5
7415,2
7416,4
7417,4
7418,1
7419,3
7420,1
7421,5
7422,2
7423,4
7424,2
7425,4
7426,5
7427,4
7428,3
7429,3
7430,2
7431,3
7432,3
7433,3
7434,2
7435,3
7436,3
7437,2
7438,4
7439,5
7440,3
7441,3
7442,1
7443,3
7444,3
7445,1
7446,1
7447,4
7448,2
7449,5
7450,1
7451,2
7452,5
7453,1
7454,5
7455,2
7456,2
7457,1
7458,5
7459,5
7460,5
7461,5
7462,2
7463,5
7464,1
7465,2
7466,2
7467,2
7468,1
7469,5
7470,5
7471,4
7472,4
7473,3
7474,2
7475,3
7476,4
7477,4
7478,2
7479,5
7480,1
7481,4
7482,1
7483,3
7484,3
7485,3
7486,4
7487,3
7488,4
7489,5
7490,1
7491,5
7492,3
7493,1
7494,5
7495,3
7496,4
7497,4
7498,1
7499,5
7500,5
7501,1
7502,3
7503,5
7504,4
7505,3
7506,1
7507,5
7508,3
7509,3
7510,4
7511,3
7512,4
7513,1
7514,2
7515,1
7516,3
7517,2
7518,3
7519,5
7520,2
7521,5
7522,3
7523,1
7524,1
7525,2
7526,1
7527,1
7528,1
7529,5
7530,2
7531,2
7532,3
7533,4
7534,2
7535,3
7536,5
7537,3
7538,2
7539,4
7540,3
7541,3
7542,1
7543,3
7544,4
7545,4
7546,4
7547,2
7548,2
7549,4
7550,2
7551,2
7552,5
7553,2
7554,4
7555,2
7556,3
7557,5
7558,1
7559,5
7560,5
7561,3
7562,2
7563,2
7564,2
7565,5
7566,1
7567,3
7568,5
7569,1
7570,3
7571,4
7572,3
7573,2
7574,2
7575,4
7576,2
7577,5
7578,4
7579,3
7580,2
7581,1
7582,2
7583,1
7584,5
7585,2
7586,3
7587,3
7588,2
7589,4
7590,4
7591,1
7592,3
7593,4
7594,5
7595,4
7596,3
7597,4
7598,2
7599,3
7600,3
7601,2
7602,5
7603,5
7604,2
7605,2
7606,3
7607,4
7608,4
7609,2
7610,5
7611,2
7612,3
7613,4
7614,3
7615,5
7616,1
7617,2
7618,5
7619,2
7620,1
7621,5
7622,2
7623,1
7624,5
7625,4
7626,3
7627,3
7628,3
7629,1
7630,5
7631,1
7632,4
7633,1
7634,2
7635,1
7636,5
7637,3
7638,4
7639,5
7640,5
7641,4
7642,2
7643,4
7644,2
7645,3
7646,5
7647,1
7648,2
7649,1
7650,3
7651,2
7652,1
7653,5
7654,2
7655,3
7656,5
7657,2
7658,5
7659,3
7660,3
7661,2
7662,3
7663,1
7664,3
7665,1
7666,4
7667,2
7668,2
7669,4
7670,2
7671,2
7672,5
7673,4
7674,1
7675,2
7676,3
7677,2
7678,2
7679,5
7680,5
7681,4
7682,3
7683,1
7684,5
7685,2
7686,3
7687,3
7688,1
7689,3
7690,4
7691,5
7692,1
7693,2
7694,2
7695,1
7696,1
7697,1
7698,1
7699,4
7700,5
7701,3
7702,1
7703,1
7704,2
7705,1
7706,4
7707,2
7708,2
7709,5
7710,2
7711,1
7712,3
7713,5
7714,1
7715,2
7716,3
7717,2
7718,5
7719,3
7720,5
7721,4
7722,4
7723,3
7724,2
7725,4
7726,5
7727,4
7728,1
7729,4
7730,1
7731,5
7732,3
7733,3
7734,1
7735,2
7736,3
7737,4
7738,5
7739,2
7740,3
7741,3
7742,5
7743,1
7744,3
7745,5
7746,1
7747,1
7748,1
7749,2
7750,2
7751,4
7752,3
7753,4
7754,5
7755,4
7756,5
7757,4
7758,2
7759,4
7760,3
7761,5
7762,5
7763,1
7764,4
7765,3
7766,5
7767,5
7768,4
7769,2
7770,1
7771,4
7772,1
7773,3
7774,4
7775,5
7776,4
7777,1
7778,2
7779,5
7780,5
7781,4
7782,5
7783,2
7784,5
7785,1
7786,2
7787,3
7788,1
7789,3
7790,2
7791,3
7792,2
7793,4
7794,2
7795,5
7796,5
7797,4
7798,1
7799,4
7800,3
7801,2
7802,2
7803,2
7804,2
7805,3
7806,5
7807,5
7808,5
7809,1
7810,5
7811,2
7812,1
7813,5
7814,2
7815,4
7816,4
7817,5
7818,4
7819,3
7820,5
7821,5
7822,2
7823,1
7824,4
7825,4
7826,5
7827,5
7828,3
7829,2
7830,4
7831,1
7832,3
7833,4
7834,1
7835,1
7836,3
7837,1
7838,3
7839,3
7840,4
7841,3
7842,5
7843,3
7844,4
7845,4
7846,3
7847,2
7848,2
7849,2
7850,1
7851,5
7852,3
7853,2
7854,4
7855,2
7856,3
7857,3
7858,5
7859,3
7860,3
7861,3
7862,2
7863,1
7864,3
7865,4
7866,5
7867,2
7868,2
7869,2
7870,1
7871,4
7872,4
7873,5
7874,4
7875,1
7876,2
7877,2
7878,3
7879,4
7880,1
7881,1
7882,3
7883,5
7884,3
7885,4
7886,5
7887,4
7888,5
7889,2
7890,1
7891,3
7892,3
7893,1
7894,3
7895,4
7896,1
7897,4
7898,5
7899,3
7900,4
7901,5
7902,4
7903,5
7904,2
7905,5
7906,1
7907,4
7908,4
7909,2
7910,1
7911,1
7912,4
7913,4
7914,3
7915,3
7916,3
7917,5
7918,3
7919,3
7920,3
7921,1
7922,1
7923,4
7924,5
7925,5
7926,2
7927,2
7928,5
7929,4
7930,5
7931,4
7932,3
7933,2
7934,5
7935,4
7936,5
7937,5
7938,2
7939,1
7940,3
7941,4
7942,5
7943,3
7944,4
7945,2
7946,2
7947,5
7948,4
7949,3
7950,5
7951,4
7952,5
7953,4
7954,5
7955,1
7956,2
7957,3
7958,1
7959,2
7960,3
7961,4
7962,2
7963,2
7964,5
7965,3
7966,4
7967,2
7968,5
7969,2
7970,1
7971,5
7972,5
7973,1
7974,2
7975,4
7976,1
7977,5
7978,1
7979,5
7980,2
7981,1
7982,2
7983,4
7984,3
7985,3
7986,4
7987,4
7988,4
7989,1
7990,4
7991,4
7992,3
7993,2
7994,2
7995,5
7996,5
7997,1
7998,2
7999,5
8000,3
8001,3
8002,4
8003,1
8004,4
8005,4
8006,1
8007,3
8008,3
8009,5
8010,3
8011,1
8012,5
8013,2
8014,3
8015,3
8016,5
8017,3
8018,4
8019,2
8020,3
8021,5
8022,5
8023,4
8024,3
8025,3
8026,3
8027,3
8028,3
8029,2
8030,1
8031,4
8032,4
8033,4
8034,4
8035,4
8036,4
8037,1
8038,2
8039,2
8040,2
8041,3
8042,1
8043,4
8044,1
8045,1
8046,3
8047,4
8048,4
8049,5
8050,1
8051,4
8052,5
8053,1
8054,3
8055,4
8056,2
8057,5
8058,3
8059,5
8060,2
8061,1
8062,1
8063,5
8064,1
8065,2
8066,5
8067,3
8068,1
8069,4
8070,3
8071,4
8072,1
8073,4
8074,5
8075,3
8076,3
8077,3
8078,4
8079,3
8080,4
8081,1
8082,1
8083,2
8084,3
8085,1
8086,5
8087,5
8088,2
8089,3
8090,4
8091,2
8092,4
8093,2
8094,5
8095,1
8096,4
8097,5
8098,3
8099,2
8100,5
8101,3
8102,4
8103,2
8104,4
8105,2
8106,1
8107,1
8108,4
8109,1
8110,2
8111,3
8112,5
8113,2
8114,1
8115,5
8116,5
8117,4
8118,1
8119,5
8120,2
8121,5
8122,2
8123,5
8124,1
8125,1
8126,2
8127,3
8128,1
8129,4
8130,5
8131,4
8132,5
8133,1
8134,2
8135,2
8136,2
8137,2
8138,3
8139,4
8140,2
8141,1
8142,1
8143,5
8144,4
8145,4
8146,4
8147,2
8148,3
8149,3
8150,5
8151,3
8152,4
8153,1
8154,1
8155,3
8156,3
8157,2
8158,4
8159,5
8160,2
8161,3
8162,3
8163,3
8164,5
8165,3
8166,4
8167,2
8168,2
8169,1
8170,1
8171,5
8172,3
8173,5
8174,5
8175,4
8176,5
8177,2
8178,2
8179,2
8180,1
8181,5
8182,2
8183,2
8184,3
8185,1
8186,4
8187,1
8188,3
8189,1
8190,5
8191,3
8192,1
8193,2
8194,5
8195,5
8196,4
8197,5
8198,3
8199,3
8200,4
8201,5
8202,2
8203,1
8204,5
8205,1
8206,5
8207,1
8208,2
8209,3
8210,5
8211,5
8212,2
8213,3
8214,2
8215,3
8216,4
8217,2
8218,5
8219,3
8220,4
8221,2
8222,5
8223,2
8224,4
8225,5
8226,3
8227,5
8228,2
8229,2
8230,3
8231,2
8232,3
8233,4
8234,3
8235,4
8236,1
8237,5
8238,3
8239,3
8240,1
8241,1
8242,1
8243,3
8244,4
8245,4
8246,1
8247,3
8248,3
8249,2
8250,3
8251,2
8252,3
8253,1
8254,4
8255,4
8256,1
8257,1
8258,3
8259,5
8260,1
8261,5
8262,4
8263,3
8264,2
8265,1
8266,1
8267,3
8268,1
8269,5
8270,5
8271,5
8272,4
8273,1
8274,3
8275,5
8276,2
8277,5
8278,5
8279,5
8280,2
8281,2
8282,2
8283,1
8284,1
8285,4
8286,4
8287,4
8288,4
8289,4
8290,5
8291,5
8292,1
8293,1
8294,3
8295,5
8296,2
8297,2
8298,5
8299,4
8300,1
8301,4
8302,2
8303,5
8304,4
8305,1
8306,3
8307,3
8308,2
8309,1
8310,2
8311,5
8312,3
8313,4
8314,4
8315,1
8316,1
8317,5
8318,4
8319,1
8320,5
8321,2
8322,3
8323,5
8324,4
8325,5
8326,5
8327,2
8328,1
8329,5
8330,5
8331,4
8332,1
8333,3
8334,3
8335,3
8336,3
8337,1
8338,3
8339,1
8340,1
8341,3
8342,5
8343,3
8344,3
8345,1
8346,1
8347,2
8348,1
8349,2
8350,3
8351,3
8352,1
8353,4
8354,1
8355,5
8356,3
8357,2
8358,4
8359,5
8360,5
8361,2
8362,3
8363,1
8364,5
8365,1
8366,5
8367,1
8368,2
8369,1
8370,2
8371,5
8372,1
8373,1
8374,5
8375,1
8376,4
8377,2
8378,3
8379,2
8380,2
8381,1
8382,3
8383,1
8384,3
8385,4
8386,5
8387,5
8388,5
8389,2
8390,3
8391,2
8392,5
8393,5
8394,3
8395,4
8396,5
8397,5
8398,5
8399,3
8400,3
8401,2
8402,5
8403,3
8404,5
8405,3
8406,2
8407,3
8408,3
8409,5
8410,4
8411,3
8412,5
8413,5
8414,1
8415,1
8416,2
8417,4
8418,3
8419,1
8420,2
8421,4
8422,5
8423,2
8424,2
8425,5
8426,3
8427,5
8428,5
8429,4
8430,3
8431,3
8432,5
8433,4
8434,4
8435,2
8436,5
8437,4
8438,5
8439,2
8440,1
8441,5
8442,2
8443,3
8444,4
8445,2
8446,3
8447,4
8448,4
8449,1
8450,5
8451,5
8452,2
8453,5
8454,1
8455,4
8456,4
8457,5
8458,5
8459,5
8460,1
8461,4
8462,2
8463,3
8464,3
8465,5
8466,2
8467,5
8468,1
8469,4
8470,4
8471,4
8472,4
8473,5
8474,5
8475,2
8476,2
8477,1
8478,5
8479,2
8480,1
8481,3
8482,1
8483,5
8484,4
8485,3
8486,4
8487,1
8488,1
8489,5
8490,3
8491,4
8492,1
8493,1
8494,1
8495,5
8496,2
8497,4
8498,1
8499,2
8500,4
8501,4
8502,2
8503,2
8504,5
8505,4
8506,5
8507,2
8508,2
8509,5
8510,5
8511,1
8512,3
8513,2
8514,5
8515,4
8516,5
8517,5
8518,5
8519,3
8520,2
8521,1
8522,4
8523,4
8524,2
8525,2
8526,2
8527,2
8528,3
8529,4
8530,4
8531,5
8532,5
8533,2
8534,2
8535,5
8536,4
8537,3
8538,1
8539,1
8540,4
8541,5
8542,1
8543,4
8544,3
8545,2
8546,4
8547,3
8548,2
8549,1
8550,1
8551,2
8552,1
8553,2
8554,1
8555,5
8556,5
8557,3
8558,1
8559,1
8560,4
8561,3
8562,5
8563,4
8564,3
8565,5
8566,4
8567,1
8568,1
8569,3
8570,4
8571,1
8572,2
8573,2
8574,2
8575,1
8576,2
8577,2
8578,1
8579,2
8580,5
8581,4
8582,5
8583,3
8584,1
8585,5
8586,1
8587,1
8588,3
8589,2
8590,4
8591,5
8592,2
8593,4
8594,5
8595,3
8596,3
8597,1
8598,4
8599,5
8600,2
8601,2
8602,1
8603,5
8604,1
8605,4
8606,1
8607,2
8608,4
8609,5
8610,5
8611,4
8612,3
8613,3
8614,1
8615,4
8616,5
8617,1
8618,5
8619,5
8620,4
8621,4
8622,5
8623,3
8624,5
8625,2
8626,4
8627,4
8628,4
8629,3
8630,5
8631,1
8632,2
8633,2
8634,3
8635,5
8636,1
8637,3
8638,2
8639,2
8640,1
8641,5
8642,3
8643,4
8644,2
8645,4
8646,5
8647,3
8648,1
8649,4
8650,2
8651,2
8652,3
8653,3
8654,4
8655,4
8656,5
8657,3
8658,5
8659,4
8660,2
8661,4
8662,3
8663,3
8664,3
8665,2
8666,3
8667,3
8668,3
8669,4
8670,4
8671,5
8672,5
8673,2
8674,4
8675,5
8676,3
8677,1
8678,2
8679,3
8680,4
8681,4
8682,5
8683,3
8684,5
8685,3
8686,3
8687,5
8688,1
8689,3
8690,4
8691,1
8692,2
8693,5
8694,3
8695,2
8696,1
8697,1
8698,4
8699,5
8700,4
8701,4
8702,1
8703,4
8704,2
8705,1
8706,2
8707,1
8708,3
8709,1
8710,2
8711,3
8712,4
8713,4
8714,2
8715,1
8716,2
8717,3
8718,4
8719,3
8720,2
8721,5
8722,2
8723,4
8724,1
8725,1
8726,3
8727,4
8728,4
8729,1
8730,1
8731,2
8732,2
8733,5
8734,5
8735,3
8736,2
8737,4
8738,3
8739,2
8740,3
8741,3
8742,4
8743,5
8744,1
8745,2
8746,2
8747,4
8748,1
8749,3
8750,1
8751,2
8752,4
8753,3
8754,4
8755,1
8756,4
8757,5
8758,4
8759,4
8760,4
8761,2
8762,1
8763,4
8764,5
8765,5
8766,1
8767,3
8768,2
8769,4
8770,1
8771,2
8772,2
8773,5
8774,1
8775,4
8776,4
8777,3
8778,4
8779,3
8780,3
8781,1
8782,4
8783,4
8784,3
8785,2
8786,1
8787,4
8788,5
8789,1
8790,5
8791,3
8792,2
8793,4
8794,4
8795,1
8796,4
8797,3
8798,5
8799,2
8800,5
8801,5
8802,1
8803,1
8804,4
8805,3
8806,2
8807,4
8808,1
8809,3
8810,1
8811,1
8812,1
8813,2
8814,5
8815,3
8816,1
8817,4
8818,2
8819,1
8820,4
8821,4
8822,4
8823,5
8824,5
8825,3
8826,5
8827,3
8828,4
8829,2
8830,5
8831,2
8832,2
8833,4
8834,1
8835,3
8836,5
8837,5
8838,3
8839,4
8840,5
8841,2
8842,3
8843,4
8844,5
8845,3
8846,4
8847,1
8848,4
8849,2
8850,5
8851,2
8852,3
8853,1
8854,3
8855,3
8856,3
8857,2
8858,1
8859,5
8860,5
8861,3
8862,4
8863,2
8864,1
8865,1
8866,4
8867,3
8868,3
8869,2
8870,3
8871,3
8872,2
8873,1
8874,5
8875,5
8876,2
8877,2
8878,5
8879,1
8880,5
8881,1
8882,1
8883,3
8884,3
8885,1
8886,5
8887,1
8888,5
8889,2
8890,4
8891,1
8892,3
8893,3
8894,3
8895,2
8896,1
8897,3
8898,3
8899,5
8900,5
8901,3
8902,5
8903,2
8904,2
8905,4
8906,5
8907,5
8908,1
8909,1
8910,4
8911,4
8912,4
8913,2
8914,4
8915,5
8916,3
8917,1
8918,4
8919,1
8920,4
8921,2
8922,2
8923,5
8924,2
8925,4
8926,3
8927,2
8928,2
8929,3
8930,5
8931,4
8932,5
8933,5
8934,2
8935,1
8936,3
8937,5
8938,4
8939,3
8940,2
8941,1
8942,2
8943,1
8944,4
8945,2
8946,5
8947,1
8948,4
8949,3
8950,5
8951,1
8952,1
8953,1
8954,1
8955,3
8956,5
8957,4
8958,4
8959,4
8960,1
8961,1
8962,5
8963,2
8964,2
8965,3
8966,3
8967,1
8968,1
8969,1
8970,1
8971,1
8972,5
8973,4
8974,4
8975,2
8976,5
8977,4
8978,5
8979,2
8980,3
8981,4
8982,3
8983,2
8984,2
8985,2
8986,3
8987,1
8988,3
8989,5
8990,4
8991,3
8992,3
8993,5
8994,4
8995,3
8996,5
8997,1
8998,3
8999,1
9000,1
9001,5
9002,3
9003,5
9004,3
9005,2
9006,4
9007,2
9008,5
9009,1
9010,2
9011,4
9012,2
9013,2
9014,2
9015,1
9016,2
9017,3
9018,3
9019,1
9020,1
9021,2
9022,4
9023,3
9024,5
9025,3
9026,4
9027,4
9028,2
9029,1
9030,5
9031,1
9032,2
9033,2
9034,3
9035,3
9036,4
9037,3
9038,2
9039,4
9040,1
9041,5
9042,5
9043,4
9044,4
9045,5
9046,1
9047,1
9048,1
9049,4
9050,2
9051,5
9052,5
9053,5
9054,3
9055,2
9056,2
9057,1
9058,2
9059,4
9060,2
9061,3
9062,4
9063,1
9064,4
9065,2
9066,5
9067,3
9068,1
9069,3
9070,4
9071,5
9072,3
9073,2
9074,5
9075,1
9076,2
9077,1
9078,3
9079,2
9080,4
9081,5
9082,3
9083,1
9084,5
9085,3
9086,5
9087,5
9088,3
9089,4
9090,1
9091,5
9092,2
9093,5
9094,2
9095,3
9096,4
9097,5
9098,3
9099,4
9100,3
9101,1
9102,1
9103,3
9104,3
9105,1
9106,5
9107,1
9108,1
9109,4
9110,4
9111,2
9112,4
9113,1
9114,1
9115,2
9116,1
9117,4
9118,1
9119,2
9120,2
9121,2
9122,4
9123,3
9124,1
9125,3
9126,2
9127,5
9128,3
9129,2
9130,3
9131,3
9132,4
9133,1
9134,2
9135,1
9136,2
9137,3
9138,1
9139,1
9140,2
9141,5
9142,3
9143,2
9144,1
9145,3
9146,3
9147,4
9148,3
9149,2
9150,1
9151,5
9152,4
9153,1
9154,5
9155,4
9156,1
9157,2
9158,3
9159,1
9160,3
9161,2
9162,3
9163,3
9164,2
9165,4
9166,1
9167,3
9168,1
9169,3
9170,3
9171,4
9172,2
9173,3
9174,2
9175,3
9176,4
9177,2
9178,1
9179,5
9180,3
9181,5
9182,3
9183,2
9184,2
9185,2
9186,4
9187,1
9188,3
9189,1
9190,5
9191,1
9192,3
9193,1
9194,1
9195,5
9196,2
9197,5
9198,5
9199,4
9200,3
9201,3
9202,1
9203,2
9204,4
9205,3
9206,5
9207,3
9208,2
9209,5
9210,5
9211,4
9212,4
9213,5
9214,1
9215,2
9216,3
9217,4
9218,2
9219,5
9220,2
9221,2
9222,2
9223,1
9224,3
9225,1
9226,3
9227,5
9228,1
9229,1
9230,5
9231,3
9232,2
9233,4
9234,4
9235,1
9236,5
9237,5
9238,3
9239,5
9240,5
9241,5
9242,1
9243,3
9244,1
9245,5
9246,1
9247,2
9248,4
9249,5
9250,1
9251,3
9252,3
9253,4
9254,4
9255,3
9256,4
9257,4
9258,3
9259,5
9260,5
9261,5
9262,5
9263,5
9264,3
9265,3
9266,2
9267,4
9268,2
9269,3
9270,3
9271,3
9272,1
9273,4
9274,2
9275,4
9276,5
9277,1
9278,2
9279,4
9280,5
9281,5
9282,5
9283,5
9284,5
9285,3
9286,5
9287,1
9288,3
9289,4
9290,1
9291,3
9292,3
9293,2
9294,3
9295,3
9296,3
9297,3
9298,5
9299,5
9300,1
9301,3
9302,3
9303,1
9304,3
9305,5
9306,2
9307,3
9308,3
9309,3
9310,1
9311,2
9312,2
9313,1
9314,1
9315,1
9316,1
9317,1
9318,5
9319,3
9320,4
9321,1
9322,4
9323,3
9324,1
9325,1
9326,5
9327,2
9328,4
9329,3
9330,3
9331,1
9332,5
9333,4
9334,2
9335,5
9336,1
9337,1
9338,3
9339,2
9340,1
9341,4
9342,3
9343,1
9344,2
9345,1
9346,4
9347,1
9348,2
9349,1
9350,2
9351,3
9352,4
9353,2
9354,4
9355,4
9356,2
9357,5
9358,5
9359,3
9360,5
9361,1
9362,3
9363,5
9364,4
9365,5
9366,1
9367,4
9368,3
9369,3
9370,4
9371,2
9372,3
9373,5
9374,4
9375,3
9376,5
9377,2
9378,3
9379,4
9380,1
9381,5
9382,3
9383,2
9384,4
9385,3
9386,4
9387,5
9388,3
9389,4
9390,4
9391,2
9392,3
9393,5
9394,1
9395,5
9396,5
9397,5
9398,5
9399,3
9400,1
9401,5
9402,1
9403,2
9404,5
9405,3
9406,4
9407,3
9408,2
9409,4
9410,4
9411,1
9412,4
9413,2
9414,2
9415,1
9416,1
9417,4
9418,4
9419,5
9420,3
9421,4
9422,4
9423,1
9424,1
9425,5
9426,1
9427,1
9428,2
9429,4
9430,3
9431,2
9432,3
9433,3
9434,3
9435,1
9436,4
9437,5
9438,2
9439,4
9440,4
9441,1
9442,2
9443,3
9444,1
9445,3
9446,5
9447,4
9448,3
9449,5
9450,2
9451,5
9452,1
9453,2
9454,2
9455,5
9456,2
9457,2
9458,3
9459,3
9460,4
9461,3
9462,4
9463,4
9464,3
9465,3
9466,3
9467,3
9468,1
9469,1
9470,2
9471,5
9472,1
9473,1
9474,1
9475,5
9476,2
9477,4
9478,3
9479,1
9480,4
9481,3
9482,3
9483,5
9484,5
9485,4
9486,4
9487,2
9488,1
9489,4
9490,2
9491,5
9492,5
9493,1
9494,3
9495,3
9496,4
9497,4
9498,1
9499,2
9500,5
9501,1
9502,5
9503,1
9504,3
9505,1
9506,5
9507,3
9508,2
9509,2
9510,5
9511,2
9512,4
9513,4
9514,2
9515,5
9516,4
9517,3
9518,3
9519,4
9520,5
9521,4
9522,2
9523,2
9524,5
9525,4
9526,3
9527,3
9528,3
9529,5
9530,1
9531,4
9532,1
9533,4
9534,5
9535,1
9536,2
9537,3
9538,3
9539,2
9540,4
9541,2
9542,4
9543,5
9544,1
9545,5
9546,3
9547,1
9548,2
9549,4
9550,1
9551,4
9552,1
9553,2
9554,1
9555,2
9556,4
9557,5
9558,2
9559,1
9560,3
9561,1
9562,3
9563,1
9564,2
9565,5
9566,2
9567,3
9568,5
9569,3
9570,2
9571,2
9572,5
9573,4
9574,1
9575,5
9576,2
9577,5
9578,2
9579,4
9580,1
9581,4
9582,2
9583,1
9584,5
9585,2
9586,4
9587,4
9588,4
9589,4
9590,3
9591,4
9592,3
9593,1
9594,2
9595,2
9596,2
9597,2
9598,4
9599,5
9600,5
9601,5
9602,3
9603,4
9604,5
9605,4
9606,2
9607,2
9608,5
9609,1
9610,5
9611,1
9612,4
9613,4
9614,5
9615,5
9616,4
9617,4
9618,2
9619,3
9620,4
9621,3
9622,3
9623,2
9624,4
9625,4
9626,3
9627,5
9628,4
9629,2
9630,2
9631,1
9632,3
9633,2
9634,1
9635,1
9636,4
9637,2
9638,1
9639,3
9640,3
9641,5
9642,1
9643,2
9644,4
9645,5
9646,2
9647,5
9648,4
9649,2
9650,4
9651,4
9652,1
9653,2
9654,2
9655,5
9656,2
9657,1
9658,3
9659,5
9660,1
9661,2
9662,1
9663,3
9664,2
9665,1
9666,1
9667,3
9668,4
9669,2
9670,1
9671,5
9672,5
9673,4
9674,2
9675,4
9676,5
9677,2
9678,2
9679,4
9680,5
9681,4
9682,1
9683,5
9684,2
9685,4
9686,5
9687,3
9688,5
9689,4
9690,2
9691,1
9692,1
9693,2
9694,1
9695,5
9696,2
9697,3
9698,2
9699,5
9700,1
9701,2
9702,3
9703,1
9704,4
9705,2
9706,5
9707,3
9708,2
9709,5
9710,2
9711,5
9712,1
9713,5
9714,1
9715,4
9716,5
9717,3
9718,2
9719,2
9720,3
9721,4
9722,4
9723,5
9724,4
9725,3
9726,2
9727,4
9728,3
9729,4
9730,4
9731,3
9732,4
9733,5
9734,5
9735,3
9736,3
9737,1
9738,2
9739,4
9740,3
9741,5
9742,5
9743,3
9744,2
9745,4
9746,1
9747,1
9748,1
9749,5
9750,2
9751,2
9752,3
9753,1
9754,1
9755,4
9756,3
9757,4
9758,1
9759,5
9760,4
9761,5
9762,1
9763,4
9764,1
9765,4
9766,1
9767,4
9768,2
9769,5
9770,1
9771,4
9772,2
9773,3
9774,5
9775,3
9776,2
9777,4
9778,1
9779,1
9780,5
9781,4
9782,4
9783,4
9784,1
9785,2
9786,4
9787,5
9788,1
9789,1
9790,4
9791,4
9792,5
9793,1
9794,5
9795,4
9796,5
9797,5
9798,2
9799,1
9800,3
9801,3
9802,5
9803,4
9804,2
9805,2
9806,3
9807,2
9808,2
9809,5
9810,2
9811,2
9812,4
9813,3
9814,5
9815,1
9816,1
9817,4
9818,5
9819,4
9820,3
9821,3
9822,5
9823,1
9824,2
9825,3
9826,3
9827,5
9828,2
9829,3
9830,3
9831,2
9832,4
9833,2
9834,5
9835,5
9836,3
9837,4
9838,2
9839,3
9840,4
9841,1
9842,5
9843,2
9844,4
9845,2
9846,2
9847,3
9848,3
9849,3
9850,1
9851,5
9852,2
9853,4
9854,2
9855,1
9856,2
9857,1
9858,2
9859,1
9860,2
9861,5
9862,1
9863,4
9864,1
9865,3
9866,1
9867,5
9868,2
9869,1
9870,2
9871,2
9872,3
9873,5
9874,1
9875,5
9876,3
9877,2
9878,1
9879,3
9880,1
9881,3
9882,5
9883,4
9884,4
9885,2
9886,3
9887,5
9888,1
9889,2
9890,3
9891,2
9892,2
9893,4
9894,2
9895,4
9896,3
9897,2
9898,4
9899,5
9900,5
9901,4
9902,1
9903,5
9904,4
9905,5
9906,2
9907,1
9908,2
9909,3
9910,1
9911,5
9912,5
9913,2
9914,3
9915,5
9916,4
9917,2
9918,5
9919,4
9920,1
9921,3
9922,2
9923,1
9924,4
9925,2
9926,1
9927,3
9928,2
9929,3
9930,5
9931,5
9932,1
9933,4
9934,1
9935,4
9936,4
9937,4
9938,1
9939,1
9940,2
9941,4
9942,3
9943,4
9944,2
9945,5
9946,4
9947,3
9948,4
9949,2
9950,5
9951,5
9952,5
9953,2
9954,5
9955,4
9956,5
9957,4
9958,5
9959,5
9960,1
9961,3
9962,3
9963,5
9964,2
9965,2
9966,1
9967,5
9968,5
9969,3
9970,3
9971,2
9972,3
9973,2
9974,5
9975,2
9976,5
9977,1
9978,3
9979,3
9980,2
9981,4
9982,4
9983,2
9984,1
9985,3
9986,4
9987,1
9988,2
9989,5
9990,3
9991,4
9992,1
9993,2
9994,2
9995,4
9996,2
9997,3
9998,1
9999,2
10000,5
10001,1
10002,1
10003,5
10004,5
10005,4
10006,2
10007,4
10008,2
10009,2
10010,3
10011,4
10012,1
10013,3
10014,1
10015,5
10016,5
10017,4
10018,3
10019,4
10020,1
10021,2
10022,1
10023,5
10024,2
10025,5
10026,5
10027,1
10028,4
10029,4
10030,1
10031,5
10032,2
10033,2
10034,5
10035,4
10036,4
10037,1
10038,2
10039,5
10040,3
10041,3
10042,3
10043,5
10044,3
10045,3
10046,3
10047,3
10048,1
10049,1
10050,4
10051,5
10052,2
10053,3
10054,2
10055,1
10056,2
10057,2
10058,1
10059,2
10060,1
10061,2
10062,5
10063,5
10064,4
10065,1
10066,5
10067,2
10068,1
10069,5
10070,4
10071,4
10072,2
10073,3
10074,1
10075,3
10076,2
10077,1
10078,1
10079,4
10080,4
10081,5
10082,3
10083,5
10084,3
10085,2
10086,4
10087,1
10088,3
10089,5
10090,3
10091,2
10092,1
10093,1
10094,3
10095,2
10096,1
10097,4
10098,3
10099,5
10100,2
10101,2
10102,3
10103,4
10104,3
10105,2
10106,2
10107,3
10108,2
10109,1
10110,5
10111,5
10112,4
10113,1
10114,2
10115,3
10116,4
10117,4
10118,5
10119,1
10120,5
10121,3
10122,4
10123,3
10124,1
10125,4
10126,3
10127,2
10128,3
10129,3
10130,1
10131,5
10132,4
10133,1
10134,1
10135,1
10136,2
10137,4
10138,3
10139,4
10140,1
10141,5
10142,1
10143,2
10144,2
10145,2
10146,4
10147,3
10148,3
10149,3
10150,3
10151,4
10152,4
10153,2
10154,5
10155,5
10156,5
10157,4
10158,5
10159,5
10160,5
10161,4
10162,1
10163,3
10164,3
10165,3
10166,4
10167,2
10168,2
10169,1
10170,4
10171,2
10172,4
10173,1
10174,4
10175,5
10176,3
10177,5
10178,2
10179,5
10180,2
10181,4
10182,2
10183,4
10184,1
10185,3
10186,4
10187,3
10188,3
10189,1
10190,4
10191,3
10192,5
10193,3
10194,4
10195,1
10196,1
10197,2
10198,2
10199,5
10200,3
10201,2
10202,1
10203,3
10204,2
10205,1
10206,5
10207,5
10208,3
10209,3
10210,4
10211,4
10212,4
10213,2
10214,2
10215,4
10216,5
10217,5
10218,5
10219,1
10220,5
10221,1
10222,3
10223,1
10224,4
10225,1
10226,2
10227,1
10228,1
10229,2
10230,5
10231,5
10232,4
10233,2
10234,1
10235,5
10236,3
10237,3
10238,4
10239,2
10240,2
10241,2
10242,2
10243,3
10244,2
10245,1
10246,2
10247,4
10248,3
10249,4
10250,2
10251,4
10252,1
10253,2
10254,1
10255,1
10256,1
10257,2
10258,4
10259,4
10260,3
10261,2
10262,5
10263,5
10264,5
10265,3
10266,5
10267,5
10268,2
10269,4
10270,5
10271,4
10272,5
10273,5
10274,2
10275,5
10276,4
10277,5
10278,2
10279,4
10280,4
10281,4
10282,3
10283,5
10284,2
10285,5
10286,5
10287,2
10288,3
10289,2
10290,1
10291,1
10292,2
10293,3
10294,3
10295,4
10296,4
10297,4
10298,2
10299,2
10300,1
10301,5
10302,4
10303,4
10304,1
10305,5
10306,5
10307,3
10308,1
10309,1
10310,4
10311,5
10312,5
10313,1
10314,3
10315,5
10316,1
10317,5
10318,1
10319,3
10320,4
10321,2
10322,5
10323,3
10324,3
10325,2
10326,1
10327,5
10328,1
10329,2
10330,2
10331,5
10332,4
10333,2
10334,2
10335,3
10336,5
10337,3
10338,1
10339,1
10340,5
10341,3
10342,5
10343,5
10344,1
10345,1
10346,1
10347,2
10348,4
10349,1
10350,5
10351,1
10352,1
10353,2
10354,2
10355,5
10356,2
10357,4
10358,4
10359,2
10360,2
10361,4
10362,4
10363,3
10364,2
10365,1
10366,3
10367,2
10368,3
10369,5
10370,3
10371,2
10372,1
10373,1
10374,1
10375,5
10376,5
10377,4
10378,3
10379,3
10380,4
10381,1
10382,5
10383,3
10384,4
10385,3
10386,4
10387,2
10388,1
10389,2
10390,5
10391,4
10392,3
10393,5
10394,5
10395,4
10396,4
10397,4
10398,2
10399,3
10400,1
10401,1
10402,4
10403,2
10404,1
10405,5
10406,1
10407,4
10408,5
10409,4
10410,2
10411,3
10412,2
10413,2
10414,2
10415,4
10416,5
10417,5
10418,3
10419,1
10420,4
10421,5
10422,5
10423,4
10424,4
10425,5
10426,2
10427,4
10428,5
10429,4
10430,4
10431,2
10432,2
10433,1
10434,1
10435,3
10436,2
10437,3
10438,1
10439,5
10440,1
10441,3
10442,1
10443,5
10444,1
10445,3
10446,5
10447,5
10448,3
10449,1
10450,5
10451,5
10452,3
10453,1
10454,3
10455,1
10456,2
10457,5
10458,5
10459,2
10460,5
10461,2
10462,4
10463,1
10464,5
10465,2
10466,3
10467,2
10468,5
10469,3
10470,4
10471,1
10472,2
10473,3
10474,3
10475,3
10476,3
10477,3
10478,3
10479,4
10480,5
10481,3
10482,3
10483,4
10484,2
10485,5
10486,2
10487,1
10488,1
10489,1
10490,2
10491,1
10492,2
10493,1
10494,4
10495,4
10496,4
10497,5
10498,3
10499,2
10500,4
10501,2
10502,2
10503,3
10504,2
10505,4
10506,3
10507,2
10508,2
10509,3
10510,1
10511,1
10512,2
10513,5
10514,5
10515,3
10516,4
10517,2
10518,1
10519,1
10520,3
10521,1
10522,4
10523,3
10524,4
10525,5
10526,1
10527,1
10528,1
10529,5
10530,1
10531,4
10532,2
10533,3
10534,3
10535,1
10536,5
10537,4
10538,3
10539,3
10540,1
10541,1
10542,3
10543,5
10544,2
10545,3
10546,1
10547,3
10548,4
10549,2
10550,5
10551,1
10552,4
10553,1
10554,2
10555,4
10556,4
10557,1
10558,4
10559,3
10560,1
10561,4
10562,3
10563,2
10564,2
10565,4
10566,2
10567,5
10568,2
10569,3
10570,2
10571,5
10572,1
10573,3
10574,4
10575,1
10576,4
10577,2
10578,2
10579,2
10580,4
10581,3
10582,4
10583,2
10584,4
10585,2
10586,3
10587,5
10588,4
10589,3
10590,5
10591,3
10592,4
10593,5
10594,5
10595,5
10596,2
10597,4
10598,3
10599,4
10600,4
10601,3
10602,1
10603,1
10604,5
10605,3
10606,1
10607,4
10608,2
10609,1
10610,2
10611,2
10612,4
10613,4
10614,3
10615,3
10616,2
10617,2
10618,1
10619,5
10620,3
10621,3
10622,5
10623,1
10624,2
10625,3
10626,2
10627,4
10628,3
10629,2
10630,3
10631,3
10632,5
10633,1
10634,1
10635,1
10636,3
10637,1
10638,1
10639,2
10640,3
10641,3
10642,3
10643,1
10644,3
10645,5
10646,3
10647,2
10648,4
10649,5
10650,4
10651,5
10652,2
10653,5
10654,3
10655,5
10656,2
10657,5
10658,3
10659,1
10660,1
10661,2
10662,5
10663,5
10664,4
10665,4
10666,1
10667,1
10668,5
10669,3
10670,3
10671,4
10672,4
10673,5
10674,2
10675,5
10676,3
10677,1
10678,3
10679,1
10680,4
10681,4
10682,1
10683,2
10684,1
10685,4
10686,3
10687,5
10688,1
10689,4
10690,4
10691,5
10692,3
10693,2
10694,1
10695,3
10696,1
10697,5
10698,1
10699,3
10700,1
10701,2
10702,2
10703,3
10704,3
10705,5
10706,3
10707,3
10708,4
10709,5
10710,4
10711,2
10712,3
10713,3
10714,4
10715,1
10716,2
10717,5
10718,2
10719,3
10720,5
10721,5
10722,2
10723,4
10724,1
10725,2
10726,2
10727,5
10728,4
10729,5
10730,5
10731,2
10732,2
10733,1
10734,2
10735,5
10736,2
10737,2
10738,5
10739,1
10740,5
10741,5
10742,2
10743,2
10744,4
10745,5
10746,2
10747,2
10748,5
10749,5
10750,2
10751,4
10752,1
10753,4
10754,4
10755,1
10756,1
10757,2
10758,1
10759,1
10760,2
10761,4
10762,1
10763,5
10764,3
10765,5
10766,2
10767,5
10768,5
10769,1
10770,2
10771,2
10772,5
10773,4
10774,5
10775,5
10776,4
10777,3
10778,4
10779,1
10780,5
10781,4
10782,5
10783,3
10784,1
10785,1
10786,4
10787,5
10788,5
10789,4
10790,1
10791,5
10792,3
10793,4
10794,2
10795,5
10796,3
10797,1
10798,4
10799,5
10800,3
10801,5
10802,5
10803,1
10804,2
10805,5
10806,5
10807,5
10808,1
10809,3
10810,1
10811,5
10812,4
10813,1
10814,2
10815,1
10816,3
10817,3
10818,3
10819,1
10820,4
10821,2
10822,4
10823,2
10824,1
10825,5
10826,5
10827,2
10828,3
10829,2
10830,3
10831,5
10832,2
10833,3
10834,3
10835,4
10836,1
10837,5
10838,3
10839,5
10840,5
10841,5
10842,1
10843,5
10844,5
10845,3
10846,4
10847,4
10848,3
10849,2
10850,2
10851,4
10852,5
10853,3
10854,5
10855,5
10856,1
10857,4
10858,2
10859,4
10860,2
10861,1
10862,4
10863,2
10864,3
10865,5
10866,4
10867,2
10868,5
10869,4
10870,1
10871,3
10872,1
10873,5
10874,5
10875,4
10876,1
10877,5
10878,3
10879,4
10880,5
10881,2
10882,1
10883,4
10884,4
10885,3
10886,5
10887,4
10888,5
10889,5
10890,3
10891,4
10892,3
10893,4
10894,2
10895,4
10896,4
10897,5
10898,1
10899,4
10900,2
10901,2
10902,3
10903,4
10904,4
10905,4
10906,4
10907,2
10908,2
10909,4
10910,1
10911,4
10912,4
10913,5
10914,5
10915,3
10916,1
10917,5
10918,4
10919,1
10920,5
10921,1
10922,2
10923,3
10924,1
10925,2
10926,3
10927,1
10928,1
10929,4
10930,4
10931,2
10932,1
10933,1
10934,4
10935,1
10936,3
10937,2
10938,4
10939,3
10940,3
10941,5
10942,3
10943,5
10944,2
10945,5
10946,4
10947,5
10948,5
10949,3
10950,1
10951,1
10952,4
10953,2
10954,5
10955,4
10956,3
10957,1
10958,3
10959,1
10960,2
10961,5
10962,2
10963,1
10964,1
10965,3
10966,3
10967,3
10968,4
10969,5
10970,1
10971,1
10972,3
10973,1
10974,4
10975,4
10976,2
10977,2
10978,3
10979,2
10980,3
10981,1
10982,4
10983,1
10984,2
10985,3
10986,5
10987,4
10988,1
10989,1
10990,3
10991,5
10992,4
10993,5
10994,2
10995,3
10996,3
10997,5
10998,1
10999,5
11000,4
11001,3
11002,1
11003,1
11004,4
11005,5
11006,2
11007,5
11008,3
11009,5
11010,4
11011,4
11012,5
11013,4
11014,3
11015,1
11016,3
11017,3
11018,5
11019,1
11020,5
11021,2
11022,3
11023,4
11024,1
11025,3
11026,3
11027,2
11028,1
11029,5
11030,2
11031,2
11032,3
11033,4
11034,4
11035,5
11036,1
11037,5
11038,4
11039,5
11040,5
11041,1
11042,4
11043,3
11044,5
11045,4
11046,5
11047,3
11048,1
11049,2
11050,3
11051,2
11052,2
11053,4
11054,1
11055,2
11056,2
11057,1
11058,3
11059,5
11060,5
11061,5
11062,4
11063,4
11064,3
11065,4
11066,1
11067,2
11068,2
11069,2
11070,4
11071,1
11072,3
11073,1
11074,5
11075,4
11076,2
11077,1
11078,1
11079,5
11080,1
11081,4
11082,5
11083,1
11084,2
11085,3
11086,3
11087,2
11088,3
11089,3
11090,4
11091,3
11092,3
11093,1
11094,4
11095,4
11096,5
11097,2
11098,5
11099,5
11100,5
11101,3
11102,4
11103,3
11104,1
11105,3
11106,5
11107,1
11108,5
11109,1
11110,2
11111,4
11112,1
11113,4
11114,2
11115,3
11116,4
11117,1
11118,1
11119,2
11120,2
11121,5
11122,2
11123,5
11124,2
11125,1
11126,3
11127,5
11128,4
11129,4
11130,1
11131,4
11132,4
11133,4
11134,5
11135,2
11136,4
11137,1
11138,2
11139,4
11140,4
11141,1
11142,5
11143,2
11144,5
11145,1
11146,3
11147,1
11148,2
11149,4
11150,5
11151,4
11152,3
11153,1
11154,3
11155,5
11156,3
11157,3
11158,3
11159,3
11160,2
11161,5
11162,3
11163,2
11164,5
11165,5
11166,1
11167,2
11168,3
11169,5
11170,2
11171,2
11172,1
11173,4
11174,2
11175,1
11176,5
11177,4
11178,2
11179,3
11180,2
11181,4
11182,1
11183,1
11184,3
11185,1
11186,5
11187,1
11188,2
11189,5
11190,3
11191,4
11192,5
11193,3
11194,2
11195,5
11196,5
11197,5
11198,2
11199,4
11200,4
11201,2
11202,4
11203,3
11204,1
11205,1
11206,5
11207,3
11208,3
11209,5
11210,4
11211,4
11212,1
11213,1
11214,5
11215,3
11216,5
11217,2
11218,3
11219,3
11220,4
11221,4
11222,5
11223,1
11224,1
11225,1
11226,1
11227,3
11228,3
11229,4
11230,1
11231,2
11232,2
11233,1
11234,5
11235,1
11236,3
11237,1
11238,1
11239,4
11240,3
11241,2
11242,4
11243,1
11244,2
11245,2
11246,3
11247,2
11248,5
11249,3
11250,5
11251,2
11252,3
11253,5
11254,1
11255,4
11256,2
11257,2
11258,2
11259,1
11260,4
11261,2
11262,4
11263,5
11264,4
11265,4
11266,2
11267,4
11268,4
11269,4
11270,2
11271,2
11272,4
11273,3
11274,1
11275,5
11276,5
11277,3
11278,3
11279,2
11280,3
11281,1
11282,4
11283,4
11284,4
11285,1
11286,4
11287,2
11288,4
11289,2
11290,2
11291,5
11292,2
11293,2
11294,3
11295,2
11296,1
11297,2
11298,5
11299,2
11300,1
11301,2
11302,1
11303,1
11304,1
11305,4
11306,4
11307,4
11308,3
11309,2
11310,4
11311,5
11312,4
11313,3
11314,2
11315,3
11316,3
11317,2
11318,1
11319,5
11320,4
11321,1
11322,3
11323,5
11324,4
11325,5
11326,2
11327,2
11328,5
11329,3
11330,4
11331,2
11332,4
11333,3
11334,1
11335,3
11336,4
11337,5
11338,1
11339,1
11340,5
11341,1
11342,5
11343,4
11344,4
11345,5
11346,3
11347,2
11348,3
11349,1
11350,5
11351,4
11352,1
11353,2
11354,3
11355,4
11356,2
11357,4
11358,3
11359,4
11360,1
11361,4
11362,5
11363,1
11364,3
11365,5
11366,2
11367,1
11368,3
11369,1
11370,5
11371,5
11372,1
11373,3
11374,3
11375,1
11376,1
11377,5
11378,5
11379,4
11380,2
11381,1
11382,5
11383,5
11384,5
11385,3
11386,4
11387,2
11388,2
11389,5
11390,4
11391,3
11392,2
11393,3
11394,4
11395,4
11396,5
11397,3
11398,5
11399,1
11400,2
11401,3
11402,3
11403,3
11404,3
11405,1
11406,1
11407,3
11408,4
11409,3
11410,1
11411,4
11412,1
11413,1
11414,4
11415,4
11416,4
11417,4
11418,3
11419,3
11420,5
11421,3
11422,1
11423,4
11424,2
11425,1
11426,2
11427,4
11428,2
11429,1
11430,3
11431,3
11432,3
11433,3
11434,2
11435,1
11436,4
11437,3
11438,5
11439,1
11440,3
11441,1
11442,2
11443,2
11444,2
11445,2
11446,2
11447,4
11448,3
11449,5
11450,5
11451,3
11452,2
11453,2
11454,3
11455,4
11456,4
11457,5
11458,2
11459,2
11460,5
11461,4
11462,3
11463,3
11464,2
11465,3
11466,5
11467,4
11468,3
11469,5
11470,5
11471,4
11472,3
11473,3
11474,3
11475,1
11476,2
11477,1
11478,1
11479,4
11480,4
11481,3
11482,4
11483,5
11484,1
11485,1
11486,4
11487,2
11488,4
11489,5
11490,5
11491,2
11492,4
11493,1
11494,4
11495,1
11496,5
11497,5
11498,2
11499,1
11500,5
11501,2
11502,1
11503,4
11504,5
11505,4
11506,4
11507,1
11508,3
11509,4
11510,1
11511,2
11512,2
11513,4
11514,3
11515,5
11516,3
11517,2
11518,5
11519,4
11520,3
11521,5
11522,1
11523,1
11524,3
11525,2
11526,3
11527,5
11528,4
11529,1
11530,1
11531,3
11532,5
11533,4
11534,4
11535,3
11536,4
11537,3
11538,4
11539,1
11540,2
11541,4
11542,1
11543,4
11544,5
11545,5
11546,4
11547,5
11548,2
11549,3
11550,2
11551,4
11552,5
11553,3
11554,3
11555,3
11556,1
11557,2
11558,2
11559,4
11560,1
11561,2
11562,1
11563,2
11564,5
11565,4
11566,2
11567,5
11568,2
11569,3
11570,1
11571,3
11572,1
11573,5
11574,3
11575,4
11576,4
11577,4
11578,4
11579,1
11580,4
11581,3
11582,2
11583,5
11584,3
11585,5
11586,3
11587,4
11588,4
11589,5
11590,3
11591,2
11592,2
11593,3
11594,1
11595,2
11596,1
11597,3
11598,3
11599,3
11600,5
11601,2
11602,1
11603,2
11604,5
11605,2
11606,2
11607,2
11608,5
11609,3
11610,1
11611,2
11612,1
11613,2
11614,2
11615,4
11616,3
11617,2
11618,5
11619,3
11620,5
11621,2
11622,3
11623,3
11624,2
11625,1
11626,4
11627,1
11628,2
11629,2
11630,4
11631,1
11632,5
11633,4
11634,1
11635,2
11636,1
11637,3
11638,5
11639,3
11640,2
11641,1
11642,3
11643,1
11644,2
11645,2
11646,4
11647,3
11648,4
11649,4
11650,2
11651,1
11652,5
11653,4
11654,5
11655,3
11656,1
11657,4
11658,3
11659,2
11660,3
11661,4
11662,1
11663,5
11664,4
11665,2
11666,2
11667,5
11668,5
11669,3
11670,3
11671,3
11672,4
11673,2
11674,5
11675,2
11676,3
11677,2
11678,3
11679,1
11680,1
11681,5
11682,2
11683,3
11684,3
11685,3
11686,3
11687,4
11688,5
11689,1
11690,2
11691,5
11692,1
11693,3
11694,2
11695,3
11696,5
11697,3
11698,2
11699,2
11700,2
11701,1
11702,2
11703,5
11704,1
11705,3
11706,3
11707,3
11708,5
11709,4
11710,1
11711,4
11712,3
11713,5
11714,4
11715,5
11716,1
11717,1
11718,1
11719,5
11720,1
11721,3
11722,2
11723,3
11724,4
11725,4
11726,1
11727,3
11728,4
11729,5
11730,1
11731,2
11732,2
11733,5
11734,4
11735,5
11736,1
11737,4
11738,5
11739,4
11740,2
11741,1
11742,2
11743,3
11744,5
11745,1
11746,1
11747,3
11748,5
11749,2
11750,3
11751,2
11752,5
11753,2
11754,2
11755,4
11756,4
11757,5
11758,2
11759,5
11760,3
11761,2
11762,3
11763,1
11764,4
11765,2
11766,4
11767,1
11768,1
11769,2
11770,5
11771,4
11772,5
11773,5
11774,5
11775,1
11776,2
11777,3
11778,3
11779,1
11780,2
11781,4
11782,4
11783,4
11784,2
11785,5
11786,4
11787,4
11788,3
11789,3
11790,1
11791,4
11792,1
11793,4
11794,3
11795,1
11796,5
11797,5
11798,1
11799,2
11800,5
11801,1
11802,5
11803,5
11804,1
11805,4
11806,1
11807,1
11808,1
11809,2
11810,5
11811,5
11812,2
11813,1
11814,3
11815,5
11816,2
11817,1
11818,1
11819,1
11820,3
11821,5
11822,3
11823,3
11824,5
11825,4
11826,3
11827,1
11828,1
11829,3
11830,3
11831,5
11832,1
11833,5
11834,3
11835,5
11836,1
11837,4
11838,2
11839,5
11840,1
11841,2
11842,3
11843,3
11844,5
11845,4
11846,2
11847,3
11848,1
11849,3
11850,5
11851,2
11852,5
11853,1
11854,5
11855,5
11856,1
11857,4
11858,5
11859,4
11860,3
11861,2
11862,3
11863,1
11864,3
11865,2
11866,1
11867,1
11868,4
11869,5
11870,3
11871,3
11872,3
11873,3
11874,1
11875,4
11876,5
11877,1
11878,1
11879,5
11880,1
11881,5
11882,3
11883,1
11884,3
11885,3
11886,4
11887,1
11888,1
11889,4
11890,4
11891,5
11892,5
11893,1
11894,4
11895,2
11896,3
11897,3
11898,1
11899,4
11900,3
11901,2
11902,4
11903,2
11904,2
11905,2
11906,3
11907,1
11908,3
11909,2
11910,4
11911,4
11912,1
11913,1
11914,4
11915,2
11916,1
11917,5
11918,4
11919,4
11920,5
11921,2
11922,1
11923,1
11924,5
11925,4
11926,3
11927,1
11928,5
11929,4
11930,1
11931,4
11932,4
11933,1
11934,5
11935,4
11936,4
11937,2
11938,4
11939,1
11940,2
11941,5
11942,3
11943,5
11944,2
11945,1
11946,4
11947,4
11948,1
11949,1
11950,4
11951,4
11952,2
11953,4
11954,4
11955,2
11956,4
11957,5
11958,5
11959,5
11960,4
11961,5
11962,3
11963,4
11964,5
11965,2
11966,4
11967,1
11968,4
11969,3
11970,1
11971,3
11972,2
11973,2
11974,4
11975,1
11976,2
11977,2
11978,1
11979,1
11980,2
11981,3
11982,5
11983,1
11984,5
11985,3
11986,3
11987,1
11988,2
11989,1
11990,1
11991,1
11992,5
11993,1
11994,2
11995,2
11996,1
11997,2
11998,2
11999,2
12000,3
12001,3
12002,5
12003,2
12004,3
12005,4
12006,1
12007,2
12008,4
12009,2
12010,1
12011,5
12012,2
12013,2
12014,2
12015,3
12016,1
12017,5
12018,4
12019,2
12020,2
12021,2
12022,2
12023,3
12024,1
12025,4
12026,2
12027,3
12028,1
12029,4
12030,1
12031,4
12032,5
12033,2
12034,4
12035,2
12036,4
12037,5
12038,1
12039,5
12040,3
12041,1
12042,4
12043,3
12044,4
12045,5
12046,4
12047,5
12048,2
12049,5
12050,2
12051,1
12052,5
12053,5
12054,5
12055,4
12056,5
12057,2
12058,5
12059,1
12060,3
12061,1
12062,2
12063,3
12064,3
12065,2
12066,3
12067,3
12068,2
12069,3
12070,2
12071,2
12072,5
12073,5
12074,4
12075,2
12076,4
12077,2
12078,1
12079,5
12080,1
12081,4
12082,4
12083,3
12084,1
12085,5
12086,3
12087,3
12088,5
12089,3
12090,3
12091,5
12092,2
12093,5
12094,4
12095,3
12096,5
12097,1
12098,2
12099,2
12100,4
12101,5
12102,5
12103,4
12104,1
12105,3
12106,1
12107,3
12108,4
12109,2
12110,5
12111,3
12112,4
12113,5
12114,3
12115,4
12116,4
12117,1
12118,2
12119,1
12120,2
12121,1
12122,1
12123,1
12124,2
12125,5
12126,1
12127,5
12128,3
12129,4
12130,2
12131,2
12132,5
12133,1
12134,5
12135,3
12136,2
12137,2
12138,1
12139,2
12140,1
12141,1
12142,4
12143,5
12144,3
12145,3
12146,1
12147,2
12148,4
12149,4
12150,5
12151,3
12152,1
12153,3
12154,3
12155,2
12156,5
12157,5
12158,5
12159,2
12160,1
12161,4
12162,3
12163,1
12164,3
12165,3
12166,3
12167,3
12168,1
12169,4
12170,2
12171,5
12172,5
12173,3
12174,1
12175,1
12176,3
12177,1
12178,2
12179,1
12180,5
12181,1
12182,5
12183,3
12184,2
12185,4
12186,1
12187,3
12188,2
12189,3
12190,5
12191,1
12192,3
12193,1
12194,2
12195,2
12196,1
12197,1
12198,3
12199,3
12200,4
12201,4
12202,1
12203,4
12204,3
12205,1
12206,1
12207,1
12208,1
12209,1
12210,5
12211,5
12212,3
12213,1
12214,2
12215,5
12216,4
12217,2
12218,4
12219,2
12220,5
12221,1
12222,3
12223,4
12224,2
12225,5
12226,5
12227,4
12228,3
12229,4
12230,2
12231,1
12232,4
12233,4
12234,3
12235,4
12236,3
12237,4
12238,4
12239,2
12240,3
12241,5
12242,5
12243,3
12244,1
12245,1
12246,3
12247,5
12248,1
12249,1
12250,3
12251,1
12252,4
12253,2
12254,4
12255,4
12256,2
12257,1
12258,2
12259,4
12260,1
12261,4
12262,2
12263,1
12264,3
12265,1
12266,4
12267,4
12268,1
12269,2
12270,5
12271,2
12272,2
12273,5
12274,2
12275,4
12276,2
12277,5
12278,4
12279,3
12280,4
12281,4
12282,3
12283,4
12284,1
12285,3
12286,5
12287,2
12288,5
12289,4
12290,5
12291,3
12292,2
12293,5
12294,1
12295,1
12296,1
12297,1
12298,3
12299,4
12300,5
12301,3
12302,3
12303,5
12304,5
12305,1
12306,5
12307,3
12308,1
12309,3
12310,5
12311,1
12312,5
12313,5
12314,3
12315,3
12316,4
12317,3
12318,3
12319,5
12320,4
12321,1
12322,2
12323,2
12324,2
12325,3
12326,1
12327,2
12328,4
12329,4
12330,4
12331,3
12332,5
12333,5
12334,2
12335,4
12336,3
12337,4
12338,3
12339,5
12340,1
12341,2
12342,3
12343,4
12344,2
12345,2
12346,3
12347,5
12348,5
12349,4
12350,3
12351,1
12352,3
12353,5
12354,5
12355,5
12356,2
12357,5
12358,1
12359,1
12360,5
12361,4
12362,5
12363,2
12364,1
12365,1
12366,5
12367,4
12368,2
12369,2
12370,5
12371,3
12372,1
12373,1
12374,2
12375,5
12376,2
12377,1
12378,5
12379,5
12380,5
12381,2
12382,5
12383,3
12384,1
12385,3
12386,5
12387,5
12388,3
12389,5
12390,2
12391,3
12392,5
12393,1
12394,4
12395,2
12396,1
12397,5
12398,5
12399,4
12400,2
12401,3
12402,1
12403,2
12404,4
12405,5
12406,1
12407,3
12408,1
12409,5
12410,3
12411,4
12412,5
12413,3
12414,4
12415,4
12416,3
12417,4
12418,3
12419,2
12420,5
12421,2
12422,1
12423,5
12424,3
12425,1
12426,3
12427,2
12428,1
12429,4
12430,1
12431,5
12432,5
12433,5
12434,2
12435,2
12436,5
12437,4
12438,4
12439,4
12440,1
12441,4
12442,1
12443,4
12444,3
12445,4
12446,2
12447,1
12448,5
12449,2
12450,5
12451,2
12452,1
12453,4
12454,5
12455,5
12456,3
12457,5
12458,3
12459,3
12460,5
12461,4
12462,3
12463,1
12464,2
12465,5
12466,1
12467,3
12468,3
12469,2
12470,5
12471,4
12472,3
12473,4
12474,2
12475,2
12476,2
12477,5
12478,3
12479,2
12480,4
12481,3
12482,3
12483,2
12484,2
12485,2
12486,1
12487,3
12488,2
12489,5
12490,1
12491,5
12492,5
12493,1
12494,4
12495,4
12496,2
12497,5
12498,2
12499,1
12500,5
12501,3
12502,4
12503,1
12504,2
12505,5
12506,4
12507,2
12508,1
12509,5
12510,5
12511,3
12512,4
12513,1
12514,4
12515,5
12516,1
12517,3
12518,5
12519,2
12520,4
12521,4
12522,2
12523,2
12524,2
12525,3
12526,1
12527,4
12528,4
12529,3
12530,2
12531,1
12532,1
12533,3
12534,1
12535,4
12536,2
12537,3
12538,1
12539,5
12540,4
12541,3
12542,1
12543,2
12544,5
12545,2
12546,5
12547,5
12548,5
12549,4
12550,4
12551,5
12552,2
12553,1
12554,4
12555,4
12556,1
12557,3
12558,1
12559,2
12560,3
12561,2
12562,4
12563,2
12564,5
12565,2
12566,2
12567,3
12568,3
12569,1
12570,3
12571,4
12572,4
12573,4
12574,4
12575,2
12576,2
12577,3
12578,1
12579,2
12580,2
12581,4
12582,5
12583,3
12584,3
12585,3
12586,5
12587,2
12588,2
12589,2
12590,2
12591,4
12592,4
12593,5
12594,1
12595,1
12596,2
12597,4
12598,1
12599,2
12600,2
12601,4
12602,4
12603,4
12604,5
12605,2
12606,4
12607,2
12608,4
12609,1
12610,3
12611,2
12612,4
12613,5
12614,5
12615,3
12616,4
12617,3
12618,1
12619,4
12620,1
12621,1
12622,5
12623,1
12624,4
12625,3
12626,1
12627,4
12628,5
12629,3
12630,4
12631,1
12632,2
12633,3
12634,4
12635,1
12636,4
12637,1
12638,5
12639,3
12640,5
12641,5
12642,3
12643,2
12644,5
12645,5
12646,4
12647,4
12648,1
12649,3
12650,4
12651,2
12652,5
12653,4
12654,3
12655,4
12656,3
12657,5
12658,4
12659,2
12660,4
12661,4
12662,4
12663,5
12664,3
12665,2
12666,2
12667,2
12668,5
12669,4
12670,2
12671,2
12672,1
12673,4
12674,1
12675,1
12676,3
12677,2
12678,3
12679,3
12680,2
12681,2
12682,3
12683,5
12684,3
12685,3
12686,1
12687,5
12688,4
12689,1
12690,4
12691,2
12692,5
12693,5
12694,2
12695,1
12696,1
12697,2
12698,2
12699,4
12700,1
12701,3
12702,5
12703,2
12704,3
12705,2
12706,2
12707,5
12708,1
12709,3
12710,1
12711,4
12712,4
12713,2
12714,1
12715,5
12716,1
12717,1
12718,3
12719,3
12720,1
12721,3
12722,1
12723,4
12724,3
12725,4
12726,2
12727,3
12728,1
12729,5
12730,2
12731,1
12732,2
12733,2
12734,4
12735,3
12736,4
12737,3
12738,2
12739,3
12740,5
12741,3
12742,3
12743,3
12744,1
12745,1
12746,4
12747,2
12748,2
12749,2
12750,1
12751,1
12752,1
12753,4
12754,5
12755,4
12756,5
12757,2
12758,1
12759,2
12760,3
12761,5
12762,5
12763,5
12764,1
12765,4
12766,3
12767,5
12768,3
12769,4
12770,4
12771,1
12772,4
12773,2
12774,4
12775,2
12776,5
12777,3
12778,5
12779,5
12780,2
12781,5
12782,3
12783,3
12784,4
12785,2
12786,1
12787,4
12788,1
12789,3
12790,4
12791,3
12792,3
12793,1
12794,2
12795,2
12796,3
12797,3
12798,5
12799,3
12800,5
12801,2
12802,5
12803,4
12804,3
12805,2
12806,1
12807,2
12808,5
12809,3
12810,4
12811,2
12812,3
12813,1
12814,3
12815,1
12816,2
12817,3
12818,5
12819,5
12820,4
12821,1
12822,2
12823,5
12824,3
12825,5
12826,1
12827,1
12828,5
12829,5
12830,2
12831,2
12832,1
12833,3
12834,2
12835,3
12836,2
12837,5
12838,5
12839,3
12840,5
12841,2
12842,1
12843,2
12844,2
12845,5
12846,2
12847,5
12848,3
12849,2
12850,1
12851,1
12852,2
12853,5
12854,2
12855,4
12856,3
12857,4
12858,3
12859,3
12860,3
12861,4
12862,3
12863,5
12864,2
12865,4
12866,5
12867,5
12868,1
12869,2
12870,3
12871,3
12872,3
12873,1
12874,5
12875,2
12876,4
12877,5
12878,4
12879,3
12880,1
12881,2
12882,5
12883,2
12884,2
12885,1
12886,2
12887,5
12888,1
12889,2
12890,1
12891,5
12892,4
12893,1
12894,5
12895,5
12896,4
12897,2
12898,2
12899,5
12900,4
12901,5
12902,5
12903,2
12904,1
12905,1
12906,5
12907,2
12908,3
12909,3
12910,4
12911,5
12912,4
12913,2
12914,4
12915,3
12916,3
12917,5
12918,1
12919,5
12920,4
12921,3
12922,4
12923,1
12924,4
12925,1
12926,1
12927,5
12928,1
12929,2
12930,5
12931,1
12932,5
12933,4
12934,5
12935,5
12936,5
12937,4
12938,3
12939,1
12940,1
12941,1
12942,1
12943,3
12944,2
12945,3
12946,3
12947,3
12948,1
12949,3
12950,4
12951,3
12952,3
12953,5
12954,5
12955,3
12956,3
12957,4
12958,1
12959,1
12960,1
12961,3
12962,4
12963,4
12964,1
12965,5
12966,4
12967,2
12968,5
12969,5
12970,3
12971,1
12972,2
12973,5
12974,3
12975,3
12976,1
12977,2
12978,1
12979,5
12980,4
12981,3
12982,1
12983,5
12984,2
12985,2
12986,5
12987,5
12988,1
12989,3
12990,1
12991,3
12992,4
12993,3
12994,3
12995,2
12996,2
12997,3
12998,3
12999,4
13000,5
13001,3
13002,1
13003,2
13004,2
13005,2
13006,3
13007,1
13008,2
13009,1
13010,1
13011,1
13012,5
13013,1
13014,4
13015,1
13016,4
13017,3
13018,3
13019,1
13020,1
13021,3
13022,4
13023,2
13024,3
13025,2
13026,5
13027,2
13028,1
13029,3
13030,3
13031,2
13032,4
13033,5
13034,4
13035,5
13036,2
13037,2
13038,4
13039,5
13040,4
13041,5
13042,4
13043,3
13044,4
13045,4
13046,5
13047,4
13048,3
13049,2
13050,1
13051,2
13052,4
13053,1
13054,2
13055,5
13056,4
13057,1
13058,1
13059,2
13060,4
13061,5
13062,3
13063,2
13064,5
13065,4
13066,2
13067,3
13068,5
13069,1
13070,2
13071,4
13072,5
13073,3
13074,1
13075,5
13076,3
13077,4
13078,5
13079,5
13080,5
13081,4
13082,1
13083,4
13084,1
13085,4
13086,2
13087,1
13088,5
13089,4
13090,1
13091,4
13092,2
13093,5
13094,1
13095,3
13096,1
13097,1
13098,2
13099,4
13100,5
13101,4
13102,5
13103,4
13104,5
13105,4
13106,4
13107,1
13108,1
13109,5
13110,5
13111,4
13112,4
13113,3
13114,5
13115,3
13116,2
13117,5
13118,4
13119,3
13120,4
13121,1
13122,5
13123,3
13124,3
13125,3
13126,4
13127,4
13128,3
13129,1
13130,3
13131,1
13132,3
13133,5
13134,2
13135,1
13136,2
13137,4
13138,3
13139,5
13140,3
13141,2
13142,5
13143,1
13144,5
13145,5
13146,2
13147,2
13148,1
13149,3
13150,1
13151,1
13152,4
13153,4
13154,2
13155,1
13156,3
13157,5
13158,5
13159,5
13160,3
13161,1
13162,2
13163,3
13164,4
13165,4
13166,1
13167,4
13168,3
13169,5
13170,4
13171,5
13172,3
13173,3
13174,4
13175,4
13176,4
13177,1
13178,5
13179,3
13180,1
13181,2
13182,4
13183,1
13184,4
13185,2
13186,1
13187,2
13188,1
13189,3
13190,5
13191,1
13192,5
13193,4
13194,1
13195,5
13196,4
13197,3
13198,5
13199,5
13200,1
13201,2
13202,3
13203,3
13204,5
13205,4
13206,5
13207,2
13208,2
13209,1
13210,3
13211,5
13212,2
13213,4
13214,3
13215,5
13216,4
13217,2
13218,5
13219,1
13220,4
13221,1
13222,4
13223,1
13224,3
13225,1
13226,2
13227,2
13228,4
13229,3
13230,3
13231,2
13232,3
13233,1
13234,4
13235,1
13236,5
13237,1
13238,4
13239,3
13240,5
13241,3
13242,2
13243,5
13244,1
13245,3
13246,2
13247,2
13248,1
13249,3
13250,3
13251,4
13252,2
13253,1
13254,1
13255,5
13256,3
13257,3
13258,5
13259,3
13260,1
13261,4
13262,4
13263,3
13264,3
13265,5
13266,1
13267,3
13268,3
13269,4
13270,2
13271,1
13272,2
13273,1
13274,4
13275,4
13276,5
13277,5
13278,5
13279,2
13280,5
13281,1
13282,1
13283,5
13284,3
13285,2
13286,4
13287,4
13288,5
13289,5
13290,2
13291,5
13292,2
13293,4
13294,5
13295,1
13296,1
13297,5
13298,3
13299,4
13300,4
13301,5
13302,3
13303,4
13304,2
13305,5
13306,1
13307,5
13308,1
13309,2
13310,5
13311,5
13312,2
13313,1
13314,2
13315,3
13316,1
13317,4
13318,5
13319,2
13320,4
13321,1
13322,2
13323,3
13324,2
13325,1
13326,4
13327,4
13328,2
13329,1
13330,1
13331,3
13332,5
13333,4
13334,2
13335,5
13336,1
13337,2
13338,4
13339,3
13340,5
13341,2
13342,4
13343,4
13344,3
13345,3
13346,1
13347,2
13348,5
13349,4
13350,1
13351,1
13352,3
13353,4
13354,2
13355,1
13356,5
13357,1
13358,1
13359,5
13360,1
13361,1
13362,1
13363,3
13364,2
13365,2
13366,3
13367,2
13368,1
13369,2
13370,1
13371,1
13372,2
13373,4
13374,5
13375,1
13376,3
13377,1
13378,3
13379,1
13380,5
13381,4
13382,3
13383,4
13384,2
13385,2
13386,4
13387,5
13388,4
13389,1
13390,1
13391,5
13392,4
13393,1
13394,4
13395,2
13396,5
13397,5
13398,2
13399,2
13400,4
13401,3
13402,1
13403,3
13404,2
13405,4
13406,2
13407,2
13408,4
13409,5
13410,5
13411,2
13412,5
13413,2
13414,4
13415,4
13416,1
13417,2
13418,2
13419,3
13420,5
13421,1
13422,5
13423,2
13424,4
13425,3
13426,2
13427,5
13428,5
13429,5
13430,4
13431,2
13432,2
13433,4
13434,1
13435,4
13436,3
13437,1
13438,1
13439,4
13440,1
13441,1
13442,2
13443,5
13444,1
13445,1
13446,5
13447,4
13448,1
13449,4
13450,1
13451,4
13452,2
13453,1
13454,3
13455,4
13456,4
13457,3
13458,4
13459,3
13460,5
13461,4
13462,3
13463,5
13464,4
13465,1
13466,5
13467,5
13468,2
13469,4
13470,1
13471,1
13472,1
13473,4
13474,1
13475,4
13476,1
13477,2
13478,4
13479,1
13480,4
13481,5
13482,2
13483,4
13484,4
13485,3
13486,2
13487,4
13488,5
13489,3
13490,1
13491,4
13492,3
13493,5
13494,4
13495,4
13496,2
13497,3
13498,5
13499,5
13500,1
13501,5
13502,5
13503,3
13504,3
13505,5
13506,4
13507,4
13508,4
13509,3
13510,2
13511,3
13512,1
13513,1
13514,1
13515,3
13516,3
13517,4
13518,4
13519,3
13520,5
13521,1
13522,1
13523,1
13524,1
13525,1
13526,5
13527,2
13528,5
13529,5
13530,2
13531,1
13532,5
13533,5
13534,5
13535,1
13536,2
13537,3
13538,3
13539,1
13540,1
13541,4
13542,2
13543,3
13544,5
13545,2
13546,4
13547,3
13548,1
13549,4
13550,3
13551,1
13552,5
13553,3
13554,4
13555,3
13556,3
13557,5
13558,1
13559,5
13560,3
13561,2
13562,1
13563,3
13564,3
13565,3
13566,2
13567,3
13568,3
13569,1
13570,5
13571,3
13572,3
13573,4
13574,1
13575,5
13576,4
13577,3
13578,4
13579,4
13580,1
13581,3
13582,1
13583,5
13584,5
13585,1
13586,1
13587,4
13588,4
13589,4
13590,2
13591,4
13592,4
13593,5
13594,3
13595,5
13596,5
13597,5
13598,5
13599,2
13600,1
13601,1
13602,4
13603,4
13604,3
13605,4
13606,1
13607,4
13608,4
13609,4
13610,1
13611,1
13612,5
13613,4
13614,3
13615,2
13616,3
13617,1
13618,1
13619,5
13620,3
13621,2
13622,2
13623,3
13624,1
13625,5
13626,2
13627,4
13628,3
13629,3
13630,4
13631,4
13632,1
13633,2
13634,5
13635,5
13636,2
13637,5
13638,3
13639,5
13640,3
13641,4
13642,1
13643,5
13644,2
13645,1
13646,4
13647,1
13648,3
13649,2
13650,5
13651,1
13652,5
13653,1
13654,5
13655,4
13656,2
13657,3
13658,4
13659,2
13660,5
13661,2
13662,1
13663,4
13664,3
13665,3
13666,1
13667,4
13668,1
13669,5
13670,2
13671,1
13672,2
13673,3
13674,4
13675,5
13676,1
13677,4
13678,5
13679,4
13680,4
13681,1
13682,3
13683,2
13684,3
13685,2
13686,1
13687,4
13688,4
13689,3
13690,5
13691,2
13692,5
13693,2
13694,1
13695,4
13696,3
13697,3
13698,4
13699,3
13700,3
13701,4
13702,5
13703,1
13704,3
13705,2
13706,5
13707,2
13708,5
13709,2
13710,5
13711,5
13712,3
13713,4
13714,1
13715,4
13716,3
13717,1
13718,3
13719,4
13720,4
13721,2
13722,4
13723,1
13724,5
13725,4
13726,4
13727,1
13728,1
13729,2
13730,2
13731,2
13732,5
13733,4
13734,1
13735,3
13736,4
13737,2
13738,3
13739,2
13740,2
13741,5
13742,2
13743,4
13744,3
13745,2
13746,3
13747,3
13748,3
13749,2
13750,4
13751,2
13752,2
13753,4
13754,4
13755,5
13756,5
13757,5
13758,4
13759,2
13760,1
13761,1
13762,2
13763,1
13764,3
13765,1
13766,3
13767,3
13768,4
13769,3
13770,5
13771,2
13772,4
13773,4
13774,4
13775,2
13776,1
13777,3
13778,2
13779,4
13780,1
13781,4
13782,2
13783,1
13784,3
13785,5
13786,3
13787,5
13788,1
13789,2
13790,3
13791,4
13792,5
13793,3
13794,4
13795,3
13796,4
13797,3
13798,1
13799,3
13800,2
13801,2
13802,1
13803,3
13804,1
13805,4
13806,3
13807,3
13808,3
13809,2
13810,2
13811,1
13812,1
13813,5
13814,2
13815,4
13816,5
13817,3
13818,5
13819,5
13820,5
13821,3
13822,2
13823,1
13824,4
13825,5
13826,1
13827,5
13828,5
13829,3
13830,2
13831,4
13832,5
13833,3
13834,3
13835,5
13836,2
13837,3
13838,4
13839,4
13840,1
13841,1
13842,4
13843,1
13844,3
13845,1
13846,4
13847,2
13848,2
13849,5
13850,3
13851,2
13852,4
13853,4
13854,2
13855,1
13856,4
13857,5
13858,2
13859,2
13860,4
13861,5
13862,5
13863,5
13864,2
13865,4
13866,3
13867,5
13868,2
13869,4
13870,1
13871,1
13872,1
13873,3
13874,5
13875,4
13876,5
13877,1
13878,2
13879,3
13880,4
13881,1
13882,4
13883,1
13884,1
13885,2
13886,3
13887,4
13888,3
13889,2
13890,5
13891,1
13892,2
13893,1
13894,2
13895,3
13896,2
13897,4
13898,1
13899,3
13900,1
13901,3
13902,1
13903,2
13904,1
13905,1
13906,1
13907,5
13908,1
13909,2
13910,1
13911,2
13912,5
13913,1
13914,2
13915,4
13916,1
13917,3
13918,4
13919,3
13920,5
13921,3
13922,1
13923,5
13924,1
13925,4
13926,3
13927,3
13928,4
13929,1
13930,2
13931,1
13932,1
13933,5
13934,3
13935,2
13936,3
13937,5
13938,5
13939,4
13940,3
13941,5
13942,5
13943,4
13944,4
13945,4
13946,1
13947,1
13948,4
13949,1
13950,3
13951,5
13952,5
13953,2
13954,5
13955,5
13956,5
13957,5
13958,2
13959,4
13960,4
13961,4
13962,5
13963,4
13964,1
13965,2
13966,2
13967,3
13968,4
13969,5
13970,2
13971,4
13972,5
13973,5
13974,5
13975,2
13976,3
13977,1
13978,2
13979,4
13980,4
13981,4
13982,1
13983,5
13984,3
13985,5
13986,4
13987,2
13988,5
13989,5
13990,4
13991,4
13992,1
13993,3
13994,4
13995,1
13996,3
13997,5
13998,5
13999,1
14000,1
14001,2
14002,3
14003,5
14004,2
14005,5
14006,2
14007,1
14008,1
14009,1
14010,2
14011,1
14012,4
14013,1
14014,3
14015,5
14016,1
14017,1
14018,3
14019,4
14020,3
14021,4
14022,1
14023,1
14024,4
14025,4
14026,3
14027,5
14028,1
14029,3
14030,5
14031,3
14032,3
14033,2
14034,4
14035,5
14036,2
14037,4
14038,1
14039,5
14040,1
14041,2
14042,3
14043,4
14044,5
14045,5
14046,4
14047,2
14048,1
14049,1
14050,3
14051,2
14052,2
14053,1
14054,5
14055,3
14056,2
14057,2
14058,2
14059,1
14060,1
14061,1
14062,3
14063,1
14064,2
14065,1
14066,4
14067,1
14068,2
14069,5
14070,5
14071,4
14072,1
14073,1
14074,3
14075,4
14076,3
14077,5
14078,3
14079,4
14080,4
14081,2
14082,4
14083,1
14084,4
14085,1
14086,3
14087,4
14088,1
14089,2
14090,5
14091,5
14092,2
14093,5
14094,4
14095,4
14096,5
14097,1
14098,1
14099,3
14100,1
14101,5
14102,1
14103,2
14104,3
14105,1
14106,3
14107,1
14108,3
14109,5
14110,3
14111,3
14112,1
14113,2
14114,3
14115,5
14116,3
14117,3
14118,4
14119,3
14120,5
14121,4
14122,1
14123,3
14124,1
14125,3
14126,2
14127,5
14128,4
14129,1
14130,5
14131,4
14132,1
14133,5
14134,1
14135,1
14136,5
14137,5
14138,2
14139,3
14140,5
14141,1
14142,1
14143,3
14144,5
14145,1
14146,5
14147,1
14148,5
14149,2
14150,1
14151,4
14152,2
14153,2
14154,4
14155,1
14156,1
14157,1
14158,5
14159,2
14160,1
14161,1
14162,3
14163,4
14164,1
14165,3
14166,1
14167,1
14168,3
14169,5
14170,5
14171,2
14172,2
14173,2
14174,4
14175,4
14176,5
14177,5
14178,5
14179,4
14180,5
14181,5
14182,1
14183,4
14184,1
14185,4
14186,5
14187,5
14188,2
14189,4
14190,4
14191,3
14192,5
14193,3
14194,3
14195,4
14196,5
14197,3
14198,3
14199,5
14200,5
14201,5
14202,4
14203,1
14204,3
14205,4
14206,4
14207,5
14208,2
14209,1
14210,3
14211,2
14212,1
14213,5
14214,4
14215,2
14216,3
14217,1
14218,4
14219,3
14220,4
14221,3
14222,2
14223,2
14224,2
14225,2
14226,1
14227,3
14228,2
14229,3
14230,1
14231,3
14232,2
14233,1
14234,5
14235,4
14236,4
14237,4
14238,3
14239,2
14240,1
14241,3
14242,1
14243,2
14244,1
14245,1
14246,4
14247,5
14248,4
14249,2
14250,5
14251,2
14252,3
14253,3
14254,3
14255,1
14256,2
14257,4
14258,4
14259,1
14260,4
14261,4
14262,5
14263,1
14264,2
14265,2
14266,1
14267,5
14268,4
14269,3
14270,3
14271,2
14272,4
14273,2
14274,1
14275,1
14276,1
14277,1
14278,2
14279,1
14280,3
14281,2
14282,2
14283,1
14284,3
14285,1
14286,5
14287,2
14288,5
14289,3
14290,2
14291,5
14292,2
14293,2
14294,4
14295,2
14296,1
14297,1
14298,3
14299,5
14300,3
14301,1
14302,4
14303,4
14304,4
14305,1
14306,4
14307,3
14308,3
14309,5
14310,5
14311,4
14312,5
14313,2
14314,4
14315,2
14316,5
14317,3
14318,5
14319,4
14320,4
14321,4
14322,3
14323,2
14324,2
14325,2
14326,5
14327,4
14328,5
14329,2
14330,3
14331,5
14332,3
14333,2
14334,2
14335,1
14336,5
14337,4
14338,4
14339,2
14340,2
14341,3
14342,5
14343,4
14344,2
14345,2
14346,2
14347,5
14348,4
14349,4
14350,5
14351,3
14352,4
14353,2
14354,1
14355,1
14356,3
14357,2
14358,3
14359,1
14360,1
14361,5
14362,1
14363,3
14364,1
14365,4
14366,5
14367,4
14368,1
14369,1
14370,1
14371,3
14372,1
14373,3
14374,2
14375,2
14376,2
14377,2
14378,3
14379,2
14380,5
14381,2
14382,3
14383,4
14384,1
14385,4
14386,5
14387,2
14388,1
14389,3
14390,5
14391,1
14392,5
14393,2
14394,4
14395,2
14396,4
14397,2
14398,1
14399,3
14400,1
14401,4
14402,3
14403,4
14404,5
14405,1
14406,2
14407,4
14408,3
14409,5
14410,1
14411,4
14412,1
14413,5
14414,2
14415,1
14416,5
14417,1
14418,4
14419,3
14420,2
14421,1
14422,3
14423,4
14424,4
14425,2
14426,2
14427,5
14428,1
14429,4
14430,5
14431,5
14432,4
14433,1
14434,3
14435,1
14436,1
14437,2
14438,3
14439,5
14440,2
14441,3
14442,2
14443,4
14444,5
14445,2
14446,2
14447,4
14448,1
14449,2
14450,3
14451,5
14452,4
14453,2
14454,5
14455,1
14456,4
14457,3
14458,5
14459,3
14460,5
14461,1
14462,5
14463,3
14464,2
14465,2
14466,1
14467,1
14468,5
14469,1
14470,3
14471,3
14472,1
14473,4
14474,3
14475,2
14476,1
14477,2
14478,3
14479,2
14480,3
14481,2
14482,5
14483,5
14484,1
14485,5
14486,2
14487,3
14488,5
14489,3
14490,1
14491,3
14492,1
14493,5
14494,1
14495,3
14496,5
14497,3
14498,3
14499,4
14500,1
14501,3
14502,1
14503,3
14504,4
14505,3
14506,2
14507,5
14508,1
14509,5
14510,5
14511,3
14512,1
14513,2
14514,4
14515,4
14516,5
14517,5
14518,1
14519,3
14520,5
14521,5
14522,4
14523,5
14524,3
14525,3
14526,5
14527,1
14528,1
14529,5
14530,4
14531,2
14532,4
14533,3
14534,2
14535,5
14536,5
14537,1
14538,5
14539,2
14540,2
14541,1
14542,5
14543,5
14544,2
14545,1
14546,5
14547,2
14548,4
14549,4
14550,1
14551,5
14552,5
14553,2
14554,5
14555,1
14556,2
14557,2
14558,5
14559,4
14560,4
14561,2
14562,4
14563,5
14564,4
14565,3
14566,2
14567,2
14568,2
14569,3
14570,2
14571,4
14572,1
14573,4
14574,3
14575,2
14576,3
14577,2
14578,5
14579,3
14580,1
14581,2
14582,1
14583,2
14584,1
14585,1
14586,1
14587,5
14588,1
14589,4
14590,2
14591,4
14592,2
14593,2
14594,5
14595,3
14596,1
14597,5
14598,2
14599,2
14600,5
14601,2
14602,1
14603,1
14604,2
14605,3
14606,1
14607,1
14608,2
14609,5
14610,3
14611,3
14612,5
14613,1
14614,5
14615,1
14616,4
14617,2
14618,3
14619,4
14620,1
14621,1
14622,3
14623,5
14624,2
14625,3
14626,5
14627,3
14628,5
14629,1
14630,2
14631,5
14632,3
14633,3
14634,3
14635,5
14636,3
14637,4
14638,2
14639,1
14640,1
14641,1
14642,5
14643,2
14644,1
14645,3
14646,1
14647,2
14648,1
14649,2
14650,4
14651,2
14652,1
14653,2
14654,3
14655,3
14656,3
14657,5
14658,3
14659,4
14660,4
14661,3
14662,4
14663,5
14664,1
14665,5
14666,1
14667,1
14668,2
14669,3
14670,3
14671,5
14672,1
14673,5
14674,2
14675,1
14676,4
14677,5
14678,2
14679,2
14680,5
14681,2
14682,4
14683,2
14684,3
14685,5
14686,4
14687,3
14688,4
14689,5
14690,1
14691,2
14692,2
14693,4
14694,2
14695,2
14696,2
14697,5
14698,5
14699,2
14700,2
14701,2
14702,3
14703,5
14704,1
14705,2
14706,1
14707,4
14708,5
14709,4
14710,3
14711,5
14712,5
14713,1
14714,5
14715,3
14716,5
14717,1
14718,3
14719,1
14720,4
14721,1
14722,1
14723,3
14724,4
14725,4
14726,2
14727,2
14728,3
14729,2
14730,1
14731,3
14732,3
14733,3
14734,5
14735,5
14736,2
14737,3
14738,2
14739,4
14740,4
14741,1
14742,5
14743,1
14744,4
14745,5
14746,5
14747,1
14748,1
14749,2
14750,5
14751,5
14752,5
14753,2
14754,2
14755,3
14756,4
14757,4
14758,4
14759,2
14760,4
14761,5
14762,4
14763,2
14764,2
14765,1
14766,4
14767,1
14768,2
14769,5
14770,4
14771,4
14772,3
14773,3
14774,2
14775,5
14776,3
14777,2
14778,1
14779,5
14780,3
14781,2
14782,1
14783,2
14784,3
14785,2
14786,4
14787,1
14788,4
14789,4
14790,3
14791,5
14792,2
14793,3
14794,4
14795,4
14796,1
14797,5
14798,1
14799,5
14800,3
14801,4
14802,3
14803,3
14804,1
14805,3
14806,4
14807,3
14808,3
14809,3
14810,5
14811,3
14812,5
14813,2
14814,2
14815,4
14816,2
14817,2
14818,1
14819,4
14820,3
14821,5
14822,4
14823,1
14824,5
14825,3
14826,2
14827,3
14828,2
14829,2
14830,4
14831,5
14832,2
14833,5
14834,1
14835,1
14836,2
14837,5
14838,3
14839,4
14840,4
14841,2
14842,2
14843,4
14844,1
14845,2
14846,5
14847,5
14848,5
14849,3
14850,3
14851,5
14852,5
14853,3
14854,1
14855,5
14856,3
14857,2
14858,1
14859,1
14860,5
14861,5
14862,1
14863,4
14864,1
14865,4
14866,5
14867,2
14868,1
14869,4
14870,5
14871,4
14872,3
14873,4
14874,4
14875,5
14876,2
14877,3
14878,1
14879,2
14880,1
14881,3
14882,1
14883,4
14884,1
14885,4
14886,5
14887,2
14888,3
14889,1
14890,4
14891,1
14892,3
14893,5
14894,3
14895,4
14896,3
14897,4
14898,5
14899,2
14900,3
14901,1
14902,3
14903,3
14904,2
14905,2
14906,4
14907,2
14908,5
14909,1
14910,3
14911,1
14912,5
14913,2
14914,1
14915,1
14916,4
14917,4
14918,1
14919,3
14920,2
14921,2
14922,5
14923,5
14924,1
14925,2
14926,3
14927,1
14928,4
14929,2
14930,3
14931,4
14932,3
14933,1
14934,5
14935,5
14936,3
14937,1
14938,4
14939,3
14940,5
14941,1
14942,5
14943,4
14944,4
14945,4
14946,3
14947,1
14948,5
14949,5
14950,4
14951,3
14952,3
14953,1
14954,2
14955,5
14956,1
14957,4
14958,2
14959,4
14960,1
14961,1
14962,2
14963,2
14964,5
14965,2
14966,2
14967,2
14968,5
14969,3
14970,1
14971,3
14972,3
14973,1
14974,1
14975,5
14976,2
14977,1
14978,5
14979,2
14980,5
14981,3
14982,3
14983,5
14984,4
14985,3
14986,2
14987,5
14988,1
14989,4
14990,2
14991,4
14992,2
14993,2
14994,3
14995,4
14996,1
14997,1
14998,5
14999,2
15000,4
15001,2
15002,3
15003,4
15004,5
15005,2
15006,5
15007,3
15008,3
15009,3
15010,3
15011,1
15012,2
15013,1
15014,1
15015,3
15016,1
15017,4
15018,2
15019,4
15020,2
15021,3
15022,3
15023,5
15024,2
15025,4
15026,2
15027,5
15028,5
15029,5
15030,1
15031,2
15032,1
15033,5
15034,5
15035,3
15036,4
15037,5
15038,2
15039,1
15040,2
15041,2
15042,3
15043,5
15044,1
15045,3
15046,5
15047,3
15048,4
15049,1
15050,2
15051,5
15052,4
15053,2
15054,2
15055,5
15056,2
15057,1
15058,5
15059,2
15060,5
15061,4
15062,5
15063,5
15064,1
15065,2
15066,5
15067,5
15068,4
15069,1
15070,3
15071,4
15072,5
15073,1
15074,3
15075,5
15076,1
15077,2
15078,4
15079,2
15080,5
15081,2
15082,2
15083,5
15084,5
15085,3
15086,5
15087,2
15088,1
15089,1
15090,4
15091,5
15092,3
15093,3
15094,3
15095,3
15096,3
15097,5
15098,4
15099,1
15100,1
15101,1
15102,1
15103,1
15104,4
15105,4
15106,1
15107,4
15108,3
15109,3
15110,2
15111,1
15112,4
15113,5
15114,1
15115,2
15116,2
15117,2
15118,4
15119,4
15120,1
15121,1
15122,2
15123,4
15124,4
15125,1
15126,1
15127,1
15128,2
15129,3
15130,1
15131,2
15132,4
15133,1
15134,2
15135,3
15136,3
15137,3
15138,5
15139,2
15140,5
15141,4
15142,3
15143,5
15144,1
15145,2
15146,4
15147,4
15148,2
15149,5
15150,1
15151,2
15152,4
15153,5
15154,1
15155,4
15156,4
15157,1
15158,1
15159,3
15160,2
15161,5
15162,1
15163,3
15164,5
15165,1
15166,1
15167,3
15168,3
15169,1
15170,3
15171,4
15172,1
15173,2
15174,3
15175,3
15176,3
15177,2
15178,3
15179,3
15180,5
15181,3
15182,3
15183,1
15184,5
15185,4
15186,3
15187,1
15188,3
15189,2
15190,4
15191,1
15192,2
15193,5
15194,2
15195,4
15196,5
15197,4
15198,1
15199,4
15200,3
15201,2
15202,2
15203,5
15204,1
15205,4
15206,4
15207,4
15208,1
15209,3
15210,2
15211,5
15212,3
15213,5
15214,4
15215,3
15216,1
15217,2
15218,4
15219,2
15220,3
15221,5
15222,2
15223,2
15224,1
15225,3
15226,1
15227,1
15228,2
15229,1
15230,5
15231,4
15232,4
15233,3
15234,5
15235,2
15236,2
15237,3
15238,5
15239,4
15240,1
15241,2
15242,5
15243,4
15244,4
15245,2
15246,3
15247,2
15248,2
15249,1
15250,5
15251,3
15252,3
15253,3
15254,3
15255,2
15256,5
15257,2
15258,5
15259,2
15260,1
15261,3
15262,2
15263,1
15264,2
15265,2
15266,5
15267,4
15268,2
15269,5
15270,1
15271,2
15272,4
15273,5
15274,4
15275,3
15276,2
15277,4
15278,5
15279,2
15280,4
15281,3
15282,3
15283,4
15284,5
15285,2
15286,4
15287,3
15288,2
15289,2
15290,4
15291,5
15292,5
15293,4
15294,3
15295,4
15296,1
15297,4
15298,5
15299,1
15300,1
15301,1
15302,3
15303,4
15304,1
15305,5
15306,4
15307,4
15308,1
15309,3
15310,3
15311,1
15312,1
15313,2
15314,5
15315,5
15316,2
15317,2
15318,5
15319,3
15320,3
15321,5
15322,2
15323,4
15324,3
15325,4
15326,2
15327,5
15328,4
15329,5
15330,4
15331,1
15332,3
15333,1
15334,4
15335,2
15336,2
15337,2
15338,3
15339,4
15340,3
15341,1
15342,5
15343,5
15344,3
15345,3
15346,1
15347,5
15348,2
15349,4
15350,3
15351,2
15352,2
15353,2
15354,5
15355,2
15356,3
15357,5
15358,3
15359,3
15360,4
15361,5
15362,2
15363,1
15364,4
15365,1
15366,4
15367,4
15368,5
15369,4
15370,1
15371,3
15372,2
15373,3
15374,2
15375,1
15376,4
15377,5
15378,5
15379,1
15380,1
15381,2
15382,5
15383,1
15384,4
15385,3
15386,3
15387,2
15388,1
15389,1
15390,4
15391,4
15392,5
15393,1
15394,2
15395,1
15396,1
15397,5
15398,4
15399,5
15400,3
15401,1
15402,3
15403,2
15404,2
15405,5
15406,3
15407,3
15408,4
15409,4
15410,4
15411,4
15412,3
15413,4
15414,3
15415,1
15416,3
15417,5
15418,5
15419,4
15420,2
15421,2
15422,3
15423,5
15424,5
15425,4
15426,2
15427,2
15428,3
15429,2
15430,3
15431,1
15432,1
15433,4
15434,1
15435,4
15436,1
15437,4
15438,2
15439,1
15440,2
15441,2
15442,3
15443,4
15444,5
15445,1
15446,2
15447,3
15448,2
15449,5
15450,1
15451,1
15452,5
15453,4
15454,5
15455,5
15456,4
15457,1
15458,1
15459,2
15460,5
15461,3
15462,5
15463,5
15464,5
15465,5
15466,3
15467,2
15468,5
15469,3
15470,3
15471,2
15472,2
15473,4
15474,2
15475,1
15476,1
15477,3
15478,2
15479,5
15480,3
15481,4
15482,2
15483,2
15484,3
15485,4
15486,5
15487,2
15488,4
15489,1
15490,4
15491,5
15492,2
15493,1
15494,4
15495,4
15496,2
15497,1
15498,2
15499,2
15500,1
15501,2
15502,5
15503,3
15504,4
15505,5
15506,1
15507,2
15508,2
15509,4
15510,3
15511,3
15512,1
15513,4
15514,3
15515,1
15516,5
15517,1
15518,5
15519,5
15520,5
15521,3
15522,1
15523,3
15524,1
15525,2
15526,2
15527,5
15528,1
15529,1
15530,4
15531,3
15532,3
15533,3
15534,3
15535,2
15536,3
15537,2
15538,1
15539,5
15540,4
15541,4
15542,5
15543,4
15544,1
15545,3
15546,5
15547,2
15548,4
15549,4
15550,2
15551,1
15552,4
15553,5
15554,1
15555,4
15556,1
15557,1
15558,3
15559,1
15560,5
15561,1
15562,4
15563,3
15564,1
15565,4
15566,2
15567,2
15568,1
15569,2
15570,3
15571,5
15572,2
15573,2
15574,5
15575,4
15576,4
15577,4
15578,1
15579,5
15580,3
15581,4
15582,2
15583,1
15584,2
15585,2
15586,1
15587,2
15588,1
15589,1
15590,2
15591,3
15592,3
15593,2
15594,2
15595,2
15596,2
15597,1
15598,1
15599,3
15600,4
15601,2
15602,3
15603,4
15604,1
15605,5
15606,4
15607,1
15608,1
15609,3
15610,1
15611,1
15612,5
15613,1
15614,2
15615,5
15616,2
15617,1
15618,5
15619,3
15620,1
15621,3
15622,4
15623,5
15624,2
15625,4
15626,3
15627,3
15628,5
15629,2
15630,5
15631,4
15632,1
15633,5
15634,4
15635,4
15636,5
15637,2
15638,3
15639,1
15640,3
15641,2
15642,1
15643,4
15644,2
15645,2
15646,5
15647,3
15648,3
15649,3
15650,2
15651,3
15652,2
15653,1
15654,4
15655,5
15656,5
15657,2
15658,5
15659,4
15660,2
15661,4
15662,5
15663,5
15664,1
15665,3
15666,5
15667,3
15668,4
15669,4
15670,4
15671,3
15672,3
15673,4
15674,3
15675,5
15676,3
15677,3
15678,3
15679,1
15680,2
15681,3
15682,4
15683,3
15684,5
15685,3
15686,3
15687,5
15688,3
15689,2
15690,4
15691,5
15692,2
15693,4
15694,4
15695,5
15696,4
15697,5
15698,2
15699,1
15700,1
15701,3
15702,1
15703,2
15704,1
15705,5
15706,5
15707,5
15708,1
15709,2
15710,2
15711,1
15712,3
15713,1
15714,5
15715,2
15716,5
15717,3
15718,5
15719,1
15720,1
15721,2
15722,3
15723,1
15724,5
15725,4
15726,4
15727,1
15728,5
15729,3
15730,4
15731,1
15732,5
15733,2
15734,4
15735,5
15736,5
15737,1
15738,4
15739,5
15740,5
15741,3
15742,3
15743,1
15744,2
15745,5
15746,5
15747,3
15748,5
15749,3
15750,5
15751,2
15752,3
15753,2
15754,2
15755,5
15756,1
15757,3
15758,3
15759,3
15760,2
15761,4
15762,2
15763,2
15764,3
15765,2
15766,2
15767,1
15768,4
15769,2
15770,4
15771,2
15772,3
15773,3
15774,1
15775,5
15776,1
15777,4
15778,1
15779,5
15780,1
15781,5
15782,5
15783,1
15784,4
15785,5
15786,1
15787,1
15788,1
15789,3
15790,1
15791,4
15792,4
15793,3
15794,4
15795,2
15796,1
15797,3
15798,5
15799,1
15800,4
15801,2
15802,3
15803,5
15804,2
15805,2
15806,3
15807,2
15808,3
15809,5
15810,3
15811,1
15812,5
15813,3
15814,5
15815,5
15816,3
15817,3
15818,1
15819,4
15820,4
15821,4
15822,3
15823,4
15824,5
15825,4
15826,2
15827,4
15828,2
15829,5
15830,4
15831,3
15832,2
15833,5
15834,1
15835,3
15836,5
15837,5
15838,3
15839,1
15840,4
15841,1
15842,5
15843,3
15844,1
15845,5
15846,4
15847,5
15848,3
15849,4
15850,3
15851,5
15852,3
15853,3
15854,1
15855,5
15856,5
15857,4
15858,2
15859,4
15860,2
15861,2
15862,1
15863,1
15864,5
15865,2
15866,1
15867,1
15868,4
15869,2
15870,4
15871,1
15872,2
15873,1
15874,3
15875,2
15876,1
15877,1
15878,1
15879,3
15880,1
15881,4
15882,4
15883,5
15884,2
15885,3
15886,5
15887,1
15888,5
15889,2
15890,4
15891,4
15892,2
15893,3
15894,2
15895,4
15896,4
15897,3
15898,4
15899,5
15900,5
15901,3
15902,3
15903,3
15904,4
15905,5
15906,5
15907,4
15908,1
15909,4
15910,1
15911,5
15912,4
15913,5
15914,4
15915,4
15916,3
15917,3
15918,5
15919,4
15920,5
15921,2
15922,4
15923,4
15924,1
15925,1
15926,2
15927,4
15928,4
15929,2
15930,3
15931,2
15932,5
15933,4
15934,4
15935,2
15936,2
15937,5
15938,4
15939,3
15940,3
15941,4
15942,2
15943,2
15944,4
15945,5
15946,4
15947,3
15948,5
15949,2
15950,3
15951,1
15952,2
15953,3
15954,5
15955,3
15956,2
15957,3
15958,3
15959,1
15960,4
15961,5
15962,3
15963,2
15964,4
15965,2
15966,2
15967,4
15968,4
15969,5
15970,5
15971,2
15972,3
15973,2
15974,5
15975,2
15976,4
15977,4
15978,2
15979,3
15980,1
15981,2
15982,2
15983,5
15984,5
15985,3
15986,2
15987,1
15988,4
15989,5
15990,4
15991,3
15992,5
15993,4
15994,3
15995,4
15996,1
15997,3
15998,2
15999,3
16000,1
16001,1
16002,4
16003,3
16004,3
16005,3
16006,2
16007,3
16008,3
16009,4
16010,2
16011,5
16012,4
16013,3
16014,4
16015,5
16016,2
16017,1
16018,4
16019,2
16020,4
16021,2
16022,5
16023,2
16024,2
16025,5
16026,3
16027,5
16028,1
16029,5
16030,2
16031,2
16032,4
16033,5
16034,5
16035,2
16036,5
16037,3
16038,3
16039,5
16040,2
16041,2
16042,4
16043,2
16044,4
16045,1
16046,3
16047,3
16048,5
16049,1
16050,4
16051,4
16052,5
16053,1
16054,4
16055,2
16056,4
16057,1
16058,1
16059,5
16060,4
16061,5
16062,2
16063,3
16064,1
16065,1
16066,2
16067,4
16068,4
16069,2
16070,2
16071,4
16072,2
16073,3
16074,2
16075,5
16076,1
16077,5
16078,2
16079,3
16080,5
16081,2
16082,1
16083,4
16084,3
16085,3
16086,4
16087,5
16088,1
16089,4
16090,1
16091,4
16092,5
16093,5
16094,4
16095,4
16096,3
16097,1
16098,1
16099,2
16100,3
16101,1
16102,2
16103,4
16104,1
16105,4
16106,5
16107,1
16108,5
16109,3
16110,5
16111,5
16112,5
16113,1
16114,2
16115,1
16116,2
16117,1
16118,1
16119,3
16120,2
16121,5
16122,2
16123,4
16124,5
16125,5
16126,2
16127,1
16128,2
16129,2
16130,4
16131,3
16132,3
16133,4
16134,3
16135,2
16136,2
16137,5
16138,3
16139,2
16140,5
16141,4
16142,3
16143,4
16144,4
16145,3
16146,3
16147,4
16148,3
16149,4
16150,5
16151,4
16152,5
16153,1
16154,4
16155,3
16156,2
16157,4
16158,4
16159,2
16160,2
16161,2
16162,1
16163,5
16164,4
16165,3
16166,3
16167,3
16168,4
16169,3
16170,3
16171,1
16172,3
16173,3
16174,4
16175,4
16176,2
16177,2
16178,1
16179,5
16180,2
16181,1
16182,5
16183,4
16184,4
16185,3
16186,1
16187,4
16188,4
16189,2
16190,2
16191,2
16192,3
16193,1
16194,5
16195,2
16196,4
16197,1
16198,3
16199,3
16200,4
16201,3
16202,5
16203,2
16204,2
16205,3
16206,2
16207,1
16208,4
16209,5
16210,2
16211,1
16212,1
16213,1
16214,2
16215,3
16216,1
16217,2
16218,5
16219,5
16220,5
16221,4
16222,3
16223,5
16224,5
16225,5
16226,4
16227,4
16228,4
16229,5
16230,3
16231,3
16232,4
16233,1
16234,4
16235,3
16236,2
16237,4
16238,1
16239,3
16240,1
16241,5
16242,3
16243,5
16244,4
16245,3
16246,5
16247,1
16248,4
16249,3
16250,1
16251,2
16252,3
16253,3
16254,4
16255,3
16256,1
16257,5
16258,5
16259,3
16260,2
16261,1
16262,3
16263,2
16264,4
16265,3
16266,5
16267,1
16268,1
16269,5
16270,5
16271,1
16272,1
16273,4
16274,3
16275,5
16276,3
16277,2
16278,5
16279,4
16280,4
16281,3
16282,3
16283,1
16284,1
16285,1
16286,1
16287,4
16288,3
16289,3
16290,5
16291,3
16292,1
16293,3
16294,3
16295,1
16296,3
16297,5
16298,4
16299,2
16300,5
16301,5
16302,3
16303,5
16304,2
16305,4
16306,2
16307,4
16308,1
16309,3
16310,2
16311,1
16312,1
16313,3
16314,3
16315,4
16316,4
16317,2
16318,4
16319,3
16320,2
16321,5
16322,1
16323,3
16324,3
16325,4
16326,2
16327,3
16328,3
16329,3
16330,1
16331,5
16332,3
16333,5
16334,5
16335,4
16336,2
16337,1
16338,3
16339,1
16340,2
16341,2
16342,1
16343,4
16344,5
16345,2
16346,1
16347,2
16348,1
16349,3
16350,2
16351,1
16352,1
16353,3
16354,3
16355,5
16356,3
16357,3
16358,3
16359,5
16360,4
16361,4
16362,5
16363,5
16364,5
16365,1
16366,4
16367,2
16368,4
16369,1
16370,4
16371,4
16372,1
16373,5
16374,3
16375,4
16376,1
16377,3
16378,1
16379,1
16380,1
16381,2
16382,1
16383,3
16384,1
16385,1
16386,5
16387,3
16388,4
16389,1
16390,4
16391,3
16392,2
16393,4
16394,1
16395,5
16396,1
16397,3
16398,4
16399,2
16400,1
16401,4
16402,5
16403,4
16404,1
16405,3
16406,1
16407,1
16408,3
16409,3
16410,3
16411,4
16412,3
16413,3
16414,5
16415,5
16416,2
16417,4
16418,1
16419,3
16420,3
16421,3
16422,3
16423,2
16424,1
16425,3
16426,4
16427,2
16428,2
16429,1
16430,4
16431,4
16432,2
16433,3
16434,5
16435,2
16436,2
16437,3
16438,5
16439,3
16440,4
16441,3
16442,5
16443,5
16444,5
16445,2
16446,5
16447,4
16448,4
16449,2
16450,5
16451,4
16452,5
16453,1
16454,5
16455,5
16456,4
16457,2
16458,3
16459,5
16460,5
16461,3
16462,1
16463,1
16464,5
16465,3
16466,1
16467,4
16468,2
16469,3
16470,2
16471,4
16472,2
16473,2
16474,5
16475,1
16476,4
16477,1
16478,5
16479,3
16480,4
16481,5
16482,4
16483,5
16484,3
16485,2
16486,4
16487,3
16488,5
16489,5
16490,1
16491,5
16492,2
16493,5
16494,5
16495,4
16496,4
16497,2
16498,3
16499,1
16500,1
16501,5
16502,2
16503,5
16504,4
16505,3
16506,2
16507,2
16508,2
16509,4
16510,4
16511,4
16512,5
16513,2
16514,2
16515,4
16516,5
16517,2
16518,4
16519,3
16520,2
16521,5
16522,5
16523,1
16524,1
16525,4
16526,4
16527,5
16528,4
16529,3
16530,1
16531,2
16532,4
16533,1
16534,5
16535,3
16536,4
16537,5
16538,2
16539,2
16540,3
16541,2
16542,5
16543,5
16544,1
16545,5
16546,2
16547,5
16548,3
16549,4
16550,5
16551,5
16552,4
16553,4
16554,5
16555,1
16556,4
16557,5
16558,4
16559,5
16560,1
16561,5
16562,5
16563,1
16564,4
16565,4
16566,2
16567,4
16568,2
16569,3
16570,4
16571,5
16572,3
16573,3
16574,4
16575,5
16576,3
16577,3
16578,4
16579,4
16580,3
16581,4
16582,2
16583,5
16584,4
16585,1
16586,1
16587,2
16588,4
16589,4
16590,3
16591,4
16592,4
16593,5
16594,5
16595,2
16596,1
16597,1
16598,2
16599,3
16600,2
16601,5
16602,2
16603,2
16604,4
16605,3
16606,4
16607,1
16608,4
16609,4
16610,1
16611,4
16612,1
16613,5
16614,1
16615,5
16616,1
16617,3
16618,4
16619,5
16620,5
16621,4
16622,1
16623,4
16624,5
16625,1
16626,3
16627,4
16628,2
16629,5
16630,1
16631,2
16632,2
16633,5
16634,5
16635,5
16636,4
16637,2
16638,1
16639,4
16640,4
16641,5
16642,1
16643,3
16644,5
16645,2
16646,3
16647,2
16648,2
16649,1
16650,5
16651,1
16652,1
16653,4
16654,5
16655,1
16656,3
16657,2
16658,3
16659,4
16660,3
16661,5
16662,5
16663,2
16664,5
16665,3
16666,4
16667,5
16668,3
16669,3
16670,5
16671,2
16672,4
16673,4
16674,3
16675,2
16676,3
16677,4
16678,4
16679,4
16680,4
16681,2
16682,2
16683,2
16684,3
16685,3
16686,5
16687,4
16688,3
16689,4
16690,4
16691,2
16692,5
16693,3
16694,2
16695,3
16696,4
16697,2
16698,5
16699,2
16700,2
16701,5
16702,1
16703,1
16704,3
16705,4
16706,3
16707,3
16708,2
16709,1
16710,4
16711,5
16712,5
16713,5
16714,2
16715,2
16716,4
16717,3
16718,1
16719,1
16720,5
16721,2
16722,5
16723,1
16724,4
16725,1
16726,5
16727,2
16728,2
16729,3
16730,4
16731,3
16732,2
16733,5
16734,3
16735,5
16736,1
16737,3
16738,3
16739,5
16740,2
16741,1
16742,3
16743,2
16744,1
16745,3
16746,2
16747,5
16748,2
16749,5
16750,5
16751,1
16752,5
16753,1
16754,3
16755,3
16756,4
16757,2
16758,5
16759,1
16760,1
16761,1
16762,2
16763,1
16764,5
16765,4
16766,5
16767,1
16768,4
16769,3
16770,3
16771,1
16772,3
16773,5
16774,3
16775,3
16776,1
16777,2
16778,2
16779,2
16780,4
16781,3
16782,3
16783,2
16784,4
16785,4
16786,4
16787,4
16788,5
16789,3
16790,5
16791,1
16792,5
16793,5
16794,5
16795,3
16796,3
16797,5
16798,4
16799,1
16800,2
16801,2
16802,2
16803,5
16804,2
16805,2
16806,5
16807,1
16808,3
16809,3
16810,1
16811,3
16812,3
16813,4
16814,2
16815,3
16816,4
16817,1
16818,5
16819,5
16820,1
16821,3
16822,4
16823,4
16824,1
16825,2
16826,3
16827,3
16828,3
16829,2
16830,1
16831,2
16832,5
16833,5
16834,5
16835,2
16836,4
16837,1
16838,2
16839,3
16840,1
16841,3
16842,3
16843,2
16844,3
16845,4
16846,2
16847,3
16848,3
16849,2
16850,5
16851,3
16852,4
16853,5
16854,3
16855,5
16856,1
16857,1
16858,5
16859,3
16860,3
16861,4
16862,5
16863,1
16864,3
16865,2
16866,2
16867,5
16868,3
16869,2
16870,1
16871,3
16872,4
16873,4
16874,2
16875,1
16876,4
16877,3
16878,1
16879,5
16880,2
16881,4
16882,2
16883,5
16884,4
16885,5
16886,1
16887,2
16888,5
16889,2
16890,4
16891,2
16892,4
16893,3
16894,3
16895,5
16896,4
16897,5
16898,3
16899,4
16900,1
16901,2
16902,3
16903,3
16904,3
16905,3
16906,1
16907,3
16908,3
16909,3
16910,4
16911,2
16912,1
16913,2
16914,2
16915,5
16916,2
16917,4
16918,5
16919,1
16920,4
16921,4
16922,4
16923,3
16924,1
16925,2
16926,3
16927,1
16928,5
16929,2
16930,5
16931,5
16932,3
16933,2
16934,5
16935,5
16936,2
16937,2
16938,2
16939,2
16940,3
16941,1
16942,1
16943,3
16944,2
16945,2
16946,2
16947,5
16948,2
16949,2
16950,5
16951,5
16952,5
16953,5
16954,1
16955,4
16956,4
16957,5
16958,3
16959,1
16960,5
16961,2
16962,3
16963,4
16964,4
16965,3
16966,3
16967,2
16968,5
16969,2
16970,1
16971,4
16972,3
16973,5
16974,1
16975,5
16976,3
16977,2
16978,5
16979,4
16980,1
16981,1
16982,5
16983,2
16984,3
16985,1
16986,2
16987,1
16988,2
16989,1
16990,1
16991,5
16992,1
16993,3
16994,5
16995,4
16996,4
16997,4
16998,4
16999,1
17000,3
17001,2
17002,4
17003,4
17004,4
17005,1
17006,4
17007,2
17008,3
17009,1
17010,3
17011,5
17012,1
17013,3
17014,4
17015,1
17016,1
17017,4
17018,2
17019,1
17020,1
17021,2
17022,5
17023,1
17024,5
17025,2
17026,3
17027,2
17028,4
17029,3
17030,5
17031,3
17032,2
17033,1
17034,1
17035,4
17036,3
17037,1
17038,5
17039,5
17040,2
17041,3
17042,1
17043,2
17044,5
17045,2
17046,4
17047,5
17048,4
17049,4
17050,1
17051,5
17052,3
17053,2
17054,2
17055,4
17056,1
17057,3
17058,4
17059,2
17060,1
17061,5
17062,2
17063,3
17064,4
17065,2
17066,5
17067,4
17068,2
17069,1
17070,2
17071,2
17072,1
17073,3
17074,4
17075,5
17076,5
17077,1
17078,1
17079,1
17080,3
17081,1
17082,4
17083,1
17084,1
17085,2
17086,1
17087,1
17088,2
17089,1
17090,5
17091,2
17092,3
17093,4
17094,4
17095,1
17096,5
17097,4
17098,5
17099,1
17100,1
17101,3
17102,5
17103,5
17104,5
17105,5
17106,1
17107,2
17108,3
17109,3
17110,5
17111,2
17112,1
17113,5
17114,3
17115,4
17116,4
17117,3
17118,3
17119,5
17120,5
17121,3
17122,5
17123,1
17124,4
17125,3
17126,1
17127,1
17128,1
17129,1
17130,5
17131,2
17132,4
17133,3
17134,5
17135,1
17136,4
17137,3
17138,2
17139,2
17140,1
17141,4
17142,3
17143,1
17144,4
17145,1
17146,1
17147,3
17148,1
17149,3
17150,3
17151,2
17152,3
17153,4
17154,3
17155,2
17156,1
17157,3
17158,5
17159,2
17160,4
17161,4
17162,4
17163,4
17164,5
17165,5
17166,5
17167,2
17168,1
17169,1
17170,4
17171,5
17172,4
17173,3
17174,3
17175,5
17176,1
17177,2
17178,1
17179,1
17180,1
17181,2
17182,2
17183,2
17184,1
17185,1
17186,4
17187,3
17188,4
17189,5
17190,2
17191,1
17192,4
17193,4
17194,1
17195,4
17196,2
17197,3
17198,2
17199,4
17200,2
17201,4
17202,2
17203,1
17204,5
17205,5
17206,3
17207,3
17208,3
17209,4
17210,2
17211,5
17212,3
17213,2
17214,1
17215,5
17216,1
17217,1
17218,1
17219,2
17220,1
17221,3
17222,5
17223,5
17224,4
17225,5
17226,5
17227,5
17228,1
17229,3
17230,1
17231,3
17232,5
17233,5
17234,3
17235,4
17236,5
17237,3
17238,3
17239,2
17240,5
17241,3
17242,4
17243,2
17244,2
17245,4
17246,1
17247,2
17248,2
17249,3
17250,3
17251,4
17252,1
17253,3
17254,3
17255,5
17256,1
17257,2
17258,3
17259,1
17260,3
17261,4
17262,5
17263,4
17264,1
17265,1
17266,3
17267,4
17268,3
17269,2
17270,5
17271,2
17272,3
17273,2
17274,4
17275,4
17276,3
17277,4
17278,1
17279,1
17280,3
17281,2
17282,1
17283,1
17284,3
17285,1
17286,5
17287,3
17288,2
17289,1
17290,3
17291,1
17292,4
17293,3
17294,3
17295,4
17296,2
17297,3
17298,3
17299,4
17300,5
17301,4
17302,1
17303,5
17304,4
17305,2
17306,2
17307,1
17308,4
17309,5
17310,1
17311,4
17312,5
17313,1
17314,5
17315,4
17316,2
17317,2
17318,3
17319,5
17320,1
17321,4
17322,2
17323,3
17324,4
17325,2
17326,1
17327,1
17328,1
17329,5
17330,3
17331,5
17332,1
17333,3
17334,4
17335,1
17336,2
17337,5
17338,2
17339,3
17340,2
17341,2
17342,4
17343,4
17344,3
17345,5
17346,4
17347,1
17348,5
17349,1
17350,3
17351,1
17352,3
17353,1
17354,4
17355,2
17356,1
17357,5
17358,1
17359,3
17360,5
17361,3
17362,2
17363,3
17364,3
17365,4
17366,1
17367,2
17368,5
17369,3
17370,4
17371,5
17372,1
17373,3
17374,3
17375,4
17376,2
17377,3
17378,2
17379,3
17380,3
17381,3
17382,3
17383,2
17384,2
17385,4
17386,2
17387,3
17388,3
17389,5
17390,3
17391,3
17392,3
17393,5
17394,3
17395,2
17396,1
17397,5
17398,3
17399,4
17400,5
17401,5
17402,4
17403,1
17404,1
17405,5
17406,5
17407,2
17408,4
17409,4
17410,5
17411,5
17412,4
17413,2
17414,2
17415,2
17416,5
17417,5
17418,4
17419,3
17420,5
17421,4
17422,4
17423,2
17424,5
17425,3
17426,1
17427,2
17428,4
17429,3
17430,4
17431,5
17432,5
17433,4
17434,4
17435,5
17436,5
17437,5
17438,5
17439,3
17440,1
17441,5
17442,4
17443,3
17444,1
17445,3
17446,4
17447,1
17448,5
17449,1
17450,3
17451,1
17452,3
17453,2
17454,5
17455,1
17456,5
17457,5
17458,4
17459,5
17460,1
17461,3
17462,2
17463,5
17464,3
17465,2
17466,2
17467,3
17468,5
17469,4
17470,1
17471,2
17472,2
17473,4
17474,4
17475,2
17476,4
17477,3
17478,1
17479,2
17480,5
17481,3
17482,4
17483,4
17484,5
17485,2
17486,3
17487,3
17488,4
17489,2
17490,5
17491,2
17492,3
17493,5
17494,5
17495,3
17496,1
17497,4
17498,1
17499,2
17500,3
17501,1
17502,2
17503,5
17504,5
17505,1
17506,2
17507,4
17508,4
17509,1
17510,1
17511,2
17512,4
17513,1
17514,5
17515,2
17516,1
17517,1
17518,1
17519,2
17520,3
17521,2
17522,5
17523,5
17524,1
17525,5
17526,2
17527,4
17528,3
17529,2
17530,5
17531,4
17532,4
17533,1
17534,2
17535,1
17536,5
17537,5
17538,1
17539,4
17540,2
17541,1
17542,5
17543,1
17544,3
17545,4
17546,1
17547,5
17548,4
17549,5
17550,1
17551,3
17552,2
17553,4
17554,2
17555,5
17556,1
17557,5
17558,1
17559,3
17560,2
17561,4
17562,3
17563,5
17564,5
17565,1
17566,5
17567,3
17568,4
17569,3
17570,2
17571,4
17572,3
17573,2
17574,3
17575,3
17576,1
17577,3
17578,5
17579,1
17580,5
17581,2
17582,4
17583,5
17584,5
17585,2
17586,2
17587,5
17588,4
17589,1
17590,2
17591,5
17592,2
17593,1
17594,2
17595,4
17596,2
17597,3
17598,2
17599,4
17600,3
17601,4
17602,1
17603,4
17604,4
17605,1
17606,2
17607,1
17608,2
17609,3
17610,5
17611,2
17612,4
17613,1
17614,4
17615,4
17616,1
17617,2
17618,5
17619,1
17620,5
17621,3
17622,3
17623,4
17624,4
17625,5
17626,4
17627,3
17628,1
17629,5
17630,3
17631,2
17632,3
17633,3
17634,5
17635,3
17636,4
17637,4
17638,5
17639,4
17640,3
17641,1
17642,2
17643,3
17644,3
17645,2
17646,4
17647,3
17648,1
17649,2
17650,1
17651,3
17652,4
17653,5
17654,3
17655,4
17656,2
17657,2
17658,2
17659,1
17660,1
17661,2
17662,4
17663,1
17664,5
17665,5
17666,3
17667,2
17668,3
17669,4
17670,1
17671,1
17672,2
17673,2
17674,1
17675,1
17676,4
17677,4
17678,5
17679,4
17680,2
17681,1
17682,2
17683,5
17684,2
17685,4
17686,5
17687,4
17688,3
17689,2
17690,3
17691,3
17692,4
17693,4
17694,5
17695,5
17696,3
17697,2
17698,4
17699,4
17700,2
17701,2
17702,5
17703,4
17704,1
17705,3
17706,4
17707,1
17708,2
17709,4
17710,2
17711,4
17712,4
17713,4
17714,2
17715,5
17716,2
17717,5
17718,3
17719,5
17720,4
17721,5
17722,5
17723,4
17724,4
17725,1
17726,3
17727,2
17728,4
17729,1
17730,5
17731,4
17732,4
17733,5
17734,4
17735,4
17736,2
17737,5
17738,1
17739,4
17740,5
17741,5
17742,3
17743,3
17744,4
17745,2
17746,2
17747,1
17748,3
17749,2
17750,2
17751,5
17752,2
17753,1
17754,4
17755,2
17756,2
17757,2
17758,5
17759,4
17760,2
17761,2
17762,5
17763,4
17764,2
17765,3
17766,3
17767,5
17768,4
17769,3
17770,4
17771,4
17772,4
17773,4
17774,5
17775,3
17776,2
17777,2
17778,3
17779,3
17780,2
17781,5
17782,4
17783,1
17784,3
17785,4
17786,5
17787,5
17788,2
17789,5
17790,5
17791,4
17792,2
17793,5
17794,5
17795,5
17796,3
17797,2
17798,5
17799,4
17800,4
17801,5
17802,4
17803,1
17804,1
17805,5
17806,3
17807,1
17808,5
17809,4
17810,5
17811,4
17812,1
17813,5
17814,1
17815,4
17816,1
17817,2
17818,5
17819,2
17820,1
17821,2
17822,4
17823,2
17824,5
17825,5
17826,4
17827,3
17828,4
17829,4
17830,4
17831,3
17832,4
17833,3
17834,5
17835,1
17836,3
17837,3
17838,4
17839,2
17840,4
17841,1
17842,1
17843,1
17844,4
17845,5
17846,1
17847,4
17848,4
17849,4
17850,2
17851,3
17852,3
17853,1
17854,1
17855,3
17856,3
17857,1
17858,5
17859,4
17860,5
17861,2
17862,4
17863,4
17864,4
17865,5
17866,2
17867,1
17868,3
17869,5
17870,5
17871,4
17872,5
17873,2
17874,3
17875,3
17876,4
17877,4
17878,1
17879,4
17880,4
17881,3
17882,5
17883,5
17884,3
17885,1
17886,1
17887,2
17888,4
17889,2
17890,4
17891,1
17892,3
17893,4
17894,2
17895,4
17896,3
17897,1
17898,5
17899,5
17900,3
17901,4
17902,5
17903,1
17904,2
17905,4
17906,5
17907,1
17908,5
17909,2
17910,2
17911,5
17912,1
17913,1
17914,1
17915,3
17916,5
17917,2
17918,1
17919,1
17920,5
17921,5
17922,2
17923,2
17924,4
17925,3
17926,3
17927,5
17928,4
17929,5
17930,4
17931,5
17932,1
17933,1
17934,2
17935,3
17936,5
17937,4
17938,2
17939,3
17940,4
17941,2
17942,3
17943,1
17944,2
17945,4
17946,3
17947,4
17948,5
17949,3
17950,2
17951,5
17952,4
17953,1
17954,4
17955,2
17956,3
17957,1
17958,3
17959,1
17960,3
17961,5
17962,5
17963,4
17964,5
17965,1
17966,4
17967,2
17968,2
17969,4
17970,5
17971,2
17972,1
17973,3
17974,2
17975,5
17976,3
17977,3
17978,5
17979,4
17980,4
17981,5
17982,1
17983,1
17984,1
17985,3
17986,5
17987,4
17988,3
17989,3
17990,1
17991,1
17992,1
17993,1
17994,5
17995,4
17996,4
17997,5
17998,4
17999,2
18000,1
18001,3
18002,1
18003,1
18004,4
18005,4
18006,2
18007,4
18008,1
18009,1
18010,4
18011,5
18012,1
18013,3
18014,4
18015,5
18016,5
18017,1
18018,2
18019,3
18020,2
18021,1
18022,1
18023,3
18024,5
18025,5
18026,2
18027,1
18028,2
18029,3
18030,2
18031,5
18032,1
18033,2
18034,5
18035,1
18036,5
18037,5
18038,1
18039,3
18040,2
18041,2
18042,5
18043,5
18044,3
18045,4
18046,4
18047,3
18048,5
18049,2
18050,1
18051,2
18052,4
18053,1
18054,2
18055,4
18056,3
18057,5
18058,3
18059,1
18060,1
18061,4
18062,4
18063,1
18064,4
18065,2
18066,5
18067,1
18068,3
18069,3
18070,5
18071,3
18072,5
18073,3
18074,4
18075,3
18076,2
18077,2
18078,5
18079,2
18080,2
18081,3
18082,2
18083,3
18084,5
18085,2
18086,3
18087,4
18088,2
18089,2
18090,2
18091,2
18092,4
18093,4
18094,3
18095,2
18096,5
18097,1
18098,1
18099,1
18100,4
18101,1
18102,4
18103,4
18104,4
18105,1
18106,3
18107,5
18108,5
18109,2
18110,2
18111,3
18112,3
18113,5
18114,1
18115,2
18116,4
18117,2
18118,4
18119,1
18120,3
18121,5
18122,5
18123,3
18124,4
18125,5
18126,1
18127,2
18128,5
18129,1
18130,2
18131,5
18132,1
18133,1
18134,1
18135,3
18136,2
18137,2
18138,2
18139,3
18140,2
18141,4
18142,1
18143,3
18144,1
18145,4
18146,5
18147,1
18148,2
18149,1
18150,3
18151,1
18152,5
18153,4
18154,3
18155,5
18156,2
18157,5
18158,2
18159,4
18160,3
18161,1
18162,2
18163,3
18164,5
18165,5
18166,3
18167,2
18168,1
18169,1
18170,1
18171,2
18172,4
18173,2
18174,1
18175,2
18176,2
18177,3
18178,2
18179,1
18180,1
18181,1
18182,4
18183,4
18184,5
18185,1
18186,4
18187,5
18188,2
18189,2
18190,1
18191,2
18192,2
18193,3
18194,1
18195,3
18196,4
18197,4
18198,1
18199,3
18200,2
18201,5
18202,5
18203,3
18204,2
18205,4
18206,5
18207,1
18208,3
18209,3
18210,4
18211,3
18212,2
18213,3
18214,5
18215,4
18216,1
18217,4
18218,4
18219,1
18220,4
18221,2
18222,5
18223,4
18224,5
18225,3
18226,4
18227,2
18228,3
18229,1
18230,1
18231,2
18232,1
18233,3
18234,5
18235,5
18236,5
18237,2
18238,3
18239,5
18240,5
18241,5
18242,5
18243,3
18244,5
18245,2
18246,4
18247,3
18248,5
18249,4
18250,1
18251,2
18252,2
18253,4
18254,4
18255,3
18256,1
18257,1
18258,5
18259,1
18260,5
18261,5
18262,1
18263,2
18264,3
18265,2
18266,4
18267,1
18268,3
18269,5
18270,1
18271,2
18272,1
18273,2
18274,1
18275,3
18276,4
18277,5
18278,1
18279,4
18280,1
18281,1
18282,3
18283,1
18284,2
18285,5
18286,2
18287,5
18288,3
18289,2
18290,1
18291,4
18292,4
18293,3
18294,3
18295,5
18296,2
18297,3
18298,3
18299,3
18300,5
18301,3
18302,2
18303,1
18304,1
18305,2
18306,5
18307,5
18308,2
18309,5
18310,4
18311,1
18312,2
18313,2
18314,2
18315,3
18316,3
18317,2
18318,4
18319,2
18320,2
18321,3
18322,5
18323,1
18324,4
18325,3
18326,3
18327,4
18328,5
18329,4
18330,4
18331,4
18332,2
18333,3
18334,2
18335,3
18336,4
18337,1
18338,3
18339,1
18340,5
18341,1
18342,3
18343,1
18344,5
18345,4
18346,1
18347,5
18348,2
18349,3
18350,4
18351,1
18352,3
18353,2
18354,4
18355,3
18356,4
18357,3
18358,5
18359,2
18360,5
18361,5
18362,1
18363,2
18364,4
18365,1
18366,5
18367,1
18368,3
18369,3
18370,3
18371,2
18372,1
18373,2
18374,5
18375,5
18376,3
18377,3
18378,3
18379,4
18380,5
18381,5
18382,2
18383,1
18384,5
18385,2
18386,2
18387,3
18388,4
18389,3
18390,5
18391,1
18392,1
18393,2
18394,4
18395,5
18396,3
18397,2
18398,4
18399,4
18400,1
18401,3
18402,1
18403,4
18404,5
18405,2
18406,1
18407,4
18408,5
18409,4
18410,3
18411,5
18412,1
18413,2
18414,4
18415,1
18416,3
18417,4
18418,5
18419,4
18420,3
18421,5
18422,1
18423,1
18424,5
18425,3
18426,4
18427,4
18428,3
18429,5
18430,3
18431,3
18432,3
18433,5
18434,3
18435,2
18436,4
18437,1
18438,5
18439,3
18440,4
18441,3
18442,4
18443,3
18444,4
18445,3
18446,3
18447,3
18448,3
18449,4
18450,3
18451,4
18452,3
18453,4
18454,1
18455,1
18456,4
18457,5
18458,3
18459,1
18460,3
18461,2
18462,1
18463,3
18464,1
18465,3
18466,2
18467,2
18468,3
18469,5
18470,5
18471,2
18472,2
18473,4
18474,4
18475,4
18476,3
18477,2
18478,3
18479,3
18480,5
18481,4
18482,1
18483,5
18484,5
18485,2
18486,4
18487,5
18488,1
18489,2
18490,3
18491,5
18492,4
18493,2
18494,4
18495,1
18496,3
18497,4
18498,4
18499,4
18500,4
18501,4
18502,2
18503,2
18504,2
18505,4
18506,3
18507,3
18508,2
18509,4
18510,3
18511,4
18512,4
18513,3
18514,2
18515,5
18516,4
18517,3
18518,1
18519,3
18520,1
18521,3
18522,5
18523,1
18524,1
18525,3
18526,3
18527,5
18528,2
18529,5
18530,5
18531,3
18532,5
18533,2
18534,2
18535,4
18536,2
18537,5
18538,2
18539,4
18540,2
18541,1
18542,4
18543,4
18544,3
18545,1
18546,2
18547,3
18548,3
18549,2
18550,4
18551,3
18552,3
18553,3
18554,1
18555,1
18556,1
18557,1
18558,2
18559,2
18560,5
18561,3
18562,5
18563,1
18564,5
18565,2
18566,1
18567,5
18568,2
18569,1
18570,3
18571,2
18572,1
18573,5
18574,1
18575,4
18576,1
18577,1
18578,2
18579,3
18580,2
18581,1
18582,3
18583,4
18584,5
18585,1
18586,5
18587,3
18588,3
18589,4
18590,2
18591,1
18592,2
18593,3
18594,1
18595,2
18596,4
18597,2
18598,1
18599,2
18600,3
18601,5
18602,3
18603,2
18604,5
18605,4
18606,4
18607,1
18608,3
18609,3
18610,2
18611,4
18612,2
18613,4
18614,5
18615,3
18616,4
18617,5
18618,2
18619,1
18620,3
18621,3
18622,2
18623,1
18624,2
18625,4
18626,2
18627,2
18628,3
18629,5
18630,3
18631,5
18632,3
18633,1
18634,5
18635,2
18636,2
18637,3
18638,1
18639,2
18640,5
18641,4
18642,5
18643,3
18644,1
18645,5
18646,4
18647,1
18648,4
18649,4
18650,4
18651,5
18652,1
18653,5
18654,4
18655,1
18656,5
18657,4
18658,1
18659,3
18660,5
18661,5
18662,4
18663,1
18664,3
18665,1
18666,5
18667,5
18668,4
18669,3
18670,3
18671,1
18672,3
18673,1
18674,5
18675,2
18676,1
18677,4
18678,5
18679,4
18680,5
18681,1
18682,2
18683,3
18684,2
18685,4
18686,4
18687,3
18688,2
18689,5
18690,5
18691,1
18692,5
18693,1
18694,2
18695,3
18696,1
18697,1
18698,2
18699,3
18700,1
18701,4
18702,4
18703,1
18704,3
18705,2
18706,4
18707,1
18708,5
18709,3
18710,5
18711,1
18712,5
18713,1
18714,4
18715,4
18716,4
18717,2
18718,4
18719,4
18720,1
18721,2
18722,1
18723,2
18724,1
18725,4
18726,1
18727,5
18728,1
18729,5
18730,5
18731,3
18732,5
18733,3
18734,3
18735,4
18736,2
18737,2
18738,2
18739,1
18740,4
18741,1
18742,3
18743,2
18744,1
18745,2
18746,3
18747,2
18748,4
18749,3
18750,2
18751,3
18752,1
18753,2
18754,3
18755,4
18756,5
18757,4
18758,3
18759,5
18760,3
18761,5
18762,4
18763,2
18764,3
18765,3
18766,2
18767,2
18768,1
18769,3
18770,3
18771,2
18772,4
18773,4
18774,3
18775,2
18776,1
18777,5
18778,3
18779,2
18780,2
18781,5
18782,3
18783,5
18784,2
18785,2
18786,5
18787,2
18788,4
18789,1
18790,1
18791,5
18792,4
18793,1
18794,1
18795,2
18796,3
18797,5
18798,5
18799,3
18800,2
18801,2
18802,2
18803,4
18804,2
18805,4
18806,3
18807,4
18808,1
18809,1
18810,5
18811,2
18812,5
18813,5
18814,5
18815,1
18816,3
18817,1
18818,2
18819,5
18820,1
18821,1
18822,1
18823,2
18824,3
18825,4
18826,5
18827,4
18828,5
18829,5
18830,2
18831,5
18832,1
18833,5
18834,2
18835,3
18836,3
18837,4
18838,4
18839,1
18840,5
18841,3
18842,3
18843,1
18844,4
18845,1
18846,5
18847,2
18848,2
18849,4
18850,2
18851,5
18852,3
18853,2
18854,5
18855,5
18856,1
18857,3
18858,2
18859,1
18860,1
18861,3
18862,4
18863,2
18864,5
18865,2
18866,4
18867,5
18868,1
18869,5
18870,3
18871,1
18872,3
18873,3
18874,4
18875,3
18876,4
18877,2
18878,1
18879,3
18880,4
18881,3
18882,5
18883,1
18884,4
18885,1
18886,1
18887,4
18888,5
18889,2
18890,5
18891,1
18892,4
18893,1
18894,3
18895,3
18896,2
18897,3
18898,3
18899,1
18900,2
18901,5
18902,5
18903,5
18904,1
18905,4
18906,2
18907,3
18908,4
18909,3
18910,3
18911,4
18912,2
18913,1
18914,3
18915,2
18916,5
18917,4
18918,2
18919,3
18920,1
18921,3
18922,2
18923,1
18924,5
18925,1
18926,1
18927,2
18928,3
18929,3
18930,3
18931,2
18932,5
18933,4
18934,1
18935,2
18936,2
18937,1
18938,2
18939,2
18940,2
18941,1
18942,3
18943,1
18944,2
18945,4
18946,1
18947,3
18948,3
18949,3
18950,4
18951,5
18952,2
18953,5
18954,1
18955,2
18956,5
18957,2
18958,1
18959,3
18960,3
18961,1
18962,2
18963,4
18964,3
18965,1
18966,4
18967,3
18968,1
18969,4
18970,1
18971,1
18972,1
18973,3
18974,2
18975,2
18976,5
18977,1
18978,3
18979,2
18980,2
18981,1
18982,1
18983,2
18984,5
18985,5
18986,1
18987,2
18988,1
18989,1
18990,4
18991,5
18992,1
18993,4
18994,3
18995,1
18996,1
18997,1
18998,1
18999,5
19000,2
19001,2
19002,3
19003,2
19004,1
19005,2
19006,5
19007,2
19008,2
19009,4
19010,1
19011,1
19012,5
19013,5
19014,5
19015,4
19016,3
19017,1
19018,1
19019,5
19020,2
19021,2
19022,5
19023,3
19024,2
19025,4
19026,2
19027,2
19028,3
19029,2
19030,2
19031,1
19032,4
19033,3
19034,2
19035,3
19036,1
19037,4
19038,4
19039,2
19040,4
19041,4
19042,3
19043,1
19044,4
19045,5
19046,2
19047,5
19048,4
19049,5
19050,4
19051,1
19052,5
19053,5
19054,1
19055,3
19056,3
19057,2
19058,1
19059,3
19060,1
19061,1
19062,5
19063,1
19064,3
19065,1
19066,4
19067,4
19068,3
19069,3
19070,4
19071,1
19072,1
19073,1
19074,1
19075,3
19076,1
19077,4
19078,4
19079,4
19080,3
19081,2
19082,4
19083,2
19084,4
19085,3
19086,5
19087,3
19088,4
19089,5
19090,5
19091,2
19092,2
19093,1
19094,1
19095,3
19096,3
19097,1
19098,1
19099,1
19100,4
19101,4
19102,2
19103,5
19104,2
19105,3
19106,5
19107,5
19108,1
19109,4
19110,3
19111,2
19112,3
19113,3
19114,4
19115,2
19116,3
19117,4
19118,5
19119,5
19120,5
19121,1
19122,4
19123,1
19124,2
19125,2
19126,2
19127,5
19128,5
19129,5
19130,2
19131,1
19132,1
19133,4
19134,5
19135,3
19136,4
19137,4
19138,5
19139,3
19140,4
19141,5
19142,3
19143,4
19144,1
19145,4
19146,4
19147,4
19148,4
19149,2
19150,4
19151,4
19152,4
19153,1
19154,4
19155,4
19156,3
19157,4
19158,1
19159,2
19160,3
19161,4
19162,1
19163,2
19164,2
19165,4
19166,1
19167,3
19168,1
19169,4
19170,1
19171,4
19172,5
19173,5
19174,2
19175,3
19176,2
19177,5
19178,2
19179,4
19180,2
19181,4
19182,2
19183,4
19184,4
19185,3
19186,1
19187,1
19188,1
19189,4
19190,5
19191,1
19192,1
19193,5
19194,2
19195,2
19196,4
19197,2
19198,1
19199,2
19200,1
19201,2
19202,4
19203,1
19204,3
19205,3
19206,3
19207,1
19208,4
19209,2
19210,5
19211,2
19212,3
19213,3
19214,2
19215,3
19216,1
19217,1
19218,5
19219,2
19220,1
19221,2
19222,5
19223,5
19224,1
19225,1
19226,1
19227,2
19228,3
19229,1
19230,2
19231,1
19232,5
19233,5
19234,5
19235,2
19236,5
19237,2
19238,3
19239,1
19240,3
19241,2
19242,5
19243,4
19244,2
19245,5
19246,4
19247,4
19248,4
19249,1
19250,1
19251,1
19252,3
19253,2
19254,1
19255,3
19256,2
19257,4
19258,5
19259,4
19260,4
19261,3
19262,1
19263,5
19264,1
19265,2
19266,1
19267,4
19268,3
19269,3
19270,4
19271,2
19272,2
19273,1
19274,5
19275,5
19276,2
19277,1
19278,3
19279,4
19280,1
19281,2
19282,1
19283,4
19284,4
19285,2
19286,1
19287,2
19288,5
19289,4
19290,1
19291,1
19292,1
19293,4
19294,1
19295,5
19296,3
19297,1
19298,4
19299,4
19300,5
19301,2
19302,1
19303,3
19304,1
19305,3
19306,3
19307,1
19308,5
19309,2
19310,1
19311,1
19312,3
19313,5
19314,2
19315,4
19316,2
19317,5
19318,1
19319,1
19320,1
19321,4
19322,4
19323,2
19324,4
19325,4
19326,2
19327,5
19328,3
19329,3
19330,5
19331,2
19332,1
19333,3
19334,5
19335,3
19336,4
19337,2
19338,5
19339,4
19340,5
19341,1
19342,2
19343,2
19344,3
19345,3
19346,1
19347,1
19348,2
19349,4
19350,5
19351,4
19352,1
19353,3
19354,1
19355,3
19356,4
19357,4
19358,3
19359,1
19360,4
19361,5
19362,4
19363,2
19364,3
19365,4
19366,1
19367,2
19368,5
19369,4
19370,4
19371,5
19372,4
19373,5
19374,4
19375,2
19376,1
19377,4
19378,1
19379,4
19380,2
19381,3
19382,5
19383,5
19384,4
19385,3
19386,4
19387,5
19388,1
19389,2
19390,4
19391,1
19392,5
19393,5
19394,5
19395,5
19396,4
19397,4
19398,1
19399,5
19400,5
19401,2
19402,1
19403,3
19404,2
19405,4
19406,3
19407,3
19408,4
19409,1
19410,3
19411,1
19412,2
19413,5
19414,2
19415,4
19416,3
19417,5
19418,2
19419,4
19420,3
19421,4
19422,5
19423,2
19424,2
19425,5
19426,3
19427,2
19428,1
19429,3
19430,4
19431,2
19432,3
19433,1
19434,4
19435,3
19436,4
19437,1
19438,3
19439,3
19440,1
19441,4
19442,2
19443,5
19444,3
19445,2
19446,5
19447,4
19448,1
19449,4
19450,2
19451,1
19452,4
19453,4
19454,5
19455,5
19456,2
19457,4
19458,3
19459,3
19460,1
19461,5
19462,2
19463,4
19464,3
19465,2
19466,4
19467,2
19468,2
19469,3
19470,2
19471,1
19472,4
19473,4
19474,4
19475,5
19476,5
19477,1
19478,2
19479,1
19480,1
19481,1
19482,4
19483,2
19484,5
19485,1
19486,2
19487,2
19488,4
19489,3
19490,5
19491,1
19492,2
19493,3
19494,1
19495,3
19496,4
19497,4
19498,3
19499,2
19500,1
19501,4
19502,3
19503,3
19504,1
19505,2
19506,2
19507,1
19508,1
19509,2
19510,4
19511,4
19512,2
19513,2
19514,4
19515,5
19516,1
19517,4
19518,3
19519,5
19520,1
19521,2
19522,4
19523,2
19524,5
19525,3
19526,2
19527,3
19528,5
19529,4
19530,5
19531,3
19532,2
19533,3
19534,1
19535,3
19536,4
19537,1
19538,5
19539,5
19540,5
19541,4
19542,2
19543,1
19544,1
19545,2
19546,3
19547,2
19548,4
19549,4
19550,4
19551,5
19552,4
19553,5
19554,1
19555,1
19556,2
19557,3
19558,2
19559,2
19560,2
19561,4
19562,5
19563,4
19564,1
19565,4
19566,5
19567,3
19568,1
19569,3
19570,1
19571,3
19572,3
19573,2
19574,1
19575,2
19576,2
19577,2
19578,1
19579,3
19580,2
19581,1
19582,3
19583,1
19584,5
19585,4
19586,1
19587,2
19588,1
19589,3
19590,5
19591,3
19592,2
19593,1
19594,4
19595,2
19596,2
19597,2
19598,3
19599,3
19600,2
19601,1
19602,2
19603,2
19604,1
19605,5
19606,2
19607,3
19608,2
19609,2
19610,1
19611,2
19612,3
19613,5
19614,1
19615,4
19616,2
19617,5
19618,1
19619,2
19620,1
19621,4
19622,4
19623,2
19624,4
19625,3
19626,1
19627,2
19628,5
19629,2
19630,2
19631,4
19632,3
19633,2
19634,5
19635,4
19636,2
19637,5
19638,5
19639,5
19640,5
19641,1
19642,5
19643,5
19644,4
19645,2
19646,5
19647,5
19648,5
19649,3
19650,1
19651,1
19652,5
19653,3
19654,5
19655,3
19656,4
19657,5
19658,2
19659,5
19660,1
19661,3
19662,1
19663,3
19664,2
19665,3
19666,3
19667,5
19668,4
19669,5
19670,2
19671,2
19672,2
19673,4
19674,2
19675,3
19676,2
19677,4
19678,2
19679,3
19680,2
19681,4
19682,3
19683,1
19684,3
19685,3
19686,1
19687,2
19688,2
19689,1
19690,5
19691,2
19692,2
19693,3
19694,3
19695,3
19696,3
19697,5
19698,5
19699,5
19700,3
19701,3
19702,3
19703,4
19704,2
19705,1
19706,5
19707,1
19708,2
19709,3
19710,2
19711,1
19712,3
19713,1
19714,3
19715,5
19716,2
19717,3
19718,3
19719,3
19720,1
19721,3
19722,2
19723,4
19724,4
19725,4
19726,4
19727,4
19728,5
19729,4
19730,5
19731,4
19732,4
19733,5
19734,3
19735,5
19736,2
19737,2
19738,1
19739,3
19740,5
19741,3
19742,1
19743,3
19744,1
19745,3
19746,3
19747,3
19748,3
19749,3
19750,2
19751,3
19752,4
19753,5
19754,2
19755,5
19756,5
19757,2
19758,2
19759,5
19760,2
19761,2
19762,1
19763,5
19764,5
19765,2
19766,5
19767,2
19768,1
19769,2
19770,4
19771,3
19772,1
19773,1
19774,5
19775,5
19776,4
19777,4
19778,1
19779,3
19780,2
19781,1
19782,1
19783,4
19784,5
19785,5
19786,1
19787,2
19788,5
19789,4
19790,3
19791,3
19792,4
19793,3
19794,5
19795,4
19796,1
19797,1
19798,4
19799,4
19800,1
19801,3
19802,5
19803,2
19804,4
19805,1
19806,3
19807,4
19808,1
19809,4
19810,3
19811,1
19812,4
19813,4
19814,3
19815,2
19816,2
19817,3
19818,4
19819,3
19820,1
19821,4
19822,1
19823,1
19824,5
19825,5
19826,3
19827,1
19828,1
19829,1
19830,2
19831,4
19832,4
19833,2
19834,2
19835,2
19836,4
19837,3
19838,5
19839,3
19840,4
19841,1
19842,2
19843,5
19844,3
19845,5
19846,2
19847,3
19848,4
19849,2
19850,4
19851,5
19852,3
19853,1
19854,4
19855,4
19856,3
19857,4
19858,1
19859,3
19860,1
19861,3
19862,5
19863,1
19864,1
19865,5
19866,3
19867,2
19868,3
19869,1
19870,3
19871,4
19872,5
19873,5
19874,2
19875,1
19876,1
19877,5
19878,5
19879,3
19880,2
19881,1
19882,5
19883,1
19884,1
19885,1
19886,4
19887,3
19888,1
19889,3
19890,3
19891,2
19892,2
19893,2
19894,2
19895,2
19896,5
19897,5
19898,4
19899,4
19900,4
19901,5
19902,2
19903,2
19904,4
19905,4
19906,4
19907,2
19908,2
19909,2
19910,2
19911,2
19912,4
19913,5
19914,4
19915,4
19916,2
19917,5
19918,4
19919,3
19920,1
19921,4
19922,5
19923,2
19924,4
19925,1
19926,3
19927,3
19928,3
19929,1
19930,5
19931,5
19932,4
19933,5
19934,4
19935,3
19936,2
19937,2
19938,5
19939,4
19940,1
19941,1
19942,5
19943,4
19944,1
19945,2
19946,2
19947,3
19948,1
19949,2
19950,5
19951,3
19952,1
19953,5
19954,4
19955,2
19956,4
19957,3
19958,2
19959,2
19960,1
19961,2
19962,3
19963,4
19964,2
19965,5
19966,2
19967,5
19968,4
19969,4
19970,1
19971,1
19972,4
19973,2
19974,1
19975,5
19976,5
19977,5
19978,4
19979,1
19980,1
19981,5
19982,5
19983,2
19984,1
19985,5
19986,4
19987,4
19988,4
19989,3
19990,2
19991,3
19992,4
19993,4
19994,4
19995,5
19996,5
19997,3
19998,2
19999,3
20000,2
