sale_id,employee_id
1,11
2,18
3,25
4,2
5,23
6,20
7,10
8,11
9,6
10,11
11,14
12,18
13,1
14,10
15,20
16,9
17,14
18,2
19,22
20,19
21,10
22,20
23,3
24,6
25,22
26,1
27,8
28,17
29,3
30,19
31,23
32,7
33,2
34,12
35,9
36,9
37,13
38,25
39,7
40,21
41,16
42,14
43,13
44,22
45,21
46,21
47,14
48,21
49,22
50,15
51,9
52,3
53,7
54,16
55,23
56,5
57,15
58,2
59,12
60,2
61,15
62,10
63,9
64,10
65,12
66,9
67,18
68,22
69,8
70,8
71,22
72,16
73,16
74,21
75,25
76,9
77,15
78,15
79,15
80,23
81,25
82,22
83,1
84,11
85,18
86,12
87,13
88,9
89,3
90,25
91,21
92,12
93,14
94,6
95,4
96,21
97,14
98,21
99,14
100,18
101,22
102,14
103,20
104,13
105,9
106,13
107,17
108,14
109,8
110,16
111,14
112,16
113,11
114,13
115,20
116,11
117,1
118,8
119,18
120,4
121,14
122,6
123,2
124,21
125,13
126,17
127,18
128,2
129,15
130,10
131,20
132,21
133,3
134,19
135,24
136,13
137,23
138,16
139,12
140,24
141,11
142,25
143,20
144,13
145,18
146,3
147,2
148,23
149,23
150,2
151,10
152,23
153,15
154,14
155,2
156,2
157,3
158,25
159,10
160,2
161,13
162,25
163,2
164,23
165,17
166,24
167,11
168,15
169,2
170,19
171,6
172,15
173,10
174,18
175,7
176,6
177,11
178,7
179,3
180,6
181,22
182,6
183,17
184,20
185,19
186,8
187,15
188,5
189,21
190,16
191,12
192,16
193,25
194,15
195,3
196,23
197,20
198,6
199,4
200,24
201,4
202,9
203,20
204,25
205,12
206,22
207,20
208,15
209,2
210,21
211,6
212,6
213,11
214,12
215,3
216,13
217,10
218,6
219,19
220,16
221,19
222,23
223,13
224,22
225,11
226,25
227,18
228,1
229,15
230,13
231,16
232,3
233,12
234,20
235,5
236,13
237,13
238,22
239,22
240,3
241,21
242,3
243,19
244,21
245,17
246,2
247,7
248,8
249,6
250,10
251,16
252,24
253,7
254,7
255,17
256,21
257,11
258,12
259,21
260,10
261,1
262,18
263,6
264,24
265,15
266,24
267,5
268,18
269,15
270,20
271,1
272,7
273,17
274,19
275,16
276,4
277,18
278,25
279,19
280,5
281,10
282,22
283,11
284,18
285,22
286,14
287,23
288,7
289,4
290,20
291,9
292,3
293,25
294,9
295,4
296,24
297,2
298,16
299,1
300,18
301,4
302,9
303,2
304,6
305,6
306,18
307,7
308,18
309,5
310,7
311,16
312,17
313,4
314,7
315,2
316,9
317,21
318,16
319,21
320,20
321,1
322,20
323,22
324,19
325,1
326,5
327,2
328,24
329,4
330,14
331,4
332,15
333,17
334,16
335,6
336,25
337,17
338,25
339,23
340,21
341,16
342,21
343,12
344,3
345,7
346,8
347,16
348,20
349,12
350,17
351,18
352,19
353,12
354,25
355,7
356,1
357,16
358,15
359,1
360,9
361,4
362,1
363,14
364,17
365,1
366,25
367,20
368,14
369,5
370,2
371,19
372,18
373,7
374,12
375,22
376,1
377,15
378,22
379,20
380,9
381,18
382,3
383,11
384,18
385,9
386,20
387,8
388,21
389,14
390,3
391,14
392,25
393,24
394,8
395,6
396,17
397,24
398,17
399,4
400,17
401,16
402,20
403,11
404,18
405,14
406,11
407,17
408,6
409,21
410,22
411,24
412,17
413,4
414,23
415,12
416,8
417,23
418,25
419,15
420,15
421,17
422,25
423,10
424,3
425,19
426,6
427,9
428,3
429,24
430,21
431,16
432,8
433,23
434,17
435,10
436,18
437,2
438,2
439,4
440,1
441,12
442,9
443,8
444,9
445,5
446,4
447,25
448,12
449,5
450,1
451,13
452,7
453,5
454,8
455,11
456,3
457,11
458,3
459,9
460,20
461,9
462,25
463,4
464,3
465,25
466,6
467,24
468,16
469,25
470,16
471,8
472,12
473,18
474,19
475,23
476,4
477,7
478,23
479,24
480,4
481,5
482,10
483,23
484,5
485,24
486,9
487,4
488,16
489,13
490,4
491,21
492,17
493,12
494,18
495,14
496,13
497,22
498,3
499,14
500,11
501,22
502,21
503,21
504,21
505,24
506,1
507,3
508,6
509,4
510,11
511,13
512,22
513,20
514,8
515,3
516,7
517,16
518,1
519,10
520,14
521,16
522,21
523,19
524,2
525,7
526,18
527,7
528,12
529,2
530,19
531,8
532,10
533,17
534,5
535,13
536,24
537,3
538,8
539,4
540,4
541,19
542,13
543,20
544,5
545,12
546,7
547,23
548,1
549,3
550,21
551,12
552,11
553,16
554,7
555,16
556,11
557,18
558,19
559,25
560,18
561,15
562,10
563,18
564,18
565,3
566,6
567,25
568,3
569,13
570,14
571,5
572,24
573,10
574,16
575,24
576,17
577,21
578,2
579,12
580,9
581,2
582,10
583,23
584,1
585,18
586,16
587,21
588,18
589,8
590,24
591,17
592,24
593,17
594,5
595,18
596,10
597,6
598,17
599,16
600,25
601,25
602,23
603,8
604,10
605,15
606,21
607,4
608,9
609,19
610,14
611,13
612,20
613,8
614,3
615,19
616,5
617,2
618,8
619,25
620,10
621,13
622,25
623,3
624,25
625,3
626,5
627,2
628,23
629,22
630,7
631,22
632,8
633,2
634,9
635,16
636,12
637,6
638,25
639,14
640,6
641,7
642,15
643,7
644,16
645,16
646,18
647,24
648,10
649,15
650,8
651,23
652,13
653,21
654,11
655,7
656,18
657,25
658,3
659,20
660,1
661,12
662,16
663,16
664,17
665,25
666,11
667,13
668,6
669,6
670,20
671,17
672,22
673,6
674,17
675,16
676,6
677,1
678,4
679,16
680,11
681,23
682,4
683,25
684,25
685,20
686,5
687,1
688,15
689,3
690,1
691,17
692,7
693,22
694,15
695,18
696,13
697,1
698,16
699,12
700,17
701,6
702,16
703,8
704,13
705,9
706,13
707,13
708,1
709,2
710,1
711,21
712,24
713,17
714,1
715,11
716,12
717,5
718,22
719,24
720,8
721,1
722,20
723,24
724,9
725,18
726,17
727,20
728,16
729,18
730,3
731,16
732,5
733,4
734,17
735,9
736,25
737,23
738,15
739,8
740,8
741,22
742,5
743,20
744,10
745,18
746,6
747,10
748,14
749,7
750,16
751,13
752,6
753,9
754,3
755,15
756,2
757,6
758,4
759,2
760,2
761,13
762,3
763,7
764,23
765,16
766,1
767,5
768,1
769,25
770,7
771,8
772,17
773,5
774,6
775,15
776,21
777,9
778,24
779,15
780,9
781,1
782,11
783,21
784,12
785,17
786,23
787,23
788,10
789,15
790,6
791,20
792,18
793,13
794,13
795,4
796,19
797,5
798,23
799,18
800,10
801,3
802,7
803,9
804,25
805,16
806,4
807,20
808,17
809,5
810,4
811,14
812,16
813,20
814,14
815,2
816,25
817,20
818,13
819,5
820,18
821,5
822,11
823,21
824,12
825,5
826,8
827,3
828,20
829,20
830,1
831,1
832,5
833,2
834,2
835,4
836,17
837,4
838,21
839,12
840,12
841,21
842,10
843,11
844,15
845,12
846,23
847,22
848,7
849,15
850,2
851,19
852,10
853,18
854,18
855,14
856,15
857,24
858,14
859,11
860,3
861,5
862,13
863,10
864,23
865,20
866,2
867,24
868,25
869,24
870,24
871,5
872,17
873,16
874,4
875,5
876,2
877,9
878,15
879,1
880,15
881,18
882,22
883,25
884,15
885,12
886,3
887,8
888,5
889,1
890,19
891,14
892,10
893,7
894,23
895,24
896,15
897,12
898,20
899,1
900,9
901,18
902,18
903,24
904,15
905,10
906,16
907,15
908,14
909,14
910,6
911,1
912,17
913,13
914,8
915,18
916,21
917,5
918,19
919,5
920,5
921,24
922,12
923,16
924,16
925,23
926,13
927,23
928,4
929,19
930,13
931,14
932,15
933,23
934,10
935,1
936,10
937,10
938,4
939,8
940,25
941,20
942,3
943,20
944,19
945,15
946,11
947,7
948,1
949,13
950,16
951,4
952,12
953,24
954,4
955,6
956,11
957,8
958,11
959,4
960,25
961,3
962,20
963,24
964,23
965,15
966,2
967,4
968,23
969,21
970,17
971,9
972,16
973,12
974,8
975,25
976,4
977,25
978,21
979,22
980,5
981,12
982,19
983,2
984,4
985,7
986,10
987,19
988,3
989,10
990,8
991,6
992,17
993,24
994,19
995,6
996,23
997,6
998,5
999,10
1000,6
1001,19
1002,17
1003,16
1004,8
1005,9
1006,19
1007,11
1008,11
1009,23
1010,2
1011,6
1012,5
1013,14
1014,8
1015,17
1016,12
1017,19
1018,21
1019,20
1020,19
1021,25
1022,22
1023,25
1024,3
1025,5
1026,1
1027,20
1028,2
1029,16
1030,11
1031,17
1032,24
1033,5
1034,20
1035,11
1036,20
1037,1
1038,19
1039,19
1040,17
1041,16
1042,12
1043,24
1044,21
1045,21
1046,24
1047,8
1048,2
1049,12
1050,22
1051,13
1052,15
1053,7
1054,12
1055,8
1056,10
1057,18
1058,15
1059,12
1060,17
1061,20
1062,7
1063,24
1064,19
1065,4
1066,16
1067,24
1068,11
1069,9
1070,19
1071,15
1072,13
1073,25
1074,9
1075,23
1076,11
1077,15
1078,17
1079,2
1080,16
1081,4
1082,9
1083,4
1084,18
1085,10
1086,2
1087,11
1088,4
1089,15
1090,8
1091,17
1092,7
1093,21
1094,5
1095,5
1096,9
1097,11
1098,21
1099,1
1100,25
1101,16
1102,9
1103,8
1104,25
1105,16
1106,24
1107,5
1108,15
1109,11
1110,19
1111,18
1112,16
1113,2
1114,15
1115,13
1116,15
1117,19
1118,22
1119,11
1120,5
1121,4
1122,10
1123,5
1124,21
1125,7
1126,13
1127,2
1128,13
1129,18
1130,6
1131,18
1132,16
1133,11
1134,9
1135,18
1136,15
1137,24
1138,14
1139,5
1140,17
1141,15
1142,4
1143,20
1144,7
1145,10
1146,17
1147,5
1148,25
1149,8
1150,17
1151,19
1152,7
1153,17
1154,5
1155,16
1156,1
1157,5
1158,10
1159,18
1160,8
1161,8
1162,14
1163,7
1164,9
1165,9
1166,23
1167,20
1168,21
1169,10
1170,13
1171,20
1172,15
1173,22
1174,7
1175,13
1176,1
1177,6
1178,20
1179,3
1180,9
1181,16
1182,2
1183,23
1184,17
1185,23
1186,14
1187,12
1188,13
1189,22
1190,16
1191,11
1192,23
1193,6
1194,15
1195,20
1196,12
1197,7
1198,24
1199,6
1200,1
1201,23
1202,18
1203,19
1204,20
1205,17
1206,18
1207,12
1208,24
1209,17
1210,7
1211,5
1212,23
1213,4
1214,10
1215,15
1216,22
1217,12
1218,10
1219,13
1220,18
1221,3
1222,14
1223,19
1224,24
1225,5
1226,7
1227,15
1228,12
1229,3
1230,21
1231,18
1232,18
1233,8
1234,12
1235,4
1236,18
1237,6
1238,10
1239,12
1240,5
1241,13
1242,15
1243,19
1244,4
1245,25
1246,22
1247,23
1248,11
1249,8
1250,4
1251,7
1252,19
1253,7
1254,23
1255,18
1256,17
1257,1
1258,5
1259,2
1260,15
1261,4
1262,4
1263,4
1264,20
1265,14
1266,7
1267,10
1268,4
1269,6
1270,14
1271,8
1272,7
1273,16
1274,1
1275,22
1276,10
1277,10
1278,14
1279,15
1280,6
1281,5
1282,19
1283,1
1284,20
1285,20
1286,6
1287,6
1288,5
1289,16
1290,20
1291,14
1292,10
1293,23
1294,25
1295,1
1296,5
1297,16
1298,4
1299,12
1300,17
1301,5
1302,18
1303,8
1304,24
1305,13
1306,20
1307,17
1308,12
1309,8
1310,5
1311,11
1312,6
1313,19
1314,3
1315,17
1316,4
1317,5
1318,25
1319,5
1320,6
1321,2
1322,5
1323,20
1324,11
1325,9
1326,3
1327,25
1328,4
1329,24
1330,9
1331,22
1332,20
1333,7
1334,14
1335,6
1336,10
1337,21
1338,2
1339,18
1340,20
1341,16
1342,23
1343,5
1344,3
1345,10
1346,20
1347,25
1348,19
1349,18
1350,8
1351,12
1352,3
1353,19
1354,10
1355,14
1356,20
1357,18
1358,18
1359,6
1360,5
1361,21
1362,8
1363,7
1364,4
1365,10
1366,1
1367,7
1368,4
1369,15
1370,23
1371,17
1372,24
1373,22
1374,1
1375,12
1376,2
1377,1
1378,8
1379,1
1380,5
1381,11
1382,25
1383,6
1384,8
1385,7
1386,18
1387,22
1388,7
1389,17
1390,5
1391,7
1392,7
1393,9
1394,19
1395,6
1396,8
1397,5
1398,1
1399,22
1400,16
1401,19
1402,10
1403,13
1404,3
1405,20
1406,2
1407,13
1408,10
1409,1
1410,4
1411,20
1412,8
1413,8
1414,4
1415,22
1416,5
1417,23
1418,15
1419,4
1420,18
1421,18
1422,7
1423,1
1424,19
1425,14
1426,3
1427,5
1428,23
1429,19
1430,9
1431,13
1432,2
1433,10
1434,19
1435,5
1436,3
1437,12
1438,10
1439,22
1440,10
1441,19
1442,13
1443,3
1444,16
1445,20
1446,22
1447,7
1448,18
1449,20
1450,16
1451,2
1452,19
1453,20
1454,16
1455,21
1456,4
1457,2
1458,12
1459,13
1460,24
1461,7
1462,11
1463,20
1464,2
1465,22
1466,16
1467,1
1468,7
1469,4
1470,21
1471,5
1472,5
1473,3
1474,24
1475,7
1476,23
1477,5
1478,8
1479,19
1480,5
1481,14
1482,19
1483,23
1484,3
1485,25
1486,10
1487,7
1488,3
1489,15
1490,17
1491,24
1492,10
1493,2
1494,20
1495,24
1496,5
1497,13
1498,4
1499,21
1500,2
1501,25
1502,2
1503,25
1504,19
1505,17
1506,1
1507,22
1508,11
1509,10
1510,9
1511,10
1512,24
1513,1
1514,4
1515,10
1516,18
1517,8
1518,11
1519,24
1520,17
1521,13
1522,10
1523,4
1524,1
1525,25
1526,24
1527,7
1528,2
1529,5
1530,6
1531,6
1532,6
1533,17
1534,17
1535,21
1536,3
1537,2
1538,22
1539,16
1540,7
1541,23
1542,11
1543,3
1544,14
1545,20
1546,25
1547,13
1548,22
1549,20
1550,19
1551,25
1552,3
1553,16
1554,1
1555,10
1556,11
1557,8
1558,3
1559,9
1560,6
1561,7
1562,14
1563,25
1564,13
1565,14
1566,10
1567,3
1568,14
1569,19
1570,3
1571,9
1572,18
1573,19
1574,7
1575,7
1576,15
1577,19
1578,8
1579,18
1580,19
1581,12
1582,16
1583,13
1584,2
1585,19
1586,25
1587,6
1588,10
1589,22
1590,5
1591,10
1592,11
1593,1
1594,11
1595,17
1596,19
1597,18
1598,14
1599,24
1600,21
1601,10
1602,18
1603,7
1604,7
1605,21
1606,8
1607,13
1608,22
1609,10
1610,14
1611,10
1612,19
1613,2
1614,8
1615,16
1616,17
1617,19
1618,22
1619,17
1620,22
1621,21
1622,2
1623,21
1624,14
1625,4
1626,1
1627,22
1628,5
1629,11
1630,8
1631,7
1632,22
1633,15
1634,5
1635,16
1636,8
1637,8
1638,21
1639,16
1640,24
1641,16
1642,17
1643,21
1644,13
1645,19
1646,9
1647,15
1648,10
1649,12
1650,13
1651,16
1652,1
1653,4
1654,12
1655,13
1656,22
1657,13
1658,7
1659,16
1660,16
1661,21
1662,13
1663,11
1664,22
1665,23
1666,9
1667,17
1668,18
1669,21
1670,2
1671,25
1672,17
1673,20
1674,12
1675,21
1676,25
1677,25
1678,20
1679,16
1680,9
1681,4
1682,8
1683,22
1684,19
1685,21
1686,13
1687,10
1688,24
1689,18
1690,22
1691,23
1692,19
1693,25
1694,21
1695,25
1696,8
1697,5
1698,14
1699,3
1700,7
1701,11
1702,1
1703,16
1704,2
1705,11
1706,19
1707,5
1708,4
1709,3
1710,25
1711,12
1712,23
1713,20
1714,4
1715,19
1716,4
1717,11
1718,1
1719,10
1720,15
1721,18
1722,4
1723,4
1724,4
1725,24
1726,12
1727,13
1728,9
1729,21
1730,11
1731,10
1732,5
1733,5
1734,1
1735,3
1736,15
1737,11
1738,18
1739,22
1740,3
1741,15
1742,19
1743,8
1744,22
1745,2
1746,19
1747,25
1748,2
1749,3
1750,5
1751,14
1752,8
1753,24
1754,21
1755,14
1756,1
1757,13
1758,7
1759,7
1760,9
1761,20
1762,5
1763,15
1764,22
1765,17
1766,25
1767,4
1768,8
1769,2
1770,18
1771,22
1772,21
1773,23
1774,6
1775,16
1776,17
1777,19
1778,7
1779,16
1780,22
1781,1
1782,22
1783,15
1784,14
1785,19
1786,25
1787,7
1788,12
1789,24
1790,21
1791,4
1792,13
1793,3
1794,7
1795,14
1796,2
1797,18
1798,1
1799,6
1800,21
1801,1
1802,6
1803,21
1804,9
1805,1
1806,6
1807,5
1808,8
1809,3
1810,6
1811,16
1812,3
1813,24
1814,12
1815,17
1816,16
1817,21
1818,7
1819,24
1820,16
1821,3
1822,16
1823,14
1824,2
1825,20
1826,14
1827,19
1828,7
1829,19
1830,8
1831,20
1832,16
1833,6
1834,24
1835,12
1836,14
1837,23
1838,7
1839,5
1840,3
1841,23
1842,5
1843,4
1844,12
1845,5
1846,7
1847,3
1848,13
1849,13
1850,19
1851,24
1852,8
1853,3
1854,19
1855,9
1856,9
1857,21
1858,5
1859,7
1860,11
1861,7
1862,9
1863,25
1864,5
1865,2
1866,14
1867,9
1868,24
1869,17
1870,4
1871,11
1872,22
1873,5
1874,18
1875,9
1876,2
1877,14
1878,2
1879,13
1880,3
1881,14
1882,21
1883,15
1884,8
1885,16
1886,17
1887,4
1888,10
1889,1
1890,22
1891,12
1892,10
1893,6
1894,3
1895,6
1896,25
1897,19
1898,5
1899,21
1900,24
1901,6
1902,21
1903,4
1904,9
1905,6
1906,18
1907,17
1908,14
1909,15
1910,22
1911,20
1912,17
1913,9
1914,23
1915,13
1916,21
1917,21
1918,23
1919,23
1920,8
1921,18
1922,23
1923,13
1924,19
1925,2
1926,19
1927,17
1928,10
1929,24
1930,19
1931,19
1932,17
1933,15
1934,11
1935,14
1936,13
1937,6
1938,9
1939,21
1940,24
1941,17
1942,23
1943,22
1944,4
1945,12
1946,1
1947,24
1948,6
1949,2
1950,1
1951,15
1952,22
1953,17
1954,12
1955,21
1956,21
1957,1
1958,6
1959,22
1960,18
1961,13
1962,17
1963,13
1964,19
1965,25
1966,11
1967,11
1968,13
1969,24
1970,2
1971,11
1972,15
1973,15
1974,25
1975,19
1976,16
1977,13
1978,10
1979,1
1980,6
1981,15
1982,6
1983,5
1984,6
1985,7
1986,16
1987,15
1988,18
1989,18
1990,13
1991,6
1992,10
1993,8
1994,4
1995,10
1996,16
1997,5
1998,1
1999,18
2000,12
2001,4
2002,22
2003,10
2004,10
2005,15
2006,2
2007,9
2008,4
2009,4
2010,1
2011,4
2012,1
2013,11
2014,4
2015,3
2016,3
2017,21
2018,8
2019,5
2020,20
2021,24
2022,8
2023,17
2024,23
2025,2
2026,6
2027,7
2028,5
2029,6
2030,4
2031,7
2032,18
2033,20
2034,10
2035,16
2036,4
2037,17
2038,4
2039,23
2040,22
2041,20
2042,23
2043,22
2044,23
2045,7
2046,2
2047,8
2048,1
2049,18
2050,1
2051,25
2052,10
2053,6
2054,6
2055,17
2056,4
2057,13
2058,18
2059,15
2060,18
2061,16
2062,16
2063,22
2064,7
2065,16
2066,17
2067,11
2068,10
2069,18
2070,15
2071,19
2072,6
2073,3
2074,25
2075,23
2076,17
2077,5
2078,22
2079,24
2080,4
2081,25
2082,17
2083,3
2084,18
2085,2
2086,21
2087,1
2088,1
2089,18
2090,19
2091,16
2092,4
2093,5
2094,1
2095,3
2096,23
2097,11
2098,6
2099,20
2100,16
2101,23
2102,20
2103,22
2104,22
2105,1
2106,16
2107,3
2108,25
2109,6
2110,5
2111,25
2112,9
2113,10
2114,14
2115,19
2116,13
2117,18
2118,2
2119,8
2120,24
2121,9
2122,19
2123,3
2124,3
2125,2
2126,12
2127,5
2128,1
2129,13
2130,15
2131,8
2132,13
2133,22
2134,6
2135,15
2136,8
2137,21
2138,22
2139,7
2140,5
2141,16
2142,8
2143,12
2144,20
2145,3
2146,10
2147,11
2148,7
2149,16
2150,13
2151,12
2152,1
2153,19
2154,8
2155,25
2156,3
2157,19
2158,1
2159,24
2160,2
2161,1
2162,25
2163,21
2164,11
2165,25
2166,3
2167,20
2168,20
2169,25
2170,8
2171,14
2172,3
2173,17
2174,8
2175,7
2176,25
2177,19
2178,9
2179,16
2180,5
2181,21
2182,4
2183,19
2184,5
2185,13
2186,24
2187,24
2188,16
2189,14
2190,12
2191,13
2192,2
2193,14
2194,25
2195,19
2196,1
2197,16
2198,24
2199,5
2200,2
2201,15
2202,16
2203,11
2204,13
2205,21
2206,11
2207,21
2208,11
2209,25
2210,13
2211,14
2212,3
2213,18
2214,3
2215,3
2216,5
2217,14
2218,15
2219,24
2220,10
2221,4
2222,14
2223,22
2224,1
2225,23
2226,1
2227,24
2228,2
2229,1
2230,24
2231,2
2232,11
2233,5
2234,17
2235,19
2236,12
2237,21
2238,11
2239,21
2240,8
2241,4
2242,1
2243,19
2244,2
2245,14
2246,24
2247,24
2248,13
2249,21
2250,1
2251,1
2252,12
2253,5
2254,24
2255,9
2256,4
2257,6
2258,20
2259,17
2260,20
2261,10
2262,11
2263,17
2264,24
2265,19
2266,5
2267,25
2268,4
2269,14
2270,25
2271,19
2272,4
2273,1
2274,12
2275,22
2276,13
2277,16
2278,2
2279,5
2280,9
2281,14
2282,7
2283,3
2284,14
2285,20
2286,17
2287,20
2288,21
2289,22
2290,20
2291,14
2292,17
2293,5
2294,11
2295,13
2296,21
2297,14
2298,17
2299,15
2300,22
2301,19
2302,5
2303,14
2304,8
2305,8
2306,2
2307,7
2308,1
2309,17
2310,10
2311,25
2312,12
2313,8
2314,17
2315,15
2316,13
2317,14
2318,3
2319,23
2320,19
2321,3
2322,4
2323,1
2324,20
2325,4
2326,11
2327,9
2328,14
2329,18
2330,17
2331,6
2332,22
2333,13
2334,25
2335,7
2336,13
2337,22
2338,17
2339,24
2340,23
2341,23
2342,11
2343,1
2344,11
2345,14
2346,21
2347,24
2348,12
2349,20
2350,3
2351,8
2352,4
2353,15
2354,12
2355,5
2356,13
2357,16
2358,6
2359,22
2360,23
2361,21
2362,2
2363,22
2364,7
2365,24
2366,18
2367,13
2368,15
2369,25
2370,7
2371,4
2372,8
2373,4
2374,7
2375,15
2376,2
2377,24
2378,20
2379,12
2380,1
2381,21
2382,11
2383,10
2384,7
2385,15
2386,2
2387,2
2388,4
2389,25
2390,20
2391,14
2392,24
2393,4
2394,9
2395,20
2396,14
2397,21
2398,8
2399,17
2400,20
2401,12
2402,20
2403,3
2404,1
2405,17
2406,23
2407,12
2408,21
2409,9
2410,15
2411,2
2412,8
2413,6
2414,10
2415,15
2416,4
2417,17
2418,22
2419,8
2420,21
2421,17
2422,5
2423,14
2424,1
2425,23
2426,24
2427,6
2428,5
2429,12
2430,23
2431,20
2432,5
2433,20
2434,25
2435,13
2436,6
2437,3
2438,7
2439,15
2440,2
2441,19
2442,12
2443,21
2444,16
2445,5
2446,20
2447,22
2448,19
2449,3
2450,16
2451,24
2452,6
2453,9
2454,11
2455,14
2456,5
2457,3
2458,4
2459,16
2460,6
2461,8
2462,20
2463,18
2464,6
2465,9
2466,22
2467,13
2468,8
2469,14
2470,21
2471,7
2472,6
2473,2
2474,13
2475,21
2476,5
2477,11
2478,13
2479,7
2480,10
2481,1
2482,7
2483,1
2484,16
2485,19
2486,7
2487,3
2488,18
2489,24
2490,3
2491,22
2492,22
2493,13
2494,7
2495,22
2496,7
2497,10
2498,6
2499,13
2500,11
2501,3
2502,16
2503,21
2504,13
2505,6
2506,17
2507,18
2508,16
2509,18
2510,10
2511,11
2512,25
2513,23
2514,6
2515,24
2516,4
2517,12
2518,13
2519,14
2520,14
2521,21
2522,13
2523,3
2524,10
2525,24
2526,19
2527,25
2528,23
2529,3
2530,1
2531,10
2532,16
2533,23
2534,20
2535,3
2536,4
2537,12
2538,19
2539,4
2540,25
2541,11
2542,19
2543,23
2544,17
2545,16
2546,8
2547,13
2548,12
2549,13
2550,21
2551,6
2552,13
2553,19
2554,5
2555,21
2556,17
2557,21
2558,15
2559,19
2560,1
2561,16
2562,17
2563,9
2564,8
2565,22
2566,3
2567,23
2568,17
2569,21
2570,12
2571,18
2572,7
2573,10
2574,8
2575,11
2576,23
2577,2
2578,12
2579,7
2580,25
2581,1
2582,25
2583,2
2584,2
2585,25
2586,19
2587,1
2588,21
2589,22
2590,4
2591,9
2592,9
2593,18
2594,3
2595,24
2596,15
2597,6
2598,22
2599,11
2600,3
2601,3
2602,17
2603,15
2604,6
2605,22
2606,22
2607,22
2608,21
2609,17
2610,1
2611,12
2612,7
2613,9
2614,14
2615,12
2616,6
2617,25
2618,2
2619,20
2620,21
2621,17
2622,3
2623,6
2624,21
2625,14
2626,7
2627,17
2628,25
2629,13
2630,12
2631,14
2632,18
2633,4
2634,4
2635,21
2636,3
2637,9
2638,8
2639,4
2640,23
2641,17
2642,8
2643,11
2644,6
2645,16
2646,6
2647,7
2648,12
2649,14
2650,20
2651,16
2652,21
2653,14
2654,17
2655,10
2656,8
2657,19
2658,18
2659,11
2660,18
2661,16
2662,14
2663,13
2664,12
2665,25
2666,24
2667,22
2668,24
2669,15
2670,18
2671,10
2672,21
2673,9
2674,21
2675,5
2676,22
2677,22
2678,19
2679,25
2680,2
2681,20
2682,8
2683,20
2684,9
2685,1
2686,3
2687,25
2688,3
2689,2
2690,9
2691,18
2692,23
2693,13
2694,18
2695,19
2696,13
2697,11
2698,3
2699,24
2700,7
2701,9
2702,14
2703,11
2704,1
2705,16
2706,8
2707,9
2708,6
2709,12
2710,18
2711,1
2712,16
2713,15
2714,24
2715,6
2716,10
2717,25
2718,21
2719,6
2720,3
2721,18
2722,9
2723,9
2724,19
2725,4
2726,10
2727,15
2728,25
2729,13
2730,25
2731,21
2732,16
2733,19
2734,4
2735,23
2736,1
2737,23
2738,4
2739,19
2740,19
2741,13
2742,22
2743,7
2744,8
2745,20
2746,4
2747,8
2748,16
2749,13
2750,1
2751,18
2752,7
2753,4
2754,10
2755,10
2756,4
2757,2
2758,3
2759,17
2760,8
2761,12
2762,20
2763,10
2764,12
2765,1
2766,25
2767,15
2768,21
2769,9
2770,15
2771,19
2772,9
2773,12
2774,16
2775,8
2776,12
2777,21
2778,18
2779,2
2780,22
2781,9
2782,14
2783,25
2784,19
2785,15
2786,2
2787,6
2788,17
2789,16
2790,23
2791,11
2792,12
2793,13
2794,10
2795,23
2796,13
2797,16
2798,11
2799,15
2800,14
2801,10
2802,21
2803,24
2804,6
2805,24
2806,20
2807,23
2808,17
2809,3
2810,1
2811,5
2812,10
2813,9
2814,12
2815,11
2816,2
2817,13
2818,12
2819,7
2820,6
2821,21
2822,23
2823,12
2824,18
2825,25
2826,19
2827,6
2828,23
2829,13
2830,2
2831,9
2832,4
2833,21
2834,1
2835,17
2836,9
2837,21
2838,5
2839,2
2840,17
2841,10
2842,17
2843,17
2844,24
2845,5
2846,9
2847,24
2848,4
2849,11
2850,10
2851,6
2852,17
2853,23
2854,20
2855,10
2856,4
2857,4
2858,14
2859,1
2860,2
2861,24
2862,13
2863,5
2864,9
2865,16
2866,18
2867,19
2868,19
2869,12
2870,21
2871,6
2872,6
2873,20
2874,24
2875,19
2876,12
2877,1
2878,18
2879,2
2880,23
2881,9
2882,22
2883,6
2884,14
2885,4
2886,4
2887,19
2888,7
2889,13
2890,5
2891,20
2892,8
2893,24
2894,24
2895,1
2896,8
2897,15
2898,22
2899,20
2900,15
2901,12
2902,18
2903,14
2904,22
2905,22
2906,20
2907,13
2908,9
2909,7
2910,4
2911,11
2912,15
2913,12
2914,10
2915,10
2916,11
2917,3
2918,12
2919,14
2920,24
2921,10
2922,19
2923,18
2924,2
2925,24
2926,17
2927,5
2928,3
2929,10
2930,24
2931,22
2932,7
2933,20
2934,8
2935,9
2936,23
2937,5
2938,11
2939,9
2940,14
2941,16
2942,25
2943,8
2944,25
2945,13
2946,6
2947,20
2948,22
2949,16
2950,1
2951,18
2952,2
2953,18
2954,5
2955,24
2956,15
2957,13
2958,9
2959,18
2960,17
2961,17
2962,23
2963,20
2964,13
2965,15
2966,13
2967,1
2968,22
2969,24
2970,10
2971,17
2972,21
2973,18
2974,7
2975,16
2976,9
2977,1
2978,5
2979,22
2980,19
2981,19
2982,23
2983,3
2984,8
2985,14
2986,16
2987,19
2988,12
2989,21
2990,11
2991,22
2992,6
2993,25
2994,16
2995,15
2996,10
2997,7
2998,22
2999,21
3000,6
3001,22
3002,13
3003,15
3004,6
3005,6
3006,22
3007,17
3008,13
3009,17
3010,16
3011,6
3012,18
3013,16
3014,21
3015,22
3016,11
3017,9
3018,9
3019,8
3020,17
3021,24
3022,14
3023,10
3024,20
3025,5
3026,10
3027,9
3028,25
3029,4
3030,17
3031,21
3032,4
3033,2
3034,18
3035,19
3036,19
3037,2
3038,2
3039,18
3040,8
3041,2
3042,20
3043,11
3044,20
3045,23
3046,22
3047,5
3048,18
3049,12
3050,6
3051,9
3052,3
3053,18
3054,16
3055,25
3056,6
3057,7
3058,12
3059,7
3060,14
3061,17
3062,13
3063,24
3064,17
3065,23
3066,20
3067,15
3068,9
3069,24
3070,7
3071,15
3072,19
3073,14
3074,19
3075,7
3076,18
3077,10
3078,8
3079,11
3080,7
3081,7
3082,7
3083,13
3084,24
3085,21
3086,16
3087,16
3088,8
3089,16
3090,6
3091,14
3092,16
3093,18
3094,12
3095,9
3096,20
3097,20
3098,15
3099,16
3100,3
3101,24
3102,14
3103,25
3104,4
3105,11
3106,17
3107,18
3108,2
3109,23
3110,14
3111,23
3112,16
3113,20
3114,8
3115,23
3116,14
3117,16
3118,1
3119,11
3120,5
3121,11
3122,21
3123,14
3124,16
3125,22
3126,1
3127,3
3128,24
3129,21
3130,17
3131,22
3132,3
3133,15
3134,3
3135,10
3136,4
3137,18
3138,3
3139,1
3140,22
3141,5
3142,21
3143,2
3144,6
3145,14
3146,10
3147,23
3148,24
3149,13
3150,21
3151,9
3152,22
3153,5
3154,1
3155,24
3156,18
3157,18
3158,11
3159,5
3160,18
3161,23
3162,9
3163,10
3164,22
3165,16
3166,20
3167,19
3168,25
3169,6
3170,24
3171,5
3172,8
3173,24
3174,14
3175,22
3176,14
3177,14
3178,18
3179,15
3180,19
3181,22
3182,5
3183,23
3184,2
3185,20
3186,12
3187,21
3188,11
3189,6
3190,16
3191,16
3192,19
3193,15
3194,19
3195,9
3196,12
3197,14
3198,3
3199,24
3200,7
3201,10
3202,20
3203,9
3204,11
3205,24
3206,23
3207,22
3208,4
3209,20
3210,3
3211,22
3212,25
3213,24
3214,22
3215,12
3216,10
3217,19
3218,12
3219,23
3220,15
3221,18
3222,20
3223,10
3224,7
3225,7
3226,16
3227,1
3228,17
3229,10
3230,18
3231,7
3232,15
3233,7
3234,25
3235,11
3236,13
3237,14
3238,5
3239,6
3240,10
3241,9
3242,15
3243,5
3244,1
3245,3
3246,13
3247,16
3248,22
3249,13
3250,24
3251,19
3252,6
3253,19
3254,4
3255,23
3256,16
3257,24
3258,18
3259,12
3260,14
3261,5
3262,4
3263,21
3264,23
3265,11
3266,13
3267,22
3268,19
3269,3
3270,3
3271,8
3272,8
3273,23
3274,23
3275,5
3276,17
3277,4
3278,22
3279,9
3280,25
3281,18
3282,4
3283,24
3284,18
3285,7
3286,5
3287,9
3288,25
3289,5
3290,11
3291,16
3292,18
3293,24
3294,21
3295,16
3296,18
3297,7
3298,6
3299,20
3300,6
3301,8
3302,5
3303,25
3304,24
3305,13
3306,6
3307,12
3308,14
3309,8
3310,18
3311,22
3312,17
3313,19
3314,24
3315,13
3316,25
3317,12
3318,20
3319,9
3320,1
3321,21
3322,23
3323,18
3324,19
3325,5
3326,22
3327,21
3328,7
3329,10
3330,8
3331,23
3332,24
3333,16
3334,21
3335,1
3336,13
3337,18
3338,24
3339,4
3340,13
3341,17
3342,24
3343,14
3344,12
3345,4
3346,7
3347,24
3348,4
3349,12
3350,18
3351,14
3352,17
3353,15
3354,12
3355,4
3356,8
3357,9
3358,2
3359,11
3360,15
3361,23
3362,21
3363,8
3364,14
3365,10
3366,18
3367,11
3368,9
3369,13
3370,21
3371,6
3372,2
3373,23
3374,9
3375,19
3376,21
3377,15
3378,24
3379,9
3380,23
3381,24
3382,21
3383,11
3384,25
3385,9
3386,18
3387,5
3388,14
3389,4
3390,8
3391,10
3392,19
3393,2
3394,23
3395,15
3396,2
3397,8
3398,13
3399,12
3400,18
3401,5
3402,1
3403,12
3404,11
3405,11
3406,17
3407,3
3408,18
3409,22
3410,11
3411,17
3412,8
3413,19
3414,7
3415,5
3416,17
3417,12
3418,23
3419,6
3420,21
3421,8
3422,7
3423,7
3424,13
3425,24
3426,14
3427,16
3428,1
3429,10
3430,6
3431,14
3432,23
3433,16
3434,9
3435,13
3436,2
3437,9
3438,15
3439,8
3440,7
3441,1
3442,10
3443,8
3444,7
3445,21
3446,11
3447,23
3448,15
3449,1
3450,9
3451,2
3452,12
3453,12
3454,11
3455,13
3456,14
3457,6
3458,11
3459,22
3460,19
3461,22
3462,8
3463,11
3464,8
3465,7
3466,17
3467,3
3468,12
3469,18
3470,18
3471,22
3472,16
3473,3
3474,4
3475,19
3476,13
3477,4
3478,24
3479,17
3480,13
3481,7
3482,2
3483,1
3484,8
3485,21
3486,8
3487,25
3488,16
3489,23
3490,12
3491,7
3492,22
3493,13
3494,5
3495,20
3496,19
3497,4
3498,15
3499,16
3500,14
3501,22
3502,15
3503,2
3504,18
3505,2
3506,19
3507,11
3508,7
3509,4
3510,3
3511,3
3512,18
3513,25
3514,15
3515,22
3516,12
3517,3
3518,11
3519,4
3520,8
3521,12
3522,14
3523,8
3524,9
3525,3
3526,3
3527,9
3528,16
3529,17
3530,20
3531,12
3532,2
3533,5
3534,15
3535,20
3536,6
3537,24
3538,21
3539,8
3540,22
3541,7
3542,15
3543,2
3544,8
3545,6
3546,11
3547,15
3548,19
3549,24
3550,1
3551,8
3552,23
3553,23
3554,23
3555,24
3556,11
3557,4
3558,23
3559,9
3560,17
3561,14
3562,19
3563,13
3564,7
3565,8
3566,5
3567,21
3568,11
3569,11
3570,16
3571,18
3572,5
3573,13
3574,24
3575,3
3576,11
3577,6
3578,18
3579,13
3580,9
3581,18
3582,23
3583,19
3584,20
3585,1
3586,4
3587,24
3588,25
3589,21
3590,10
3591,18
3592,20
3593,20
3594,7
3595,4
3596,13
3597,16
3598,20
3599,7
3600,17
3601,5
3602,13
3603,15
3604,16
3605,5
3606,1
3607,19
3608,9
3609,5
3610,19
3611,3
3612,2
3613,18
3614,18
3615,6
3616,20
3617,15
3618,8
3619,15
3620,19
3621,19
3622,19
3623,19
3624,8
3625,5
3626,23
3627,9
3628,2
3629,10
3630,22
3631,7
3632,3
3633,14
3634,14
3635,15
3636,22
3637,6
3638,6
3639,12
3640,15
3641,6
3642,13
3643,7
3644,23
3645,22
3646,14
3647,19
3648,16
3649,11
3650,5
3651,10
3652,3
3653,9
3654,12
3655,6
3656,17
3657,25
3658,9
3659,10
3660,2
3661,4
3662,23
3663,14
3664,8
3665,23
3666,4
3667,10
3668,1
3669,25
3670,3
3671,21
3672,3
3673,5
3674,8
3675,25
3676,15
3677,9
3678,6
3679,16
3680,12
3681,20
3682,13
3683,18
3684,13
3685,10
3686,19
3687,10
3688,24
3689,13
3690,7
3691,6
3692,9
3693,1
3694,25
3695,17
3696,21
3697,10
3698,4
3699,14
3700,18
3701,25
3702,19
3703,23
3704,8
3705,4
3706,18
3707,10
3708,10
3709,11
3710,23
3711,14
3712,17
3713,21
3714,25
3715,21
3716,1
3717,10
3718,15
3719,18
3720,2
3721,5
3722,16
3723,14
3724,11
3725,3
3726,15
3727,22
3728,18
3729,13
3730,25
3731,14
3732,9
3733,10
3734,4
3735,15
3736,25
3737,1
3738,11
3739,13
3740,17
3741,21
3742,15
3743,17
3744,9
3745,22
3746,8
3747,23
3748,9
3749,1
3750,24
3751,17
3752,15
3753,18
3754,25
3755,21
3756,24
3757,9
3758,16
3759,12
3760,13
3761,9
3762,18
3763,13
3764,8
3765,6
3766,3
3767,18
3768,24
3769,15
3770,23
3771,6
3772,13
3773,14
3774,18
3775,2
3776,17
3777,16
3778,7
3779,4
3780,20
3781,12
3782,25
3783,14
3784,1
3785,15
3786,17
3787,23
3788,24
3789,17
3790,10
3791,1
3792,14
3793,24
3794,10
3795,13
3796,1
3797,9
3798,13
3799,25
3800,12
3801,25
3802,4
3803,17
3804,25
3805,7
3806,9
3807,10
3808,2
3809,22
3810,25
3811,25
3812,5
3813,24
3814,7
3815,3
3816,23
3817,16
3818,18
3819,6
3820,6
3821,5
3822,4
3823,2
3824,11
3825,25
3826,9
3827,11
3828,7
3829,20
3830,13
3831,1
3832,22
3833,3
3834,15
3835,15
3836,5
3837,15
3838,4
3839,13
3840,2
3841,16
3842,5
3843,9
3844,6
3845,15
3846,16
3847,19
3848,24
3849,8
3850,10
3851,24
3852,13
3853,5
3854,4
3855,4
3856,14
3857,17
3858,4
3859,17
3860,1
3861,17
3862,18
3863,5
3864,17
3865,14
3866,16
3867,2
3868,10
3869,24
3870,4
3871,9
3872,25
3873,15
3874,18
3875,2
3876,6
3877,17
3878,13
3879,3
3880,5
3881,8
3882,19
3883,15
3884,20
3885,12
3886,1
3887,2
3888,21
3889,15
3890,2
3891,13
3892,6
3893,1
3894,10
3895,11
3896,1
3897,16
3898,17
3899,22
3900,7
3901,16
3902,16
3903,18
3904,6
3905,2
3906,7
3907,25
3908,6
3909,14
3910,8
3911,19
3912,17
3913,19
3914,16
3915,16
3916,6
3917,5
3918,17
3919,5
3920,22
3921,7
3922,4
3923,5
3924,1
3925,2
3926,15
3927,20
3928,16
3929,3
3930,13
3931,8
3932,11
3933,11
3934,25
3935,25
3936,24
3937,11
3938,16
3939,5
3940,21
3941,18
3942,9
3943,6
3944,19
3945,19
3946,18
3947,20
3948,16
3949,21
3950,6
3951,5
3952,6
3953,7
3954,4
3955,4
3956,1
3957,18
3958,12
3959,12
3960,21
3961,24
3962,6
3963,7
3964,9
3965,25
3966,14
3967,24
3968,3
3969,9
3970,20
3971,24
3972,25
3973,7
3974,19
3975,3
3976,17
3977,23
3978,20
3979,2
3980,18
3981,10
3982,2
3983,22
3984,12
3985,18
3986,24
3987,19
3988,8
3989,15
3990,25
3991,11
3992,17
3993,9
3994,9
3995,3
3996,1
3997,13
3998,6
3999,18
4000,20
4001,11
4002,8
4003,21
4004,14
4005,11
4006,8
4007,21
4008,23
4009,5
4010,15
4011,25
4012,22
4013,5
4014,11
4015,22
4016,23
4017,9
4018,25
4019,4
4020,11
4021,22
4022,14
4023,25
4024,5
4025,12
4026,22
4027,7
4028,21
4029,22
4030,16
4031,14
4032,18
4033,7
4034,21
4035,1
4036,16
4037,12
4038,7
4039,1
4040,10
4041,17
4042,11
4043,1
4044,15
4045,23
4046,18
4047,4
4048,25
4049,16
4050,11
4051,17
4052,12
4053,19
4054,12
4055,13
4056,24
4057,18
4058,12
4059,4
4060,20
4061,11
4062,22
4063,6
4064,2
4065,19
4066,7
4067,22
4068,23
4069,19
4070,12
4071,19
4072,23
4073,1
4074,20
4075,3
4076,19
4077,7
4078,19
4079,24
4080,19
4081,18
4082,17
4083,17
4084,2
4085,8
4086,5
4087,6
4088,24
4089,9
4090,18
4091,2
4092,13
4093,8
4094,3
4095,12
4096,8
4097,12
4098,21
4099,2
4100,21
4101,4
4102,24
4103,3
4104,20
4105,4
4106,21
4107,12
4108,20
4109,11
4110,2
4111,14
4112,22
4113,3
4114,17
4115,7
4116,14
4117,8
4118,17
4119,2
4120,8
4121,25
4122,9
4123,7
4124,14
4125,5
4126,24
4127,9
4128,21
4129,17
4130,2
4131,25
4132,21
4133,12
4134,12
4135,10
4136,20
4137,20
4138,20
4139,6
4140,5
4141,2
4142,8
4143,22
4144,4
4145,21
4146,13
4147,23
4148,17
4149,10
4150,2
4151,4
4152,21
4153,6
4154,20
4155,12
4156,17
4157,14
4158,23
4159,23
4160,15
4161,1
4162,15
4163,6
4164,22
4165,4
4166,25
4167,22
4168,14
4169,22
4170,11
4171,18
4172,20
4173,11
4174,23
4175,16
4176,11
4177,12
4178,14
4179,7
4180,3
4181,19
4182,19
4183,7
4184,1
4185,17
4186,23
4187,1
4188,7
4189,19
4190,19
4191,12
4192,22
4193,15
4194,7
4195,1
4196,23
4197,10
4198,7
4199,14
4200,14
4201,7
4202,21
4203,25
4204,20
4205,19
4206,20
4207,24
4208,24
4209,25
4210,16
4211,23
4212,22
4213,21
4214,8
4215,16
4216,13
4217,12
4218,18
4219,6
4220,22
4221,20
4222,7
4223,23
4224,4
4225,24
4226,14
4227,18
4228,6
4229,15
4230,5
4231,10
4232,3
4233,14
4234,22
4235,23
4236,20
4237,3
4238,5
4239,10
4240,22
4241,19
4242,5
4243,3
4244,11
4245,4
4246,11
4247,18
4248,20
4249,1
4250,22
4251,19
4252,14
4253,10
4254,18
4255,2
4256,22
4257,17
4258,10
4259,4
4260,13
4261,21
4262,25
4263,13
4264,16
4265,3
4266,13
4267,2
4268,24
4269,7
4270,24
4271,24
4272,12
4273,8
4274,19
4275,5
4276,17
4277,11
4278,24
4279,16
4280,10
4281,14
4282,16
4283,4
4284,12
4285,2
4286,11
4287,19
4288,7
4289,15
4290,7
4291,21
4292,25
4293,13
4294,24
4295,1
4296,7
4297,13
4298,16
4299,16
4300,2
4301,19
4302,8
4303,17
4304,12
4305,8
4306,18
4307,5
4308,10
4309,17
4310,19
4311,6
4312,1
4313,2
4314,18
4315,19
4316,19
4317,19
4318,15
4319,24
4320,11
4321,7
4322,15
4323,20
4324,20
4325,22
4326,17
4327,19
4328,21
4329,3
4330,23
4331,19
4332,22
4333,23
4334,25
4335,4
4336,6
4337,22
4338,3
4339,11
4340,23
4341,9
4342,6
4343,7
4344,14
4345,5
4346,19
4347,20
4348,11
4349,14
4350,8
4351,5
4352,23
4353,22
4354,8
4355,3
4356,24
4357,16
4358,12
4359,10
4360,5
4361,4
4362,7
4363,10
4364,20
4365,2
4366,5
4367,8
4368,9
4369,21
4370,1
4371,25
4372,3
4373,15
4374,18
4375,17
4376,1
4377,4
4378,21
4379,9
4380,4
4381,11
4382,24
4383,14
4384,15
4385,5
4386,18
4387,8
4388,25
4389,15
4390,3
4391,17
4392,4
4393,11
4394,17
4395,12
4396,14
4397,20
4398,4
4399,4
4400,18
4401,15
4402,16
4403,9
4404,5
4405,1
4406,8
4407,23
4408,7
4409,8
4410,3
4411,1
4412,7
4413,23
4414,19
4415,18
4416,19
4417,17
4418,11
4419,7
4420,24
4421,17
4422,1
4423,2
4424,21
4425,16
4426,25
4427,14
4428,17
4429,12
4430,13
4431,25
4432,21
4433,19
4434,15
4435,3
4436,19
4437,19
4438,1
4439,24
4440,15
4441,24
4442,8
4443,21
4444,23
4445,6
4446,25
4447,20
4448,6
4449,3
4450,2
4451,14
4452,22
4453,7
4454,6
4455,21
4456,25
4457,9
4458,20
4459,5
4460,13
4461,16
4462,18
4463,14
4464,6
4465,6
4466,11
4467,2
4468,1
4469,14
4470,24
4471,3
4472,1
4473,8
4474,5
4475,2
4476,12
4477,14
4478,25
4479,18
4480,7
4481,12
4482,14
4483,5
4484,7
4485,11
4486,24
4487,15
4488,15
4489,14
4490,5
4491,9
4492,10
4493,18
4494,23
4495,14
4496,17
4497,2
4498,14
4499,13
4500,10
4501,4
4502,8
4503,24
4504,7
4505,5
4506,9
4507,5
4508,2
4509,22
4510,24
4511,23
4512,21
4513,3
4514,24
4515,19
4516,18
4517,11
4518,17
4519,25
4520,20
4521,20
4522,5
4523,11
4524,5
4525,2
4526,1
4527,9
4528,6
4529,17
4530,4
4531,9
4532,20
4533,8
4534,21
4535,24
4536,11
4537,10
4538,20
4539,21
4540,12
4541,8
4542,25
4543,22
4544,21
4545,16
4546,8
4547,16
4548,11
4549,18
4550,9
4551,13
4552,21
4553,25
4554,15
4555,19
4556,7
4557,1
4558,21
4559,25
4560,10
4561,2
4562,20
4563,10
4564,8
4565,13
4566,5
4567,7
4568,8
4569,25
4570,5
4571,25
4572,1
4573,5
4574,8
4575,11
4576,2
4577,17
4578,14
4579,5
4580,5
4581,11
4582,3
4583,15
4584,23
4585,17
4586,14
4587,14
4588,5
4589,10
4590,20
4591,23
4592,22
4593,9
4594,19
4595,22
4596,8
4597,24
4598,11
4599,6
4600,16
4601,2
4602,1
4603,22
4604,11
4605,17
4606,19
4607,9
4608,24
4609,18
4610,18
4611,18
4612,23
4613,21
4614,19
4615,6
4616,23
4617,3
4618,4
4619,16
4620,19
4621,15
4622,22
4623,10
4624,15
4625,4
4626,22
4627,7
4628,12
4629,7
4630,21
4631,6
4632,24
4633,4
4634,19
4635,1
4636,21
4637,2
4638,21
4639,11
4640,11
4641,3
4642,20
4643,17
4644,8
4645,14
4646,17
4647,2
4648,18
4649,15
4650,8
4651,17
4652,11
4653,12
4654,10
4655,24
4656,18
4657,4
4658,25
4659,19
4660,13
4661,11
4662,12
4663,17
4664,20
4665,6
4666,24
4667,7
4668,22
4669,6
4670,25
4671,24
4672,10
4673,25
4674,20
4675,1
4676,4
4677,12
4678,23
4679,4
4680,3
4681,5
4682,12
4683,4
4684,4
4685,19
4686,11
4687,13
4688,25
4689,9
4690,6
4691,5
4692,2
4693,19
4694,15
4695,20
4696,25
4697,10
4698,25
4699,8
4700,2
4701,18
4702,1
4703,3
4704,5
4705,23
4706,9
4707,14
4708,14
4709,14
4710,4
4711,21
4712,14
4713,18
4714,1
4715,11
4716,14
4717,8
4718,8
4719,19
4720,12
4721,6
4722,4
4723,24
4724,2
4725,5
4726,11
4727,10
4728,9
4729,14
4730,14
4731,8
4732,21
4733,7
4734,8
4735,19
4736,23
4737,24
4738,4
4739,15
4740,14
4741,7
4742,5
4743,17
4744,5
4745,15
4746,20
4747,7
4748,9
4749,14
4750,15
4751,6
4752,8
4753,25
4754,24
4755,2
4756,22
4757,15
4758,9
4759,4
4760,6
4761,4
4762,6
4763,15
4764,19
4765,6
4766,7
4767,12
4768,8
4769,14
4770,13
4771,20
4772,6
4773,24
4774,23
4775,8
4776,3
4777,13
4778,18
4779,2
4780,16
4781,24
4782,22
4783,20
4784,1
4785,3
4786,15
4787,25
4788,22
4789,7
4790,18
4791,17
4792,24
4793,21
4794,5
4795,1
4796,9
4797,12
4798,3
4799,24
4800,9
4801,23
4802,4
4803,17
4804,12
4805,10
4806,10
4807,20
4808,13
4809,22
4810,18
4811,17
4812,8
4813,11
4814,9
4815,20
4816,24
4817,6
4818,2
4819,17
4820,9
4821,4
4822,1
4823,16
4824,19
4825,17
4826,13
4827,13
4828,7
4829,9
4830,17
4831,13
4832,22
4833,23
4834,20
4835,14
4836,4
4837,20
4838,5
4839,20
4840,19
4841,19
4842,14
4843,22
4844,14
4845,1
4846,3
4847,13
4848,12
4849,6
4850,20
4851,9
4852,2
4853,6
4854,6
4855,13
4856,21
4857,24
4858,18
4859,17
4860,11
4861,6
4862,7
4863,10
4864,8
4865,8
4866,14
4867,14
4868,20
4869,22
4870,21
4871,2
4872,15
4873,3
4874,6
4875,24
4876,7
4877,17
4878,19
4879,3
4880,14
4881,21
4882,22
4883,10
4884,8
4885,18
4886,25
4887,11
4888,23
4889,17
4890,18
4891,7
4892,19
4893,15
4894,22
4895,2
4896,18
4897,6
4898,11
4899,18
4900,17
4901,2
4902,18
4903,17
4904,8
4905,13
4906,20
4907,15
4908,2
4909,7
4910,21
4911,13
4912,11
4913,2
4914,20
4915,24
4916,3
4917,13
4918,17
4919,13
4920,23
4921,11
4922,3
4923,16
4924,24
4925,10
4926,12
4927,6
4928,24
4929,16
4930,6
4931,9
4932,5
4933,22
4934,5
4935,2
4936,25
4937,24
4938,22
4939,23
4940,9
4941,2
4942,15
4943,11
4944,20
4945,18
4946,4
4947,5
4948,21
4949,15
4950,6
4951,6
4952,25
4953,12
4954,10
4955,25
4956,2
4957,16
4958,12
4959,23
4960,17
4961,2
4962,8
4963,21
4964,16
4965,24
4966,15
4967,1
4968,11
4969,4
4970,15
4971,19
4972,2
4973,6
4974,10
4975,22
4976,22
4977,1
4978,12
4979,14
4980,1
4981,11
4982,25
4983,22
4984,7
4985,24
4986,16
4987,1
4988,13
4989,1
4990,22
4991,8
4992,20
4993,18
4994,23
4995,23
4996,5
4997,11
4998,17
4999,8
5000,5
5001,7
5002,13
5003,10
5004,16
5005,25
5006,22
5007,21
5008,5
5009,18
5010,6
5011,10
5012,25
5013,2
5014,24
5015,21
5016,16
5017,3
5018,24
5019,19
5020,24
5021,21
5022,15
5023,15
5024,19
5025,4
5026,8
5027,19
5028,8
5029,5
5030,1
5031,20
5032,8
5033,12
5034,17
5035,12
5036,3
5037,10
5038,25
5039,24
5040,25
5041,1
5042,18
5043,23
5044,23
5045,6
5046,6
5047,12
5048,20
5049,16
5050,12
5051,23
5052,5
5053,23
5054,14
5055,19
5056,21
5057,13
5058,11
5059,16
5060,10
5061,17
5062,16
5063,20
5064,17
5065,3
5066,18
5067,21
5068,7
5069,24
5070,5
5071,4
5072,3
5073,15
5074,17
5075,21
5076,8
5077,22
5078,22
5079,3
5080,10
5081,12
5082,13
5083,12
5084,15
5085,8
5086,4
5087,25
5088,14
5089,23
5090,21
5091,10
5092,19
5093,13
5094,20
5095,8
5096,16
5097,4
5098,18
5099,17
5100,9
5101,7
5102,17
5103,1
5104,7
5105,19
5106,3
5107,22
5108,3
5109,15
5110,21
5111,11
5112,1
5113,19
5114,3
5115,22
5116,25
5117,15
5118,13
5119,14
5120,25
5121,5
5122,23
5123,10
5124,16
5125,4
5126,10
5127,2
5128,5
5129,25
5130,21
5131,25
5132,12
5133,14
5134,14
5135,25
5136,17
5137,4
5138,25
5139,14
5140,1
5141,24
5142,6
5143,7
5144,2
5145,25
5146,21
5147,2
5148,25
5149,19
5150,10
5151,17
5152,4
5153,4
5154,25
5155,6
5156,10
5157,10
5158,1
5159,8
5160,1
5161,2
5162,14
5163,2
5164,16
5165,12
5166,25
5167,25
5168,14
5169,10
5170,2
5171,14
5172,1
5173,16
5174,10
5175,14
5176,2
5177,24
5178,11
5179,6
5180,14
5181,17
5182,12
5183,12
5184,10
5185,24
5186,20
5187,20
5188,6
5189,5
5190,8
5191,14
5192,4
5193,2
5194,21
5195,7
5196,25
5197,21
5198,16
5199,16
5200,13
5201,23
5202,17
5203,5
5204,1
5205,20
5206,14
5207,1
5208,24
5209,6
5210,10
5211,8
5212,5
5213,25
5214,24
5215,18
5216,6
5217,22
5218,10
5219,15
5220,13
5221,22
5222,7
5223,20
5224,21
5225,25
5226,5
5227,19
5228,22
5229,17
5230,7
5231,24
5232,11
5233,6
5234,23
5235,10
5236,1
5237,19
5238,14
5239,16
5240,22
5241,1
5242,9
5243,21
5244,16
5245,6
5246,6
5247,2
5248,12
5249,4
5250,13
5251,19
5252,13
5253,4
5254,1
5255,16
5256,10
5257,2
5258,7
5259,23
5260,24
5261,8
5262,4
5263,10
5264,11
5265,12
5266,17
5267,13
5268,14
5269,6
5270,11
5271,9
5272,17
5273,2
5274,2
5275,2
5276,24
5277,16
5278,20
5279,10
5280,12
5281,8
5282,8
5283,1
5284,4
5285,2
5286,17
5287,6
5288,20
5289,3
5290,2
5291,8
5292,21
5293,22
5294,21
5295,20
5296,11
5297,9
5298,19
5299,13
5300,22
5301,10
5302,15
5303,14
5304,10
5305,9
5306,1
5307,2
5308,24
5309,12
5310,24
5311,12
5312,8
5313,20
5314,6
5315,24
5316,25
5317,7
5318,9
5319,5
5320,23
5321,20
5322,3
5323,2
5324,4
5325,11
5326,10
5327,19
5328,24
5329,14
5330,17
5331,23
5332,24
5333,5
5334,12
5335,25
5336,12
5337,5
5338,17
5339,4
5340,16
5341,20
5342,24
5343,15
5344,12
5345,8
5346,3
5347,1
5348,15
5349,10
5350,20
5351,4
5352,23
5353,22
5354,10
5355,8
5356,14
5357,22
5358,16
5359,9
5360,25
5361,20
5362,19
5363,14
5364,16
5365,3
5366,20
5367,24
5368,8
5369,25
5370,16
5371,6
5372,1
5373,16
5374,4
5375,3
5376,4
5377,18
5378,13
5379,11
5380,19
5381,18
5382,12
5383,3
5384,11
5385,22
5386,16
5387,7
5388,5
5389,13
5390,6
5391,23
5392,11
5393,15
5394,24
5395,14
5396,13
5397,24
5398,6
5399,19
5400,11
5401,23
5402,9
5403,1
5404,1
5405,18
5406,6
5407,10
5408,7
5409,6
5410,5
5411,23
5412,12
5413,15
5414,2
5415,6
5416,21
5417,4
5418,14
5419,25
5420,1
5421,7
5422,2
5423,1
5424,13
5425,11
5426,23
5427,16
5428,23
5429,10
5430,14
5431,13
5432,7
5433,19
5434,4
5435,14
5436,14
5437,22
5438,12
5439,14
5440,13
5441,21
5442,11
5443,17
5444,17
5445,4
5446,12
5447,11
5448,6
5449,21
5450,7
5451,2
5452,12
5453,4
5454,19
5455,19
5456,21
5457,8
5458,3
5459,12
5460,21
5461,1
5462,9
5463,1
5464,10
5465,22
5466,15
5467,10
5468,1
5469,3
5470,16
5471,23
5472,10
5473,11
5474,9
5475,23
5476,11
5477,5
5478,8
5479,6
5480,18
5481,20
5482,5
5483,19
5484,23
5485,10
5486,12
5487,25
5488,9
5489,3
5490,3
5491,3
5492,11
5493,15
5494,23
5495,10
5496,18
5497,24
5498,24
5499,16
5500,6
5501,8
5502,5
5503,3
5504,24
5505,12
5506,25
5507,11
5508,12
5509,9
5510,25
5511,8
5512,9
5513,10
5514,8
5515,12
5516,25
5517,22
5518,8
5519,14
5520,17
5521,7
5522,17
5523,15
5524,7
5525,1
5526,25
5527,23
5528,22
5529,6
5530,12
5531,10
5532,3
5533,14
5534,16
5535,1
5536,11
5537,2
5538,18
5539,17
5540,3
5541,25
5542,8
5543,12
5544,24
5545,19
5546,24
5547,10
5548,6
5549,1
5550,9
5551,13
5552,15
5553,10
5554,6
5555,1
5556,12
5557,4
5558,4
5559,19
5560,20
5561,13
5562,16
5563,6
5564,8
5565,3
5566,10
5567,7
5568,14
5569,15
5570,16
5571,6
5572,18
5573,16
5574,11
5575,24
5576,7
5577,20
5578,19
5579,9
5580,10
5581,5
5582,1
5583,2
5584,16
5585,5
5586,4
5587,9
5588,22
5589,9
5590,7
5591,25
5592,25
5593,20
5594,8
5595,12
5596,10
5597,24
5598,8
5599,12
5600,24
5601,3
5602,12
5603,4
5604,24
5605,2
5606,17
5607,3
5608,24
5609,2
5610,3
5611,19
5612,16
5613,18
5614,18
5615,6
5616,16
5617,24
5618,11
5619,19
5620,4
5621,16
5622,16
5623,22
5624,2
5625,13
5626,22
5627,6
5628,5
5629,6
5630,9
5631,19
5632,13
5633,14
5634,1
5635,7
5636,19
5637,19
5638,10
5639,14
5640,15
5641,15
5642,19
5643,1
5644,5
5645,18
5646,16
5647,6
5648,22
5649,20
5650,8
5651,6
5652,21
5653,6
5654,6
5655,13
5656,25
5657,19
5658,14
5659,3
5660,19
5661,14
5662,7
5663,8
5664,18
5665,8
5666,13
5667,12
5668,5
5669,12
5670,17
5671,1
5672,8
5673,18
5674,9
5675,22
5676,2
5677,23
5678,15
5679,22
5680,15
5681,4
5682,4
5683,6
5684,19
5685,3
5686,17
5687,15
5688,19
5689,10
5690,16
5691,22
5692,9
5693,15
5694,21
5695,14
5696,13
5697,25
5698,4
5699,8
5700,8
5701,13
5702,12
5703,8
5704,15
5705,1
5706,6
5707,8
5708,2
5709,8
5710,24
5711,22
5712,1
5713,8
5714,8
5715,23
5716,12
5717,15
5718,5
5719,21
5720,4
5721,15
5722,21
5723,20
5724,18
5725,22
5726,9
5727,17
5728,5
5729,22
5730,12
5731,23
5732,17
5733,13
5734,4
5735,3
5736,20
5737,8
5738,19
5739,20
5740,9
5741,1
5742,18
5743,19
5744,22
5745,15
5746,23
5747,6
5748,25
5749,13
5750,7
5751,14
5752,17
5753,21
5754,23
5755,2
5756,2
5757,8
5758,3
5759,17
5760,14
5761,15
5762,22
5763,2
5764,10
5765,24
5766,20
5767,5
5768,3
5769,17
5770,1
5771,20
5772,1
5773,15
5774,24
5775,25
5776,6
5777,16
5778,13
5779,25
5780,10
5781,18
5782,23
5783,22
5784,24
5785,4
5786,1
5787,2
5788,5
5789,11
5790,17
5791,11
5792,9
5793,20
5794,15
5795,18
5796,8
5797,5
5798,19
5799,24
5800,22
5801,16
5802,25
5803,15
5804,11
5805,19
5806,14
5807,5
5808,5
5809,1
5810,6
5811,22
5812,2
5813,14
5814,13
5815,10
5816,10
5817,11
5818,5
5819,16
5820,5
5821,22
5822,6
5823,22
5824,2
5825,6
5826,11
5827,1
5828,13
5829,8
5830,16
5831,3
5832,25
5833,16
5834,14
5835,25
5836,7
5837,10
5838,21
5839,3
5840,20
5841,23
5842,20
5843,5
5844,24
5845,6
5846,14
5847,7
5848,23
5849,3
5850,10
5851,24
5852,2
5853,15
5854,3
5855,1
5856,8
5857,2
5858,5
5859,14
5860,20
5861,3
5862,7
5863,4
5864,24
5865,25
5866,21
5867,21
5868,25
5869,6
5870,25
5871,25
5872,20
5873,6
5874,18
5875,4
5876,23
5877,18
5878,24
5879,14
5880,20
5881,17
5882,18
5883,13
5884,17
5885,19
5886,6
5887,21
5888,12
5889,10
5890,11
5891,6
5892,24
5893,4
5894,4
5895,1
5896,17
5897,15
5898,9
5899,10
5900,5
5901,6
5902,25
5903,22
5904,2
5905,24
5906,16
5907,10
5908,23
5909,4
5910,1
5911,3
5912,7
5913,4
5914,12
5915,1
5916,7
5917,17
5918,22
5919,5
5920,5
5921,13
5922,9
5923,24
5924,5
5925,25
5926,17
5927,25
5928,19
5929,1
5930,7
5931,21
5932,19
5933,10
5934,19
5935,23
5936,7
5937,25
5938,13
5939,5
5940,2
5941,10
5942,24
5943,10
5944,8
5945,9
5946,7
5947,14
5948,11
5949,12
5950,3
5951,21
5952,5
5953,13
5954,19
5955,6
5956,19
5957,5
5958,22
5959,18
5960,10
5961,16
5962,21
5963,20
5964,9
5965,7
5966,17
5967,12
5968,5
5969,2
5970,5
5971,15
5972,17
5973,21
5974,17
5975,6
5976,24
5977,19
5978,20
5979,22
5980,5
5981,23
5982,8
5983,4
5984,5
5985,9
5986,16
5987,18
5988,5
5989,1
5990,6
5991,19
5992,6
5993,17
5994,22
5995,10
5996,24
5997,20
5998,10
5999,18
6000,18
6001,24
6002,24
6003,7
6004,4
6005,5
6006,14
6007,19
6008,13
6009,17
6010,13
6011,14
6012,14
6013,9
6014,10
6015,25
6016,4
6017,12
6018,5
6019,9
6020,18
6021,17
6022,20
6023,12
6024,5
6025,22
6026,9
6027,18
6028,20
6029,10
6030,18
6031,8
6032,5
6033,24
6034,18
6035,21
6036,8
6037,6
6038,4
6039,17
6040,9
6041,11
6042,9
6043,4
6044,16
6045,13
6046,25
6047,11
6048,14
6049,25
6050,11
6051,19
6052,22
6053,3
6054,20
6055,12
6056,25
6057,4
6058,1
6059,20
6060,6
6061,23
6062,24
6063,11
6064,18
6065,7
6066,1
6067,15
6068,19
6069,20
6070,23
6071,22
6072,6
6073,15
6074,10
6075,19
6076,7
6077,15
6078,9
6079,12
6080,22
6081,6
6082,3
6083,3
6084,23
6085,8
6086,1
6087,16
6088,13
6089,12
6090,25
6091,16
6092,25
6093,5
6094,22
6095,5
6096,11
6097,6
6098,5
6099,11
6100,16
6101,23
6102,7
6103,6
6104,18
6105,14
6106,6
6107,21
6108,1
6109,11
6110,19
6111,18
6112,16
6113,4
6114,15
6115,24
6116,2
6117,5
6118,13
6119,11
6120,17
6121,18
6122,13
6123,20
6124,19
6125,5
6126,10
6127,4
6128,15
6129,4
6130,1
6131,23
6132,25
6133,4
6134,18
6135,20
6136,11
6137,22
6138,7
6139,14
6140,15
6141,1
6142,12
6143,1
6144,3
6145,19
6146,21
6147,3
6148,7
6149,16
6150,17
6151,20
6152,18
6153,9
6154,2
6155,8
6156,21
6157,15
6158,6
6159,25
6160,10
6161,11
6162,9
6163,18
6164,8
6165,8
6166,17
6167,25
6168,1
6169,14
6170,7
6171,11
6172,3
6173,21
6174,17
6175,23
6176,23
6177,17
6178,15
6179,21
6180,11
6181,20
6182,23
6183,14
6184,12
6185,11
6186,10
6187,2
6188,1
6189,3
6190,2
6191,18
6192,16
6193,17
6194,3
6195,22
6196,3
6197,14
6198,21
6199,22
6200,19
6201,25
6202,23
6203,21
6204,17
6205,1
6206,21
6207,11
6208,25
6209,13
6210,19
6211,3
6212,2
6213,2
6214,10
6215,15
6216,21
6217,10
6218,3
6219,8
6220,20
6221,21
6222,23
6223,5
6224,18
6225,13
6226,11
6227,4
6228,12
6229,21
6230,25
6231,14
6232,7
6233,6
6234,22
6235,14
6236,23
6237,7
6238,8
6239,5
6240,18
6241,11
6242,14
6243,2
6244,22
6245,8
6246,15
6247,11
6248,17
6249,17
6250,9
6251,11
6252,24
6253,21
6254,14
6255,14
6256,17
6257,14
6258,14
6259,17
6260,18
6261,24
6262,12
6263,10
6264,17
6265,13
6266,23
6267,24
6268,7
6269,14
6270,7
6271,23
6272,17
6273,4
6274,14
6275,13
6276,21
6277,10
6278,23
6279,19
6280,10
6281,6
6282,13
6283,3
6284,23
6285,19
6286,14
6287,10
6288,5
6289,20
6290,24
6291,7
6292,2
6293,15
6294,13
6295,9
6296,9
6297,11
6298,16
6299,9
6300,22
6301,2
6302,12
6303,22
6304,23
6305,11
6306,12
6307,15
6308,1
6309,22
6310,17
6311,23
6312,9
6313,12
6314,24
6315,22
6316,17
6317,18
6318,3
6319,10
6320,7
6321,10
6322,9
6323,18
6324,10
6325,11
6326,20
6327,18
6328,3
6329,10
6330,7
6331,10
6332,6
6333,3
6334,22
6335,22
6336,3
6337,21
6338,17
6339,12
6340,23
6341,23
6342,10
6343,5
6344,20
6345,15
6346,5
6347,12
6348,6
6349,9
6350,13
6351,6
6352,2
6353,25
6354,25
6355,9
6356,6
6357,11
6358,22
6359,2
6360,16
6361,3
6362,19
6363,10
6364,7
6365,16
6366,17
6367,5
6368,10
6369,5
6370,9
6371,20
6372,23
6373,6
6374,17
6375,3
6376,21
6377,4
6378,2
6379,3
6380,16
6381,14
6382,7
6383,7
6384,22
6385,14
6386,4
6387,11
6388,18
6389,9
6390,3
6391,14
6392,24
6393,9
6394,8
6395,13
6396,15
6397,6
6398,19
6399,17
6400,7
6401,17
6402,23
6403,3
6404,25
6405,21
6406,23
6407,1
6408,3
6409,4
6410,9
6411,1
6412,9
6413,13
6414,4
6415,17
6416,20
6417,24
6418,4
6419,11
6420,21
6421,12
6422,23
6423,24
6424,16
6425,25
6426,5
6427,8
6428,18
6429,15
6430,5
6431,2
6432,25
6433,7
6434,22
6435,19
6436,21
6437,12
6438,7
6439,13
6440,9
6441,8
6442,5
6443,24
6444,7
6445,20
6446,19
6447,18
6448,20
6449,2
6450,14
6451,8
6452,1
6453,24
6454,4
6455,11
6456,22
6457,25
6458,16
6459,23
6460,2
6461,5
6462,20
6463,16
6464,5
6465,24
6466,12
6467,20
6468,6
6469,2
6470,9
6471,5
6472,22
6473,3
6474,20
6475,24
6476,7
6477,24
6478,25
6479,9
6480,16
6481,22
6482,24
6483,24
6484,21
6485,14
6486,2
6487,25
6488,21
6489,12
6490,24
6491,1
6492,14
6493,17
6494,25
6495,25
6496,16
6497,2
6498,6
6499,12
6500,20
6501,24
6502,24
6503,10
6504,15
6505,5
6506,11
6507,19
6508,11
6509,5
6510,8
6511,18
6512,20
6513,21
6514,25
6515,18
6516,17
6517,15
6518,9
6519,11
6520,5
6521,9
6522,4
6523,16
6524,8
6525,4
6526,22
6527,18
6528,22
6529,8
6530,15
6531,1
6532,8
6533,16
6534,19
6535,6
6536,12
6537,19
6538,21
6539,15
6540,1
6541,22
6542,8
6543,1
6544,6
6545,2
6546,18
6547,17
6548,24
6549,8
6550,4
6551,7
6552,24
6553,7
6554,5
6555,18
6556,23
6557,16
6558,6
6559,18
6560,16
6561,25
6562,17
6563,13
6564,3
6565,20
6566,6
6567,1
6568,8
6569,14
6570,6
6571,24
6572,12
6573,10
6574,13
6575,14
6576,9
6577,6
6578,12
6579,15
6580,20
6581,6
6582,18
6583,1
6584,4
6585,9
6586,12
6587,7
6588,9
6589,15
6590,25
6591,4
6592,10
6593,21
6594,20
6595,8
6596,9
6597,12
6598,25
6599,19
6600,24
6601,15
6602,1
6603,25
6604,1
6605,18
6606,17
6607,20
6608,14
6609,17
6610,10
6611,20
6612,22
6613,24
6614,2
6615,12
6616,19
6617,12
6618,4
6619,21
6620,15
6621,10
6622,5
6623,10
6624,1
6625,13
6626,18
6627,6
6628,15
6629,15
6630,23
6631,14
6632,10
6633,8
6634,25
6635,15
6636,18
6637,4
6638,14
6639,1
6640,4
6641,8
6642,20
6643,5
6644,25
6645,3
6646,24
6647,11
6648,12
6649,13
6650,10
6651,8
6652,14
6653,25
6654,3
6655,24
6656,18
6657,17
6658,11
6659,9
6660,17
6661,10
6662,6
6663,6
6664,11
6665,23
6666,21
6667,4
6668,21
6669,23
6670,12
6671,24
6672,13
6673,20
6674,18
6675,14
6676,20
6677,12
6678,2
6679,8
6680,22
6681,25
6682,11
6683,12
6684,20
6685,12
6686,4
6687,23
6688,10
6689,8
6690,23
6691,15
6692,3
6693,18
6694,2
6695,12
6696,14
6697,25
6698,17
6699,5
6700,18
6701,7
6702,10
6703,14
6704,16
6705,15
6706,7
6707,25
6708,13
6709,23
6710,8
6711,2
6712,1
6713,20
6714,1
6715,4
6716,18
6717,5
6718,7
6719,20
6720,19
6721,13
6722,3
6723,12
6724,3
6725,14
6726,17
6727,18
6728,17
6729,23
6730,17
6731,1
6732,16
6733,20
6734,16
6735,22
6736,25
6737,18
6738,16
6739,17
6740,7
6741,24
6742,8
6743,1
6744,22
6745,17
6746,21
6747,2
6748,1
6749,5
6750,2
6751,9
6752,7
6753,25
6754,2
6755,13
6756,25
6757,17
6758,7
6759,16
6760,17
6761,15
6762,9
6763,10
6764,11
6765,1
6766,22
6767,6
6768,15
6769,13
6770,6
6771,13
6772,10
6773,12
6774,10
6775,22
6776,17
6777,10
6778,19
6779,14
6780,7
6781,22
6782,21
6783,2
6784,4
6785,12
6786,19
6787,22
6788,15
6789,10
6790,15
6791,3
6792,5
6793,16
6794,10
6795,9
6796,14
6797,17
6798,6
6799,11
6800,12
6801,6
6802,22
6803,14
6804,4
6805,23
6806,21
6807,10
6808,20
6809,18
6810,14
6811,8
6812,23
6813,17
6814,16
6815,21
6816,18
6817,13
6818,6
6819,9
6820,15
6821,25
6822,19
6823,2
6824,24
6825,10
6826,20
6827,12
6828,4
6829,22
6830,24
6831,2
6832,11
6833,22
6834,7
6835,17
6836,3
6837,4
6838,24
6839,17
6840,18
6841,1
6842,5
6843,8
6844,2
6845,20
6846,3
6847,10
6848,8
6849,20
6850,12
6851,7
6852,7
6853,19
6854,24
6855,25
6856,22
6857,20
6858,17
6859,5
6860,11
6861,9
6862,4
6863,22
6864,18
6865,25
6866,22
6867,15
6868,14
6869,3
6870,22
6871,20
6872,25
6873,8
6874,3
6875,25
6876,12
6877,11
6878,3
6879,17
6880,22
6881,18
6882,20
6883,20
6884,10
6885,25
6886,17
6887,1
6888,18
6889,2
6890,2
6891,24
6892,8
6893,15
6894,23
6895,24
6896,24
6897,14
6898,6
6899,8
6900,22
6901,1
6902,18
6903,5
6904,8
6905,22
6906,1
6907,16
6908,12
6909,4
6910,14
6911,14
6912,6
6913,11
6914,21
6915,19
6916,17
6917,22
6918,22
6919,18
6920,6
6921,25
6922,24
6923,20
6924,10
6925,24
6926,17
6927,9
6928,13
6929,20
6930,22
6931,18
6932,22
6933,5
6934,19
6935,11
6936,24
6937,14
6938,4
6939,13
6940,15
6941,9
6942,23
6943,5
6944,5
6945,17
6946,21
6947,19
6948,2
6949,25
6950,17
6951,6
6952,6
6953,4
6954,15
6955,24
6956,9
6957,6
6958,5
6959,24
6960,24
6961,20
6962,4
6963,22
6964,12
6965,21
6966,24
6967,10
6968,7
6969,19
6970,4
6971,19
6972,8
6973,21
6974,5
6975,8
6976,22
6977,7
6978,9
6979,19
6980,14
6981,14
6982,25
6983,21
6984,21
6985,2
6986,9
6987,1
6988,11
6989,13
6990,17
6991,6
6992,6
6993,10
6994,16
6995,18
6996,11
6997,22
6998,20
6999,8
7000,3
7001,9
7002,14
7003,23
7004,18
7005,24
7006,13
7007,10
7008,15
7009,8
7010,15
7011,23
7012,5
7013,17
7014,16
7015,23
7016,18
7017,19
7018,8
7019,20
7020,11
7021,3
7022,25
7023,17
7024,24
7025,23
7026,2
7027,5
7028,22
7029,17
7030,16
7031,12
7032,14
7033,23
7034,20
7035,13
7036,21
7037,1
7038,8
7039,3
7040,14
7041,5
7042,20
7043,12
7044,4
7045,11
7046,3
7047,10
7048,13
7049,23
7050,11
7051,19
7052,13
7053,20
7054,17
7055,15
7056,16
7057,22
7058,20
7059,4
7060,17
7061,6
7062,18
7063,3
7064,20
7065,2
7066,1
7067,14
7068,24
7069,17
7070,20
7071,14
7072,22
7073,7
7074,20
7075,13
7076,13
7077,24
7078,14
7079,2
7080,16
7081,21
7082,23
7083,20
7084,5
7085,17
7086,11
7087,5
7088,1
7089,18
7090,7
7091,4
7092,12
7093,5
7094,14
7095,23
7096,17
7097,4
7098,17
7099,19
7100,1
7101,21
7102,16
7103,2
7104,25
7105,2
7106,24
7107,8
7108,7
7109,1
7110,7
7111,9
7112,19
7113,16
7114,6
7115,20
7116,12
7117,10
7118,19
7119,19
7120,12
7121,24
7122,4
7123,5
7124,8
7125,7
7126,21
7127,11
7128,11
7129,16
7130,13
7131,19
7132,9
7133,4
7134,6
7135,13
7136,24
7137,16
7138,7
7139,20
7140,4
7141,8
7142,5
7143,21
7144,18
7145,6
7146,22
7147,12
7148,2
7149,14
7150,23
7151,21
7152,3
7153,22
7154,5
7155,24
7156,19
7157,14
7158,3
7159,19
7160,12
7161,13
7162,21
7163,11
7164,24
7165,6
7166,22
7167,11
7168,8
7169,13
7170,16
7171,17
7172,24
7173,22
7174,10
7175,10
7176,8
7177,9
7178,18
7179,7
7180,16
7181,19
7182,12
7183,24
7184,22
7185,8
7186,23
7187,9
7188,20
7189,18
7190,23
7191,22
7192,21
7193,11
7194,3
7195,8
7196,7
7197,6
7198,16
7199,20
7200,4
7201,3
7202,16
7203,5
7204,1
7205,12
7206,22
7207,25
7208,4
7209,14
7210,4
7211,8
7212,18
7213,7
7214,12
7215,19
7216,5
7217,6
7218,3
7219,14
7220,15
7221,14
7222,17
7223,25
7224,7
7225,9
7226,16
7227,12
7228,2
7229,10
7230,11
7231,19
7232,12
7233,14
7234,13
7235,2
7236,25
7237,18
7238,4
7239,6
7240,24
7241,15
7242,7
7243,4
7244,5
7245,15
7246,20
7247,9
7248,19
7249,22
7250,18
7251,15
7252,18
7253,1
7254,25
7255,22
7256,18
7257,21
7258,25
7259,11
7260,14
7261,13
7262,16
7263,9
7264,21
7265,18
7266,20
7267,1
7268,11
7269,9
7270,18
7271,25
7272,16
7273,14
7274,20
7275,3
7276,19
7277,3
7278,10
7279,24
7280,1
7281,20
7282,6
7283,21
7284,2
7285,19
7286,15
7287,1
7288,11
7289,18
7290,14
7291,15
7292,1
7293,8
7294,22
7295,4
7296,2
7297,1
7298,23
7299,16
7300,23
7301,18
7302,11
7303,2
7304,17
7305,3
7306,21
7307,1
7308,18
7309,20
7310,6
7311,23
7312,18
7313,21
7314,12
7315,4
7316,5
7317,4
7318,1
7319,2
7320,3
7321,11
7322,19
7323,10
7324,5
7325,16
7326,8
7327,4
7328,6
7329,5
7330,14
7331,20
7332,18
7333,11
7334,4
7335,20
7336,5
7337,25
7338,14
7339,25
7340,4
7341,25
7342,22
7343,7
7344,24
7345,24
7346,23
7347,1
7348,10
7349,10
7350,13
7351,8
7352,2
7353,19
7354,18
7355,1
7356,1
7357,22
7358,15
7359,18
7360,23
7361,13
7362,1
7363,2
7364,22
7365,20
7366,8
7367,13
7368,18
7369,14
7370,22
7371,20
7372,23
7373,17
7374,3
7375,24
7376,24
7377,12
7378,7
7379,3
7380,23
7381,20
7382,9
7383,18
7384,22
7385,22
7386,12
7387,16
7388,9
7389,15
7390,17
7391,24
7392,18
7393,23
7394,19
7395,3
7396,14
7397,5
7398,12
7399,15
7400,20
7401,25
7402,20
7403,19
7404,21
7405,1
7406,1
7407,17
7408,1
7409,14
7410,15
7411,25
7412,4
7413,14
7414,4
7415,21
7416,18
7417,8
7418,25
7419,22
7420,5
7421,19
7422,16
7423,3
7424,21
7425,18
7426,4
7427,23
7428,7
7429,22
7430,1
7431,22
7432,12
7433,7
7434,16
7435,2
7436,7
7437,16
7438,8
7439,14
7440,22
7441,17
7442,25
7443,12
7444,17
7445,10
7446,5
7447,8
7448,1
7449,24
7450,10
7451,21
7452,19
7453,20
7454,4
7455,21
7456,6
7457,20
7458,4
7459,14
7460,24
7461,14
7462,21
7463,24
7464,5
7465,16
7466,21
7467,16
7468,15
7469,9
7470,19
7471,23
7472,8
7473,22
7474,6
7475,12
7476,3
7477,3
7478,6
7479,24
7480,20
7481,18
7482,20
7483,12
7484,22
7485,12
7486,23
7487,2
7488,23
7489,4
7490,25
7491,14
7492,22
7493,5
7494,19
7495,12
7496,23
7497,13
7498,20
7499,14
7500,19
7501,5
7502,22
7503,24
7504,18
7505,2
7506,20
7507,14
7508,2
7509,7
7510,23
7511,2
7512,8
7513,10
7514,11
7515,15
7516,2
7517,16
7518,7
7519,19
7520,16
7521,14
7522,22
7523,5
7524,15
7525,1
7526,25
7527,25
7528,10
7529,9
7530,21
7531,6
7532,17
7533,8
7534,16
7535,22
7536,9
7537,17
7538,6
7539,8
7540,22
7541,22
7542,15
7543,2
7544,3
7545,8
7546,23
7547,1
7548,16
7549,23
7550,11
7551,1
7552,24
7553,11
7554,13
7555,1
7556,17
7557,19
7558,20
7559,24
7560,19
7561,7
7562,11
7563,6
7564,21
7565,9
7566,5
7567,2
7568,19
7569,15
7570,22
7571,18
7572,17
7573,21
7574,16
7575,13
7576,6
7577,24
7578,3
7579,2
7580,21
7581,5
7582,11
7583,5
7584,19
7585,11
7586,2
7587,22
7588,6
7589,13
7590,18
7591,25
7592,22
7593,13
7594,4
7595,13
7596,7
7597,23
7598,11
7599,12
7600,22
7601,6
7602,19
7603,19
7604,11
7605,1
7606,22
7607,3
7608,8
7609,1
7610,19
7611,11
7612,2
7613,3
7614,2
7615,14
7616,20
7617,16
7618,24
7619,16
7620,15
7621,24
7622,16
7623,10
7624,24
7625,8
7626,7
7627,2
7628,22
7629,25
7630,24
7631,25
7632,3
7633,20
7634,1
7635,20
7636,14
7637,2
7638,3
7639,9
7640,4
7641,3
7642,6
7643,23
7644,21
7645,12
7646,14
7647,20
7648,21
7649,10
7650,7
7651,1
7652,10
7653,19
7654,21
7655,12
7656,24
7657,11
7658,24
7659,7
7660,17
7661,21
7662,12
7663,25
7664,2
7665,25
7666,23
7667,1
7668,21
7669,3
7670,21
7671,11
7672,14
7673,8
7674,5
7675,11
7676,12
7677,11
7678,16
7679,19
7680,19
7681,13
7682,17
7683,25
7684,9
7685,21
7686,2
7687,12
7688,25
7689,2
7690,13
7691,24
7692,25
7693,6
7694,1
7695,5
7696,25
7697,15
7698,5
7699,8
7700,4
7701,2
7702,5
7703,20
7704,21
7705,25
7706,23
7707,6
7708,16
7709,24
7710,11
7711,20
7712,2
7713,4
7714,20
7715,11
7716,7
7717,16
7718,19
7719,7
7720,9
7721,8
7722,3
7723,7
7724,11
7725,23
7726,14
7727,8
7728,20
7729,13
7730,20
7731,24
7732,12
7733,7
7734,10
7735,1
7736,2
7737,13
7738,24
7739,6
7740,7
7741,7
7742,24
7743,15
7744,12
7745,4
7746,15
7747,20
7748,15
7749,21
7750,11
7751,18
7752,17
7753,23
7754,9
7755,18
7756,24
7757,18
7758,11
7759,3
7760,17
7761,4
7762,19
7763,15
7764,18
7765,2
7766,24
7767,14
7768,23
7769,1
7770,10
7771,3
7772,15
7773,12
7774,13
7775,4
7776,23
7777,10
7778,16
7779,4
7780,14
7781,13
7782,9
7783,6
7784,19
7785,20
7786,11
7787,22
7788,20
7789,22
7790,21
7791,7
7792,1
7793,18
7794,11
7795,4
7796,9
7797,8
7798,5
7799,3
7800,12
7801,16
7802,11
7803,21
7804,11
7805,7
7806,14
7807,9
7808,4
7809,15
7810,4
7811,6
7812,5
7813,9
7814,16
7815,13
7816,23
7817,9
7818,8
7819,7
7820,9
7821,24
7822,1
7823,10
7824,8
7825,3
7826,4
7827,4
7828,7
7829,11
7830,8
7831,10
7832,12
7833,8
7834,25
7835,10
7836,22
7837,15
7838,22
7839,22
7840,13
7841,2
7842,14
7843,2
7844,23
7845,8
7846,7
7847,1
7848,21
7849,21
7850,5
7851,19
7852,12
7853,1
7854,18
7855,16
7856,17
7857,12
7858,4
7859,12
7860,17
7861,2
7862,21
7863,20
7864,22
7865,8
7866,19
7867,1
7868,1
7869,1
7870,10
7871,18
7872,23
7873,4
7874,18
7875,10
7876,11
7877,11
7878,2
7879,8
7880,10
7881,5
7882,17
7883,14
7884,12
7885,18
7886,14
7887,18
7888,24
7889,1
7890,25
7891,12
7892,7
7893,15
7894,17
7895,3
7896,10
7897,23
7898,14
7899,2
7900,18
7901,19
7902,3
7903,4
7904,6
7905,4
7906,25
7907,8
7908,18
7909,11
7910,15
7911,20
7912,18
7913,13
7914,22
7915,7
7916,2
7917,9
7918,7
7919,2
7920,12
7921,25
7922,15
7923,8
7924,4
7925,14
7926,21
7927,6
7928,14
7929,18
7930,19
7931,3
7932,17
7933,11
7934,24
7935,13
7936,4
7937,24
7938,1
7939,25
7940,7
7941,13
7942,9
7943,2
7944,13
7945,16
7946,6
7947,19
7948,23
7949,17
7950,4
7951,3
7952,9
7953,23
7954,19
7955,5
7956,16
7957,17
7958,20
7959,6
7960,2
7961,18
7962,16
7963,1
7964,9
7965,17
7966,3
7967,6
7968,24
7969,16
7970,5
7971,19
7972,14
7973,25
7974,16
7975,18
7976,10
7977,9
7978,10
7979,4
7980,1
7981,25
7982,6
7983,8
7984,17
7985,7
7986,3
7987,8
7988,3
7989,10
7990,8
7991,23
7992,17
7993,11
7994,16
7995,24
7996,19
7997,5
7998,6
7999,19
8000,22
8001,17
8002,23
8003,10
8004,18
8005,23
8006,10
8007,7
8008,7
8009,4
8010,7
8011,25
8012,19
8013,1
8014,22
8015,17
8016,4
8017,22
8018,3
8019,16
8020,17
8021,4
8022,19
8023,8
8024,22
8025,22
8026,22
8027,2
8028,17
8029,16
8030,20
8031,18
8032,18
8033,18
8034,23
8035,8
8036,23
8037,25
8038,1
8039,11
8040,6
8041,12
8042,15
8043,13
8044,25
8045,10
8046,7
8047,13
8048,13
8049,24
8050,10
8051,3
8052,4
8053,5
8054,7
8055,18
8056,21
8057,9
8058,22
8059,4
8060,21
8061,20
8062,20
8063,14
8064,20
8065,6
8066,14
8067,2
8068,15
8069,23
8070,2
8071,3
8072,20
8073,23
8074,19
8075,7
8076,2
8077,12
8078,8
8079,7
8080,23
8081,25
8082,15
8083,1
8084,22
8085,15
8086,4
8087,19
8088,6
8089,12
8090,23
8091,21
8092,13
8093,6
8094,24
8095,20
8096,8
8097,19
8098,2
8099,21
8100,24
8101,22
8102,8
8103,21
8104,13
8105,1
8106,10
8107,5
8108,3
8109,15
8110,1
8111,12
8112,9
8113,6
8114,20
8115,14
8116,14
8117,3
8118,20
8119,19
8120,16
8121,4
8122,21
8123,9
8124,10
8125,10
8126,6
8127,17
8128,20
8129,18
8130,19
8131,18
8132,19
8133,20
8134,16
8135,1
8136,16
8137,16
8138,7
8139,23
8140,11
8141,10
8142,25
8143,19
8144,3
8145,8
8146,18
8147,1
8148,7
8149,7
8150,14
8151,12
8152,8
8153,20
8154,15
8155,22
8156,2
8157,6
8158,8
8159,4
8160,11
8161,12
8162,7
8163,12
8164,24
8165,7
8166,23
8167,11
8168,1
8169,20
8170,25
8171,19
8172,22
8173,24
8174,24
8175,13
8176,24
8177,11
8178,21
8179,6
8180,5
8181,9
8182,6
8183,11
8184,17
8185,5
8186,8
8187,5
8188,12
8189,20
8190,4
8191,7
8192,10
8193,6
8194,14
8195,9
8196,13
8197,24
8198,22
8199,12
8200,3
8201,19
8202,6
8203,20
8204,14
8205,15
8206,14
8207,15
8208,1
8209,7
8210,19
8211,4
8212,6
8213,12
8214,21
8215,7
8216,13
8217,16
8218,24
8219,2
8220,23
8221,1
8222,24
8223,21
8224,8
8225,24
8226,2
8227,9
8228,6
8229,1
8230,2
8231,16
8232,12
8233,23
8234,22
8235,3
8236,15
8237,14
8238,7
8239,7
8240,20
8241,10
8242,10
8243,2
8244,23
8245,23
8246,25
8247,22
8248,17
8249,1
8250,2
8251,21
8252,12
8253,5
8254,18
8255,3
8256,25
8257,10
8258,2
8259,4
8260,10
8261,9
8262,8
8263,7
8264,1
8265,10
8266,25
8267,12
8268,20
8269,4
8270,24
8271,19
8272,8
8273,20
8274,7
8275,19
8276,21
8277,14
8278,24
8279,19
8280,11
8281,16
8282,11
8283,10
8284,15
8285,8
8286,3
8287,8
8288,23
8289,13
8290,14
8291,24
8292,25
8293,25
8294,17
8295,19
8296,21
8297,6
8298,14
8299,18
8300,25
8301,18
8302,21
8303,4
8304,23
8305,15
8306,22
8307,17
8308,6
8309,5
8310,6
8311,24
8312,12
8313,13
8314,13
8315,25
8316,10
8317,14
8318,18
8319,20
8320,4
8321,6
8322,22
8323,9
8324,18
8325,4
8326,19
8327,1
8328,20
8329,19
8330,19
8331,23
8332,10
8333,2
8334,12
8335,2
8336,2
8337,5
8338,12
8339,20
8340,5
8341,12
8342,4
8343,7
8344,17
8345,25
8346,15
8347,1
8348,25
8349,21
8350,17
8351,2
8352,20
8353,18
8354,20
8355,14
8356,7
8357,1
8358,3
8359,9
8360,4
8361,6
8362,2
8363,10
8364,4
8365,10
8366,24
8367,5
8368,1
8369,10
8370,11
8371,19
8372,15
8373,25
8374,9
8375,25
8376,23
8377,6
8378,12
8379,21
8380,21
8381,20
8382,17
8383,10
8384,7
8385,23
8386,9
8387,4
8388,4
8389,16
8390,2
8391,6
8392,9
8393,9
8394,17
8395,3
8396,24
8397,4
8398,14
8399,2
8400,17
8401,1
8402,4
8403,22
8404,14
8405,7
8406,16
8407,7
8408,2
8409,19
8410,18
8411,12
8412,24
8413,19
8414,20
8415,15
8416,1
8417,3
8418,7
8419,5
8420,21
8421,23
8422,4
8423,16
8424,11
8425,19
8426,22
8427,9
8428,24
8429,8
8430,2
8431,2
8432,9
8433,13
8434,23
8435,1
8436,14
8437,8
8438,9
8439,11
8440,15
8441,4
8442,6
8443,7
8444,23
8445,6
8446,2
8447,18
8448,23
8449,5
8450,24
8451,14
8452,6
8453,19
8454,15
8455,18
8456,18
8457,4
8458,24
8459,14
8460,5
8461,18
8462,6
8463,7
8464,12
8465,4
8466,16
8467,14
8468,10
8469,8
8470,3
8471,18
8472,8
8473,19
8474,24
8475,21
8476,16
8477,10
8478,19
8479,1
8480,5
8481,17
8482,20
8483,9
8484,18
8485,22
8486,3
8487,25
8488,20
8489,24
8490,17
8491,23
8492,10
8493,5
8494,5
8495,9
8496,1
8497,8
8498,15
8499,11
8500,8
8501,3
8502,1
8503,1
8504,4
8505,8
8506,9
8507,21
8508,1
8509,19
8510,19
8511,10
8512,22
8513,11
8514,9
8515,13
8516,9
8517,4
8518,14
8519,22
8520,16
8521,20
8522,3
8523,13
8524,16
8525,11
8526,1
8527,16
8528,12
8529,23
8530,13
8531,9
8532,19
8533,16
8534,11
8535,19
8536,8
8537,2
8538,25
8539,15
8540,13
8541,14
8542,20
8543,18
8544,17
8545,16
8546,23
8547,2
8548,11
8549,10
8550,10
8551,16
8552,20
8553,21
8554,15
8555,9
8556,24
8557,7
8558,15
8559,25
8560,3
8561,7
8562,14
8563,13
8564,2
8565,9
8566,13
8567,25
8568,5
8569,17
8570,3
8571,5
8572,11
8573,16
8574,6
8575,25
8576,1
8577,11
8578,10
8579,16
8580,24
8581,8
8582,24
8583,7
8584,10
8585,9
8586,5
8587,10
8588,22
8589,21
8590,13
8591,9
8592,11
8593,3
8594,14
8595,7
8596,22
8597,10
8598,23
8599,14
8600,11
8601,21
8602,20
8603,19
8604,10
8605,8
8606,25
8607,16
8608,23
8609,24
8610,19
8611,13
8612,2
8613,12
8614,5
8615,8
8616,19
8617,10
8618,9
8619,14
8620,3
8621,3
8622,14
8623,2
8624,14
8625,11
8626,23
8627,23
8628,18
8629,7
8630,14
8631,10
8632,1
8633,1
8634,7
8635,4
8636,15
8637,2
8638,6
8639,21
8640,10
8641,4
8642,7
8643,18
8644,6
8645,13
8646,19
8647,2
8648,25
8649,18
8650,21
8651,21
8652,22
8653,2
8654,8
8655,8
8656,19
8657,2
8658,9
8659,3
8660,1
8661,3
8662,12
8663,2
8664,7
8665,11
8666,17
8667,7
8668,12
8669,13
8670,3
8671,4
8672,9
8673,21
8674,3
8675,9
8676,17
8677,10
8678,16
8679,17
8680,3
8681,18
8682,9
8683,17
8684,14
8685,7
8686,22
8687,4
8688,5
8689,2
8690,8
8691,25
8692,11
8693,19
8694,7
8695,11
8696,5
8697,25
8698,18
8699,4
8700,13
8701,18
8702,5
8703,8
8704,16
8705,20
8706,1
8707,20
8708,17
8709,15
8710,1
8711,12
8712,18
8713,18
8714,21
8715,20
8716,6
8717,12
8718,18
8719,12
8720,16
8721,14
8722,1
8723,3
8724,5
8725,10
8726,22
8727,18
8728,8
8729,10
8730,25
8731,6
8732,1
8733,19
8734,24
8735,7
8736,6
8737,23
8738,12
8739,11
8740,7
8741,2
8742,3
8743,9
8744,5
8745,11
8746,16
8747,8
8748,20
8749,12
8750,10
8751,6
8752,8
8753,2
8754,3
8755,20
8756,23
8757,24
8758,8
8759,18
8760,13
8761,16
8762,25
8763,23
8764,4
8765,9
8766,20
8767,2
8768,6
8769,8
8770,25
8771,1
8772,21
8773,19
8774,10
8775,18
8776,3
8777,7
8778,13
8779,2
8780,2
8781,5
8782,8
8783,8
8784,2
8785,11
8786,5
8787,13
8788,14
8789,25
8790,9
8791,17
8792,6
8793,18
8794,3
8795,10
8796,18
8797,17
8798,14
8799,16
8800,24
8801,4
8802,15
8803,25
8804,13
8805,12
8806,11
8807,13
8808,25
8809,12
8810,20
8811,10
8812,15
8813,16
8814,24
8815,22
8816,15
8817,23
8818,16
8819,20
8820,18
8821,23
8822,3
8823,9
8824,19
8825,22
8826,24
8827,7
8828,23
8829,16
8830,4
8831,21
8832,16
8833,23
8834,5
8835,17
8836,24
8837,9
8838,2
8839,8
8840,9
8841,21
8842,12
8843,13
8844,19
8845,7
8846,8
8847,15
8848,23
8849,21
8850,19
8851,16
8852,17
8853,20
8854,22
8855,22
8856,2
8857,6
8858,10
8859,14
8860,14
8861,17
8862,8
8863,16
8864,20
8865,20
8866,18
8867,2
8868,12
8869,6
8870,17
8871,7
8872,21
8873,10
8874,4
8875,24
8876,21
8877,1
8878,19
8879,25
8880,4
8881,5
8882,20
8883,7
8884,12
8885,10
8886,4
8887,25
8888,19
8889,16
8890,23
8891,25
8892,12
8893,2
8894,22
8895,6
8896,10
8897,12
8898,17
8899,14
8900,24
8901,22
8902,19
8903,21
8904,6
8905,13
8906,24
8907,14
8908,5
8909,5
8910,13
8911,3
8912,8
8913,11
8914,23
8915,19
8916,12
8917,20
8918,3
8919,15
8920,8
8921,6
8922,21
8923,9
8924,11
8925,18
8926,22
8927,1
8928,16
8929,2
8930,19
8931,3
8932,4
8933,9
8934,6
8935,15
8936,22
8937,14
8938,8
8939,17
8940,6
8941,5
8942,21
8943,5
8944,18
8945,6
8946,19
8947,5
8948,13
8949,22
8950,24
8951,20
8952,10
8953,20
8954,20
8955,7
8956,14
8957,23
8958,18
8959,3
8960,25
8961,25
8962,14
8963,11
8964,6
8965,22
8966,17
8967,15
8968,15
8969,10
8970,5
8971,10
8972,4
8973,23
8974,13
8975,11
8976,14
8977,13
8978,9
8979,6
8980,7
8981,18
8982,22
8983,1
8984,16
8985,16
8986,17
8987,10
8988,17
8989,24
8990,8
8991,2
8992,22
8993,24
8994,13
8995,17
8996,9
8997,25
8998,2
8999,25
9000,15
9001,14
9002,22
9003,4
9004,7
9005,1
9006,13
9007,16
9008,24
9009,25
9010,21
9011,18
9012,11
9013,11
9014,6
9015,20
9016,1
9017,22
9018,7
9019,20
9020,10
9021,11
9022,8
9023,2
9024,9
9025,12
9026,13
9027,8
9028,1
9029,25
9030,4
9031,5
9032,1
9033,1
9034,7
9035,22
9036,3
9037,12
9038,16
9039,23
9040,15
9041,4
9042,14
9043,18
9044,8
9045,9
9046,25
9047,10
9048,20
9049,8
9050,16
9051,19
9052,4
9053,4
9054,22
9055,1
9056,21
9057,25
9058,6
9059,23
9060,1
9061,22
9062,8
9063,15
9064,3
9065,6
9066,19
9067,2
9068,15
9069,2
9070,23
9071,9
9072,22
9073,6
9074,19
9075,10
9076,6
9077,5
9078,17
9079,16
9080,23
9081,19
9082,17
9083,5
9084,9
9085,22
9086,9
9087,4
9088,12
9089,13
9090,10
9091,19
9092,16
9093,14
9094,11
9095,2
9096,8
9097,9
9098,7
9099,18
9100,22
9101,15
9102,20
9103,12
9104,22
9105,15
9106,14
9107,10
9108,20
9109,8
9110,3
9111,21
9112,3
9113,10
9114,20
9115,21
9116,10
9117,13
9118,15
9119,16
9120,6
9121,11
9122,13
9123,12
9124,5
9125,7
9126,1
9127,14
9128,7
9129,1
9130,22
9131,12
9132,13
9133,5
9134,6
9135,15
9136,16
9137,7
9138,10
9139,15
9140,16
9141,4
9142,2
9143,1
9144,25
9145,2
9146,2
9147,8
9148,22
9149,1
9150,5
9151,4
9152,23
9153,15
9154,24
9155,18
9156,20
9157,16
9158,7
9159,10
9160,12
9161,11
9162,12
9163,12
9164,11
9165,3
9166,15
9167,2
9168,20
9169,17
9170,12
9171,23
9172,6
9173,17
9174,21
9175,22
9176,18
9177,21
9178,15
9179,4
9180,7
9181,19
9182,17
9183,16
9184,1
9185,11
9186,13
9187,25
9188,17
9189,25
9190,24
9191,5
9192,2
9193,5
9194,5
9195,14
9196,1
9197,9
9198,24
9199,3
9200,22
9201,2
9202,20
9203,11
9204,8
9205,7
9206,14
9207,22
9208,6
9209,19
9210,14
9211,18
9212,3
9213,9
9214,25
9215,6
9216,17
9217,13
9218,1
9219,9
9220,6
9221,21
9222,6
9223,5
9224,17
9225,25
9226,12
9227,14
9228,5
9229,5
9230,4
9231,12
9232,16
9233,3
9234,23
9235,15
9236,24
9237,24
9238,12
9239,4
9240,4
9241,19
9242,25
9243,22
9244,20
9245,9
9246,25
9247,16
9248,3
9249,9
9250,5
9251,17
9252,12
9253,13
9254,8
9255,17
9256,23
9257,13
9258,7
9259,14
9260,24
9261,4
9262,4
9263,4
9264,7
9265,2
9266,21
9267,18
9268,16
9269,22
9270,7
9271,12
9272,10
9273,23
9274,16
9275,8
9276,24
9277,20
9278,1
9279,23
9280,19
9281,24
9282,14
9283,19
9284,19
9285,22
9286,9
9287,25
9288,22
9289,18
9290,20
9291,12
9292,7
9293,1
9294,12
9295,7
9296,17
9297,22
9298,14
9299,19
9300,5
9301,2
9302,7
9303,10
9304,17
9305,19
9306,21
9307,22
9308,17
9309,12
9310,20
9311,1
9312,6
9313,5
9314,15
9315,25
9316,20
9317,10
9318,24
9319,2
9320,13
9321,25
9322,3
9323,7
9324,20
9325,15
9326,14
9327,1
9328,3
9329,22
9330,7
9331,25
9332,9
9333,23
9334,16
9335,9
9336,20
9337,25
9338,17
9339,16
9340,5
9341,18
9342,7
9343,5
9344,1
9345,5
9346,13
9347,5
9348,6
9349,15
9350,11
9351,7
9352,18
9353,16
9354,3
9355,3
9356,6
9357,9
9358,24
9359,7
9360,24
9361,20
9362,22
9363,24
9364,13
9365,19
9366,25
9367,13
9368,17
9369,17
9370,8
9371,21
9372,7
9373,14
9374,23
9375,22
9376,24
9377,16
9378,22
9379,18
9380,15
9381,24
9382,2
9383,16
9384,18
9385,2
9386,13
9387,19
9388,12
9389,23
9390,3
9391,16
9392,7
9393,19
9394,5
9395,4
9396,9
9397,9
9398,14
9399,2
9400,5
9401,19
9402,15
9403,16
9404,19
9405,12
9406,23
9407,12
9408,21
9409,23
9410,13
9411,5
9412,18
9413,11
9414,1
9415,10
9416,15
9417,8
9418,13
9419,24
9420,7
9421,13
9422,18
9423,15
9424,5
9425,9
9426,15
9427,15
9428,16
9429,23
9430,7
9431,16
9432,22
9433,12
9434,17
9435,20
9436,18
9437,14
9438,6
9439,18
9440,23
9441,25
9442,21
9443,2
9444,20
9445,2
9446,14
9447,8
9448,7
9449,14
9450,16
9451,24
9452,15
9453,6
9454,1
9455,14
9456,16
9457,6
9458,2
9459,2
9460,8
9461,12
9462,8
9463,3
9464,12
9465,12
9466,22
9467,7
9468,25
9469,25
9470,16
9471,24
9472,5
9473,20
9474,10
9475,19
9476,6
9477,13
9478,17
9479,25
9480,13
9481,2
9482,22
9483,19
9484,14
9485,18
9486,3
9487,1
9488,5
9489,3
9490,1
9491,4
9492,4
9493,10
9494,12
9495,17
9496,18
9497,8
9498,25
9499,6
9500,19
9501,5
9502,14
9503,15
9504,17
9505,20
9506,4
9507,17
9508,16
9509,6
9510,4
9511,16
9512,3
9513,3
9514,16
9515,4
9516,3
9517,2
9518,12
9519,13
9520,14
9521,13
9522,6
9523,6
9524,14
9525,3
9526,2
9527,17
9528,2
9529,19
9530,20
9531,23
9532,25
9533,13
9534,19
9535,20
9536,1
9537,7
9538,12
9539,11
9540,3
9541,16
9542,13
9543,24
9544,15
9545,9
9546,2
9547,10
9548,11
9549,23
9550,25
9551,18
9552,20
9553,21
9554,5
9555,1
9556,13
9557,24
9558,1
9559,25
9560,17
9561,25
9562,7
9563,5
9564,21
9565,14
9566,21
9567,12
9568,24
9569,7
9570,6
9571,11
9572,4
9573,13
9574,20
9575,19
9576,6
9577,4
9578,21
9579,8
9580,5
9581,8
9582,11
9583,15
9584,19
9585,6
9586,23
9587,23
9588,13
9589,8
9590,22
9591,18
9592,12
9593,20
9594,21
9595,16
9596,1
9597,21
9598,3
9599,19
9600,14
9601,9
9602,7
9603,18
9604,14
9605,18
9606,16
9607,1
9608,14
9609,15
9610,19
9611,10
9612,23
9613,18
9614,24
9615,24
9616,8
9617,13
9618,16
9619,12
9620,3
9621,17
9622,22
9623,6
9624,13
9625,13
9626,12
9627,14
9628,8
9629,6
9630,1
9631,15
9632,7
9633,11
9634,5
9635,10
9636,8
9637,11
9638,5
9639,2
9640,7
9641,14
9642,15
9643,6
9644,3
9645,9
9646,21
9647,4
9648,23
9649,16
9650,18
9651,18
9652,15
9653,11
9654,1
9655,4
9656,1
9657,5
9658,7
9659,4
9660,15
9661,6
9662,5
9663,12
9664,16
9665,15
9666,15
9667,7
9668,23
9669,11
9670,10
9671,9
9672,4
9673,8
9674,21
9675,18
9676,14
9677,11
9678,1
9679,18
9680,24
9681,3
9682,20
9683,9
9684,11
9685,13
9686,14
9687,22
9688,14
9689,8
9690,6
9691,15
9692,10
9693,16
9694,5
9695,9
9696,1
9697,7
9698,11
9699,19
9700,25
9701,11
9702,17
9703,10
9704,23
9705,21
9706,9
9707,12
9708,11
9709,24
9710,16
9711,19
9712,20
9713,24
9714,20
9715,13
9716,19
9717,22
9718,1
9719,1
9720,22
9721,3
9722,18
9723,24
9724,3
9725,2
9726,11
9727,8
9728,7
9729,8
9730,18
9731,22
9732,18
9733,19
9734,24
9735,22
9736,2
9737,10
9738,16
9739,3
9740,12
9741,24
9742,24
9743,17
9744,1
9745,23
9746,10
9747,15
9748,25
9749,9
9750,21
9751,16
9752,7
9753,15
9754,10
9755,18
9756,17
9757,8
9758,20
9759,24
9760,13
9761,4
9762,5
9763,3
9764,20
9765,23
9766,25
9767,23
9768,1
9769,19
9770,15
9771,8
9772,11
9773,17
9774,4
9775,7
9776,1
9777,3
9778,25
9779,25
9780,14
9781,18
9782,8
9783,8
9784,25
9785,21
9786,18
9787,4
9788,15
9789,25
9790,18
9791,18
9792,9
9793,25
9794,9
9795,13
9796,9
9797,14
9798,21
9799,20
9800,12
9801,17
9802,24
9803,18
9804,11
9805,16
9806,2
9807,1
9808,1
9809,4
9810,1
9811,11
9812,13
9813,17
9814,14
9815,5
9816,15
9817,13
9818,19
9819,18
9820,22
9821,17
9822,14
9823,5
9824,1
9825,12
9826,2
9827,24
9828,16
9829,12
9830,22
9831,16
9832,8
9833,16
9834,4
9835,4
9836,22
9837,23
9838,16
9839,7
9840,23
9841,20
9842,4
9843,21
9844,3
9845,21
9846,16
9847,22
9848,12
9849,22
9850,25
9851,24
9852,11
9853,13
9854,16
9855,20
9856,16
9857,10
9858,16
9859,10
9860,11
9861,19
9862,25
9863,8
9864,5
9865,7
9866,5
9867,24
9868,21
9869,15
9870,1
9871,16
9872,7
9873,24
9874,15
9875,24
9876,22
9877,21
9878,10
9879,2
9880,25
9881,22
9882,24
9883,13
9884,18
9885,16
9886,22
9887,4
9888,15
9889,1
9890,17
9891,21
9892,21
9893,3
9894,21
9895,3
9896,22
9897,21
9898,8
9899,4
9900,24
9901,3
9902,5
9903,14
9904,8
9905,14
9906,6
9907,5
9908,6
9909,17
9910,5
9911,9
9912,4
9913,1
9914,2
9915,14
9916,13
9917,6
9918,4
9919,3
9920,5
9921,22
9922,11
9923,15
9924,18
9925,21
9926,25
9927,22
9928,6
9929,12
9930,9
9931,9
9932,10
9933,8
9934,5
9935,23
9936,13
9937,13
9938,15
9939,15
9940,1
9941,3
9942,17
9943,13
9944,11
9945,4
9946,13
9947,2
9948,23
9949,1
9950,9
9951,14
9952,19
9953,1
9954,19
9955,23
9956,24
9957,18
9958,9
9959,14
9960,15
9961,22
9962,12
9963,24
9964,6
9965,11
9966,25
9967,19
9968,19
9969,7
9970,2
9971,6
9972,22
9973,11
9974,4
9975,21
9976,19
9977,10
9978,17
9979,22
9980,1
9981,18
9982,23
9983,16
9984,5
9985,17
9986,3
9987,25
9988,1
9989,19
9990,22
9991,18
9992,5
9993,1
9994,1
9995,3
9996,1
9997,12
9998,15
9999,11
10000,4
10001,20
10002,25
10003,4
10004,19
10005,23
10006,21
10007,13
10008,21
10009,16
10010,12
10011,3
10012,15
10013,7
10014,25
10015,9
10016,14
10017,23
10018,22
10019,8
10020,5
10021,11
10022,20
10023,9
10024,21
10025,9
10026,9
10027,15
10028,23
10029,13
10030,25
10031,9
10032,1
10033,21
10034,9
10035,8
10036,23
10037,10
10038,21
10039,19
10040,22
10041,22
10042,7
10043,4
10044,22
10045,2
10046,12
10047,7
10048,20
10049,5
10050,23
10051,19
10052,6
10053,22
10054,1
10055,25
10056,1
10057,1
10058,15
10059,11
10060,10
10061,21
10062,19
10063,14
10064,8
10065,25
10066,19
10067,21
10068,25
10069,19
10070,3
10071,18
10072,6
10073,12
10074,10
10075,12
10076,16
10077,10
10078,10
10079,23
10080,13
10081,9
10082,2
10083,14
10084,2
10085,11
10086,18
10087,10
10088,12
10089,24
10090,2
10091,11
10092,20
10093,20
10094,7
10095,11
10096,15
10097,13
10098,7
10099,24
10100,1
10101,21
10102,2
10103,13
10104,7
10105,6
10106,6
10107,7
10108,11
10109,15
10110,19
10111,24
10112,23
10113,15
10114,1
10115,17
10116,3
10117,18
10118,14
10119,10
10120,24
10121,7
10122,13
10123,22
10124,25
10125,3
10126,7
10127,16
10128,12
10129,22
10130,15
10131,19
10132,23
10133,15
10134,10
10135,20
10136,6
10137,8
10138,12
10139,3
10140,5
10141,24
10142,25
10143,21
10144,21
10145,6
10146,13
10147,22
10148,7
10149,12
10150,12
10151,13
10152,3
10153,11
10154,4
10155,24
10156,14
10157,3
10158,9
10159,14
10160,19
10161,8
10162,15
10163,2
10164,7
10165,22
10166,8
10167,1
10168,21
10169,20
10170,23
10171,21
10172,23
10173,10
10174,3
10175,4
10176,22
10177,14
10178,6
10179,19
10180,21
10181,23
10182,1
10183,18
10184,20
10185,12
10186,8
10187,12
10188,22
10189,10
10190,3
10191,7
10192,4
10193,22
10194,23
10195,20
10196,5
10197,6
10198,16
10199,14
10200,2
10201,6
10202,10
10203,22
10204,21
10205,5
10206,24
10207,24
10208,12
10209,7
10210,13
10211,13
10212,13
10213,1
10214,1
10215,23
10216,24
10217,4
10218,24
10219,10
10220,24
10221,20
10222,17
10223,5
10224,8
10225,25
10226,21
10227,5
10228,20
10229,11
10230,14
10231,24
10232,8
10233,1
10234,10
10235,19
10236,17
10237,12
10238,18
10239,1
10240,21
10241,11
10242,16
10243,22
10244,16
10245,25
10246,11
10247,13
10248,2
10249,18
10250,16
10251,23
10252,10
10253,6
10254,20
10255,10
10256,20
10257,11
10258,23
10259,8
10260,22
10261,11
10262,24
10263,19
10264,4
10265,22
10266,14
10267,14
10268,21
10269,3
10270,14
10271,13
10272,9
10273,14
10274,11
10275,9
10276,3
10277,24
10278,1
10279,13
10280,18
10281,23
10282,17
10283,24
10284,16
10285,19
10286,14
10287,6
10288,12
10289,21
10290,10
10291,25
10292,21
10293,2
10294,7
10295,18
10296,23
10297,13
10298,16
10299,1
10300,25
10301,9
10302,13
10303,13
10304,10
10305,4
10306,9
10307,12
10308,25
10309,10
10310,13
10311,19
10312,9
10313,20
10314,22
10315,4
10316,10
10317,14
10318,20
10319,12
10320,8
10321,16
10322,24
10323,17
10324,22
10325,6
10326,5
10327,24
10328,20
10329,16
10330,11
10331,4
10332,8
10333,1
10334,6
10335,17
10336,24
10337,22
10338,25
10339,5
10340,14
10341,17
10342,19
10343,4
10344,5
10345,10
10346,5
10347,21
10348,13
10349,10
10350,14
10351,20
10352,15
10353,11
10354,1
10355,4
10356,11
10357,13
10358,3
10359,6
10360,6
10361,18
10362,23
10363,12
10364,6
10365,5
10366,7
10367,1
10368,17
10369,9
10370,7
10371,1
10372,20
10373,15
10374,15
10375,19
10376,19
10377,18
10378,12
10379,2
10380,3
10381,10
10382,14
10383,7
10384,8
10385,12
10386,13
10387,21
10388,5
10389,16
10390,24
10391,3
10392,7
10393,4
10394,14
10395,18
10396,18
10397,3
10398,16
10399,17
10400,25
10401,25
10402,23
10403,11
10404,20
10405,9
10406,15
10407,18
10408,19
10409,18
10410,16
10411,17
10412,6
10413,11
10414,16
10415,18
10416,14
10417,24
10418,17
10419,20
10420,18
10421,9
10422,9
10423,23
10424,23
10425,14
10426,11
10427,8
10428,24
10429,3
10430,8
10431,6
10432,11
10433,10
10434,25
10435,12
10436,11
10437,2
10438,25
10439,19
10440,10
10441,7
10442,15
10443,19
10444,25
10445,12
10446,24
10447,24
10448,22
10449,10
10450,24
10451,4
10452,22
10453,5
10454,22
10455,25
10456,21
10457,14
10458,4
10459,1
10460,24
10461,6
10462,8
10463,15
10464,19
10465,1
10466,17
10467,16
10468,4
10469,17
10470,13
10471,15
10472,16
10473,7
10474,22
10475,2
10476,7
10477,12
10478,22
10479,3
10480,14
10481,22
10482,12
10483,13
10484,16
10485,9
10486,16
10487,10
10488,15
10489,5
10490,16
10491,5
10492,21
10493,20
10494,18
10495,13
10496,18
10497,4
10498,22
10499,6
10500,23
10501,6
10502,11
10503,2
10504,21
10505,13
10506,17
10507,11
10508,1
10509,7
10510,5
10511,15
10512,6
10513,24
10514,4
10515,2
10516,18
10517,21
10518,5
10519,25
10520,12
10521,10
10522,3
10523,2
10524,18
10525,9
10526,25
10527,20
10528,10
10529,19
10530,5
10531,13
10532,11
10533,2
10534,17
10535,25
10536,9
10537,8
10538,17
10539,7
10540,15
10541,5
10542,22
10543,19
10544,16
10545,12
10546,20
10547,22
10548,8
10549,11
10550,24
10551,5
10552,8
10553,5
10554,11
10555,3
10556,13
10557,20
10558,13
10559,22
10560,10
10561,18
10562,7
10563,6
10564,6
10565,8
10566,16
10567,24
10568,6
10569,7
10570,11
10571,9
10572,15
10573,22
10574,8
10575,15
10576,8
10577,16
10578,16
10579,1
10580,8
10581,17
10582,8
10583,21
10584,8
10585,6
10586,7
10587,24
10588,18
10589,17
10590,4
10591,17
10592,8
10593,9
10594,19
10595,4
10596,16
10597,23
10598,12
10599,8
10600,18
10601,2
10602,15
10603,25
10604,4
10605,22
10606,10
10607,8
10608,16
10609,10
10610,1
10611,16
10612,23
10613,8
10614,22
10615,12
10616,16
10617,11
10618,15
10619,9
10620,22
10621,7
10622,19
10623,15
10624,11
10625,2
10626,1
10627,23
10628,2
10629,1
10630,12
10631,17
10632,24
10633,5
10634,15
10635,15
10636,7
10637,20
10638,20
10639,16
10640,17
10641,2
10642,2
10643,5
10644,12
10645,14
10646,22
10647,1
10648,3
10649,4
10650,13
10651,9
10652,1
10653,9
10654,7
10655,14
10656,11
10657,9
10658,17
10659,5
10660,20
10661,6
10662,14
10663,9
10664,3
10665,8
10666,10
10667,20
10668,4
10669,12
10670,2
10671,23
10672,13
10673,14
10674,11
10675,24
10676,22
10677,25
10678,12
10679,25
10680,13
10681,3
10682,5
10683,1
10684,5
10685,18
10686,22
10687,4
10688,15
10689,3
10690,18
10691,14
10692,17
10693,6
10694,20
10695,7
10696,20
10697,14
10698,5
10699,2
10700,10
10701,21
10702,11
10703,17
10704,12
10705,19
10706,22
10707,2
10708,3
10709,14
10710,3
10711,16
10712,7
10713,17
10714,18
10715,25
10716,1
10717,24
10718,16
10719,12
10720,19
10721,19
10722,11
10723,8
10724,25
10725,11
10726,1
10727,19
10728,3
10729,9
10730,24
10731,1
10732,6
10733,20
10734,11
10735,19
10736,1
10737,1
10738,4
10739,15
10740,9
10741,4
10742,11
10743,16
10744,18
10745,24
10746,21
10747,16
10748,14
10749,19
10750,1
10751,8
10752,20
10753,13
10754,13
10755,5
10756,10
10757,21
10758,20
10759,15
10760,21
10761,18
10762,10
10763,4
10764,2
10765,19
10766,21
10767,4
10768,24
10769,25
10770,1
10771,1
10772,4
10773,8
10774,9
10775,9
10776,18
10777,2
10778,23
10779,10
10780,19
10781,18
10782,9
10783,7
10784,10
10785,10
10786,23
10787,9
10788,9
10789,3
10790,25
10791,9
10792,17
10793,8
10794,21
10795,9
10796,12
10797,10
10798,13
10799,9
10800,17
10801,24
10802,4
10803,20
10804,11
10805,9
10806,9
10807,9
10808,15
10809,17
10810,15
10811,4
10812,18
10813,25
10814,1
10815,10
10816,17
10817,12
10818,22
10819,25
10820,18
10821,11
10822,3
10823,1
10824,10
10825,9
10826,14
10827,11
10828,22
10829,1
10830,2
10831,4
10832,1
10833,2
10834,22
10835,3
10836,20
10837,14
10838,17
10839,24
10840,19
10841,24
10842,15
10843,19
10844,24
10845,17
10846,13
10847,8
10848,12
10849,16
10850,16
10851,3
10852,14
10853,12
10854,19
10855,19
10856,20
10857,13
10858,1
10859,3
10860,16
10861,25
10862,3
10863,6
10864,12
10865,9
10866,3
10867,21
10868,9
10869,23
10870,15
10871,12
10872,25
10873,14
10874,24
10875,3
10876,15
10877,14
10878,2
10879,18
10880,19
10881,16
10882,15
10883,3
10884,18
10885,22
10886,19
10887,18
10888,4
10889,9
10890,12
10891,8
10892,2
10893,3
10894,16
10895,18
10896,13
10897,24
10898,10
10899,13
10900,21
10901,1
10902,7
10903,23
10904,13
10905,3
10906,8
10907,11
10908,21
10909,3
10910,15
10911,23
10912,23
10913,9
10914,19
10915,22
10916,20
10917,24
10918,3
10919,25
10920,9
10921,25
10922,21
10923,22
10924,10
10925,21
10926,17
10927,10
10928,20
10929,18
10930,8
10931,6
10932,20
10933,10
10934,23
10935,20
10936,2
10937,21
10938,8
10939,22
10940,2
10941,4
10942,2
10943,9
10944,21
10945,19
10946,3
10947,9
10948,4
10949,12
10950,10
10951,15
10952,13
10953,16
10954,4
10955,3
10956,7
10957,5
10958,2
10959,5
10960,16
10961,4
10962,16
10963,5
10964,15
10965,22
10966,12
10967,12
10968,3
10969,24
10970,15
10971,15
10972,2
10973,20
10974,18
10975,23
10976,21
10977,21
10978,12
10979,21
10980,17
10981,20
10982,18
10983,15
10984,6
10985,7
10986,19
10987,23
10988,10
10989,10
10990,22
10991,9
10992,8
10993,14
10994,11
10995,12
10996,7
10997,4
10998,5
10999,14
11000,18
11001,2
11002,5
11003,20
11004,18
11005,9
11006,11
11007,19
11008,7
11009,19
11010,13
11011,8
11012,4
11013,23
11014,17
11015,15
11016,2
11017,12
11018,9
11019,25
11020,9
11021,11
11022,12
11023,23
11024,5
11025,7
11026,17
11027,21
11028,20
11029,14
11030,21
11031,6
11032,12
11033,18
11034,23
11035,4
11036,20
11037,14
11038,3
11039,14
11040,19
11041,5
11042,18
11043,2
11044,24
11045,3
11046,24
11047,2
11048,25
11049,16
11050,12
11051,1
11052,21
11053,23
11054,20
11055,21
11056,6
11057,15
11058,7
11059,9
11060,4
11061,4
11062,13
11063,3
11064,2
11065,23
11066,5
11067,16
11068,1
11069,16
11070,18
11071,20
11072,22
11073,5
11074,14
11075,23
11076,6
11077,10
11078,20
11079,4
11080,10
11081,8
11082,19
11083,15
11084,11
11085,12
11086,22
11087,21
11088,7
11089,22
11090,18
11091,17
11092,22
11093,15
11094,3
11095,18
11096,4
11097,21
11098,9
11099,4
11100,4
11101,17
11102,18
11103,7
11104,15
11105,22
11106,24
11107,15
11108,14
11109,15
11110,6
11111,13
11112,15
11113,18
11114,21
11115,17
11116,18
11117,15
11118,10
11119,6
11120,6
11121,9
11122,1
11123,4
11124,16
11125,25
11126,17
11127,19
11128,23
11129,23
11130,20
11131,13
11132,8
11133,8
11134,4
11135,1
11136,18
11137,15
11138,11
11139,13
11140,18
11141,15
11142,24
11143,1
11144,4
11145,20
11146,17
11147,20
11148,21
11149,18
11150,14
11151,3
11152,17
11153,25
11154,2
11155,14
11156,2
11157,7
11158,7
11159,17
11160,16
11161,4
11162,7
11163,21
11164,9
11165,4
11166,10
11167,11
11168,2
11169,19
11170,21
11171,1
11172,20
11173,13
11174,11
11175,5
11176,9
11177,3
11178,11
11179,22
11180,6
11181,3
11182,20
11183,20
11184,12
11185,10
11186,4
11187,25
11188,1
11189,24
11190,2
11191,23
11192,14
11193,2
11194,21
11195,19
11196,19
11197,14
11198,1
11199,18
11200,18
11201,21
11202,23
11203,22
11204,10
11205,5
11206,9
11207,7
11208,7
11209,9
11210,3
11211,3
11212,25
11213,15
11214,24
11215,7
11216,9
11217,21
11218,17
11219,2
11220,8
11221,13
11222,4
11223,20
11224,25
11225,15
11226,15
11227,7
11228,12
11229,23
11230,25
11231,21
11232,6
11233,25
11234,4
11235,10
11236,12
11237,5
11238,15
11239,13
11240,7
11241,16
11242,8
11243,10
11244,11
11245,6
11246,2
11247,6
11248,24
11249,12
11250,19
11251,1
11252,7
11253,14
11254,20
11255,23
11256,1
11257,21
11258,1
11259,5
11260,18
11261,6
11262,3
11263,9
11264,13
11265,18
11266,6
11267,3
11268,13
11269,13
11270,16
11271,21
11272,18
11273,7
11274,20
11275,24
11276,19
11277,17
11278,22
11279,1
11280,12
11281,20
11282,3
11283,8
11284,23
11285,15
11286,8
11287,6
11288,23
11289,1
11290,11
11291,14
11292,21
11293,1
11294,17
11295,21
11296,20
11297,6
11298,14
11299,11
11300,20
11301,11
11302,20
11303,10
11304,25
11305,3
11306,18
11307,3
11308,22
11309,16
11310,13
11311,9
11312,3
11313,2
11314,6
11315,7
11316,7
11317,1
11318,15
11319,24
11320,23
11321,5
11322,7
11323,24
11324,8
11325,19
11326,21
11327,21
11328,9
11329,7
11330,13
11331,11
11332,13
11333,22
11334,5
11335,22
11336,18
11337,9
11338,10
11339,25
11340,9
11341,20
11342,14
11343,18
11344,13
11345,19
11346,22
11347,11
11348,22
11349,20
11350,9
11351,3
11352,10
11353,16
11354,17
11355,23
11356,6
11357,23
11358,12
11359,8
11360,5
11361,8
11362,4
11363,20
11364,22
11365,14
11366,21
11367,10
11368,22
11369,20
11370,9
11371,19
11372,5
11373,17
11374,2
11375,5
11376,15
11377,9
11378,9
11379,8
11380,16
11381,5
11382,19
11383,24
11384,24
11385,17
11386,13
11387,11
11388,6
11389,19
11390,13
11391,2
11392,11
11393,12
11394,18
11395,23
11396,24
11397,7
11398,4
11399,25
11400,6
11401,17
11402,2
11403,7
11404,12
11405,10
11406,5
11407,17
11408,8
11409,22
11410,10
11411,3
11412,10
11413,20
11414,23
11415,13
11416,18
11417,8
11418,12
11419,12
11420,19
11421,22
11422,15
11423,13
11424,21
11425,15
11426,16
11427,8
11428,11
11429,25
11430,7
11431,22
11432,2
11433,2
11434,6
11435,10
11436,23
11437,7
11438,19
11439,5
11440,17
11441,20
11442,11
11443,16
11444,1
11445,21
11446,11
11447,23
11448,12
11449,9
11450,9
11451,17
11452,16
11453,6
11454,7
11455,3
11456,18
11457,9
11458,21
11459,21
11460,24
11461,3
11462,2
11463,22
11464,11
11465,22
11466,14
11467,3
11468,7
11469,9
11470,4
11471,23
11472,7
11473,12
11474,2
11475,5
11476,21
11477,10
11478,20
11479,23
11480,8
11481,22
11482,8
11483,19
11484,15
11485,25
11486,13
11487,21
11488,23
11489,19
11490,14
11491,11
11492,18
11493,15
11494,8
11495,5
11496,19
11497,14
11498,6
11499,5
11500,9
11501,11
11502,20
11503,18
11504,9
11505,13
11506,13
11507,5
11508,22
11509,8
11510,10
11511,16
11512,16
11513,8
11514,17
11515,4
11516,22
11517,6
11518,24
11519,8
11520,7
11521,9
11522,25
11523,5
11524,7
11525,6
11526,22
11527,9
11528,3
11529,5
11530,10
11531,2
11532,14
11533,23
11534,8
11535,22
11536,23
11537,2
11538,8
11539,20
11540,21
11541,3
11542,15
11543,3
11544,24
11545,4
11546,23
11547,9
11548,11
11549,22
11550,1
11551,13
11552,9
11553,2
11554,2
11555,12
11556,20
11557,1
11558,1
11559,13
11560,20
11561,21
11562,10
11563,11
11564,4
11565,3
11566,21
11567,9
11568,11
11569,12
11570,15
11571,12
11572,5
11573,9
11574,17
11575,18
11576,8
11577,8
11578,3
11579,20
11580,13
11581,22
11582,16
11583,24
11584,7
11585,9
11586,2
11587,13
11588,23
11589,24
11590,7
11591,6
11592,16
11593,2
11594,10
11595,6
11596,5
11597,17
11598,2
11599,2
11600,9
11601,6
11602,5
11603,6
11604,19
11605,11
11606,16
11607,16
11608,14
11609,2
11610,5
11611,1
11612,5
11613,1
11614,1
11615,13
11616,7
11617,21
11618,9
11619,2
11620,14
11621,16
11622,7
11623,12
11624,16
11625,25
11626,8
11627,15
11628,1
11629,16
11630,3
11631,15
11632,14
11633,23
11634,10
11635,6
11636,5
11637,7
11638,19
11639,2
11640,11
11641,25
11642,22
11643,25
11644,16
11645,6
11646,23
11647,2
11648,3
11649,8
11650,21
11651,25
11652,19
11653,13
11654,19
11655,12
11656,15
11657,18
11658,22
11659,1
11660,12
11661,3
11662,25
11663,9
11664,18
11665,1
11666,21
11667,19
11668,14
11669,2
11670,2
11671,22
11672,18
11673,16
11674,4
11675,6
11676,7
11677,1
11678,7
11679,15
11680,5
11681,9
11682,6
11683,7
11684,2
11685,2
11686,12
11687,3
11688,19
11689,20
11690,21
11691,19
11692,20
11693,12
11694,6
11695,7
11696,4
11697,2
11698,16
11699,11
11700,21
11701,20
11702,1
11703,24
11704,20
11705,22
11706,12
11707,22
11708,4
11709,18
11710,5
11711,13
11712,17
11713,4
11714,18
11715,24
11716,10
11717,25
11718,20
11719,9
11720,20
11721,7
11722,6
11723,22
11724,13
11725,3
11726,10
11727,7
11728,23
11729,14
11730,5
11731,11
11732,16
11733,24
11734,13
11735,19
11736,15
11737,8
11738,4
11739,13
11740,6
11741,25
11742,1
11743,7
11744,24
11745,5
11746,25
11747,22
11748,19
11749,21
11750,7
11751,16
11752,9
11753,1
11754,6
11755,23
11756,8
11757,9
11758,6
11759,4
11760,17
11761,11
11762,17
11763,15
11764,18
11765,1
11766,18
11767,15
11768,25
11769,21
11770,14
11771,8
11772,19
11773,4
11774,4
11775,15
11776,6
11777,17
11778,12
11779,25
11780,1
11781,18
11782,23
11783,13
11784,1
11785,14
11786,18
11787,23
11788,7
11789,7
11790,15
11791,3
11792,25
11793,13
11794,22
11795,15
11796,4
11797,14
11798,25
11799,11
11800,24
11801,15
11802,19
11803,24
11804,5
11805,8
11806,15
11807,15
11808,20
11809,21
11810,24
11811,14
11812,16
11813,5
11814,12
11815,9
11816,21
11817,5
11818,25
11819,20
11820,17
11821,4
11822,2
11823,7
11824,14
11825,18
11826,7
11827,25
11828,5
11829,22
11830,12
11831,9
11832,25
11833,19
11834,17
11835,9
11836,25
11837,8
11838,6
11839,19
11840,20
11841,1
11842,22
11843,17
11844,19
11845,13
11846,11
11847,2
11848,10
11849,2
11850,24
11851,21
11852,19
11853,15
11854,4
11855,14
11856,15
11857,8
11858,4
11859,3
11860,22
11861,11
11862,7
11863,10
11864,12
11865,21
11866,25
11867,15
11868,13
11869,19
11870,7
11871,2
11872,2
11873,12
11874,10
11875,18
11876,14
11877,5
11878,10
11879,24
11880,25
11881,24
11882,17
11883,25
11884,7
11885,17
11886,18
11887,25
11888,10
11889,8
11890,3
11891,9
11892,19
11893,5
11894,8
11895,21
11896,17
11897,2
11898,10
11899,23
11900,2
11901,6
11902,13
11903,16
11904,11
11905,11
11906,7
11907,25
11908,2
11909,11
11910,8
11911,18
11912,25
11913,10
11914,3
11915,6
11916,25
11917,14
11918,23
11919,13
11920,24
11921,21
11922,15
11923,15
11924,14
11925,3
11926,17
11927,15
11928,9
11929,13
11930,15
11931,8
11932,8
11933,25
11934,19
11935,13
11936,13
11937,21
11938,8
11939,5
11940,16
11941,4
11942,2
11943,14
11944,1
11945,5
11946,18
11947,3
11948,5
11949,25
11950,8
11951,13
11952,1
11953,18
11954,8
11955,16
11956,8
11957,4
11958,9
11959,4
11960,13
11961,9
11962,12
11963,18
11964,14
11965,6
11966,13
11967,10
11968,8
11969,12
11970,25
11971,22
11972,21
11973,16
11974,3
11975,10
11976,6
11977,11
11978,5
11979,10
11980,1
11981,12
11982,4
11983,10
11984,24
11985,12
11986,2
11987,25
11988,6
11989,5
11990,25
11991,20
11992,14
11993,25
11994,1
11995,21
11996,10
11997,21
11998,1
11999,11
12000,17
12001,22
12002,9
12003,21
12004,17
12005,13
12006,25
12007,1
12008,3
12009,16
12010,20
12011,4
12012,16
12013,1
12014,21
12015,7
12016,20
12017,9
12018,13
12019,16
12020,1
12021,16
12022,1
12023,12
12024,5
12025,8
12026,1
12027,2
12028,15
12029,23
12030,5
12031,18
12032,19
12033,21
12034,8
12035,21
12036,23
12037,19
12038,20
12039,14
12040,12
12041,15
12042,23
12043,7
12044,18
12045,9
12046,3
12047,19
12048,1
12049,24
12050,6
12051,10
12052,24
12053,24
12054,4
12055,23
12056,24
12057,6
12058,9
12059,20
12060,7
12061,5
12062,11
12063,7
12064,12
12065,21
12066,12
12067,17
12068,6
12069,17
12070,6
12071,21
12072,19
12073,19
12074,13
12075,11
12076,13
12077,16
12078,25
12079,24
12080,15
12081,18
12082,18
12083,12
12084,5
12085,24
12086,17
12087,2
12088,4
12089,7
12090,22
12091,14
12092,1
12093,14
12094,3
12095,7
12096,9
12097,10
12098,21
12099,16
12100,13
12101,19
12102,24
12103,18
12104,10
12105,7
12106,10
12107,17
12108,13
12109,11
12110,9
12111,2
12112,13
12113,19
12114,2
12115,13
12116,3
12117,25
12118,6
12119,5
12120,21
12121,10
12122,5
12123,20
12124,21
12125,14
12126,15
12127,24
12128,12
12129,3
12130,21
12131,16
12132,9
12133,10
12134,19
12135,2
12136,1
12137,1
12138,25
12139,1
12140,5
12141,20
12142,13
12143,19
12144,17
12145,2
12146,15
12147,21
12148,13
12149,8
12150,24
12151,12
12152,20
12153,7
12154,7
12155,1
12156,24
12157,9
12158,14
12159,16
12160,15
12161,18
12162,2
12163,25
12164,17
12165,17
12166,7
12167,17
12168,10
12169,18
12170,21
12171,14
12172,24
12173,22
12174,20
12175,20
12176,12
12177,5
12178,6
12179,10
12180,14
12181,15
12182,19
12183,7
12184,16
12185,18
12186,5
12187,2
12188,11
12189,2
12190,24
12191,5
12192,7
12193,20
12194,21
12195,16
12196,10
12197,5
12198,12
12199,22
12200,18
12201,8
12202,15
12203,3
12204,2
12205,5
12206,10
12207,20
12208,20
12209,10
12210,9
12211,9
12212,12
12213,25
12214,11
12215,14
12216,18
12217,11
12218,8
12219,11
12220,19
12221,15
12222,17
12223,23
12224,11
12225,4
12226,24
12227,23
12228,7
12229,23
12230,11
12231,5
12232,23
12233,3
12234,2
12235,18
12236,12
12237,8
12238,18
12239,16
12240,17
12241,24
12242,19
12243,12
12244,15
12245,5
12246,17
12247,14
12248,25
12249,25
12250,12
12251,25
12252,18
12253,11
12254,3
12255,23
12256,21
12257,5
12258,16
12259,18
12260,20
12261,18
12262,6
12263,5
12264,7
12265,15
12266,23
12267,8
12268,20
12269,21
12270,14
12271,11
12272,21
12273,19
12274,6
12275,18
12276,11
12277,24
12278,13
12279,7
12280,8
12281,3
12282,22
12283,3
12284,10
12285,7
12286,14
12287,21
12288,4
12289,23
12290,24
12291,17
12292,16
12293,14
12294,5
12295,10
12296,25
12297,25
12298,17
12299,13
12300,19
12301,7
12302,22
12303,4
12304,24
12305,15
12306,4
12307,12
12308,15
12309,12
12310,19
12311,10
12312,24
12313,19
12314,2
12315,22
12316,3
12317,22
12318,2
12319,24
12320,18
12321,5
12322,16
12323,1
12324,11
12325,17
12326,25
12327,11
12328,18
12329,13
12330,23
12331,17
12332,24
12333,4
12334,11
12335,13
12336,2
12337,3
12338,22
12339,24
12340,10
12341,11
12342,17
12343,18
12344,21
12345,6
12346,7
12347,4
12348,4
12349,18
12350,22
12351,5
12352,12
12353,9
12354,14
12355,14
12356,1
12357,24
12358,15
12359,10
12360,19
12361,8
12362,9
12363,16
12364,5
12365,5
12366,9
12367,3
12368,11
12369,6
12370,9
12371,22
12372,25
12373,20
12374,16
12375,4
12376,16
12377,10
12378,9
12379,4
12380,14
12381,16
12382,4
12383,17
12384,5
12385,12
12386,24
12387,24
12388,12
12389,4
12390,16
12391,12
12392,19
12393,15
12394,23
12395,16
12396,20
12397,19
12398,9
12399,13
12400,6
12401,22
12402,25
12403,1
12404,3
12405,14
12406,5
12407,22
12408,10
12409,19
12410,7
12411,13
12412,4
12413,2
12414,18
12415,8
12416,7
12417,8
12418,2
12419,1
12420,19
12421,11
12422,20
12423,9
12424,2
12425,5
12426,17
12427,11
12428,20
12429,13
12430,10
12431,24
12432,9
12433,4
12434,16
12435,1
12436,4
12437,8
12438,3
12439,8
12440,10
12441,8
12442,25
12443,8
12444,7
12445,23
12446,16
12447,10
12448,9
12449,11
12450,4
12451,16
12452,15
12453,18
12454,14
12455,14
12456,7
12457,14
12458,17
12459,12
12460,19
12461,3
12462,17
12463,10
12464,16
12465,9
12466,25
12467,17
12468,12
12469,21
12470,14
12471,18
12472,7
12473,13
12474,11
12475,11
12476,21
12477,19
12478,22
12479,11
12480,18
12481,12
12482,17
12483,1
12484,6
12485,11
12486,15
12487,2
12488,6
12489,4
12490,20
12491,24
12492,19
12493,10
12494,3
12495,13
12496,1
12497,4
12498,11
12499,10
12500,14
12501,2
12502,13
12503,10
12504,16
12505,19
12506,13
12507,1
12508,5
12509,14
12510,14
12511,22
12512,3
12513,15
12514,18
12515,14
12516,25
12517,22
12518,24
12519,21
12520,23
12521,18
12522,11
12523,6
12524,6
12525,2
12526,5
12527,23
12528,3
12529,17
12530,21
12531,25
12532,20
12533,22
12534,10
12535,3
12536,11
12537,22
12538,5
12539,19
12540,18
12541,12
12542,25
12543,1
12544,4
12545,21
12546,24
12547,14
12548,24
12549,8
12550,18
12551,14
12552,1
12553,10
12554,18
12555,18
12556,25
12557,2
12558,20
12559,16
12560,2
12561,11
12562,18
12563,16
12564,19
12565,21
12566,6
12567,7
12568,17
12569,5
12570,12
12571,18
12572,18
12573,8
12574,8
12575,21
12576,16
12577,22
12578,20
12579,1
12580,6
12581,13
12582,24
12583,22
12584,7
12585,7
12586,24
12587,6
12588,6
12589,1
12590,16
12591,3
12592,8
12593,14
12594,20
12595,20
12596,16
12597,13
12598,5
12599,1
12600,16
12601,3
12602,8
12603,18
12604,14
12605,16
12606,23
12607,21
12608,8
12609,25
12610,12
12611,1
12612,8
12613,24
12614,24
12615,22
12616,23
12617,17
12618,10
12619,3
12620,20
12621,15
12622,19
12623,25
12624,13
12625,22
12626,10
12627,13
12628,9
12629,7
12630,18
12631,5
12632,16
12633,2
12634,8
12635,10
12636,8
12637,15
12638,4
12639,17
12640,24
12641,24
12642,12
12643,6
12644,19
12645,9
12646,8
12647,18
12648,15
12649,22
12650,13
12651,16
12652,9
12653,18
12654,2
12655,8
12656,2
12657,19
12658,13
12659,1
12660,18
12661,8
12662,3
12663,14
12664,17
12665,11
12666,11
12667,11
12668,14
12669,13
12670,6
12671,21
12672,25
12673,18
12674,5
12675,20
12676,17
12677,1
12678,17
12679,2
12680,21
12681,1
12682,22
12683,9
12684,2
12685,7
12686,20
12687,4
12688,23
12689,20
12690,8
12691,6
12692,4
12693,14
12694,11
12695,25
12696,20
12697,16
12698,11
12699,13
12700,5
12701,7
12702,14
12703,11
12704,12
12705,11
12706,6
12707,4
12708,25
12709,7
12710,5
12711,23
12712,23
12713,21
12714,5
12715,24
12716,15
12717,10
12718,22
12719,2
12720,10
12721,2
12722,5
12723,18
12724,7
12725,18
12726,1
12727,22
12728,5
12729,4
12730,1
12731,25
12732,6
12733,16
12734,18
12735,2
12736,23
12737,17
12738,16
12739,17
12740,14
12741,7
12742,2
12743,22
12744,15
12745,20
12746,18
12747,11
12748,16
12749,1
12750,5
12751,10
12752,25
12753,3
12754,4
12755,8
12756,24
12757,21
12758,5
12759,11
12760,22
12761,9
12762,9
12763,4
12764,15
12765,18
12766,17
12767,14
12768,2
12769,3
12770,3
12771,10
12772,8
12773,6
12774,13
12775,1
12776,9
12777,7
12778,14
12779,9
12780,11
12781,19
12782,17
12783,17
12784,23
12785,11
12786,10
12787,18
12788,15
12789,12
12790,18
12791,7
12792,2
12793,5
12794,6
12795,1
12796,2
12797,17
12798,19
12799,17
12800,4
12801,11
12802,24
12803,18
12804,12
12805,16
12806,10
12807,11
12808,9
12809,7
12810,13
12811,16
12812,7
12813,20
12814,7
12815,5
12816,21
12817,12
12818,19
12819,19
12820,8
12821,5
12822,6
12823,4
12824,12
12825,9
12826,5
12827,25
12828,9
12829,4
12830,11
12831,11
12832,25
12833,2
12834,21
12835,12
12836,6
12837,24
12838,14
12839,22
12840,4
12841,16
12842,5
12843,11
12844,6
12845,24
12846,21
12847,4
12848,2
12849,1
12850,20
12851,10
12852,6
12853,24
12854,1
12855,13
12856,17
12857,3
12858,2
12859,17
12860,22
12861,23
12862,12
12863,24
12864,11
12865,3
12866,9
12867,24
12868,20
12869,1
12870,7
12871,22
12872,7
12873,25
12874,14
12875,16
12876,8
12877,4
12878,18
12879,17
12880,5
12881,1
12882,14
12883,21
12884,11
12885,5
12886,6
12887,4
12888,10
12889,6
12890,25
12891,14
12892,13
12893,25
12894,19
12895,4
12896,3
12897,6
12898,1
12899,4
12900,23
12901,19
12902,14
12903,6
12904,20
12905,5
12906,24
12907,6
12908,17
12909,17
12910,13
12911,9
12912,3
12913,21
12914,3
12915,17
12916,12
12917,19
12918,5
12919,19
12920,18
12921,7
12922,8
12923,25
12924,8
12925,5
12926,5
12927,4
12928,25
12929,11
12930,24
12931,20
12932,14
12933,18
12934,24
12935,24
12936,14
12937,13
12938,17
12939,25
12940,5
12941,10
12942,5
12943,7
12944,6
12945,22
12946,7
12947,7
12948,15
12949,17
12950,13
12951,2
12952,22
12953,19
12954,9
12955,17
12956,22
12957,3
12958,5
12959,5
12960,5
12961,2
12962,18
12963,3
12964,5
12965,19
12966,8
12967,21
12968,19
12969,4
12970,12
12971,15
12972,11
12973,24
12974,2
12975,12
12976,20
12977,1
12978,15
12979,24
12980,18
12981,2
12982,20
12983,19
12984,16
12985,11
12986,4
12987,14
12988,10
12989,7
12990,10
12991,12
12992,13
12993,2
12994,12
12995,1
12996,21
12997,7
12998,2
12999,8
13000,19
13001,2
13002,15
13003,6
13004,16
13005,21
13006,2
13007,20
13008,6
13009,15
13010,5
13011,5
13012,19
13013,5
13014,18
13015,25
13016,3
13017,7
13018,7
13019,25
13020,10
13021,2
13022,3
13023,6
13024,22
13025,6
13026,4
13027,6
13028,10
13029,7
13030,7
13031,1
13032,8
13033,14
13034,13
13035,14
13036,16
13037,16
13038,8
13039,4
13040,13
13041,24
13042,3
13043,2
13044,8
13045,13
13046,24
13047,18
13048,17
13049,11
13050,15
13051,16
13052,3
13053,20
13054,21
13055,4
13056,3
13057,15
13058,20
13059,21
13060,8
13061,4
13062,17
13063,16
13064,9
13065,3
13066,1
13067,22
13068,4
13069,10
13070,11
13071,3
13072,19
13073,12
13074,15
13075,4
13076,17
13077,13
13078,19
13079,19
13080,4
13081,8
13082,10
13083,13
13084,5
13085,13
13086,1
13087,15
13088,4
13089,8
13090,5
13091,8
13092,11
13093,14
13094,25
13095,2
13096,10
13097,25
13098,11
13099,8
13100,4
13101,3
13102,4
13103,18
13104,14
13105,8
13106,18
13107,15
13108,5
13109,9
13110,9
13111,8
13112,23
13113,7
13114,4
13115,7
13116,1
13117,9
13118,8
13119,7
13120,8
13121,15
13122,9
13123,12
13124,17
13125,12
13126,13
13127,23
13128,22
13129,5
13130,17
13131,15
13132,22
13133,24
13134,1
13135,20
13136,16
13137,23
13138,17
13139,19
13140,7
13141,16
13142,24
13143,10
13144,24
13145,14
13146,11
13147,16
13148,5
13149,2
13150,15
13151,10
13152,23
13153,8
13154,16
13155,25
13156,22
13157,4
13158,9
13159,14
13160,12
13161,10
13162,21
13163,22
13164,23
13165,8
13166,25
13167,13
13168,17
13169,24
13170,23
13171,14
13172,2
13173,7
13174,18
13175,8
13176,8
13177,10
13178,24
13179,17
13180,10
13181,16
13182,18
13183,25
13184,18
13185,11
13186,5
13187,11
13188,20
13189,17
13190,19
13191,25
13192,9
13193,13
13194,20
13195,9
13196,8
13197,7
13198,9
13199,9
13200,15
13201,6
13202,12
13203,12
13204,24
13205,13
13206,4
13207,16
13208,6
13209,10
13210,7
13211,4
13212,11
13213,8
13214,22
13215,14
13216,8
13217,21
13218,14
13219,20
13220,3
13221,15
13222,13
13223,5
13224,22
13225,20
13226,21
13227,16
13228,18
13229,12
13230,22
13231,11
13232,12
13233,10
13234,18
13235,10
13236,14
13237,25
13238,8
13239,7
13240,24
13241,7
13242,16
13243,4
13244,5
13245,17
13246,1
13247,16
13248,15
13249,22
13250,2
13251,18
13252,11
13253,20
13254,20
13255,9
13256,17
13257,7
13258,24
13259,22
13260,5
13261,23
13262,18
13263,22
13264,2
13265,9
13266,15
13267,22
13268,22
13269,13
13270,1
13271,15
13272,21
13273,10
13274,3
13275,3
13276,14
13277,4
13278,19
13279,1
13280,9
13281,20
13282,10
13283,14
13284,12
13285,6
13286,3
13287,18
13288,9
13289,24
13290,11
13291,19
13292,21
13293,8
13294,24
13295,10
13296,5
13297,4
13298,12
13299,23
13300,18
13301,9
13302,12
13303,23
13304,16
13305,24
13306,5
13307,19
13308,20
13309,11
13310,14
13311,14
13312,21
13313,10
13314,21
13315,12
13316,15
13317,8
13318,9
13319,1
13320,13
13321,15
13322,11
13323,2
13324,21
13325,15
13326,13
13327,13
13328,6
13329,25
13330,25
13331,17
13332,9
13333,13
13334,1
13335,14
13336,20
13337,16
13338,18
13339,7
13340,14
13341,11
13342,3
13343,13
13344,7
13345,17
13346,5
13347,1
13348,14
13349,18
13350,10
13351,10
13352,2
13353,13
13354,6
13355,5
13356,24
13357,20
13358,20
13359,24
13360,20
13361,20
13362,5
13363,7
13364,6
13365,21
13366,2
13367,21
13368,25
13369,11
13370,20
13371,15
13372,11
13373,3
13374,4
13375,20
13376,7
13377,25
13378,17
13379,20
13380,4
13381,8
13382,7
13383,13
13384,1
13385,1
13386,13
13387,9
13388,23
13389,25
13390,10
13391,24
13392,13
13393,5
13394,13
13395,21
13396,9
13397,14
13398,11
13399,6
13400,18
13401,12
13402,25
13403,22
13404,16
13405,8
13406,21
13407,11
13408,18
13409,19
13410,19
13411,21
13412,14
13413,6
13414,23
13415,8
13416,20
13417,11
13418,1
13419,2
13420,14
13421,10
13422,24
13423,16
13424,8
13425,2
13426,21
13427,4
13428,9
13429,4
13430,18
13431,11
13432,21
13433,18
13434,25
13435,23
13436,17
13437,10
13438,10
13439,8
13440,20
13441,5
13442,1
13443,9
13444,15
13445,15
13446,4
13447,3
13448,10
13449,13
13450,10
13451,23
13452,11
13453,25
13454,22
13455,8
13456,13
13457,2
13458,18
13459,17
13460,4
13461,23
13462,12
13463,4
13464,23
13465,10
13466,24
13467,4
13468,16
13469,18
13470,25
13471,15
13472,15
13473,3
13474,5
13475,18
13476,15
13477,6
13478,18
13479,20
13480,18
13481,9
13482,6
13483,13
13484,8
13485,17
13486,21
13487,13
13488,14
13489,7
13490,20
13491,18
13492,17
13493,9
13494,18
13495,13
13496,1
13497,12
13498,9
13499,14
13500,15
13501,14
13502,4
13503,7
13504,22
13505,14
13506,8
13507,23
13508,18
13509,7
13510,11
13511,12
13512,15
13513,25
13514,10
13515,17
13516,7
13517,13
13518,3
13519,17
13520,19
13521,20
13522,5
13523,15
13524,10
13525,5
13526,4
13527,11
13528,14
13529,9
13530,16
13531,10
13532,14
13533,19
13534,24
13535,5
13536,21
13537,12
13538,12
13539,5
13540,15
13541,23
13542,21
13543,12
13544,9
13545,21
13546,18
13547,22
13548,5
13549,13
13550,22
13551,10
13552,19
13553,7
13554,3
13555,22
13556,12
13557,19
13558,20
13559,19
13560,7
13561,1
13562,25
13563,2
13564,22
13565,12
13566,16
13567,22
13568,2
13569,25
13570,19
13571,7
13572,2
13573,8
13574,5
13575,24
13576,23
13577,12
13578,3
13579,23
13580,5
13581,17
13582,5
13583,4
13584,9
13585,20
13586,20
13587,23
13588,8
13589,23
13590,11
13591,3
13592,23
13593,24
13594,2
13595,4
13596,14
13597,14
13598,24
13599,21
13600,10
13601,10
13602,3
13603,8
13604,7
13605,18
13606,20
13607,23
13608,23
13609,18
13610,10
13611,10
13612,9
13613,23
13614,17
13615,6
13616,12
13617,25
13618,5
13619,4
13620,12
13621,1
13622,21
13623,2
13624,15
13625,14
13626,11
13627,13
13628,2
13629,22
13630,13
13631,18
13632,20
13633,11
13634,4
13635,19
13636,1
13637,24
13638,12
13639,4
13640,2
13641,3
13642,15
13643,4
13644,11
13645,10
13646,18
13647,10
13648,2
13649,1
13650,9
13651,25
13652,4
13653,25
13654,14
13655,13
13656,16
13657,7
13658,13
13659,21
13660,4
13661,11
13662,20
13663,8
13664,17
13665,12
13666,15
13667,18
13668,5
13669,9
13670,11
13671,20
13672,11
13673,12
13674,13
13675,9
13676,10
13677,3
13678,14
13679,13
13680,3
13681,20
13682,7
13683,6
13684,22
13685,11
13686,5
13687,23
13688,18
13689,12
13690,9
13691,21
13692,24
13693,11
13694,25
13695,18
13696,22
13697,22
13698,3
13699,22
13700,17
13701,3
13702,4
13703,20
13704,17
13705,1
13706,19
13707,16
13708,9
13709,6
13710,24
13711,4
13712,2
13713,8
13714,25
13715,13
13716,7
13717,15
13718,7
13719,18
13720,8
13721,16
13722,13
13723,5
13724,19
13725,3
13726,23
13727,5
13728,10
13729,1
13730,21
13731,21
13732,14
13733,8
13734,5
13735,12
13736,3
13737,16
13738,17
13739,11
13740,21
13741,14
13742,1
13743,8
13744,12
13745,21
13746,7
13747,2
13748,7
13749,21
13750,13
13751,1
13752,16
13753,23
13754,8
13755,9
13756,4
13757,9
13758,8
13759,11
13760,20
13761,10
13762,6
13763,25
13764,2
13765,5
13766,12
13767,7
13768,23
13769,17
13770,9
13771,1
13772,23
13773,3
13774,13
13775,1
13776,10
13777,12
13778,6
13779,8
13780,10
13781,18
13782,16
13783,20
13784,17
13785,24
13786,17
13787,4
13788,5
13789,1
13790,17
13791,18
13792,4
13793,17
13794,8
13795,12
13796,13
13797,7
13798,20
13799,17
13800,16
13801,11
13802,15
13803,17
13804,25
13805,23
13806,7
13807,12
13808,12
13809,21
13810,16
13811,20
13812,5
13813,24
13814,6
13815,8
13816,4
13817,7
13818,24
13819,14
13820,9
13821,17
13822,6
13823,20
13824,13
13825,4
13826,25
13827,4
13828,9
13829,12
13830,21
13831,23
13832,9
13833,12
13834,2
13835,24
13836,11
13837,2
13838,23
13839,8
13840,5
13841,20
13842,18
13843,10
13844,7
13845,25
13846,3
13847,6
13848,21
13849,4
13850,12
13851,16
13852,18
13853,18
13854,11
13855,20
13856,3
13857,24
13858,21
13859,16
13860,18
13861,9
13862,19
13863,14
13864,11
13865,8
13866,12
13867,24
13868,21
13869,3
13870,25
13871,25
13872,15
13873,17
13874,14
13875,13
13876,14
13877,15
13878,1
13879,7
13880,13
13881,20
13882,13
13883,25
13884,20
13885,1
13886,17
13887,13
13888,12
13889,1
13890,4
13891,15
13892,6
13893,25
13894,21
13895,7
13896,6
13897,13
13898,20
13899,22
13900,5
13901,2
13902,25
13903,1
13904,15
13905,5
13906,25
13907,9
13908,5
13909,21
13910,20
13911,21
13912,24
13913,20
13914,21
13915,3
13916,10
13917,22
13918,23
13919,22
13920,4
13921,7
13922,20
13923,14
13924,15
13925,13
13926,17
13927,22
13928,18
13929,25
13930,16
13931,5
13932,20
13933,9
13934,2
13935,11
13936,2
13937,19
13938,24
13939,8
13940,7
13941,9
13942,24
13943,8
13944,8
13945,8
13946,20
13947,15
13948,3
13949,20
13950,22
13951,24
13952,14
13953,6
13954,24
13955,19
13956,9
13957,14
13958,6
13959,23
13960,18
13961,13
13962,24
13963,13
13964,10
13965,1
13966,21
13967,2
13968,18
13969,14
13970,6
13971,8
13972,14
13973,24
13974,24
13975,16
13976,17
13977,5
13978,6
13979,8
13980,18
13981,23
13982,20
13983,19
13984,12
13985,19
13986,13
13987,16
13988,14
13989,24
13990,3
13991,8
13992,15
13993,22
13994,3
13995,15
13996,12
13997,14
13998,19
13999,25
14000,25
14001,21
14002,2
14003,4
14004,16
14005,9
14006,16
14007,25
14008,25
14009,5
14010,21
14011,15
14012,8
14013,20
14014,22
14015,24
14016,10
14017,20
14018,12
14019,8
14020,22
14021,3
14022,20
14023,25
14024,23
14025,8
14026,12
14027,9
14028,10
14029,17
14030,4
14031,17
14032,12
14033,11
14034,18
14035,24
14036,11
14037,3
14038,25
14039,9
14040,15
14041,11
14042,12
14043,8
14044,14
14045,19
14046,23
14047,21
14048,10
14049,15
14050,7
14051,21
14052,16
14053,10
14054,24
14055,7
14056,1
14057,21
14058,1
14059,15
14060,25
14061,25
14062,2
14063,20
14064,11
14065,10
14066,3
14067,15
14068,6
14069,24
14070,19
14071,8
14072,20
14073,5
14074,12
14075,13
14076,7
14077,19
14078,17
14079,18
14080,13
14081,21
14082,23
14083,20
14084,18
14085,5
14086,12
14087,13
14088,15
14089,1
14090,9
14091,9
14092,21
14093,14
14094,13
14095,23
14096,24
14097,10
14098,25
14099,2
14100,5
14101,19
14102,15
14103,1
14104,17
14105,10
14106,12
14107,5
14108,22
14109,19
14110,12
14111,22
14112,25
14113,21
14114,7
14115,4
14116,7
14117,12
14118,3
14119,2
14120,19
14121,3
14122,25
14123,22
14124,15
14125,12
14126,6
14127,4
14128,8
14129,25
14130,9
14131,23
14132,25
14133,4
14134,10
14135,5
14136,14
14137,9
14138,16
14139,7
14140,14
14141,20
14142,5
14143,22
14144,24
14145,20
14146,19
14147,15
14148,24
14149,16
14150,25
14151,3
14152,16
14153,1
14154,18
14155,15
14156,10
14157,15
14158,4
14159,11
14160,25
14161,25
14162,22
14163,3
14164,5
14165,7
14166,5
14167,15
14168,17
14169,9
14170,14
14171,21
14172,11
14173,1
14174,8
14175,3
14176,19
14177,9
14178,19
14179,8
14180,9
14181,19
14182,15
14183,23
14184,20
14185,13
14186,9
14187,4
14188,16
14189,23
14190,23
14191,2
14192,9
14193,17
14194,17
14195,3
14196,14
14197,2
14198,12
14199,4
14200,19
14201,24
14202,13
14203,20
14204,2
14205,3
14206,3
14207,14
14208,6
14209,5
14210,17
14211,21
14212,15
14213,19
14214,13
14215,16
14216,7
14217,25
14218,3
14219,12
14220,18
14221,17
14222,1
14223,1
14224,6
14225,6
14226,15
14227,22
14228,6
14229,17
14230,15
14231,7
14232,1
14233,15
14234,19
14235,23
14236,18
14237,13
14238,7
14239,11
14240,20
14241,7
14242,25
14243,11
14244,15
14245,15
14246,18
14247,19
14248,18
14249,21
14250,9
14251,21
14252,7
14253,2
14254,22
14255,10
14256,6
14257,8
14258,18
14259,25
14260,13
14261,8
14262,4
14263,25
14264,11
14265,6
14266,10
14267,4
14268,13
14269,17
14270,22
14271,21
14272,18
14273,11
14274,20
14275,10
14276,25
14277,20
14278,1
14279,15
14280,2
14281,11
14282,11
14283,20
14284,22
14285,10
14286,24
14287,6
14288,24
14289,17
14290,6
14291,9
14292,11
14293,1
14294,3
14295,21
14296,25
14297,20
14298,22
14299,9
14300,17
14301,15
14302,18
14303,3
14304,23
14305,25
14306,8
14307,7
14308,2
14309,9
14310,14
14311,13
14312,19
14313,16
14314,8
14315,16
14316,9
14317,17
14318,19
14319,13
14320,13
14321,13
14322,7
14323,11
14324,6
14325,21
14326,19
14327,8
14328,4
14329,6
14330,22
14331,19
14332,22
14333,21
14334,11
14335,20
14336,19
14337,23
14338,13
14339,21
14340,6
14341,17
14342,24
14343,8
14344,1
14345,1
14346,16
14347,24
14348,8
14349,8
14350,19
14351,12
14352,8
14353,21
14354,5
14355,10
14356,17
14357,16
14358,22
14359,15
14360,5
14361,4
14362,25
14363,12
14364,15
14365,13
14366,4
14367,3
14368,25
14369,20
14370,15
14371,12
14372,15
14373,22
14374,6
14375,1
14376,11
14377,16
14378,2
14379,11
14380,14
14381,21
14382,17
14383,18
14384,10
14385,18
14386,19
14387,21
14388,20
14389,22
14390,24
14391,10
14392,9
14393,1
14394,13
14395,11
14396,13
14397,16
14398,10
14399,2
14400,5
14401,23
14402,22
14403,23
14404,19
14405,20
14406,21
14407,23
14408,2
14409,9
14410,15
14411,3
14412,5
14413,14
14414,1
14415,15
14416,4
14417,10
14418,23
14419,22
14420,11
14421,25
14422,17
14423,3
14424,13
14425,1
14426,16
14427,4
14428,15
14429,23
14430,24
14431,4
14432,13
14433,5
14434,7
14435,20
14436,25
14437,16
14438,22
14439,9
14440,11
14441,22
14442,11
14443,18
14444,9
14445,16
14446,6
14447,18
14448,25
14449,21
14450,2
14451,24
14452,23
14453,21
14454,19
14455,25
14456,3
14457,2
14458,4
14459,2
14460,24
14461,5
14462,4
14463,2
14464,6
14465,16
14466,25
14467,10
14468,14
14469,25
14470,7
14471,12
14472,20
14473,3
14474,17
14475,1
14476,25
14477,16
14478,7
14479,21
14480,2
14481,6
14482,14
14483,4
14484,10
14485,24
14486,21
14487,17
14488,14
14489,7
14490,25
14491,2
14492,10
14493,14
14494,20
14495,2
14496,14
14497,22
14498,17
14499,18
14500,10
14501,22
14502,15
14503,12
14504,3
14505,7
14506,6
14507,14
14508,25
14509,4
14510,19
14511,22
14512,25
14513,21
14514,13
14515,18
14516,24
14517,19
14518,10
14519,7
14520,4
14521,19
14522,23
14523,9
14524,12
14525,12
14526,24
14527,10
14528,10
14529,14
14530,3
14531,1
14532,18
14533,7
14534,1
14535,19
14536,14
14537,15
14538,19
14539,21
14540,16
14541,20
14542,4
14543,9
14544,21
14545,10
14546,24
14547,11
14548,8
14549,23
14550,10
14551,19
14552,24
14553,21
14554,9
14555,25
14556,1
14557,16
14558,24
14559,18
14560,18
14561,16
14562,23
14563,4
14564,13
14565,2
14566,11
14567,16
14568,21
14569,7
14570,1
14571,23
14572,20
14573,8
14574,2
14575,11
14576,12
14577,1
14578,19
14579,22
14580,15
14581,11
14582,10
14583,6
14584,20
14585,25
14586,5
14587,14
14588,15
14589,13
14590,1
14591,8
14592,1
14593,21
14594,14
14595,17
14596,15
14597,9
14598,1
14599,11
14600,19
14601,16
14602,5
14603,25
14604,16
14605,17
14606,20
14607,25
14608,1
14609,14
14610,7
14611,2
14612,19
14613,20
14614,14
14615,5
14616,13
14617,1
14618,2
14619,3
14620,10
14621,10
14622,7
14623,24
14624,1
14625,17
14626,9
14627,22
14628,14
14629,10
14630,21
14631,24
14632,22
14633,12
14634,17
14635,4
14636,7
14637,23
14638,16
14639,5
14640,10
14641,10
14642,9
14643,21
14644,15
14645,22
14646,5
14647,16
14648,20
14649,16
14650,13
14651,1
14652,20
14653,11
14654,7
14655,12
14656,7
14657,14
14658,7
14659,3
14660,8
14661,22
14662,13
14663,14
14664,5
14665,24
14666,5
14667,25
14668,11
14669,7
14670,7
14671,9
14672,10
14673,19
14674,1
14675,5
14676,23
14677,4
14678,16
14679,16
14680,4
14681,1
14682,8
14683,11
14684,17
14685,24
14686,18
14687,7
14688,3
14689,19
14690,20
14691,11
14692,21
14693,18
14694,16
14695,6
14696,11
14697,9
14698,9
14699,11
14700,6
14701,11
14702,12
14703,19
14704,25
14705,11
14706,10
14707,13
14708,19
14709,8
14710,2
14711,14
14712,19
14713,20
14714,14
14715,22
14716,4
14717,25
14718,17
14719,15
14720,8
14721,20
14722,5
14723,12
14724,13
14725,3
14726,11
14727,1
14728,2
14729,11
14730,5
14731,12
14732,2
14733,12
14734,24
14735,9
14736,11
14737,7
14738,6
14739,13
14740,3
14741,15
14742,24
14743,5
14744,3
14745,19
14746,9
14747,5
14748,15
14749,16
14750,24
14751,4
14752,19
14753,16
14754,1
14755,2
14756,13
14757,3
14758,23
14759,21
14760,8
14761,19
14762,23
14763,21
14764,6
14765,10
14766,13
14767,25
14768,16
14769,19
14770,8
14771,3
14772,17
14773,12
14774,1
14775,14
14776,7
14777,6
14778,5
14779,4
14780,12
14781,6
14782,5
14783,11
14784,12
14785,6
14786,23
14787,25
14788,23
14789,23
14790,17
14791,4
14792,1
14793,22
14794,18
14795,3
14796,20
14797,4
14798,20
14799,24
14800,22
14801,8
14802,7
14803,7
14804,15
14805,17
14806,23
14807,22
14808,17
14809,12
14810,19
14811,2
14812,4
14813,6
14814,11
14815,18
14816,16
14817,6
14818,5
14819,13
14820,2
14821,19
14822,18
14823,25
14824,24
14825,22
14826,11
14827,7
14828,6
14829,11
14830,3
14831,24
14832,6
14833,24
14834,15
14835,5
14836,6
14837,9
14838,22
14839,18
14840,3
14841,16
14842,11
14843,3
14844,15
14845,21
14846,14
14847,9
14848,19
14849,12
14850,7
14851,9
14852,4
14853,22
14854,20
14855,14
14856,2
14857,21
14858,25
14859,5
14860,14
14861,14
14862,15
14863,23
14864,25
14865,3
14866,24
14867,1
14868,20
14869,3
14870,24
14871,23
14872,22
14873,8
14874,13
14875,24
14876,21
14877,17
14878,15
14879,21
14880,20
14881,2
14882,5
14883,18
14884,25
14885,18
14886,19
14887,21
14888,22
14889,20
14890,3
14891,20
14892,2
14893,14
14894,22
14895,18
14896,22
14897,8
14898,19
14899,1
14900,2
14901,15
14902,12
14903,17
14904,6
14905,6
14906,13
14907,1
14908,24
14909,15
14910,2
14911,15
14912,19
14913,1
14914,20
14915,10
14916,18
14917,8
14918,5
14919,12
14920,6
14921,1
14922,19
14923,24
14924,20
14925,1
14926,22
14927,10
14928,23
14929,16
14930,17
14931,8
14932,12
14933,15
14934,14
14935,14
14936,12
14937,20
14938,18
14939,12
14940,19
14941,10
14942,14
14943,13
14944,8
14945,23
14946,22
14947,10
14948,14
14949,9
14950,13
14951,17
14952,17
14953,25
14954,16
14955,9
14956,25
14957,3
14958,16
14959,8
14960,25
14961,15
14962,1
14963,11
14964,4
14965,11
14966,6
14967,6
14968,9
14969,12
14970,5
14971,7
14972,22
14973,5
14974,15
14975,24
14976,11
14977,10
14978,14
14979,11
14980,14
14981,17
14982,22
14983,14
14984,23
14985,17
14986,11
14987,4
14988,20
14989,18
14990,11
14991,23
14992,21
14993,11
14994,12
14995,18
14996,20
14997,20
14998,9
14999,6
15000,3
15001,6
15002,2
15003,3
15004,19
15005,16
15006,19
15007,2
15008,7
15009,2
15010,12
15011,15
15012,1
15013,10
15014,25
15015,2
15016,10
15017,18
15018,16
15019,8
15020,6
15021,12
15022,12
15023,9
15024,11
15025,3
15026,6
15027,24
15028,24
15029,9
15030,20
15031,11
15032,15
15033,19
15034,24
15035,12
15036,3
15037,14
15038,16
15039,25
15040,16
15041,11
15042,17
15043,4
15044,20
15045,22
15046,4
15047,2
15048,8
15049,15
15050,11
15051,14
15052,8
15053,21
15054,16
15055,4
15056,11
15057,10
15058,14
15059,6
15060,4
15061,23
15062,19
15063,9
15064,15
15065,21
15066,4
15067,24
15068,3
15069,5
15070,2
15071,23
15072,14
15073,25
15074,17
15075,24
15076,10
15077,16
15078,23
15079,6
15080,9
15081,6
15082,1
15083,4
15084,14
15085,22
15086,9
15087,11
15088,20
15089,10
15090,18
15091,9
15092,2
15093,12
15094,12
15095,12
15096,17
15097,9
15098,18
15099,25
15100,20
15101,20
15102,25
15103,15
15104,3
15105,23
15106,5
15107,23
15108,12
15109,17
15110,11
15111,5
15112,23
15113,19
15114,15
15115,1
15116,1
15117,11
15118,23
15119,23
15120,10
15121,25
15122,21
15123,23
15124,13
15125,25
15126,5
15127,10
15128,11
15129,22
15130,5
15131,21
15132,18
15133,15
15134,6
15135,2
15136,22
15137,7
15138,4
15139,21
15140,9
15141,3
15142,17
15143,4
15144,20
15145,16
15146,13
15147,8
15148,11
15149,14
15150,25
15151,21
15152,8
15153,24
15154,10
15155,3
15156,3
15157,20
15158,5
15159,12
15160,21
15161,14
15162,20
15163,2
15164,14
15165,25
15166,15
15167,22
15168,12
15169,25
15170,7
15171,3
15172,25
15173,6
15174,22
15175,12
15176,22
15177,1
15178,22
15179,22
15180,14
15181,22
15182,7
15183,20
15184,24
15185,8
15186,17
15187,25
15188,22
15189,21
15190,23
15191,20
15192,16
15193,14
15194,6
15195,8
15196,24
15197,13
15198,25
15199,8
15200,7
15201,16
15202,1
15203,19
15204,20
15205,23
15206,8
15207,8
15208,15
15209,7
15210,16
15211,24
15212,22
15213,24
15214,8
15215,17
15216,25
15217,16
15218,3
15219,16
15220,17
15221,19
15222,1
15223,6
15224,15
15225,17
15226,15
15227,10
15228,16
15229,5
15230,24
15231,18
15232,3
15233,17
15234,9
15235,11
15236,11
15237,17
15238,24
15239,18
15240,25
15241,11
15242,19
15243,3
15244,8
15245,16
15246,17
15247,11
15248,11
15249,10
15250,4
15251,17
15252,17
15253,12
15254,2
15255,11
15256,4
15257,6
15258,14
15259,6
15260,5
15261,17
15262,16
15263,10
15264,11
15265,6
15266,14
15267,18
15268,1
15269,14
15270,10
15271,16
15272,8
15273,24
15274,18
15275,17
15276,1
15277,23
15278,4
15279,21
15280,8
15281,17
15282,2
15283,3
15284,4
15285,6
15286,3
15287,17
15288,6
15289,11
15290,8
15291,4
15292,24
15293,23
15294,22
15295,23
15296,5
15297,18
15298,9
15299,15
15300,10
15301,20
15302,12
15303,3
15304,10
15305,19
15306,13
15307,8
15308,5
15309,17
15310,12
15311,10
15312,20
15313,1
15314,19
15315,14
15316,11
15317,16
15318,24
15319,2
15320,22
15321,9
15322,11
15323,3
15324,12
15325,8
15326,6
15327,4
15328,13
15329,24
15330,13
15331,5
15332,7
15333,15
15334,18
15335,11
15336,6
15337,6
15338,12
15339,3
15340,17
15341,5
15342,24
15343,9
15344,22
15345,7
15346,5
15347,14
15348,11
15349,3
15350,17
15351,6
15352,11
15353,1
15354,19
15355,6
15356,7
15357,14
15358,12
15359,2
15360,18
15361,24
15362,1
15363,10
15364,8
15365,10
15366,8
15367,8
15368,24
15369,23
15370,15
15371,12
15372,6
15373,2
15374,6
15375,15
15376,3
15377,24
15378,14
15379,15
15380,5
15381,11
15382,4
15383,5
15384,8
15385,22
15386,2
15387,16
15388,15
15389,20
15390,13
15391,8
15392,4
15393,15
15394,1
15395,15
15396,20
15397,24
15398,8
15399,24
15400,2
15401,5
15402,12
15403,11
15404,1
15405,9
15406,12
15407,2
15408,8
15409,3
15410,3
15411,8
15412,22
15413,13
15414,2
15415,15
15416,22
15417,19
15418,4
15419,3
15420,6
15421,1
15422,22
15423,14
15424,4
15425,18
15426,6
15427,11
15428,7
15429,11
15430,2
15431,20
15432,10
15433,8
15434,25
15435,18
15436,25
15437,13
15438,16
15439,25
15440,16
15441,21
15442,12
15443,13
15444,14
15445,5
15446,11
15447,12
15448,11
15449,14
15450,10
15451,20
15452,9
15453,8
15454,19
15455,4
15456,18
15457,15
15458,20
15459,21
15460,19
15461,12
15462,4
15463,4
15464,24
15465,4
15466,2
15467,21
15468,24
15469,17
15470,17
15471,11
15472,6
15473,3
15474,1
15475,25
15476,25
15477,17
15478,16
15479,19
15480,22
15481,23
15482,16
15483,6
15484,17
15485,23
15486,24
15487,6
15488,18
15489,10
15490,8
15491,19
15492,11
15493,10
15494,13
15495,8
15496,16
15497,20
15498,11
15499,1
15500,10
15501,21
15502,14
15503,2
15504,8
15505,9
15506,25
15507,16
15508,21
15509,18
15510,17
15511,22
15512,20
15513,13
15514,22
15515,5
15516,14
15517,20
15518,9
15519,9
15520,24
15521,7
15522,25
15523,7
15524,20
15525,11
15526,6
15527,9
15528,20
15529,15
15530,3
15531,12
15532,22
15533,12
15534,22
15535,6
15536,17
15537,6
15538,20
15539,19
15540,8
15541,13
15542,14
15543,13
15544,10
15545,2
15546,24
15547,6
15548,13
15549,3
15550,1
15551,15
15552,3
15553,24
15554,10
15555,8
15556,15
15557,25
15558,22
15559,20
15560,9
15561,20
15562,3
15563,2
15564,15
15565,8
15566,16
15567,1
15568,20
15569,21
15570,2
15571,19
15572,11
15573,6
15574,9
15575,3
15576,3
15577,3
15578,5
15579,9
15580,7
15581,13
15582,6
15583,25
15584,6
15585,6
15586,10
15587,6
15588,20
15589,10
15590,16
15591,7
15592,12
15593,21
15594,16
15595,21
15596,11
15597,20
15598,25
15599,22
15600,13
15601,11
15602,2
15603,3
15604,15
15605,19
15606,23
15607,25
15608,10
15609,2
15610,25
15611,10
15612,9
15613,5
15614,1
15615,14
15616,6
15617,5
15618,19
15619,7
15620,25
15621,17
15622,23
15623,24
15624,16
15625,8
15626,12
15627,12
15628,24
15629,1
15630,19
15631,3
15632,10
15633,4
15634,18
15635,13
15636,14
15637,21
15638,22
15639,20
15640,17
15641,16
15642,25
15643,3
15644,21
15645,21
15646,4
15647,17
15648,2
15649,17
15650,11
15651,7
15652,16
15653,25
15654,13
15655,14
15656,19
15657,11
15658,4
15659,23
15660,11
15661,3
15662,4
15663,4
15664,5
15665,7
15666,4
15667,7
15668,18
15669,3
15670,23
15671,22
15672,12
15673,8
15674,22
15675,14
15676,2
15677,22
15678,12
15679,10
15680,11
15681,17
15682,3
15683,2
15684,14
15685,7
15686,12
15687,14
15688,2
15689,1
15690,8
15691,24
15692,16
15693,23
15694,13
15695,4
15696,23
15697,19
15698,6
15699,5
15700,5
15701,17
15702,25
15703,1
15704,5
15705,14
15706,19
15707,24
15708,15
15709,21
15710,1
15711,10
15712,12
15713,5
15714,19
15715,16
15716,4
15717,17
15718,24
15719,10
15720,10
15721,21
15722,22
15723,25
15724,19
15725,8
15726,13
15727,20
15728,14
15729,7
15730,18
15731,15
15732,9
15733,11
15734,13
15735,9
15736,19
15737,5
15738,18
15739,24
15740,19
15741,22
15742,7
15743,5
15744,11
15745,4
15746,9
15747,7
15748,14
15749,7
15750,19
15751,6
15752,17
15753,1
15754,21
15755,14
15756,10
15757,17
15758,7
15759,12
15760,21
15761,23
15762,21
15763,6
15764,12
15765,16
15766,11
15767,15
15768,18
15769,21
15770,13
15771,16
15772,12
15773,7
15774,10
15775,9
15776,25
15777,13
15778,20
15779,14
15780,25
15781,14
15782,24
15783,10
15784,13
15785,14
15786,10
15787,25
15788,10
15789,2
15790,20
15791,23
15792,3
15793,7
15794,3
15795,6
15796,15
15797,2
15798,9
15799,25
15800,3
15801,1
15802,17
15803,9
15804,1
15805,11
15806,7
15807,1
15808,12
15809,4
15810,22
15811,5
15812,4
15813,7
15814,14
15815,4
15816,2
15817,22
15818,20
15819,23
15820,18
15821,8
15822,22
15823,3
15824,9
15825,3
15826,6
15827,23
15828,16
15829,9
15830,3
15831,2
15832,16
15833,4
15834,25
15835,2
15836,4
15837,14
15838,2
15839,20
15840,13
15841,25
15842,4
15843,7
15844,10
15845,9
15846,18
15847,14
15848,2
15849,23
15850,2
15851,9
15852,12
15853,7
15854,25
15855,9
15856,24
15857,3
15858,16
15859,3
15860,11
15861,1
15862,5
15863,10
15864,14
15865,21
15866,10
15867,15
15868,13
15869,1
15870,18
15871,10
15872,11
15873,5
15874,17
15875,1
15876,5
15877,25
15878,15
15879,7
15880,25
15881,3
15882,8
15883,4
15884,11
15885,2
15886,19
15887,5
15888,4
15889,16
15890,23
15891,23
15892,16
15893,2
15894,16
15895,18
15896,8
15897,7
15898,23
15899,19
15900,19
15901,7
15902,22
15903,22
15904,13
15905,9
15906,24
15907,18
15908,5
15909,13
15910,25
15911,4
15912,18
15913,14
15914,8
15915,8
15916,22
15917,12
15918,19
15919,8
15920,14
15921,1
15922,3
15923,8
15924,10
15925,25
15926,6
15927,3
15928,18
15929,21
15930,22
15931,21
15932,24
15933,23
15934,3
15935,11
15936,21
15937,14
15938,18
15939,2
15940,12
15941,8
15942,21
15943,16
15944,3
15945,24
15946,13
15947,17
15948,24
15949,16
15950,2
15951,20
15952,6
15953,22
15954,24
15955,2
15956,21
15957,17
15958,2
15959,15
15960,23
15961,14
15962,7
15963,16
15964,23
15965,1
15966,16
15967,13
15968,23
15969,4
15970,4
15971,1
15972,7
15973,11
15974,19
15975,1
15976,18
15977,3
15978,21
15979,12
15980,15
15981,1
15982,16
15983,14
15984,9
15985,2
15986,16
15987,25
15988,13
15989,19
15990,23
15991,17
15992,24
15993,18
15994,12
15995,8
15996,25
15997,12
15998,16
15999,2
16000,15
16001,20
16002,18
16003,17
16004,12
16005,12
16006,1
16007,12
16008,22
16009,13
16010,16
16011,4
16012,8
16013,22
16014,23
16015,19
16016,21
16017,5
16018,8
16019,6
16020,18
16021,1
16022,24
16023,11
16024,21
16025,4
16026,2
16027,9
16028,10
16029,24
16030,21
16031,16
16032,13
16033,24
16034,24
16035,11
16036,14
16037,12
16038,22
16039,9
16040,6
16041,11
16042,13
16043,21
16044,23
16045,20
16046,12
16047,7
16048,19
16049,15
16050,8
16051,23
16052,24
16053,15
16054,3
16055,11
16056,8
16057,15
16058,10
16059,14
16060,3
16061,24
16062,6
16063,17
16064,5
16065,25
16066,21
16067,3
16068,13
16069,16
16070,11
16071,18
16072,6
16073,7
16074,16
16075,14
16076,5
16077,14
16078,6
16079,22
16080,19
16081,1
16082,10
16083,8
16084,12
16085,22
16086,3
16087,19
16088,15
16089,23
16090,25
16091,18
16092,9
16093,9
16094,18
16095,18
16096,12
16097,20
16098,15
16099,1
16100,7
16101,10
16102,1
16103,13
16104,25
16105,23
16106,9
16107,20
16108,4
16109,22
16110,19
16111,4
16112,19
16113,15
16114,21
16115,25
16116,1
16117,10
16118,15
16119,12
16120,11
16121,4
16122,11
16123,18
16124,9
16125,24
16126,21
16127,10
16128,11
16129,11
16130,3
16131,17
16132,22
16133,18
16134,7
16135,16
16136,11
16137,9
16138,2
16139,6
16140,24
16141,13
16142,17
16143,18
16144,13
16145,7
16146,17
16147,13
16148,17
16149,23
16150,14
16151,23
16152,9
16153,20
16154,23
16155,7
16156,11
16157,13
16158,13
16159,11
16160,1
16161,6
16162,5
16163,4
16164,3
16165,7
16166,22
16167,7
16168,23
16169,17
16170,7
16171,5
16172,2
16173,22
16174,13
16175,18
16176,1
16177,21
16178,10
16179,9
16180,16
16181,25
16182,24
16183,18
16184,13
16185,12
16186,5
16187,23
16188,23
16189,1
16190,11
16191,11
16192,7
16193,10
16194,24
16195,11
16196,13
16197,15
16198,7
16199,2
16200,18
16201,22
16202,24
16203,16
16204,6
16205,17
16206,1
16207,15
16208,23
16209,24
16210,6
16211,15
16212,15
16213,25
16214,16
16215,22
16216,25
16217,21
16218,4
16219,9
16220,14
16221,3
16222,17
16223,9
16224,9
16225,19
16226,3
16227,3
16228,8
16229,9
16230,2
16231,22
16232,3
16233,25
16234,8
16235,17
16236,16
16237,23
16238,5
16239,17
16240,20
16241,14
16242,2
16243,19
16244,23
16245,2
16246,4
16247,10
16248,18
16249,7
16250,15
16251,6
16252,2
16253,12
16254,23
16255,2
16256,20
16257,4
16258,14
16259,12
16260,21
16261,15
16262,2
16263,16
16264,13
16265,17
16266,9
16267,5
16268,10
16269,24
16270,9
16271,15
16272,25
16273,13
16274,2
16275,9
16276,17
16277,1
16278,14
16279,8
16280,13
16281,2
16282,2
16283,20
16284,20
16285,5
16286,25
16287,18
16288,2
16289,12
16290,24
16291,17
16292,25
16293,7
16294,7
16295,5
16296,12
16297,4
16298,8
16299,16
16300,24
16301,4
16302,17
16303,24
16304,11
16305,8
16306,16
16307,13
16308,10
16309,17
16310,6
16311,5
16312,15
16313,22
16314,2
16315,18
16316,8
16317,21
16318,18
16319,12
16320,21
16321,4
16322,25
16323,22
16324,22
16325,18
16326,21
16327,12
16328,2
16329,7
16330,15
16331,14
16332,22
16333,19
16334,14
16335,18
16336,21
16337,20
16338,12
16339,20
16340,21
16341,6
16342,20
16343,8
16344,24
16345,6
16346,10
16347,11
16348,15
16349,17
16350,16
16351,10
16352,10
16353,17
16354,2
16355,14
16356,22
16357,2
16358,12
16359,9
16360,3
16361,13
16362,4
16363,14
16364,19
16365,20
16366,18
16367,11
16368,3
16369,25
16370,3
16371,13
16372,5
16373,9
16374,22
16375,8
16376,10
16377,12
16378,20
16379,15
16380,20
16381,1
16382,5
16383,2
16384,10
16385,15
16386,24
16387,2
16388,13
16389,15
16390,13
16391,17
16392,21
16393,23
16394,5
16395,9
16396,15
16397,12
16398,8
16399,21
16400,25
16401,18
16402,14
16403,3
16404,25
16405,17
16406,10
16407,25
16408,22
16409,7
16410,22
16411,23
16412,2
16413,12
16414,14
16415,19
16416,6
16417,3
16418,5
16419,7
16420,2
16421,17
16422,2
16423,6
16424,5
16425,7
16426,3
16427,16
16428,11
16429,20
16430,3
16431,13
16432,16
16433,22
16434,19
16435,6
16436,11
16437,2
16438,19
16439,12
16440,13
16441,2
16442,24
16443,9
16444,24
16445,11
16446,9
16447,23
16448,23
16449,1
16450,4
16451,23
16452,9
16453,10
16454,19
16455,14
16456,8
16457,21
16458,7
16459,14
16460,24
16461,7
16462,20
16463,25
16464,19
16465,17
16466,5
16467,8
16468,6
16469,12
16470,16
16471,8
16472,16
16473,11
16474,4
16475,10
16476,18
16477,10
16478,19
16479,7
16480,8
16481,9
16482,13
16483,9
16484,17
16485,16
16486,18
16487,22
16488,19
16489,19
16490,25
16491,9
16492,21
16493,9
16494,24
16495,8
16496,8
16497,6
16498,17
16499,5
16500,5
16501,14
16502,16
16503,14
16504,3
16505,7
16506,21
16507,16
16508,6
16509,13
16510,8
16511,3
16512,4
16513,21
16514,21
16515,3
16516,4
16517,1
16518,13
16519,22
16520,1
16521,19
16522,4
16523,25
16524,10
16525,18
16526,18
16527,14
16528,18
16529,22
16530,15
16531,21
16532,3
16533,25
16534,9
16535,22
16536,23
16537,24
16538,11
16539,11
16540,7
16541,1
16542,19
16543,4
16544,20
16545,19
16546,1
16547,19
16548,2
16549,3
16550,24
16551,19
16552,3
16553,3
16554,19
16555,15
16556,3
16557,9
16558,8
16559,14
16560,20
16561,24
16562,24
16563,25
16564,13
16565,18
16566,11
16567,23
16568,16
16569,17
16570,18
16571,4
16572,7
16573,12
16574,23
16575,24
16576,7
16577,2
16578,8
16579,8
16580,7
16581,18
16582,11
16583,4
16584,8
16585,10
16586,15
16587,16
16588,23
16589,3
16590,7
16591,8
16592,8
16593,19
16594,19
16595,16
16596,10
16597,20
16598,11
16599,17
16600,11
16601,24
16602,6
16603,6
16604,23
16605,12
16606,3
16607,10
16608,23
16609,18
16610,20
16611,3
16612,25
16613,24
16614,5
16615,14
16616,25
16617,2
16618,8
16619,9
16620,4
16621,23
16622,5
16623,23
16624,4
16625,20
16626,2
16627,13
16628,1
16629,24
16630,5
16631,1
16632,6
16633,14
16634,4
16635,14
16636,23
16637,6
16638,20
16639,3
16640,3
16641,9
16642,25
16643,7
16644,14
16645,11
16646,12
16647,1
16648,6
16649,10
16650,4
16651,25
16652,25
16653,8
16654,24
16655,25
16656,2
16657,21
16658,7
16659,8
16660,22
16661,9
16662,19
16663,1
16664,19
16665,7
16666,18
16667,24
16668,7
16669,7
16670,19
16671,1
16672,8
16673,3
16674,7
16675,6
16676,2
16677,18
16678,18
16679,13
16680,13
16681,6
16682,16
16683,1
16684,12
16685,17
16686,4
16687,23
16688,12
16689,18
16690,13
16691,21
16692,4
16693,2
16694,6
16695,22
16696,13
16697,11
16698,14
16699,21
16700,16
16701,14
16702,20
16703,5
16704,2
16705,18
16706,2
16707,22
16708,1
16709,25
16710,18
16711,14
16712,19
16713,24
16714,16
16715,21
16716,18
16717,7
16718,20
16719,20
16720,19
16721,21
16722,14
16723,15
16724,18
16725,20
16726,4
16727,1
16728,21
16729,7
16730,18
16731,12
16732,1
16733,14
16734,22
16735,24
16736,10
16737,2
16738,12
16739,24
16740,11
16741,25
16742,7
16743,6
16744,15
16745,2
16746,11
16747,9
16748,6
16749,19
16750,14
16751,5
16752,14
16753,10
16754,17
16755,17
16756,13
16757,21
16758,14
16759,10
16760,15
16761,20
16762,6
16763,15
16764,14
16765,13
16766,4
16767,25
16768,3
16769,12
16770,7
16771,25
16772,12
16773,24
16774,2
16775,2
16776,5
16777,1
16778,21
16779,16
16780,13
16781,17
16782,2
16783,16
16784,23
16785,18
16786,3
16787,8
16788,14
16789,17
16790,24
16791,20
16792,19
16793,4
16794,19
16795,22
16796,12
16797,4
16798,13
16799,15
16800,1
16801,6
16802,16
16803,4
16804,1
16805,16
16806,19
16807,10
16808,17
16809,2
16810,10
16811,12
16812,2
16813,8
16814,6
16815,22
16816,8
16817,5
16818,4
16819,4
16820,10
16821,7
16822,13
16823,23
16824,15
16825,1
16826,7
16827,22
16828,17
16829,11
16830,15
16831,16
16832,24
16833,14
16834,9
16835,21
16836,13
16837,10
16838,21
16839,17
16840,10
16841,2
16842,2
16843,6
16844,22
16845,3
16846,16
16847,2
16848,7
16849,6
16850,9
16851,7
16852,8
16853,19
16854,12
16855,24
16856,5
16857,25
16858,9
16859,22
16860,2
16861,18
16862,9
16863,20
16864,2
16865,11
16866,21
16867,19
16868,2
16869,1
16870,20
16871,12
16872,3
16873,18
16874,1
16875,5
16876,3
16877,12
16878,25
16879,9
16880,21
16881,23
16882,21
16883,14
16884,3
16885,4
16886,15
16887,21
16888,24
16889,11
16890,3
16891,21
16892,8
16893,2
16894,17
16895,14
16896,3
16897,9
16898,12
16899,8
16900,25
16901,21
16902,17
16903,22
16904,12
16905,22
16906,20
16907,2
16908,2
16909,2
16910,13
16911,6
16912,20
16913,21
16914,21
16915,4
16916,6
16917,3
16918,4
16919,5
16920,8
16921,18
16922,3
16923,17
16924,25
16925,16
16926,7
16927,10
16928,24
16929,11
16930,4
16931,9
16932,12
16933,21
16934,4
16935,24
16936,16
16937,1
16938,6
16939,11
16940,17
16941,20
16942,15
16943,2
16944,1
16945,11
16946,21
16947,14
16948,21
16949,11
16950,9
16951,19
16952,19
16953,9
16954,15
16955,13
16956,18
16957,19
16958,12
16959,5
16960,4
16961,6
16962,7
16963,3
16964,13
16965,7
16966,2
16967,11
16968,14
16969,11
16970,25
16971,18
16972,22
16973,4
16974,20
16975,14
16976,7
16977,21
16978,14
16979,18
16980,15
16981,5
16982,4
16983,1
16984,17
16985,25
16986,6
16987,25
16988,21
16989,5
16990,25
16991,19
16992,10
16993,22
16994,24
16995,8
16996,8
16997,18
16998,8
16999,15
17000,22
17001,6
17002,23
17003,3
17004,18
17005,25
17006,8
17007,11
17008,2
17009,5
17010,12
17011,4
17012,15
17013,17
17014,23
17015,25
17016,15
17017,23
17018,6
17019,15
17020,5
17021,11
17022,19
17023,10
17024,24
17025,11
17026,22
17027,6
17028,8
17029,17
17030,24
17031,22
17032,21
17033,5
17034,15
17035,3
17036,22
17037,10
17038,14
17039,24
17040,21
17041,17
17042,20
17043,6
17044,4
17045,1
17046,3
17047,24
17048,23
17049,3
17050,10
17051,4
17052,12
17053,21
17054,1
17055,23
17056,25
17057,7
17058,23
17059,1
17060,25
17061,4
17062,1
17063,2
17064,13
17065,21
17066,9
17067,18
17068,1
17069,15
17070,16
17071,21
17072,20
17073,12
17074,23
17075,9
17076,24
17077,5
17078,20
17079,5
17080,17
17081,25
17082,23
17083,5
17084,20
17085,21
17086,5
17087,10
17088,11
17089,15
17090,14
17091,6
17092,2
17093,23
17094,3
17095,20
17096,14
17097,18
17098,9
17099,5
17100,10
17101,7
17102,14
17103,24
17104,24
17105,9
17106,20
17107,1
17108,7
17109,12
17110,19
17111,16
17112,15
17113,9
17114,17
17115,13
17116,18
17117,22
17118,12
17119,9
17120,14
17121,2
17122,14
17123,10
17124,18
17125,7
17126,20
17127,15
17128,25
17129,5
17130,9
17131,6
17132,8
17133,12
17134,9
17135,10
17136,18
17137,22
17138,11
17139,11
17140,20
17141,3
17142,17
17143,25
17144,3
17145,5
17146,5
17147,17
17148,5
17149,22
17150,7
17151,16
17152,2
17153,3
17154,7
17155,6
17156,10
17157,22
17158,24
17159,1
17160,23
17161,8
17162,3
17163,13
17164,19
17165,14
17166,14
17167,6
17168,5
17169,20
17170,18
17171,9
17172,3
17173,2
17174,22
17175,4
17176,5
17177,21
17178,25
17179,25
17180,15
17181,1
17182,1
17183,6
17184,15
17185,25
17186,23
17187,17
17188,13
17189,9
17190,21
17191,20
17192,3
17193,13
17194,20
17195,13
17196,11
17197,7
17198,11
17199,3
17200,1
17201,8
17202,6
17203,20
17204,19
17205,14
17206,7
17207,22
17208,7
17209,8
17210,21
17211,14
17212,17
17213,1
17214,15
17215,4
17216,15
17217,10
17218,20
17219,16
17220,5
17221,2
17222,9
17223,19
17224,18
17225,19
17226,9
17227,14
17228,15
17229,2
17230,5
17231,2
17232,9
17233,19
17234,22
17235,18
17236,14
17237,2
17238,12
17239,21
17240,4
17241,12
17242,13
17243,11
17244,1
17245,8
17246,15
17247,21
17248,21
17249,2
17250,7
17251,23
17252,20
17253,12
17254,17
17255,19
17256,10
17257,1
17258,22
17259,15
17260,17
17261,8
17262,9
17263,23
17264,5
17265,20
17266,12
17267,23
17268,17
17269,16
17270,14
17271,11
17272,12
17273,1
17274,3
17275,3
17276,2
17277,8
17278,5
17279,20
17280,2
17281,6
17282,10
17283,10
17284,12
17285,20
17286,4
17287,22
17288,21
17289,15
17290,7
17291,25
17292,8
17293,22
17294,7
17295,18
17296,21
17297,17
17298,7
17299,23
17300,24
17301,3
17302,20
17303,19
17304,3
17305,21
17306,11
17307,20
17308,23
17309,19
17310,5
17311,18
17312,14
17313,25
17314,9
17315,3
17316,16
17317,6
17318,22
17319,9
17320,15
17321,18
17322,21
17323,7
17324,13
17325,16
17326,25
17327,5
17328,10
17329,4
17330,17
17331,19
17332,15
17333,2
17334,8
17335,15
17336,21
17337,14
17338,11
17339,22
17340,21
17341,6
17342,8
17343,23
17344,2
17345,14
17346,8
17347,25
17348,19
17349,10
17350,12
17351,25
17352,22
17353,15
17354,18
17355,11
17356,5
17357,4
17358,25
17359,22
17360,24
17361,22
17362,16
17363,12
17364,22
17365,23
17366,15
17367,1
17368,4
17369,17
17370,3
17371,24
17372,15
17373,17
17374,12
17375,18
17376,11
17377,7
17378,1
17379,17
17380,12
17381,12
17382,2
17383,1
17384,1
17385,23
17386,6
17387,17
17388,17
17389,19
17390,12
17391,2
17392,7
17393,4
17394,17
17395,21
17396,5
17397,24
17398,7
17399,8
17400,19
17401,24
17402,13
17403,25
17404,20
17405,24
17406,14
17407,6
17408,13
17409,13
17410,19
17411,9
17412,8
17413,16
17414,21
17415,16
17416,14
17417,4
17418,3
17419,7
17420,24
17421,23
17422,3
17423,21
17424,9
17425,12
17426,5
17427,21
17428,3
17429,7
17430,3
17431,19
17432,24
17433,8
17434,13
17435,24
17436,9
17437,4
17438,4
17439,7
17440,15
17441,24
17442,23
17443,17
17444,20
17445,7
17446,3
17447,10
17448,9
17449,20
17450,2
17451,10
17452,12
17453,11
17454,19
17455,25
17456,4
17457,9
17458,13
17459,24
17460,5
17461,7
17462,21
17463,19
17464,2
17465,16
17466,21
17467,22
17468,4
17469,13
17470,10
17471,11
17472,11
17473,8
17474,3
17475,21
17476,13
17477,2
17478,25
17479,16
17480,24
17481,22
17482,3
17483,8
17484,9
17485,11
17486,7
17487,12
17488,13
17489,21
17490,9
17491,16
17492,17
17493,24
17494,19
17495,22
17496,20
17497,13
17498,20
17499,16
17500,2
17501,5
17502,1
17503,24
17504,14
17505,10
17506,16
17507,13
17508,3
17509,20
17510,25
17511,21
17512,3
17513,15
17514,14
17515,1
17516,20
17517,10
17518,5
17519,21
17520,2
17521,6
17522,14
17523,9
17524,5
17525,14
17526,16
17527,3
17528,22
17529,16
17530,24
17531,8
17532,18
17533,20
17534,1
17535,20
17536,4
17537,4
17538,25
17539,18
17540,16
17541,25
17542,4
17543,10
17544,12
17545,18
17546,5
17547,4
17548,18
17549,9
17550,5
17551,7
17552,16
17553,3
17554,6
17555,19
17556,25
17557,19
17558,5
17559,12
17560,16
17561,23
17562,22
17563,19
17564,14
17565,10
17566,14
17567,12
17568,13
17569,2
17570,1
17571,23
17572,7
17573,11
17574,7
17575,7
17576,10
17577,7
17578,24
17579,25
17580,4
17581,21
17582,13
17583,24
17584,14
17585,6
17586,21
17587,24
17588,3
17589,20
17590,16
17591,24
17592,16
17593,25
17594,1
17595,13
17596,21
17597,7
17598,16
17599,8
17600,22
17601,23
17602,20
17603,18
17604,18
17605,25
17606,1
17607,20
17608,16
17609,17
17610,9
17611,6
17612,8
17613,20
17614,18
17615,23
17616,20
17617,11
17618,14
17619,25
17620,24
17621,7
17622,7
17623,3
17624,13
17625,9
17626,23
17627,17
17628,15
17629,24
17630,22
17631,21
17632,7
17633,2
17634,14
17635,2
17636,8
17637,13
17638,24
17639,8
17640,17
17641,20
17642,16
17643,12
17644,22
17645,6
17646,8
17647,2
17648,20
17649,11
17650,20
17651,22
17652,18
17653,9
17654,7
17655,23
17656,6
17657,1
17658,6
17659,25
17660,20
17661,1
17662,18
17663,20
17664,19
17665,4
17666,2
17667,21
17668,22
17669,23
17670,5
17671,10
17672,1
17673,11
17674,10
17675,20
17676,3
17677,13
17678,9
17679,18
17680,16
17681,15
17682,16
17683,14
17684,6
17685,8
17686,19
17687,18
17688,12
17689,16
17690,22
17691,22
17692,18
17693,8
17694,4
17695,4
17696,17
17697,21
17698,8
17699,23
17700,1
17701,11
17702,4
17703,18
17704,5
17705,22
17706,18
17707,15
17708,16
17709,18
17710,21
17711,8
17712,3
17713,3
17714,16
17715,24
17716,6
17717,14
17718,7
17719,14
17720,3
17721,19
17722,14
17723,18
17724,23
17725,15
17726,2
17727,1
17728,8
17729,5
17730,14
17731,13
17732,8
17733,19
17734,23
17735,18
17736,6
17737,14
17738,20
17739,13
17740,14
17741,14
17742,22
17743,22
17744,13
17745,11
17746,1
17747,15
17748,22
17749,16
17750,21
17751,4
17752,21
17753,15
17754,3
17755,1
17756,16
17757,21
17758,14
17759,3
17760,6
17761,16
17762,4
17763,18
17764,21
17765,2
17766,2
17767,9
17768,23
17769,22
17770,8
17771,18
17772,13
17773,13
17774,14
17775,2
17776,6
17777,1
17778,22
17779,2
17780,1
17781,24
17782,8
17783,5
17784,17
17785,18
17786,24
17787,19
17788,1
17789,19
17790,14
17791,8
17792,6
17793,19
17794,14
17795,19
17796,12
17797,21
17798,24
17799,8
17800,8
17801,19
17802,23
17803,20
17804,25
17805,24
17806,22
17807,20
17808,9
17809,13
17810,24
17811,3
17812,10
17813,9
17814,25
17815,8
17816,10
17817,6
17818,4
17819,21
17820,20
17821,16
17822,18
17823,1
17824,19
17825,4
17826,23
17827,7
17828,8
17829,23
17830,3
17831,17
17832,3
17833,7
17834,24
17835,15
17836,2
17837,12
17838,3
17839,16
17840,8
17841,20
17842,25
17843,10
17844,13
17845,9
17846,10
17847,13
17848,23
17849,18
17850,6
17851,22
17852,2
17853,15
17854,10
17855,7
17856,7
17857,20
17858,4
17859,8
17860,14
17861,1
17862,23
17863,23
17864,8
17865,19
17866,11
17867,10
17868,17
17869,9
17870,19
17871,23
17872,14
17873,1
17874,2
17875,12
17876,3
17877,3
17878,20
17879,13
17880,3
17881,2
17882,14
17883,14
17884,17
17885,15
17886,20
17887,11
17888,23
17889,6
17890,3
17891,10
17892,2
17893,23
17894,16
17895,3
17896,7
17897,10
17898,19
17899,19
17900,22
17901,3
17902,4
17903,15
17904,11
17905,23
17906,9
17907,15
17908,19
17909,16
17910,6
17911,24
17912,10
17913,10
17914,20
17915,17
17916,14
17917,16
17918,15
17919,5
17920,14
17921,4
17922,11
17923,21
17924,18
17925,2
17926,7
17927,24
17928,18
17929,9
17930,23
17931,9
17932,15
17933,20
17934,6
17935,12
17936,19
17937,18
17938,6
17939,12
17940,8
17941,21
17942,7
17943,10
17944,6
17945,8
17946,22
17947,3
17948,19
17949,12
17950,21
17951,4
17952,13
17953,25
17954,13
17955,11
17956,7
17957,20
17958,17
17959,10
17960,22
17961,9
17962,4
17963,18
17964,4
17965,15
17966,3
17967,16
17968,21
17969,3
17970,4
17971,1
17972,10
17973,22
17974,16
17975,19
17976,12
17977,7
17978,19
17979,23
17980,13
17981,9
17982,25
17983,5
17984,25
17985,7
17986,19
17987,3
17988,22
17989,7
17990,20
17991,25
17992,15
17993,15
17994,19
17995,23
17996,3
17997,9
17998,8
17999,11
18000,10
18001,22
18002,20
18003,15
18004,13
18005,23
18006,11
18007,3
18008,15
18009,15
18010,13
18011,24
18012,25
18013,22
18014,8
18015,4
18016,24
18017,15
18018,21
18019,22
18020,21
18021,20
18022,10
18023,22
18024,4
18025,14
18026,21
18027,25
18028,6
18029,2
18030,21
18031,14
18032,25
18033,21
18034,4
18035,10
18036,14
18037,9
18038,25
18039,12
18040,6
18041,11
18042,19
18043,4
18044,22
18045,23
18046,3
18047,12
18048,14
18049,16
18050,25
18051,1
18052,8
18053,5
18054,16
18055,3
18056,22
18057,9
18058,7
18059,10
18060,15
18061,13
18062,8
18063,20
18064,23
18065,16
18066,4
18067,25
18068,12
18069,17
18070,14
18071,17
18072,14
18073,7
18074,8
18075,17
18076,6
18077,21
18078,4
18079,1
18080,16
18081,17
18082,21
18083,22
18084,4
18085,21
18086,7
18087,13
18088,11
18089,11
18090,16
18091,11
18092,18
18093,8
18094,22
18095,1
18096,24
18097,20
18098,5
18099,20
18100,3
18101,20
18102,8
18103,13
18104,8
18105,20
18106,22
18107,14
18108,4
18109,21
18110,6
18111,2
18112,7
18113,9
18114,20
18115,1
18116,13
18117,16
18118,3
18119,15
18120,7
18121,9
18122,4
18123,22
18124,23
18125,9
18126,5
18127,1
18128,19
18129,25
18130,11
18131,9
18132,20
18133,5
18134,20
18135,2
18136,11
18137,16
18138,21
18139,2
18140,1
18141,23
18142,10
18143,2
18144,25
18145,23
18146,9
18147,20
18148,1
18149,20
18150,7
18151,15
18152,4
18153,23
18154,22
18155,19
18156,1
18157,24
18158,1
18159,13
18160,22
18161,10
18162,1
18163,17
18164,4
18165,9
18166,12
18167,11
18168,15
18169,20
18170,10
18171,21
18172,13
18173,21
18174,20
18175,11
18176,11
18177,7
18178,11
18179,25
18180,20
18181,20
18182,23
18183,18
18184,14
18185,5
18186,8
18187,14
18188,21
18189,21
18190,10
18191,16
18192,16
18193,2
18194,20
18195,7
18196,23
18197,18
18198,25
18199,22
18200,1
18201,24
18202,24
18203,12
18204,16
18205,13
18206,9
18207,5
18208,7
18209,17
18210,8
18211,17
18212,1
18213,22
18214,9
18215,8
18216,10
18217,23
18218,18
18219,20
18220,13
18221,1
18222,19
18223,8
18224,14
18225,17
18226,3
18227,16
18228,7
18229,20
18230,5
18231,6
18232,5
18233,2
18234,14
18235,14
18236,14
18237,21
18238,2
18239,19
18240,14
18241,9
18242,4
18243,2
18244,19
18245,6
18246,8
18247,7
18248,19
18249,18
18250,15
18251,1
18252,21
18253,23
18254,3
18255,22
18256,25
18257,5
18258,9
18259,25
18260,24
18261,14
18262,20
18263,21
18264,12
18265,21
18266,13
18267,5
18268,17
18269,24
18270,15
18271,16
18272,10
18273,11
18274,10
18275,2
18276,13
18277,24
18278,15
18279,18
18280,15
18281,15
18282,17
18283,25
18284,11
18285,9
18286,6
18287,14
18288,17
18289,1
18290,15
18291,8
18292,13
18293,7
18294,17
18295,14
18296,16
18297,7
18298,7
18299,22
18300,19
18301,22
18302,1
18303,15
18304,10
18305,11
18306,24
18307,9
18308,21
18309,24
18310,3
18311,10
18312,1
18313,16
18314,16
18315,12
18316,2
18317,16
18318,23
18319,16
18320,1
18321,17
18322,14
18323,10
18324,18
18325,2
18326,7
18327,8
18328,9
18329,23
18330,13
18331,23
18332,11
18333,17
18334,21
18335,2
18336,3
18337,10
18338,2
18339,25
18340,9
18341,10
18342,12
18343,20
18344,14
18345,8
18346,5
18347,19
18348,21
18349,17
18350,3
18351,20
18352,2
18353,21
18354,13
18355,17
18356,23
18357,2
18358,9
18359,11
18360,19
18361,14
18362,15
18363,1
18364,23
18365,15
18366,14
18367,10
18368,2
18369,17
18370,17
18371,16
18372,20
18373,11
18374,9
18375,19
18376,7
18377,7
18378,22
18379,23
18380,24
18381,19
18382,1
18383,5
18384,4
18385,16
18386,1
18387,22
18388,8
18389,7
18390,4
18391,20
18392,25
18393,16
18394,18
18395,14
18396,2
18397,6
18398,23
18399,8
18400,15
18401,17
18402,25
18403,13
18404,14
18405,11
18406,5
18407,23
18408,14
18409,3
18410,7
18411,24
18412,5
18413,21
18414,8
18415,15
18416,17
18417,3
18418,24
18419,13
18420,7
18421,4
18422,25
18423,25
18424,24
18425,12
18426,13
18427,18
18428,2
18429,24
18430,17
18431,17
18432,17
18433,19
18434,12
18435,21
18436,13
18437,15
18438,24
18439,2
18440,3
18441,22
18442,8
18443,22
18444,3
18445,2
18446,17
18447,2
18448,17
18449,13
18450,22
18451,23
18452,22
18453,3
18454,25
18455,20
18456,8
18457,24
18458,17
18459,20
18460,2
18461,1
18462,5
18463,22
18464,20
18465,12
18466,1
18467,6
18468,2
18469,14
18470,4
18471,6
18472,6
18473,13
18474,23
18475,23
18476,12
18477,21
18478,22
18479,7
18480,9
18481,3
18482,15
18483,19
18484,9
18485,21
18486,8
18487,9
18488,5
18489,16
18490,2
18491,19
18492,18
18493,1
18494,3
18495,5
18496,7
18497,3
18498,18
18499,23
18500,8
18501,13
18502,16
18503,6
18504,16
18505,8
18506,22
18507,17
18508,11
18509,8
18510,2
18511,13
18512,8
18513,17
18514,6
18515,24
18516,8
18517,17
18518,25
18519,22
18520,5
18521,7
18522,4
18523,15
18524,5
18525,2
18526,22
18527,9
18528,6
18529,14
18530,4
18531,7
18532,19
18533,16
18534,6
18535,13
18536,11
18537,4
18538,11
18539,13
18540,21
18541,25
18542,18
18543,3
18544,2
18545,15
18546,16
18547,2
18548,12
18549,21
18550,23
18551,2
18552,2
18553,2
18554,15
18555,20
18556,25
18557,10
18558,11
18559,11
18560,4
18561,17
18562,14
18563,10
18564,14
18565,16
18566,15
18567,24
18568,11
18569,20
18570,12
18571,11
18572,15
18573,19
18574,10
18575,3
18576,5
18577,5
18578,11
18579,2
18580,16
18581,5
18582,22
18583,3
18584,4
18585,15
18586,4
18587,2
18588,12
18589,8
18590,16
18591,5
18592,21
18593,7
18594,25
18595,11
18596,13
18597,6
18598,20
18599,16
18600,2
18601,24
18602,7
18603,21
18604,24
18605,18
18606,18
18607,25
18608,7
18609,2
18610,1
18611,18
18612,16
18613,18
18614,19
18615,17
18616,18
18617,9
18618,1
18619,10
18620,12
18621,7
18622,6
18623,5
18624,11
18625,23
18626,21
18627,11
18628,7
18629,19
18630,17
18631,24
18632,17
18633,5
18634,14
18635,11
18636,6
18637,7
18638,5
18639,6
18640,24
18641,18
18642,4
18643,17
18644,5
18645,4
18646,23
18647,10
18648,13
18649,18
18650,3
18651,19
18652,20
18653,14
18654,23
18655,5
18656,14
18657,3
18658,20
18659,17
18660,14
18661,19
18662,13
18663,25
18664,12
18665,20
18666,24
18667,4
18668,13
18669,7
18670,7
18671,25
18672,22
18673,5
18674,24
18675,6
18676,25
18677,18
18678,9
18679,13
18680,9
18681,10
18682,6
18683,2
18684,21
18685,18
18686,18
18687,22
18688,11
18689,9
18690,19
18691,5
18692,19
18693,15
18694,11
18695,17
18696,15
18697,5
18698,21
18699,12
18700,20
18701,8
18702,8
18703,15
18704,22
18705,11
18706,23
18707,25
18708,9
18709,12
18710,24
18711,10
18712,9
18713,10
18714,18
18715,23
18716,18
18717,11
18718,18
18719,13
18720,5
18721,16
18722,5
18723,11
18724,5
18725,18
18726,20
18727,14
18728,15
18729,9
18730,24
18731,12
18732,19
18733,7
18734,22
18735,3
18736,16
18737,6
18738,6
18739,10
18740,18
18741,15
18742,22
18743,21
18744,5
18745,6
18746,2
18747,21
18748,18
18749,2
18750,11
18751,2
18752,20
18753,1
18754,22
18755,3
18756,4
18757,23
18758,7
18759,24
18760,22
18761,9
18762,18
18763,1
18764,12
18765,7
18766,6
18767,1
18768,10
18769,17
18770,17
18771,16
18772,13
18773,13
18774,12
18775,6
18776,20
18777,9
18778,22
18779,21
18780,1
18781,4
18782,17
18783,19
18784,11
18785,1
18786,4
18787,21
18788,8
18789,25
18790,5
18791,24
18792,3
18793,10
18794,15
18795,21
18796,7
18797,14
18798,4
18799,7
18800,1
18801,11
18802,16
18803,13
18804,21
18805,3
18806,17
18807,13
18808,5
18809,15
18810,9
18811,6
18812,14
18813,4
18814,19
18815,20
18816,22
18817,25
18818,6
18819,14
18820,20
18821,10
18822,25
18823,1
18824,12
18825,8
18826,9
18827,3
18828,4
18829,14
18830,6
18831,9
18832,10
18833,24
18834,1
18835,2
18836,12
18837,3
18838,3
18839,10
18840,9
18841,12
18842,7
18843,10
18844,23
18845,25
18846,24
18847,11
18848,11
18849,3
18850,6
18851,19
18852,2
18853,11
18854,24
18855,19
18856,10
18857,2
18858,6
18859,10
18860,20
18861,7
18862,23
18863,6
18864,19
18865,16
18866,23
18867,14
18868,20
18869,19
18870,22
18871,20
18872,7
18873,17
18874,8
18875,17
18876,13
18877,1
18878,25
18879,17
18880,8
18881,7
18882,19
18883,5
18884,23
18885,25
18886,20
18887,3
18888,19
18889,11
18890,19
18891,10
18892,13
18893,15
18894,17
18895,2
18896,6
18897,2
18898,2
18899,25
18900,1
18901,9
18902,24
18903,9
18904,15
18905,3
18906,6
18907,12
18908,13
18909,22
18910,22
18911,23
18912,21
18913,25
18914,2
18915,21
18916,19
18917,3
18918,16
18919,7
18920,25
18921,7
18922,16
18923,5
18924,24
18925,15
18926,15
18927,1
18928,12
18929,22
18930,2
18931,16
18932,4
18933,13
18934,10
18935,11
18936,16
18937,25
18938,6
18939,16
18940,11
18941,5
18942,12
18943,10
18944,21
18945,23
18946,20
18947,2
18948,2
18949,7
18950,23
18951,24
18952,11
18953,19
18954,25
18955,11
18956,19
18957,16
18958,25
18959,7
18960,2
18961,5
18962,11
18963,23
18964,12
18965,15
18966,13
18967,7
18968,5
18969,18
18970,20
18971,25
18972,15
18973,17
18974,21
18975,1
18976,14
18977,15
18978,2
18979,21
18980,1
18981,25
18982,5
18983,16
18984,9
18985,14
18986,15
18987,21
18988,5
18989,10
18990,18
18991,19
18992,10
18993,18
18994,2
18995,15
18996,10
18997,10
18998,10
18999,24
19000,16
19001,16
19002,17
19003,1
19004,10
19005,1
19006,14
19007,6
19008,16
19009,13
19010,15
19011,5
19012,9
19013,24
19014,4
19015,8
19016,2
19017,5
19018,10
19019,14
19020,1
19021,21
19022,24
19023,17
19024,16
19025,13
19026,6
19027,6
19028,22
19029,21
19030,11
19031,10
19032,13
19033,2
19034,11
19035,12
19036,15
19037,23
19038,8
19039,11
19040,23
19041,3
19042,22
19043,10
19044,8
19045,4
19046,21
19047,19
19048,13
19049,24
19050,8
19051,5
19052,14
19053,14
19054,25
19055,7
19056,17
19057,1
19058,15
19059,12
19060,15
19061,10
19062,14
19063,15
19064,17
19065,20
19066,23
19067,23
19068,2
19069,2
19070,13
19071,15
19072,20
19073,20
19074,10
19075,12
19076,15
19077,13
19078,18
19079,8
19080,22
19081,21
19082,18
19083,16
19084,3
19085,17
19086,24
19087,22
19088,13
19089,9
19090,19
19091,16
19092,16
19093,15
19094,25
19095,2
19096,2
19097,25
19098,25
19099,20
19100,18
19101,18
19102,6
19103,4
19104,21
19105,12
19106,9
19107,14
19108,15
19109,3
19110,2
19111,16
19112,2
19113,12
19114,18
19115,11
19116,12
19117,13
19118,9
19119,24
19120,4
19121,20
19122,18
19123,15
19124,11
19125,1
19126,1
19127,9
19128,14
19129,4
19130,6
19131,5
19132,10
19133,23
19134,4
19135,2
19136,18
19137,23
19138,9
19139,17
19140,3
19141,4
19142,2
19143,13
19144,20
19145,23
19146,23
19147,13
19148,23
19149,6
19150,13
19151,13
19152,8
19153,25
19154,23
19155,8
19156,17
19157,13
19158,10
19159,6
19160,12
19161,3
19162,15
19163,6
19164,16
19165,8
19166,10
19167,17
19168,15
19169,18
19170,10
19171,3
19172,9
19173,24
19174,6
19175,17
19176,1
19177,4
19178,6
19179,8
19180,21
19181,23
19182,11
19183,13
19184,8
19185,17
19186,15
19187,15
19188,25
19189,23
19190,4
19191,15
19192,25
19193,24
19194,1
19195,21
19196,3
19197,11
19198,25
19199,16
19200,15
19201,1
19202,8
19203,10
19204,12
19205,12
19206,22
19207,15
19208,18
19209,21
19210,9
19211,21
19212,2
19213,17
19214,21
19215,2
19216,20
19217,20
19218,4
19219,6
19220,5
19221,21
19222,19
19223,14
19224,15
19225,25
19226,25
19227,11
19228,17
19229,20
19230,21
19231,10
19232,19
19233,9
19234,4
19235,1
19236,9
19237,1
19238,17
19239,15
19240,22
19241,11
19242,19
19243,23
19244,11
19245,14
19246,23
19247,8
19248,18
19249,10
19250,15
19251,15
19252,17
19253,11
19254,10
19255,12
19256,16
19257,13
19258,4
19259,3
19260,18
19261,2
19262,5
19263,24
19264,15
19265,1
19266,10
19267,23
19268,2
19269,22
19270,8
19271,11
19272,16
19273,5
19274,24
19275,9
19276,16
19277,20
19278,17
19279,8
19280,15
19281,1
19282,20
19283,18
19284,18
19285,1
19286,20
19287,1
19288,24
19289,8
19290,15
19291,15
19292,25
19293,3
19294,10
19295,24
19296,12
19297,15
19298,3
19299,23
19300,19
19301,1
19302,5
19303,22
19304,5
19305,12
19306,7
19307,20
19308,4
19309,1
19310,5
19311,15
19312,17
19313,4
19314,21
19315,13
19316,11
19317,14
19318,25
19319,25
19320,25
19321,3
19322,8
19323,1
19324,3
19325,23
19326,1
19327,4
19328,22
19329,7
19330,19
19331,6
19332,25
19333,17
19334,9
19335,17
19336,23
19337,11
19338,19
19339,3
19340,4
19341,20
19342,11
19343,6
19344,2
19345,7
19346,15
19347,15
19348,1
19349,23
19350,4
19351,23
19352,20
19353,12
19354,20
19355,7
19356,8
19357,23
19358,7
19359,10
19360,18
19361,4
19362,3
19363,21
19364,7
19365,18
19366,15
19367,11
19368,4
19369,18
19370,18
19371,24
19372,3
19373,19
19374,8
19375,6
19376,20
19377,18
19378,5
19379,18
19380,21
19381,22
19382,24
19383,4
19384,23
19385,22
19386,3
19387,24
19388,5
19389,6
19390,23
19391,20
19392,4
19393,9
19394,19
19395,24
19396,3
19397,18
19398,25
19399,24
19400,4
19401,21
19402,20
19403,12
19404,6
19405,18
19406,7
19407,22
19408,13
19409,5
19410,12
19411,20
19412,1
19413,19
19414,6
19415,13
19416,17
19417,19
19418,21
19419,3
19420,7
19421,13
19422,24
19423,21
19424,6
19425,9
19426,2
19427,6
19428,5
19429,7
19430,3
19431,1
19432,7
19433,5
19434,18
19435,7
19436,3
19437,10
19438,7
19439,22
19440,5
19441,13
19442,1
19443,4
19444,22
19445,11
19446,24
19447,18
19448,10
19449,18
19450,6
19451,20
19452,3
19453,8
19454,19
19455,24
19456,16
19457,23
19458,17
19459,17
19460,25
19461,19
19462,16
19463,18
19464,2
19465,11
19466,3
19467,21
19468,1
19469,2
19470,6
19471,5
19472,8
19473,18
19474,3
19475,9
19476,9
19477,25
19478,6
19479,5
19480,20
19481,10
19482,23
19483,21
19484,4
19485,20
19486,6
19487,6
19488,18
19489,17
19490,4
19491,5
19492,16
19493,17
19494,15
19495,17
19496,18
19497,13
19498,2
19499,21
19500,25
19501,23
19502,2
19503,7
19504,20
19505,1
19506,6
19507,5
19508,15
19509,11
19510,18
19511,3
19512,6
19513,1
19514,13
19515,4
19516,25
19517,8
19518,22
19519,19
19520,10
19521,1
19522,23
19523,21
19524,4
19525,7
19526,11
19527,2
19528,9
19529,3
19530,9
19531,7
19532,21
19533,12
19534,25
19535,12
19536,3
19537,5
19538,4
19539,24
19540,9
19541,8
19542,6
19543,20
19544,20
19545,1
19546,22
19547,16
19548,3
19549,18
19550,23
19551,4
19552,3
19553,9
19554,15
19555,25
19556,16
19557,7
19558,1
19559,1
19560,21
19561,8
19562,19
19563,8
19564,20
19565,13
19566,4
19567,2
19568,25
19569,17
19570,10
19571,22
19572,22
19573,6
19574,10
19575,21
19576,16
19577,6
19578,5
19579,2
19580,21
19581,25
19582,12
19583,15
19584,9
19585,13
19586,10
19587,16
19588,15
19589,2
19590,24
19591,12
19592,11
19593,10
19594,3
19595,6
19596,11
19597,6
19598,22
19599,7
19600,11
19601,10
19602,21
19603,21
19604,5
19605,4
19606,11
19607,12
19608,6
19609,1
19610,25
19611,6
19612,12
19613,4
19614,20
19615,13
19616,16
19617,14
19618,5
19619,16
19620,15
19621,18
19622,8
19623,16
19624,13
19625,17
19626,25
19627,16
19628,9
19629,6
19630,11
19631,18
19632,12
19633,21
19634,9
19635,3
19636,11
19637,19
19638,24
19639,14
19640,4
19641,10
19642,14
19643,19
19644,13
19645,16
19646,19
19647,19
19648,14
19649,22
19650,25
19651,25
19652,19
19653,17
19654,19
19655,17
19656,23
19657,9
19658,21
19659,24
19660,25
19661,22
19662,20
19663,22
19664,11
19665,2
19666,12
19667,24
19668,18
19669,4
19670,16
19671,6
19672,6
19673,18
19674,11
19675,7
19676,21
19677,23
19678,6
19679,22
19680,6
19681,23
19682,17
19683,25
19684,17
19685,2
19686,5
19687,21
19688,21
19689,15
19690,9
19691,16
19692,21
19693,12
19694,12
19695,7
19696,12
19697,4
19698,4
19699,4
19700,17
19701,12
19702,7
19703,8
19704,21
19705,25
19706,14
19707,25
19708,11
19709,22
19710,16
19711,5
19712,7
19713,10
19714,17
19715,4
19716,1
19717,2
19718,12
19719,7
19720,20
19721,17
19722,21
19723,18
19724,13
19725,13
19726,23
19727,23
19728,24
19729,13
19730,4
19731,13
19732,13
19733,9
19734,12
19735,14
19736,21
19737,1
19738,25
19739,17
19740,19
19741,17
19742,20
19743,12
19744,5
19745,17
19746,12
19747,17
19748,12
19749,12
19750,21
19751,17
19752,18
19753,19
19754,11
19755,4
19756,9
19757,11
19758,6
19759,4
19760,11
19761,21
19762,5
19763,4
19764,24
19765,16
19766,24
19767,11
19768,20
19769,11
19770,8
19771,17
19772,15
19773,10
19774,4
19775,9
19776,23
19777,18
19778,25
19779,17
19780,21
19781,5
19782,5
19783,8
19784,4
19785,4
19786,25
19787,6
19788,19
19789,8
19790,7
19791,7
19792,3
19793,22
19794,24
19795,23
19796,15
19797,5
19798,13
19799,13
19800,20
19801,2
19802,19
19803,6
19804,3
19805,20
19806,12
19807,23
19808,15
19809,3
19810,7
19811,5
19812,3
19813,23
19814,17
19815,1
19816,6
19817,22
19818,3
19819,17
19820,25
19821,23
19822,10
19823,5
19824,4
19825,9
19826,2
19827,25
19828,10
19829,5
19830,1
19831,3
19832,13
19833,6
19834,6
19835,6
19836,23
19837,17
19838,9
19839,12
19840,8
19841,10
19842,11
19843,14
19844,7
19845,19
19846,11
19847,22
19848,23
19849,21
19850,23
19851,9
19852,12
19853,5
19854,8
19855,8
19856,12
19857,13
19858,10
19859,22
19860,20
19861,12
19862,4
19863,20
19864,5
19865,9
19866,7
19867,21
19868,7
19869,25
19870,7
19871,18
19872,19
19873,24
19874,21
19875,15
19876,15
19877,14
19878,14
19879,17
19880,11
19881,15
19882,19
19883,10
19884,20
19885,10
19886,13
19887,2
19888,20
19889,17
19890,7
19891,16
19892,1
19893,6
19894,21
19895,21
19896,4
19897,24
19898,23
19899,8
19900,23
19901,19
19902,1
19903,21
19904,13
19905,3
19906,18
19907,6
19908,16
19909,11
19910,16
19911,1
19912,8
19913,14
19914,3
19915,18
19916,21
19917,19
19918,13
19919,17
19920,15
19921,23
19922,4
19923,21
19924,13
19925,20
19926,7
19927,22
19928,2
19929,25
19930,4
19931,14
19932,8
19933,4
19934,8
19935,2
19936,21
19937,11
19938,4
19939,18
19940,25
19941,15
19942,14
19943,8
19944,20
19945,6
19946,11
19947,12
19948,20
19949,11
19950,4
19951,2
19952,25
19953,19
19954,13
19955,6
19956,13
19957,17
19958,1
19959,11
19960,20
19961,21
19962,22
19963,8
19964,21
19965,24
19966,6
19967,4
19968,13
19969,18
19970,25
19971,10
19972,18
19973,21
19974,10
19975,14
19976,24
19977,19
19978,3
19979,25
19980,10
19981,4
19982,14
19983,21
19984,15
19985,14
19986,23
19987,23
19988,8
19989,2
19990,11
19991,12
19992,3
19993,13
19994,3
19995,24
19996,9
19997,12
19998,16
19999,2
20000,6
